method,stage,adapter_eval_mode,layer,module,vector_index,max_similarity
full,fever,n/a,0,q_proj,1,1.0000003576278687
full,fever,n/a,0,q_proj,2,0.9999980926513672
full,fever,n/a,0,q_proj,3,0.9999991059303284
full,fever,n/a,0,q_proj,4,0.9999964833259583
full,fever,n/a,0,q_proj,5,0.9999971985816956
full,fever,n/a,0,q_proj,6,0.9999971389770508
full,fever,n/a,0,q_proj,7,0.9999973773956299
full,fever,n/a,0,q_proj,8,0.9999971985816956
full,fever,n/a,0,q_proj,9,0.999995768070221
full,fever,n/a,0,q_proj,10,0.9999956488609314
full,fever,n/a,0,q_proj,11,0.9999942183494568
full,fever,n/a,0,q_proj,12,0.9999948740005493
full,fever,n/a,0,q_proj,13,0.9999937415122986
full,fever,n/a,0,q_proj,14,0.9999933838844299
full,fever,n/a,0,q_proj,15,0.999893069267273
full,fever,n/a,0,q_proj,16,0.9998906850814819
full,fever,n/a,0,q_proj,17,0.9999884366989136
full,fever,n/a,0,q_proj,18,0.9999909996986389
full,fever,n/a,0,q_proj,19,0.9999917149543762
full,fever,n/a,0,q_proj,20,0.999992847442627
full,fever,n/a,0,q_proj,21,0.9999762177467346
full,fever,n/a,0,q_proj,22,0.9999757409095764
full,fever,n/a,0,q_proj,23,0.9999628067016602
full,fever,n/a,0,q_proj,24,0.9999673366546631
full,fever,n/a,0,q_proj,25,0.9999766945838928
full,fever,n/a,0,q_proj,26,0.9999736547470093
full,fever,n/a,0,q_proj,27,0.9996584057807922
full,fever,n/a,0,q_proj,28,0.9996660351753235
full,fever,n/a,0,q_proj,29,0.9999649524688721
full,fever,n/a,0,q_proj,30,0.9999802708625793
full,fever,n/a,0,q_proj,31,0.9999546408653259
full,fever,n/a,0,q_proj,32,0.9999626278877258
full,fever,n/a,0,q_proj,33,0.9999526143074036
full,fever,n/a,0,q_proj,34,0.9999775290489197
full,fever,n/a,0,q_proj,35,0.9999750256538391
full,fever,n/a,0,q_proj,36,0.9999152421951294
full,fever,n/a,0,q_proj,37,0.9999380111694336
full,fever,n/a,0,q_proj,38,0.9999676942825317
full,fever,n/a,0,q_proj,39,0.9998754262924194
full,fever,n/a,0,q_proj,40,0.9999743103981018
full,fever,n/a,0,q_proj,41,0.999946653842926
full,fever,n/a,0,q_proj,42,0.9999181032180786
full,fever,n/a,0,q_proj,43,0.9999200105667114
full,fever,n/a,0,q_proj,44,0.9999597668647766
full,fever,n/a,0,q_proj,45,0.9999509453773499
full,fever,n/a,0,q_proj,46,0.9999512434005737
full,fever,n/a,0,q_proj,47,0.9998946785926819
full,fever,n/a,0,q_proj,48,0.9999049305915833
full,fever,n/a,0,q_proj,49,0.9999194145202637
full,fever,n/a,0,q_proj,50,0.9997398853302002
full,fever,n/a,0,v_proj,1,0.9998733401298523
full,fever,n/a,0,v_proj,2,0.9986932277679443
full,fever,n/a,0,v_proj,3,0.9988644123077393
full,fever,n/a,0,v_proj,4,0.9989916682243347
full,fever,n/a,0,v_proj,5,0.9994887113571167
full,fever,n/a,0,v_proj,6,0.9976727962493896
full,fever,n/a,0,v_proj,7,0.9975665807723999
full,fever,n/a,0,v_proj,8,0.99842768907547
full,fever,n/a,0,v_proj,9,0.9990988373756409
full,fever,n/a,0,v_proj,10,0.9979910254478455
full,fever,n/a,0,v_proj,11,0.9939984083175659
full,fever,n/a,0,v_proj,12,0.9914469718933105
full,fever,n/a,0,v_proj,13,0.9887697100639343
full,fever,n/a,0,v_proj,14,0.9911119341850281
full,fever,n/a,0,v_proj,15,0.9948070645332336
full,fever,n/a,0,v_proj,16,0.9916229248046875
full,fever,n/a,0,v_proj,17,0.9897429943084717
full,fever,n/a,0,v_proj,18,0.9709326028823853
full,fever,n/a,0,v_proj,19,0.9730232954025269
full,fever,n/a,0,v_proj,20,0.9935905933380127
full,fever,n/a,0,v_proj,21,0.9565407037734985
full,fever,n/a,0,v_proj,22,0.9450024962425232
full,fever,n/a,0,v_proj,23,0.9715814590454102
full,fever,n/a,0,v_proj,24,0.9443364143371582
full,fever,n/a,0,v_proj,25,0.9469528198242188
full,fever,n/a,0,v_proj,26,0.9839915037155151
full,fever,n/a,0,v_proj,27,0.9728057384490967
full,fever,n/a,0,v_proj,28,0.9501420855522156
full,fever,n/a,0,v_proj,29,0.9487616419792175
full,fever,n/a,0,v_proj,30,0.9594489336013794
full,fever,n/a,0,v_proj,31,0.9626856446266174
full,fever,n/a,0,v_proj,32,0.971606433391571
full,fever,n/a,0,v_proj,33,0.9668585062026978
full,fever,n/a,0,v_proj,34,0.8861985206604004
full,fever,n/a,0,v_proj,35,0.9315636157989502
full,fever,n/a,0,v_proj,36,0.9263020157814026
full,fever,n/a,0,v_proj,37,0.9528020620346069
full,fever,n/a,0,v_proj,38,0.8754982948303223
full,fever,n/a,0,v_proj,39,0.8765577673912048
full,fever,n/a,0,v_proj,40,0.8610371947288513
full,fever,n/a,0,v_proj,41,0.91179358959198
full,fever,n/a,0,v_proj,42,0.9239275455474854
full,fever,n/a,0,v_proj,43,0.9577486515045166
full,fever,n/a,0,v_proj,44,0.7471593618392944
full,fever,n/a,0,v_proj,45,0.7654499411582947
full,fever,n/a,0,v_proj,46,0.7964099645614624
full,fever,n/a,0,v_proj,47,0.7834895253181458
full,fever,n/a,0,v_proj,48,0.979234516620636
full,fever,n/a,0,v_proj,49,0.9797539710998535
full,fever,n/a,0,v_proj,50,0.9527348875999451
full,fever,n/a,0,up_proj,1,0.9999059438705444
full,fever,n/a,0,up_proj,2,0.9999100565910339
full,fever,n/a,0,up_proj,3,0.9999225735664368
full,fever,n/a,0,up_proj,4,0.9998663067817688
full,fever,n/a,0,up_proj,5,0.9998511672019958
full,fever,n/a,0,up_proj,6,0.999325692653656
full,fever,n/a,0,up_proj,7,0.9992493391036987
full,fever,n/a,0,up_proj,8,0.9996274709701538
full,fever,n/a,0,up_proj,9,0.9995589852333069
full,fever,n/a,0,up_proj,10,0.9994956851005554
full,fever,n/a,0,up_proj,11,0.9992740154266357
full,fever,n/a,0,up_proj,12,0.9995756149291992
full,fever,n/a,0,up_proj,13,0.9995328187942505
full,fever,n/a,0,up_proj,14,0.9993371963500977
full,fever,n/a,0,up_proj,15,0.999260425567627
full,fever,n/a,0,up_proj,16,0.9991044998168945
full,fever,n/a,0,up_proj,17,0.9938008189201355
full,fever,n/a,0,up_proj,18,0.9934083223342896
full,fever,n/a,0,up_proj,19,0.9993005394935608
full,fever,n/a,0,up_proj,20,0.999305784702301
full,fever,n/a,0,up_proj,21,0.9993773102760315
full,fever,n/a,0,up_proj,22,0.9994377493858337
full,fever,n/a,0,up_proj,23,0.9995687007904053
full,fever,n/a,0,up_proj,24,0.9996190667152405
full,fever,n/a,0,up_proj,25,0.9997409582138062
full,fever,n/a,0,up_proj,26,0.9994334578514099
full,fever,n/a,0,up_proj,27,0.999083936214447
full,fever,n/a,0,up_proj,28,0.9988899827003479
full,fever,n/a,0,up_proj,29,0.9986638426780701
full,fever,n/a,0,up_proj,30,0.9995154738426208
full,fever,n/a,0,up_proj,31,0.999388575553894
full,fever,n/a,0,up_proj,32,0.994569718837738
full,fever,n/a,0,up_proj,33,0.9946712851524353
full,fever,n/a,0,up_proj,34,0.9995129108428955
full,fever,n/a,0,up_proj,35,0.999609649181366
full,fever,n/a,0,up_proj,36,0.9996395111083984
full,fever,n/a,0,up_proj,37,0.9995052814483643
full,fever,n/a,0,up_proj,38,0.999634325504303
full,fever,n/a,0,up_proj,39,0.9995670914649963
full,fever,n/a,0,up_proj,40,0.9993752241134644
full,fever,n/a,0,up_proj,41,0.9973295331001282
full,fever,n/a,0,up_proj,42,0.997024416923523
full,fever,n/a,0,up_proj,43,0.9993283748626709
full,fever,n/a,0,up_proj,44,0.9964115023612976
full,fever,n/a,0,up_proj,45,0.9979314804077148
full,fever,n/a,0,up_proj,46,0.9978962540626526
full,fever,n/a,0,up_proj,47,0.9986859560012817
full,fever,n/a,0,up_proj,48,0.9969397783279419
full,fever,n/a,0,up_proj,49,0.998999834060669
full,fever,n/a,0,up_proj,50,0.9978370666503906
full,fever,n/a,0,down_proj,1,0.9999862909317017
full,fever,n/a,0,down_proj,2,0.9999820590019226
full,fever,n/a,0,down_proj,3,0.9999752044677734
full,fever,n/a,0,down_proj,4,0.9999736547470093
full,fever,n/a,0,down_proj,5,0.9999639391899109
full,fever,n/a,0,down_proj,6,0.9999322891235352
full,fever,n/a,0,down_proj,7,0.999922513961792
full,fever,n/a,0,down_proj,8,0.9999372959136963
full,fever,n/a,0,down_proj,9,0.9999034404754639
full,fever,n/a,0,down_proj,10,0.9998684525489807
full,fever,n/a,0,down_proj,11,0.9998538494110107
full,fever,n/a,0,down_proj,12,0.9998960494995117
full,fever,n/a,0,down_proj,13,0.9998408555984497
full,fever,n/a,0,down_proj,14,0.9997414350509644
full,fever,n/a,0,down_proj,15,0.9997953176498413
full,fever,n/a,0,down_proj,16,0.9997802376747131
full,fever,n/a,0,down_proj,17,0.998641848564148
full,fever,n/a,0,down_proj,18,0.9985544085502625
full,fever,n/a,0,down_proj,19,0.999505341053009
full,fever,n/a,0,down_proj,20,0.8315130472183228
full,fever,n/a,0,down_proj,21,0.8313580751419067
full,fever,n/a,0,down_proj,22,0.9996728897094727
full,fever,n/a,0,down_proj,23,0.9988793134689331
full,fever,n/a,0,down_proj,24,0.9988218545913696
full,fever,n/a,0,down_proj,25,0.9989725947380066
full,fever,n/a,0,down_proj,26,0.9992483258247375
full,fever,n/a,0,down_proj,27,0.9994009733200073
full,fever,n/a,0,down_proj,28,0.9977805018424988
full,fever,n/a,0,down_proj,29,0.9977983832359314
full,fever,n/a,0,down_proj,30,0.9987848997116089
full,fever,n/a,0,down_proj,31,0.998684823513031
full,fever,n/a,0,down_proj,32,0.999292254447937
full,fever,n/a,0,down_proj,33,0.9982551336288452
full,fever,n/a,0,down_proj,34,0.9980658292770386
full,fever,n/a,0,down_proj,35,0.9987953305244446
full,fever,n/a,0,down_proj,36,0.9980417490005493
full,fever,n/a,0,down_proj,37,0.9981206059455872
full,fever,n/a,0,down_proj,38,0.9994380474090576
full,fever,n/a,0,down_proj,39,0.998532235622406
full,fever,n/a,0,down_proj,40,0.9975590109825134
full,fever,n/a,0,down_proj,41,0.9984190464019775
full,fever,n/a,0,down_proj,42,0.9535270929336548
full,fever,n/a,0,down_proj,43,0.953964114189148
full,fever,n/a,0,down_proj,44,0.9981655478477478
full,fever,n/a,0,down_proj,45,0.9980989694595337
full,fever,n/a,0,down_proj,46,0.9980656504631042
full,fever,n/a,0,down_proj,47,0.9829225540161133
full,fever,n/a,0,down_proj,48,0.9821664690971375
full,fever,n/a,0,down_proj,49,0.9974360466003418
full,fever,n/a,0,down_proj,50,0.7592746615409851
full,fever,n/a,8,q_proj,1,0.9999811053276062
full,fever,n/a,8,q_proj,2,0.9999916553497314
full,fever,n/a,8,q_proj,3,0.9999933242797852
full,fever,n/a,8,q_proj,4,0.9999764561653137
full,fever,n/a,8,q_proj,5,0.9999767541885376
full,fever,n/a,8,q_proj,6,0.9999855160713196
full,fever,n/a,8,q_proj,7,0.9999618530273438
full,fever,n/a,8,q_proj,8,0.9997779726982117
full,fever,n/a,8,q_proj,9,0.9998058080673218
full,fever,n/a,8,q_proj,10,0.9999719262123108
full,fever,n/a,8,q_proj,11,0.9999716281890869
full,fever,n/a,8,q_proj,12,0.9999784231185913
full,fever,n/a,8,q_proj,13,0.9999319314956665
full,fever,n/a,8,q_proj,14,0.9999520778656006
full,fever,n/a,8,q_proj,15,0.9999524354934692
full,fever,n/a,8,q_proj,16,0.9999251365661621
full,fever,n/a,8,q_proj,17,0.9999731183052063
full,fever,n/a,8,q_proj,18,0.999976634979248
full,fever,n/a,8,q_proj,19,0.9999754428863525
full,fever,n/a,8,q_proj,20,0.9999622106552124
full,fever,n/a,8,q_proj,21,0.9999731779098511
full,fever,n/a,8,q_proj,22,0.9999599456787109
full,fever,n/a,8,q_proj,23,0.9999815821647644
full,fever,n/a,8,q_proj,24,0.999971866607666
full,fever,n/a,8,q_proj,25,0.9999767541885376
full,fever,n/a,8,q_proj,26,0.9999690055847168
full,fever,n/a,8,q_proj,27,0.9999600052833557
full,fever,n/a,8,q_proj,28,0.9999057054519653
full,fever,n/a,8,q_proj,29,0.9998794198036194
full,fever,n/a,8,q_proj,30,0.9998436570167542
full,fever,n/a,8,q_proj,31,0.9997196197509766
full,fever,n/a,8,q_proj,32,0.9996752142906189
full,fever,n/a,8,q_proj,33,0.9998620748519897
full,fever,n/a,8,q_proj,34,0.9998977780342102
full,fever,n/a,8,q_proj,35,0.9999275207519531
full,fever,n/a,8,q_proj,36,0.999899685382843
full,fever,n/a,8,q_proj,37,0.9998621940612793
full,fever,n/a,8,q_proj,38,0.9995553493499756
full,fever,n/a,8,q_proj,39,0.9995618462562561
full,fever,n/a,8,q_proj,40,0.9999046325683594
full,fever,n/a,8,q_proj,41,0.999785840511322
full,fever,n/a,8,q_proj,42,0.9998503923416138
full,fever,n/a,8,q_proj,43,0.9993840456008911
full,fever,n/a,8,q_proj,44,0.9993025660514832
full,fever,n/a,8,q_proj,45,0.9997919797897339
full,fever,n/a,8,q_proj,46,0.999871015548706
full,fever,n/a,8,q_proj,47,0.9999184608459473
full,fever,n/a,8,q_proj,48,0.9998615980148315
full,fever,n/a,8,q_proj,49,0.9999227523803711
full,fever,n/a,8,q_proj,50,0.999807596206665
full,fever,n/a,8,v_proj,1,0.9976304769515991
full,fever,n/a,8,v_proj,2,0.9933707118034363
full,fever,n/a,8,v_proj,3,0.9593566656112671
full,fever,n/a,8,v_proj,4,0.9100189208984375
full,fever,n/a,8,v_proj,5,0.9733972549438477
full,fever,n/a,8,v_proj,6,0.9679855108261108
full,fever,n/a,8,v_proj,7,0.9949461817741394
full,fever,n/a,8,v_proj,8,0.9745490550994873
full,fever,n/a,8,v_proj,9,0.974632978439331
full,fever,n/a,8,v_proj,10,0.9792114496231079
full,fever,n/a,8,v_proj,11,0.9792913198471069
full,fever,n/a,8,v_proj,12,0.9588145017623901
full,fever,n/a,8,v_proj,13,0.9597552418708801
full,fever,n/a,8,v_proj,14,0.9897668361663818
full,fever,n/a,8,v_proj,15,0.9953129291534424
full,fever,n/a,8,v_proj,16,0.9925457239151001
full,fever,n/a,8,v_proj,17,0.9919798374176025
full,fever,n/a,8,v_proj,18,0.974129319190979
full,fever,n/a,8,v_proj,19,0.9697427749633789
full,fever,n/a,8,v_proj,20,0.9941455125808716
full,fever,n/a,8,v_proj,21,0.9870887994766235
full,fever,n/a,8,v_proj,22,0.983993411064148
full,fever,n/a,8,v_proj,23,0.9747245907783508
full,fever,n/a,8,v_proj,24,0.9922410845756531
full,fever,n/a,8,v_proj,25,0.9958370923995972
full,fever,n/a,8,v_proj,26,0.9890129566192627
full,fever,n/a,8,v_proj,27,0.9699181318283081
full,fever,n/a,8,v_proj,28,0.9670878648757935
full,fever,n/a,8,v_proj,29,0.9532693028450012
full,fever,n/a,8,v_proj,30,0.9456936120986938
full,fever,n/a,8,v_proj,31,0.94698566198349
full,fever,n/a,8,v_proj,32,0.9365885853767395
full,fever,n/a,8,v_proj,33,0.9742425680160522
full,fever,n/a,8,v_proj,34,0.9919628500938416
full,fever,n/a,8,v_proj,35,0.9746277928352356
full,fever,n/a,8,v_proj,36,0.9716169238090515
full,fever,n/a,8,v_proj,37,0.9784074425697327
full,fever,n/a,8,v_proj,38,0.9534084796905518
full,fever,n/a,8,v_proj,39,0.9611823558807373
full,fever,n/a,8,v_proj,40,0.9859365224838257
full,fever,n/a,8,v_proj,41,0.9951472282409668
full,fever,n/a,8,v_proj,42,0.9932184219360352
full,fever,n/a,8,v_proj,43,0.977839469909668
full,fever,n/a,8,v_proj,44,0.9827352166175842
full,fever,n/a,8,v_proj,45,0.9908974766731262
full,fever,n/a,8,v_proj,46,0.977128267288208
full,fever,n/a,8,v_proj,47,0.9717016220092773
full,fever,n/a,8,v_proj,48,0.9619444608688354
full,fever,n/a,8,v_proj,49,0.713918149471283
full,fever,n/a,8,v_proj,50,0.7268903255462646
full,fever,n/a,8,up_proj,1,0.9999685883522034
full,fever,n/a,8,up_proj,2,0.9999213218688965
full,fever,n/a,8,up_proj,3,0.9999114871025085
full,fever,n/a,8,up_proj,4,0.9999237656593323
full,fever,n/a,8,up_proj,5,0.9998896718025208
full,fever,n/a,8,up_proj,6,0.999885618686676
full,fever,n/a,8,up_proj,7,0.9998723864555359
full,fever,n/a,8,up_proj,8,0.9997127652168274
full,fever,n/a,8,up_proj,9,0.9997482299804688
full,fever,n/a,8,up_proj,10,0.9997830986976624
full,fever,n/a,8,up_proj,11,0.9998021125793457
full,fever,n/a,8,up_proj,12,0.9996922016143799
full,fever,n/a,8,up_proj,13,0.9696139097213745
full,fever,n/a,8,up_proj,14,0.9697070717811584
full,fever,n/a,8,up_proj,15,0.9997380971908569
full,fever,n/a,8,up_proj,16,0.999789297580719
full,fever,n/a,8,up_proj,17,0.9997894167900085
full,fever,n/a,8,up_proj,18,0.999732255935669
full,fever,n/a,8,up_proj,19,0.9994734525680542
full,fever,n/a,8,up_proj,20,0.9995447993278503
full,fever,n/a,8,up_proj,21,0.9994636178016663
full,fever,n/a,8,up_proj,22,0.9993774890899658
full,fever,n/a,8,up_proj,23,0.9990612268447876
full,fever,n/a,8,up_proj,24,0.9989257454872131
full,fever,n/a,8,up_proj,25,0.9988702535629272
full,fever,n/a,8,up_proj,26,0.9987180829048157
full,fever,n/a,8,up_proj,27,0.9992491602897644
full,fever,n/a,8,up_proj,28,0.999274492263794
full,fever,n/a,8,up_proj,29,0.997968316078186
full,fever,n/a,8,up_proj,30,0.9975959062576294
full,fever,n/a,8,up_proj,31,0.9979192614555359
full,fever,n/a,8,up_proj,32,0.99635910987854
full,fever,n/a,8,up_proj,33,0.9963027834892273
full,fever,n/a,8,up_proj,34,0.9977848529815674
full,fever,n/a,8,up_proj,35,0.9989195466041565
full,fever,n/a,8,up_proj,36,0.9982532262802124
full,fever,n/a,8,up_proj,37,0.9973391890525818
full,fever,n/a,8,up_proj,38,0.9979758858680725
full,fever,n/a,8,up_proj,39,0.9825692772865295
full,fever,n/a,8,up_proj,40,0.9808952808380127
full,fever,n/a,8,up_proj,41,0.9943256974220276
full,fever,n/a,8,up_proj,42,0.996107280254364
full,fever,n/a,8,up_proj,43,0.9982409477233887
full,fever,n/a,8,up_proj,44,0.9989628791809082
full,fever,n/a,8,up_proj,45,0.9983238577842712
full,fever,n/a,8,up_proj,46,0.9980463981628418
full,fever,n/a,8,up_proj,47,0.9962614178657532
full,fever,n/a,8,up_proj,48,0.9981433153152466
full,fever,n/a,8,up_proj,49,0.9982223510742188
full,fever,n/a,8,up_proj,50,0.9986573457717896
full,fever,n/a,8,down_proj,1,0.9999963641166687
full,fever,n/a,8,down_proj,2,0.9999871850013733
full,fever,n/a,8,down_proj,3,0.9999880194664001
full,fever,n/a,8,down_proj,4,0.9999843835830688
full,fever,n/a,8,down_proj,5,0.9999749064445496
full,fever,n/a,8,down_proj,6,0.9999772310256958
full,fever,n/a,8,down_proj,7,0.9999778270721436
full,fever,n/a,8,down_proj,8,0.9999744296073914
full,fever,n/a,8,down_proj,9,0.9999727010726929
full,fever,n/a,8,down_proj,10,0.9999157786369324
full,fever,n/a,8,down_proj,11,0.9997968673706055
full,fever,n/a,8,down_proj,12,0.9997868537902832
full,fever,n/a,8,down_proj,13,0.9998912215232849
full,fever,n/a,8,down_proj,14,0.9999403953552246
full,fever,n/a,8,down_proj,15,0.9999601244926453
full,fever,n/a,8,down_proj,16,0.999953031539917
full,fever,n/a,8,down_proj,17,0.999923825263977
full,fever,n/a,8,down_proj,18,0.9999401569366455
full,fever,n/a,8,down_proj,19,0.9999157786369324
full,fever,n/a,8,down_proj,20,0.9996254444122314
full,fever,n/a,8,down_proj,21,0.9995793104171753
full,fever,n/a,8,down_proj,22,0.9996154308319092
full,fever,n/a,8,down_proj,23,0.9996582865715027
full,fever,n/a,8,down_proj,24,0.9998415112495422
full,fever,n/a,8,down_proj,25,0.9997840523719788
full,fever,n/a,8,down_proj,26,0.9983136057853699
full,fever,n/a,8,down_proj,27,0.9982143640518188
full,fever,n/a,8,down_proj,28,0.9997795224189758
full,fever,n/a,8,down_proj,29,0.9997963905334473
full,fever,n/a,8,down_proj,30,0.9997316598892212
full,fever,n/a,8,down_proj,31,0.9998400807380676
full,fever,n/a,8,down_proj,32,0.9997062087059021
full,fever,n/a,8,down_proj,33,0.9997301697731018
full,fever,n/a,8,down_proj,34,0.9997038245201111
full,fever,n/a,8,down_proj,35,0.9996511936187744
full,fever,n/a,8,down_proj,36,0.9997976422309875
full,fever,n/a,8,down_proj,37,0.9998677372932434
full,fever,n/a,8,down_proj,38,0.9998177886009216
full,fever,n/a,8,down_proj,39,0.9997197389602661
full,fever,n/a,8,down_proj,40,0.9998012185096741
full,fever,n/a,8,down_proj,41,0.997053861618042
full,fever,n/a,8,down_proj,42,0.9971839189529419
full,fever,n/a,8,down_proj,43,0.9989968538284302
full,fever,n/a,8,down_proj,44,0.9991908073425293
full,fever,n/a,8,down_proj,45,0.9992187023162842
full,fever,n/a,8,down_proj,46,0.9995905756950378
full,fever,n/a,8,down_proj,47,0.9966847896575928
full,fever,n/a,8,down_proj,48,0.9964853525161743
full,fever,n/a,8,down_proj,49,0.9994077682495117
full,fever,n/a,8,down_proj,50,0.9994401931762695
full,fever,n/a,15,q_proj,1,0.9999957084655762
full,fever,n/a,15,q_proj,2,0.9999973177909851
full,fever,n/a,15,q_proj,3,0.9999961853027344
full,fever,n/a,15,q_proj,4,0.9999819993972778
full,fever,n/a,15,q_proj,5,0.9999821186065674
full,fever,n/a,15,q_proj,6,0.9999901056289673
full,fever,n/a,15,q_proj,7,0.999959409236908
full,fever,n/a,15,q_proj,8,0.9999549984931946
full,fever,n/a,15,q_proj,9,0.9999718070030212
full,fever,n/a,15,q_proj,10,0.9999828338623047
full,fever,n/a,15,q_proj,11,0.9999776482582092
full,fever,n/a,15,q_proj,12,0.9999800324440002
full,fever,n/a,15,q_proj,13,0.9999940395355225
full,fever,n/a,15,q_proj,14,0.9999901056289673
full,fever,n/a,15,q_proj,15,0.9999926090240479
full,fever,n/a,15,q_proj,16,0.999990701675415
full,fever,n/a,15,q_proj,17,0.9999929666519165
full,fever,n/a,15,q_proj,18,0.9999758005142212
full,fever,n/a,15,q_proj,19,0.9999269843101501
full,fever,n/a,15,q_proj,20,0.9999469518661499
full,fever,n/a,15,q_proj,21,0.9999929070472717
full,fever,n/a,15,q_proj,22,0.99998939037323
full,fever,n/a,15,q_proj,23,0.999984860420227
full,fever,n/a,15,q_proj,24,0.9999839663505554
full,fever,n/a,15,q_proj,25,0.9999828338623047
full,fever,n/a,15,q_proj,26,0.9999859929084778
full,fever,n/a,15,q_proj,27,0.9999891519546509
full,fever,n/a,15,q_proj,28,0.9999578595161438
full,fever,n/a,15,q_proj,29,0.9999566674232483
full,fever,n/a,15,q_proj,30,0.9999843835830688
full,fever,n/a,15,q_proj,31,0.9999911785125732
full,fever,n/a,15,q_proj,32,0.9999904632568359
full,fever,n/a,15,q_proj,33,0.9999843835830688
full,fever,n/a,15,q_proj,34,0.9999645352363586
full,fever,n/a,15,q_proj,35,0.9999591708183289
full,fever,n/a,15,q_proj,36,0.9999496936798096
full,fever,n/a,15,q_proj,37,0.9999500513076782
full,fever,n/a,15,q_proj,38,0.9999906420707703
full,fever,n/a,15,q_proj,39,0.9999727606773376
full,fever,n/a,15,q_proj,40,0.9999266862869263
full,fever,n/a,15,q_proj,41,0.9999384880065918
full,fever,n/a,15,q_proj,42,0.9999712109565735
full,fever,n/a,15,q_proj,43,0.9999798536300659
full,fever,n/a,15,q_proj,44,0.9999392032623291
full,fever,n/a,15,q_proj,45,0.9999362826347351
full,fever,n/a,15,q_proj,46,0.9999843239784241
full,fever,n/a,15,q_proj,47,0.9999791979789734
full,fever,n/a,15,q_proj,48,0.9999797940254211
full,fever,n/a,15,q_proj,49,0.9999135136604309
full,fever,n/a,15,q_proj,50,0.9996880888938904
full,fever,n/a,15,v_proj,1,0.9999844431877136
full,fever,n/a,15,v_proj,2,0.9999854564666748
full,fever,n/a,15,v_proj,3,0.9999878406524658
full,fever,n/a,15,v_proj,4,0.999922513961792
full,fever,n/a,15,v_proj,5,0.9999047517776489
full,fever,n/a,15,v_proj,6,0.9999474287033081
full,fever,n/a,15,v_proj,7,0.9999773502349854
full,fever,n/a,15,v_proj,8,0.9999763369560242
full,fever,n/a,15,v_proj,9,0.999967098236084
full,fever,n/a,15,v_proj,10,0.9993081092834473
full,fever,n/a,15,v_proj,11,0.9991515874862671
full,fever,n/a,15,v_proj,12,0.9998335838317871
full,fever,n/a,15,v_proj,13,0.9999086856842041
full,fever,n/a,15,v_proj,14,0.999800443649292
full,fever,n/a,15,v_proj,15,0.9996476173400879
full,fever,n/a,15,v_proj,16,0.99967360496521
full,fever,n/a,15,v_proj,17,0.9998782873153687
full,fever,n/a,15,v_proj,18,0.9999462366104126
full,fever,n/a,15,v_proj,19,0.9998571872711182
full,fever,n/a,15,v_proj,20,0.999876081943512
full,fever,n/a,15,v_proj,21,0.9996064305305481
full,fever,n/a,15,v_proj,22,0.999579668045044
full,fever,n/a,15,v_proj,23,0.9998800754547119
full,fever,n/a,15,v_proj,24,0.9999111890792847
full,fever,n/a,15,v_proj,25,0.9995574951171875
full,fever,n/a,15,v_proj,26,0.9994085431098938
full,fever,n/a,15,v_proj,27,0.9998054504394531
full,fever,n/a,15,v_proj,28,0.9994964003562927
full,fever,n/a,15,v_proj,29,0.9997677206993103
full,fever,n/a,15,v_proj,30,0.9999396204948425
full,fever,n/a,15,v_proj,31,0.999894380569458
full,fever,n/a,15,v_proj,32,0.9999150037765503
full,fever,n/a,15,v_proj,33,0.9998108148574829
full,fever,n/a,15,v_proj,34,0.9992434978485107
full,fever,n/a,15,v_proj,35,0.9993789196014404
full,fever,n/a,15,v_proj,36,0.9983593225479126
full,fever,n/a,15,v_proj,37,0.9983901977539062
full,fever,n/a,15,v_proj,38,0.9999195337295532
full,fever,n/a,15,v_proj,39,0.9987205266952515
full,fever,n/a,15,v_proj,40,0.998757004737854
full,fever,n/a,15,v_proj,41,0.9999402165412903
full,fever,n/a,15,v_proj,42,0.9998763799667358
full,fever,n/a,15,v_proj,43,0.9974988698959351
full,fever,n/a,15,v_proj,44,0.9975500106811523
full,fever,n/a,15,v_proj,45,0.9998626708984375
full,fever,n/a,15,v_proj,46,0.9991025924682617
full,fever,n/a,15,v_proj,47,0.9990863800048828
full,fever,n/a,15,v_proj,48,0.9996522665023804
full,fever,n/a,15,v_proj,49,0.9998664259910583
full,fever,n/a,15,v_proj,50,0.9998742341995239
full,fever,n/a,15,up_proj,1,0.9999896883964539
full,fever,n/a,15,up_proj,2,0.9999969005584717
full,fever,n/a,15,up_proj,3,0.9999940395355225
full,fever,n/a,15,up_proj,4,0.9999723434448242
full,fever,n/a,15,up_proj,5,0.999986469745636
full,fever,n/a,15,up_proj,6,0.9999855756759644
full,fever,n/a,15,up_proj,7,0.999988853931427
full,fever,n/a,15,up_proj,8,0.9999865889549255
full,fever,n/a,15,up_proj,9,0.999980628490448
full,fever,n/a,15,up_proj,10,0.9999916553497314
full,fever,n/a,15,up_proj,11,0.9999819397926331
full,fever,n/a,15,up_proj,12,0.9999820590019226
full,fever,n/a,15,up_proj,13,0.9999049305915833
full,fever,n/a,15,up_proj,14,0.9999215006828308
full,fever,n/a,15,up_proj,15,0.9999760389328003
full,fever,n/a,15,up_proj,16,0.9999752044677734
full,fever,n/a,15,up_proj,17,0.9999805092811584
full,fever,n/a,15,up_proj,18,0.9999831318855286
full,fever,n/a,15,up_proj,19,0.999959409236908
full,fever,n/a,15,up_proj,20,0.9999533891677856
full,fever,n/a,15,up_proj,21,0.9999596476554871
full,fever,n/a,15,up_proj,22,0.9999604821205139
full,fever,n/a,15,up_proj,23,0.9999622702598572
full,fever,n/a,15,up_proj,24,0.9999620914459229
full,fever,n/a,15,up_proj,25,0.9999614357948303
full,fever,n/a,15,up_proj,26,0.9999725818634033
full,fever,n/a,15,up_proj,27,0.9999627470970154
full,fever,n/a,15,up_proj,28,0.9999611377716064
full,fever,n/a,15,up_proj,29,0.999974250793457
full,fever,n/a,15,up_proj,30,0.9999386072158813
full,fever,n/a,15,up_proj,31,0.9999514222145081
full,fever,n/a,15,up_proj,32,0.9999050498008728
full,fever,n/a,15,up_proj,33,0.9998541474342346
full,fever,n/a,15,up_proj,34,0.9998685121536255
full,fever,n/a,15,up_proj,35,0.9997888207435608
full,fever,n/a,15,up_proj,36,0.9994529485702515
full,fever,n/a,15,up_proj,37,0.9994544386863708
full,fever,n/a,15,up_proj,38,0.999843955039978
full,fever,n/a,15,up_proj,39,0.9996390342712402
full,fever,n/a,15,up_proj,40,0.999609112739563
full,fever,n/a,15,up_proj,41,0.9999167323112488
full,fever,n/a,15,up_proj,42,0.9998744130134583
full,fever,n/a,15,up_proj,43,0.999811053276062
full,fever,n/a,15,up_proj,44,0.9997076988220215
full,fever,n/a,15,up_proj,45,0.999696671962738
full,fever,n/a,15,up_proj,46,0.9995751976966858
full,fever,n/a,15,up_proj,47,0.9986147284507751
full,fever,n/a,15,up_proj,48,0.9985945224761963
full,fever,n/a,15,up_proj,49,0.9997330904006958
full,fever,n/a,15,up_proj,50,0.9998184442520142
full,fever,n/a,15,down_proj,1,0.9999702572822571
full,fever,n/a,15,down_proj,2,0.9999597072601318
full,fever,n/a,15,down_proj,3,0.9999810457229614
full,fever,n/a,15,down_proj,4,0.9998328685760498
full,fever,n/a,15,down_proj,5,0.9999411702156067
full,fever,n/a,15,down_proj,6,0.9999194145202637
full,fever,n/a,15,down_proj,7,0.9998634457588196
full,fever,n/a,15,down_proj,8,0.9998005032539368
full,fever,n/a,15,down_proj,9,0.9995722770690918
full,fever,n/a,15,down_proj,10,0.9996041059494019
full,fever,n/a,15,down_proj,11,0.9998419880867004
full,fever,n/a,15,down_proj,12,0.9997962117195129
full,fever,n/a,15,down_proj,13,0.9845325350761414
full,fever,n/a,15,down_proj,14,0.9844186305999756
full,fever,n/a,15,down_proj,15,0.9997025728225708
full,fever,n/a,15,down_proj,16,0.9997165203094482
full,fever,n/a,15,down_proj,17,0.9995901584625244
full,fever,n/a,15,down_proj,18,0.9990394711494446
full,fever,n/a,15,down_proj,19,0.9988458156585693
full,fever,n/a,15,down_proj,20,0.9991366863250732
full,fever,n/a,15,down_proj,21,0.9990781545639038
full,fever,n/a,15,down_proj,22,0.9989694952964783
full,fever,n/a,15,down_proj,23,0.9994322061538696
full,fever,n/a,15,down_proj,24,0.9982820749282837
full,fever,n/a,15,down_proj,25,0.9978404641151428
full,fever,n/a,15,down_proj,26,0.9986058473587036
full,fever,n/a,15,down_proj,27,0.9984950423240662
full,fever,n/a,15,down_proj,28,0.9984739422798157
full,fever,n/a,15,down_proj,29,0.9985043406486511
full,fever,n/a,15,down_proj,30,0.9994105696678162
full,fever,n/a,15,down_proj,31,0.9994792938232422
full,fever,n/a,15,down_proj,32,0.9974836111068726
full,fever,n/a,15,down_proj,33,0.9972362518310547
full,fever,n/a,15,down_proj,34,0.9947264790534973
full,fever,n/a,15,down_proj,35,0.9957361817359924
full,fever,n/a,15,down_proj,36,0.9854777455329895
full,fever,n/a,15,down_proj,37,0.9856740832328796
full,fever,n/a,15,down_proj,38,0.9963489770889282
full,fever,n/a,15,down_proj,39,0.997779369354248
full,fever,n/a,15,down_proj,40,0.9967824816703796
full,fever,n/a,15,down_proj,41,0.9955300092697144
full,fever,n/a,15,down_proj,42,0.9980242252349854
full,fever,n/a,15,down_proj,43,0.9967135190963745
full,fever,n/a,15,down_proj,44,0.9986244440078735
full,fever,n/a,15,down_proj,45,0.9989414215087891
full,fever,n/a,15,down_proj,46,0.9981815814971924
full,fever,n/a,15,down_proj,47,0.9947173595428467
full,fever,n/a,15,down_proj,48,0.9953534603118896
full,fever,n/a,15,down_proj,49,0.9849214553833008
full,fever,n/a,15,down_proj,50,0.9841035008430481
full,mnli,n/a,0,q_proj,1,1.0000001192092896
full,mnli,n/a,0,q_proj,2,1.0
full,mnli,n/a,0,q_proj,3,0.9999991655349731
full,mnli,n/a,0,q_proj,4,0.9999997019767761
full,mnli,n/a,0,q_proj,5,0.999999463558197
full,mnli,n/a,0,q_proj,6,1.0000001192092896
full,mnli,n/a,0,q_proj,7,0.9999996423721313
full,mnli,n/a,0,q_proj,8,0.9999994039535522
full,mnli,n/a,0,q_proj,9,0.9999989867210388
full,mnli,n/a,0,q_proj,10,0.9999997019767761
full,mnli,n/a,0,q_proj,11,0.9999995231628418
full,mnli,n/a,0,q_proj,12,0.9999986886978149
full,mnli,n/a,0,q_proj,13,0.9999983906745911
full,mnli,n/a,0,q_proj,14,0.9999990463256836
full,mnli,n/a,0,q_proj,15,0.9999924302101135
full,mnli,n/a,0,q_proj,16,0.999993085861206
full,mnli,n/a,0,q_proj,17,0.9999978542327881
full,mnli,n/a,0,q_proj,18,0.9999973177909851
full,mnli,n/a,0,q_proj,19,0.9999987483024597
full,mnli,n/a,0,q_proj,20,0.9999989867210388
full,mnli,n/a,0,q_proj,21,0.9999772310256958
full,mnli,n/a,0,q_proj,22,0.9999755620956421
full,mnli,n/a,0,q_proj,23,0.9999972581863403
full,mnli,n/a,0,q_proj,24,0.9999858736991882
full,mnli,n/a,0,q_proj,25,0.999986469745636
full,mnli,n/a,0,q_proj,26,0.9999975562095642
full,mnli,n/a,0,q_proj,27,0.9998979568481445
full,mnli,n/a,0,q_proj,28,0.9998959898948669
full,mnli,n/a,0,q_proj,29,0.9999915957450867
full,mnli,n/a,0,q_proj,30,0.999994158744812
full,mnli,n/a,0,q_proj,31,0.9999960064888
full,mnli,n/a,0,q_proj,32,0.9999937415122986
full,mnli,n/a,0,q_proj,33,0.9999961853027344
full,mnli,n/a,0,q_proj,34,0.9999962449073792
full,mnli,n/a,0,q_proj,35,0.9999947547912598
full,mnli,n/a,0,q_proj,36,0.9999945759773254
full,mnli,n/a,0,q_proj,37,0.9999903440475464
full,mnli,n/a,0,q_proj,38,0.9999876022338867
full,mnli,n/a,0,q_proj,39,0.9999788403511047
full,mnli,n/a,0,q_proj,40,0.9999755024909973
full,mnli,n/a,0,q_proj,41,0.9999906420707703
full,mnli,n/a,0,q_proj,42,0.9998682737350464
full,mnli,n/a,0,q_proj,43,0.9998681545257568
full,mnli,n/a,0,q_proj,44,0.9999873638153076
full,mnli,n/a,0,q_proj,45,0.9999907612800598
full,mnli,n/a,0,q_proj,46,0.9999724626541138
full,mnli,n/a,0,q_proj,47,0.999981164932251
full,mnli,n/a,0,q_proj,48,0.9999886155128479
full,mnli,n/a,0,q_proj,49,0.9999942779541016
full,mnli,n/a,0,q_proj,50,0.9999457597732544
full,mnli,n/a,0,v_proj,1,0.9999787211418152
full,mnli,n/a,0,v_proj,2,0.9997596144676208
full,mnli,n/a,0,v_proj,3,0.999763011932373
full,mnli,n/a,0,v_proj,4,0.999899685382843
full,mnli,n/a,0,v_proj,5,0.9999082088470459
full,mnli,n/a,0,v_proj,6,0.9998776316642761
full,mnli,n/a,0,v_proj,7,0.9997881650924683
full,mnli,n/a,0,v_proj,8,0.9998364448547363
full,mnli,n/a,0,v_proj,9,0.9993159174919128
full,mnli,n/a,0,v_proj,10,0.9994804859161377
full,mnli,n/a,0,v_proj,11,0.9997237920761108
full,mnli,n/a,0,v_proj,12,0.9985994696617126
full,mnli,n/a,0,v_proj,13,0.9982292056083679
full,mnli,n/a,0,v_proj,14,0.9993356466293335
full,mnli,n/a,0,v_proj,15,0.9990342855453491
full,mnli,n/a,0,v_proj,16,0.9989892244338989
full,mnli,n/a,0,v_proj,17,0.9982268810272217
full,mnli,n/a,0,v_proj,18,0.9971058964729309
full,mnli,n/a,0,v_proj,19,0.9988983869552612
full,mnli,n/a,0,v_proj,20,0.9964430332183838
full,mnli,n/a,0,v_proj,21,0.9958747625350952
full,mnli,n/a,0,v_proj,22,0.9977319836616516
full,mnli,n/a,0,v_proj,23,0.9981651306152344
full,mnli,n/a,0,v_proj,24,0.9974861741065979
full,mnli,n/a,0,v_proj,25,0.9965701103210449
full,mnli,n/a,0,v_proj,26,0.9980957508087158
full,mnli,n/a,0,v_proj,27,0.9950089454650879
full,mnli,n/a,0,v_proj,28,0.9942023158073425
full,mnli,n/a,0,v_proj,29,0.9952829480171204
full,mnli,n/a,0,v_proj,30,0.9948614835739136
full,mnli,n/a,0,v_proj,31,0.9960247874259949
full,mnli,n/a,0,v_proj,32,0.9948617219924927
full,mnli,n/a,0,v_proj,33,0.9981879591941833
full,mnli,n/a,0,v_proj,34,0.9962228536605835
full,mnli,n/a,0,v_proj,35,0.9957804679870605
full,mnli,n/a,0,v_proj,36,0.9938682913780212
full,mnli,n/a,0,v_proj,37,0.9917013645172119
full,mnli,n/a,0,v_proj,38,0.9826174974441528
full,mnli,n/a,0,v_proj,39,0.9790890216827393
full,mnli,n/a,0,v_proj,40,0.9894879460334778
full,mnli,n/a,0,v_proj,41,0.9917939305305481
full,mnli,n/a,0,v_proj,42,0.993710994720459
full,mnli,n/a,0,v_proj,43,0.9895260334014893
full,mnli,n/a,0,v_proj,44,0.9909865856170654
full,mnli,n/a,0,v_proj,45,0.9952831268310547
full,mnli,n/a,0,v_proj,46,0.9858853220939636
full,mnli,n/a,0,v_proj,47,0.9873400926589966
full,mnli,n/a,0,v_proj,48,0.9938489198684692
full,mnli,n/a,0,v_proj,49,0.9940488338470459
full,mnli,n/a,0,v_proj,50,0.9938466548919678
full,mnli,n/a,0,up_proj,1,0.9999876022338867
full,mnli,n/a,0,up_proj,2,0.999987006187439
full,mnli,n/a,0,up_proj,3,0.9999906420707703
full,mnli,n/a,0,up_proj,4,0.9999832510948181
full,mnli,n/a,0,up_proj,5,0.9999687671661377
full,mnli,n/a,0,up_proj,6,0.9999706149101257
full,mnli,n/a,0,up_proj,7,0.9999589920043945
full,mnli,n/a,0,up_proj,8,0.9998979568481445
full,mnli,n/a,0,up_proj,9,0.9999179244041443
full,mnli,n/a,0,up_proj,10,0.9999696612358093
full,mnli,n/a,0,up_proj,11,0.9999407529830933
full,mnli,n/a,0,up_proj,12,0.9999672174453735
full,mnli,n/a,0,up_proj,13,0.9998769164085388
full,mnli,n/a,0,up_proj,14,0.9998729825019836
full,mnli,n/a,0,up_proj,15,0.9999326467514038
full,mnli,n/a,0,up_proj,16,0.9999111890792847
full,mnli,n/a,0,up_proj,17,0.9994736909866333
full,mnli,n/a,0,up_proj,18,0.9994603991508484
full,mnli,n/a,0,up_proj,19,0.9998270869255066
full,mnli,n/a,0,up_proj,20,0.9997321367263794
full,mnli,n/a,0,up_proj,21,0.9995951056480408
full,mnli,n/a,0,up_proj,22,0.9997736215591431
full,mnli,n/a,0,up_proj,23,0.9999088644981384
full,mnli,n/a,0,up_proj,24,0.9999589323997498
full,mnli,n/a,0,up_proj,25,0.999960720539093
full,mnli,n/a,0,up_proj,26,0.999901533126831
full,mnli,n/a,0,up_proj,27,0.999843955039978
full,mnli,n/a,0,up_proj,28,0.9997952580451965
full,mnli,n/a,0,up_proj,29,0.9997776746749878
full,mnli,n/a,0,up_proj,30,0.9998883605003357
full,mnli,n/a,0,up_proj,31,0.9998785853385925
full,mnli,n/a,0,up_proj,32,0.999779462814331
full,mnli,n/a,0,up_proj,33,0.9997785687446594
full,mnli,n/a,0,up_proj,34,0.9999409914016724
full,mnli,n/a,0,up_proj,35,0.9999470710754395
full,mnli,n/a,0,up_proj,36,0.9999362826347351
full,mnli,n/a,0,up_proj,37,0.999212384223938
full,mnli,n/a,0,up_proj,38,0.9992899894714355
full,mnli,n/a,0,up_proj,39,0.9997695684432983
full,mnli,n/a,0,up_proj,40,0.9998681545257568
full,mnli,n/a,0,up_proj,41,0.9997870922088623
full,mnli,n/a,0,up_proj,42,0.9994105696678162
full,mnli,n/a,0,up_proj,43,0.9992106556892395
full,mnli,n/a,0,up_proj,44,0.9997842311859131
full,mnli,n/a,0,up_proj,45,0.9997726678848267
full,mnli,n/a,0,up_proj,46,0.9997649788856506
full,mnli,n/a,0,up_proj,47,0.9998579621315002
full,mnli,n/a,0,up_proj,48,0.9997982978820801
full,mnli,n/a,0,up_proj,49,0.9997971057891846
full,mnli,n/a,0,up_proj,50,0.9998253583908081
full,mnli,n/a,0,down_proj,1,0.9999979734420776
full,mnli,n/a,0,down_proj,2,0.9999971985816956
full,mnli,n/a,0,down_proj,3,0.9999956488609314
full,mnli,n/a,0,down_proj,4,0.999995231628418
full,mnli,n/a,0,down_proj,5,0.999994695186615
full,mnli,n/a,0,down_proj,6,0.9999918341636658
full,mnli,n/a,0,down_proj,7,0.9999894499778748
full,mnli,n/a,0,down_proj,8,0.9999903440475464
full,mnli,n/a,0,down_proj,9,0.9999686479568481
full,mnli,n/a,0,down_proj,10,0.9999570846557617
full,mnli,n/a,0,down_proj,11,0.9999299645423889
full,mnli,n/a,0,down_proj,12,0.9999818801879883
full,mnli,n/a,0,down_proj,13,0.9999831318855286
full,mnli,n/a,0,down_proj,14,0.9999634027481079
full,mnli,n/a,0,down_proj,15,0.99997478723526
full,mnli,n/a,0,down_proj,16,0.9999678134918213
full,mnli,n/a,0,down_proj,17,0.9998438954353333
full,mnli,n/a,0,down_proj,18,0.9998432993888855
full,mnli,n/a,0,down_proj,19,0.9995974898338318
full,mnli,n/a,0,down_proj,20,0.9941257238388062
full,mnli,n/a,0,down_proj,21,0.994250476360321
full,mnli,n/a,0,down_proj,22,0.9999647736549377
full,mnli,n/a,0,down_proj,23,0.9998559951782227
full,mnli,n/a,0,down_proj,24,0.9999386072158813
full,mnli,n/a,0,down_proj,25,0.9998633861541748
full,mnli,n/a,0,down_proj,26,0.9998220801353455
full,mnli,n/a,0,down_proj,27,0.9998694658279419
full,mnli,n/a,0,down_proj,28,0.999672532081604
full,mnli,n/a,0,down_proj,29,0.9997855424880981
full,mnli,n/a,0,down_proj,30,0.9998677968978882
full,mnli,n/a,0,down_proj,31,0.9998547434806824
full,mnli,n/a,0,down_proj,32,0.9998624920845032
full,mnli,n/a,0,down_proj,33,0.999911904335022
full,mnli,n/a,0,down_proj,34,0.9998308420181274
full,mnli,n/a,0,down_proj,35,0.9997883439064026
full,mnli,n/a,0,down_proj,36,0.9997284412384033
full,mnli,n/a,0,down_proj,37,0.9998223185539246
full,mnli,n/a,0,down_proj,38,0.9999076724052429
full,mnli,n/a,0,down_proj,39,0.9998171329498291
full,mnli,n/a,0,down_proj,40,0.9992655515670776
full,mnli,n/a,0,down_proj,41,0.9993194341659546
full,mnli,n/a,0,down_proj,42,0.9972829818725586
full,mnli,n/a,0,down_proj,43,0.9971300363540649
full,mnli,n/a,0,down_proj,44,0.9982674717903137
full,mnli,n/a,0,down_proj,45,0.998397171497345
full,mnli,n/a,0,down_proj,46,0.9997535347938538
full,mnli,n/a,0,down_proj,47,0.998089075088501
full,mnli,n/a,0,down_proj,48,0.9982798099517822
full,mnli,n/a,0,down_proj,49,0.9997828006744385
full,mnli,n/a,0,down_proj,50,0.9779399037361145
full,mnli,n/a,8,q_proj,1,0.9999967813491821
full,mnli,n/a,8,q_proj,2,0.999998927116394
full,mnli,n/a,8,q_proj,3,0.9999989867210388
full,mnli,n/a,8,q_proj,4,0.9999971985816956
full,mnli,n/a,8,q_proj,5,0.9999970197677612
full,mnli,n/a,8,q_proj,6,0.9999967813491821
full,mnli,n/a,8,q_proj,7,0.9999966621398926
full,mnli,n/a,8,q_proj,8,0.9999663829803467
full,mnli,n/a,8,q_proj,9,0.9999697804450989
full,mnli,n/a,8,q_proj,10,0.999995768070221
full,mnli,n/a,8,q_proj,11,0.999997079372406
full,mnli,n/a,8,q_proj,12,0.9999954104423523
full,mnli,n/a,8,q_proj,13,0.9999882578849792
full,mnli,n/a,8,q_proj,14,0.9999967217445374
full,mnli,n/a,8,q_proj,15,0.999985933303833
full,mnli,n/a,8,q_proj,16,0.9999841451644897
full,mnli,n/a,8,q_proj,17,0.9999915957450867
full,mnli,n/a,8,q_proj,18,0.9999949336051941
full,mnli,n/a,8,q_proj,19,0.9999940395355225
full,mnli,n/a,8,q_proj,20,0.9999918341636658
full,mnli,n/a,8,q_proj,21,0.9999877214431763
full,mnli,n/a,8,q_proj,22,0.9999904036521912
full,mnli,n/a,8,q_proj,23,0.9999732375144958
full,mnli,n/a,8,q_proj,24,0.9999753832817078
full,mnli,n/a,8,q_proj,25,0.999992847442627
full,mnli,n/a,8,q_proj,26,0.9999978542327881
full,mnli,n/a,8,q_proj,27,0.9999923706054688
full,mnli,n/a,8,q_proj,28,0.9999909400939941
full,mnli,n/a,8,q_proj,29,0.9999886751174927
full,mnli,n/a,8,q_proj,30,0.9999876022338867
full,mnli,n/a,8,q_proj,31,0.9999836087226868
full,mnli,n/a,8,q_proj,32,0.9999606013298035
full,mnli,n/a,8,q_proj,33,0.9999725818634033
full,mnli,n/a,8,q_proj,34,0.9999675154685974
full,mnli,n/a,8,q_proj,35,0.9999650716781616
full,mnli,n/a,8,q_proj,36,0.9999858140945435
full,mnli,n/a,8,q_proj,37,0.9999595284461975
full,mnli,n/a,8,q_proj,38,0.9999125003814697
full,mnli,n/a,8,q_proj,39,0.9998892545700073
full,mnli,n/a,8,q_proj,40,0.9999662637710571
full,mnli,n/a,8,q_proj,41,0.9999746680259705
full,mnli,n/a,8,q_proj,42,0.9999622106552124
full,mnli,n/a,8,q_proj,43,0.9999911189079285
full,mnli,n/a,8,q_proj,44,0.999983012676239
full,mnli,n/a,8,q_proj,45,0.9999821782112122
full,mnli,n/a,8,q_proj,46,0.9999864101409912
full,mnli,n/a,8,q_proj,47,0.9999517798423767
full,mnli,n/a,8,q_proj,48,0.9999518394470215
full,mnli,n/a,8,q_proj,49,0.99997878074646
full,mnli,n/a,8,q_proj,50,0.9999847412109375
full,mnli,n/a,8,v_proj,1,0.9988510608673096
full,mnli,n/a,8,v_proj,2,0.9990317821502686
full,mnli,n/a,8,v_proj,3,0.9997699856758118
full,mnli,n/a,8,v_proj,4,0.9996737241744995
full,mnli,n/a,8,v_proj,5,0.9987722635269165
full,mnli,n/a,8,v_proj,6,0.9981299638748169
full,mnli,n/a,8,v_proj,7,0.9985353946685791
full,mnli,n/a,8,v_proj,8,0.9986995458602905
full,mnli,n/a,8,v_proj,9,0.9985857605934143
full,mnli,n/a,8,v_proj,10,0.9929988384246826
full,mnli,n/a,8,v_proj,11,0.9931642413139343
full,mnli,n/a,8,v_proj,12,0.9964272975921631
full,mnli,n/a,8,v_proj,13,0.9967735409736633
full,mnli,n/a,8,v_proj,14,0.9993619322776794
full,mnli,n/a,8,v_proj,15,0.9984284043312073
full,mnli,n/a,8,v_proj,16,0.9991375207901001
full,mnli,n/a,8,v_proj,17,0.9985202550888062
full,mnli,n/a,8,v_proj,18,0.9983536005020142
full,mnli,n/a,8,v_proj,19,0.9990164637565613
full,mnli,n/a,8,v_proj,20,0.9986844062805176
full,mnli,n/a,8,v_proj,21,0.9936819672584534
full,mnli,n/a,8,v_proj,22,0.995503306388855
full,mnli,n/a,8,v_proj,23,0.9961909055709839
full,mnli,n/a,8,v_proj,24,0.9980356693267822
full,mnli,n/a,8,v_proj,25,0.9982312917709351
full,mnli,n/a,8,v_proj,26,0.996752142906189
full,mnli,n/a,8,v_proj,27,0.9913600087165833
full,mnli,n/a,8,v_proj,28,0.9931493401527405
full,mnli,n/a,8,v_proj,29,0.976293683052063
full,mnli,n/a,8,v_proj,30,0.9773482084274292
full,mnli,n/a,8,v_proj,31,0.999213695526123
full,mnli,n/a,8,v_proj,32,0.9983869791030884
full,mnli,n/a,8,v_proj,33,0.99863600730896
full,mnli,n/a,8,v_proj,34,0.9985817670822144
full,mnli,n/a,8,v_proj,35,0.984587550163269
full,mnli,n/a,8,v_proj,36,0.983932614326477
full,mnli,n/a,8,v_proj,37,0.9882927536964417
full,mnli,n/a,8,v_proj,38,0.9933006763458252
full,mnli,n/a,8,v_proj,39,0.982334315776825
full,mnli,n/a,8,v_proj,40,0.9990275502204895
full,mnli,n/a,8,v_proj,41,0.9978147149085999
full,mnli,n/a,8,v_proj,42,0.9968870282173157
full,mnli,n/a,8,v_proj,43,0.9977693557739258
full,mnli,n/a,8,v_proj,44,0.9987180829048157
full,mnli,n/a,8,v_proj,45,0.9981521368026733
full,mnli,n/a,8,v_proj,46,0.9855664968490601
full,mnli,n/a,8,v_proj,47,0.9828629493713379
full,mnli,n/a,8,v_proj,48,0.993598222732544
full,mnli,n/a,8,v_proj,49,0.7267290949821472
full,mnli,n/a,8,v_proj,50,0.7271804809570312
full,mnli,n/a,8,up_proj,1,0.9999960064888
full,mnli,n/a,8,up_proj,2,0.9999902844429016
full,mnli,n/a,8,up_proj,3,0.9999849200248718
full,mnli,n/a,8,up_proj,4,0.9999880194664001
full,mnli,n/a,8,up_proj,5,0.9999800324440002
full,mnli,n/a,8,up_proj,6,0.9999796748161316
full,mnli,n/a,8,up_proj,7,0.9999864101409912
full,mnli,n/a,8,up_proj,8,0.9999667406082153
full,mnli,n/a,8,up_proj,9,0.9999727606773376
full,mnli,n/a,8,up_proj,10,0.9999764561653137
full,mnli,n/a,8,up_proj,11,0.9999687671661377
full,mnli,n/a,8,up_proj,12,0.9999520778656006
full,mnli,n/a,8,up_proj,13,0.9944552779197693
full,mnli,n/a,8,up_proj,14,0.9944448471069336
full,mnli,n/a,8,up_proj,15,0.9999605417251587
full,mnli,n/a,8,up_proj,16,0.9999780654907227
full,mnli,n/a,8,up_proj,17,0.9999729990959167
full,mnli,n/a,8,up_proj,18,0.9999297261238098
full,mnli,n/a,8,up_proj,19,0.9999256730079651
full,mnli,n/a,8,up_proj,20,0.9998317360877991
full,mnli,n/a,8,up_proj,21,0.9998783469200134
full,mnli,n/a,8,up_proj,22,0.9999123215675354
full,mnli,n/a,8,up_proj,23,0.9832194447517395
full,mnli,n/a,8,up_proj,24,0.9831253290176392
full,mnli,n/a,8,up_proj,25,0.9998021721839905
full,mnli,n/a,8,up_proj,26,0.9998266696929932
full,mnli,n/a,8,up_proj,27,0.999809741973877
full,mnli,n/a,8,up_proj,28,0.9997705221176147
full,mnli,n/a,8,up_proj,29,0.9996894598007202
full,mnli,n/a,8,up_proj,30,0.999492347240448
full,mnli,n/a,8,up_proj,31,0.9995568990707397
full,mnli,n/a,8,up_proj,32,0.9998568892478943
full,mnli,n/a,8,up_proj,33,0.9995017051696777
full,mnli,n/a,8,up_proj,34,0.9998977184295654
full,mnli,n/a,8,up_proj,35,0.9997721910476685
full,mnli,n/a,8,up_proj,36,0.9996033906936646
full,mnli,n/a,8,up_proj,37,0.9991893172264099
full,mnli,n/a,8,up_proj,38,0.9993507862091064
full,mnli,n/a,8,up_proj,39,0.9608458876609802
full,mnli,n/a,8,up_proj,40,0.9606999754905701
full,mnli,n/a,8,up_proj,41,0.9997453093528748
full,mnli,n/a,8,up_proj,42,0.9996093511581421
full,mnli,n/a,8,up_proj,43,0.9994727969169617
full,mnli,n/a,8,up_proj,44,0.9998812675476074
full,mnli,n/a,8,up_proj,45,0.9997314810752869
full,mnli,n/a,8,up_proj,46,0.9998577833175659
full,mnli,n/a,8,up_proj,47,0.9995617866516113
full,mnli,n/a,8,up_proj,48,0.999761700630188
full,mnli,n/a,8,up_proj,49,0.9990430474281311
full,mnli,n/a,8,up_proj,50,0.9987655878067017
full,mnli,n/a,8,down_proj,1,0.9999992847442627
full,mnli,n/a,8,down_proj,2,0.9999982714653015
full,mnli,n/a,8,down_proj,3,0.9999988675117493
full,mnli,n/a,8,down_proj,4,0.9999982714653015
full,mnli,n/a,8,down_proj,5,0.9999914169311523
full,mnli,n/a,8,down_proj,6,0.9999933242797852
full,mnli,n/a,8,down_proj,7,0.9999961256980896
full,mnli,n/a,8,down_proj,8,0.9999962449073792
full,mnli,n/a,8,down_proj,9,0.9999957084655762
full,mnli,n/a,8,down_proj,10,0.9999894499778748
full,mnli,n/a,8,down_proj,11,0.999980628490448
full,mnli,n/a,8,down_proj,12,0.9999841451644897
full,mnli,n/a,8,down_proj,13,0.9999866485595703
full,mnli,n/a,8,down_proj,14,0.9999681115150452
full,mnli,n/a,8,down_proj,15,0.9999668598175049
full,mnli,n/a,8,down_proj,16,0.9999879598617554
full,mnli,n/a,8,down_proj,17,0.9999828934669495
full,mnli,n/a,8,down_proj,18,0.999983549118042
full,mnli,n/a,8,down_proj,19,0.9999814033508301
full,mnli,n/a,8,down_proj,20,0.9999682903289795
full,mnli,n/a,8,down_proj,21,0.9999520778656006
full,mnli,n/a,8,down_proj,22,0.9998484253883362
full,mnli,n/a,8,down_proj,23,0.9998646378517151
full,mnli,n/a,8,down_proj,24,0.9999630451202393
full,mnli,n/a,8,down_proj,25,0.9999490976333618
full,mnli,n/a,8,down_proj,26,0.9995429515838623
full,mnli,n/a,8,down_proj,27,0.9995366334915161
full,mnli,n/a,8,down_proj,28,0.9999551177024841
full,mnli,n/a,8,down_proj,29,0.9999523162841797
full,mnli,n/a,8,down_proj,30,0.999973475933075
full,mnli,n/a,8,down_proj,31,0.9999526739120483
full,mnli,n/a,8,down_proj,32,0.9999655485153198
full,mnli,n/a,8,down_proj,33,0.999849796295166
full,mnli,n/a,8,down_proj,34,0.9998792409896851
full,mnli,n/a,8,down_proj,35,0.9999486207962036
full,mnli,n/a,8,down_proj,36,0.9999706149101257
full,mnli,n/a,8,down_proj,37,0.9998937249183655
full,mnli,n/a,8,down_proj,38,0.9998874664306641
full,mnli,n/a,8,down_proj,39,0.9998598098754883
full,mnli,n/a,8,down_proj,40,0.9998611807823181
full,mnli,n/a,8,down_proj,41,0.9997507333755493
full,mnli,n/a,8,down_proj,42,0.9996594190597534
full,mnli,n/a,8,down_proj,43,0.9998547434806824
full,mnli,n/a,8,down_proj,44,0.9999241828918457
full,mnli,n/a,8,down_proj,45,0.9998834133148193
full,mnli,n/a,8,down_proj,46,0.9999123215675354
full,mnli,n/a,8,down_proj,47,0.9998935461044312
full,mnli,n/a,8,down_proj,48,0.9998968839645386
full,mnli,n/a,8,down_proj,49,0.9999510049819946
full,mnli,n/a,8,down_proj,50,0.9998052716255188
full,mnli,n/a,15,q_proj,1,0.9999997615814209
full,mnli,n/a,15,q_proj,2,0.9999997615814209
full,mnli,n/a,15,q_proj,3,0.9999995231628418
full,mnli,n/a,15,q_proj,4,0.9999967217445374
full,mnli,n/a,15,q_proj,5,0.9999966025352478
full,mnli,n/a,15,q_proj,6,0.9999990463256836
full,mnli,n/a,15,q_proj,7,0.999998927116394
full,mnli,n/a,15,q_proj,8,0.9999985098838806
full,mnli,n/a,15,q_proj,9,0.9999990463256836
full,mnli,n/a,15,q_proj,10,0.9999966025352478
full,mnli,n/a,15,q_proj,11,0.9999961853027344
full,mnli,n/a,15,q_proj,12,0.9999994039535522
full,mnli,n/a,15,q_proj,13,0.9999992251396179
full,mnli,n/a,15,q_proj,14,0.9999991059303284
full,mnli,n/a,15,q_proj,15,0.999998152256012
full,mnli,n/a,15,q_proj,16,0.9999990463256836
full,mnli,n/a,15,q_proj,17,0.9999994039535522
full,mnli,n/a,15,q_proj,18,0.999998927116394
full,mnli,n/a,15,q_proj,19,0.9999988079071045
full,mnli,n/a,15,q_proj,20,0.999998927116394
full,mnli,n/a,15,q_proj,21,0.9999992251396179
full,mnli,n/a,15,q_proj,22,0.9999982714653015
full,mnli,n/a,15,q_proj,23,0.9999985098838806
full,mnli,n/a,15,q_proj,24,0.999998927116394
full,mnli,n/a,15,q_proj,25,0.9999992251396179
full,mnli,n/a,15,q_proj,26,0.9999996423721313
full,mnli,n/a,15,q_proj,27,0.9999991655349731
full,mnli,n/a,15,q_proj,28,0.9999960660934448
full,mnli,n/a,15,q_proj,29,0.9999968409538269
full,mnli,n/a,15,q_proj,30,0.9999990463256836
full,mnli,n/a,15,q_proj,31,0.9999991655349731
full,mnli,n/a,15,q_proj,32,0.9999982714653015
full,mnli,n/a,15,q_proj,33,0.9999908804893494
full,mnli,n/a,15,q_proj,34,0.999991774559021
full,mnli,n/a,15,q_proj,35,0.9999967217445374
full,mnli,n/a,15,q_proj,36,0.9999979138374329
full,mnli,n/a,15,q_proj,37,0.9999983906745911
full,mnli,n/a,15,q_proj,38,0.9999991655349731
full,mnli,n/a,15,q_proj,39,0.9999980926513672
full,mnli,n/a,15,q_proj,40,0.9999970197677612
full,mnli,n/a,15,q_proj,41,0.9999974966049194
full,mnli,n/a,15,q_proj,42,0.9999971389770508
full,mnli,n/a,15,q_proj,43,0.9999969601631165
full,mnli,n/a,15,q_proj,44,0.9999927878379822
full,mnli,n/a,15,q_proj,45,0.9999933242797852
full,mnli,n/a,15,q_proj,46,0.999997079372406
full,mnli,n/a,15,q_proj,47,0.9999982118606567
full,mnli,n/a,15,q_proj,48,0.9999988079071045
full,mnli,n/a,15,q_proj,49,0.9999947547912598
full,mnli,n/a,15,q_proj,50,0.9999829530715942
full,mnli,n/a,15,v_proj,1,0.9999976754188538
full,mnli,n/a,15,v_proj,2,0.9999821186065674
full,mnli,n/a,15,v_proj,3,0.999983549118042
full,mnli,n/a,15,v_proj,4,0.9999992847442627
full,mnli,n/a,15,v_proj,5,0.9999964237213135
full,mnli,n/a,15,v_proj,6,0.9999972581863403
full,mnli,n/a,15,v_proj,7,0.9999936819076538
full,mnli,n/a,15,v_proj,8,0.9999949932098389
full,mnli,n/a,15,v_proj,9,0.9999937415122986
full,mnli,n/a,15,v_proj,10,0.9999933242797852
full,mnli,n/a,15,v_proj,11,0.9999904632568359
full,mnli,n/a,15,v_proj,12,0.9999897480010986
full,mnli,n/a,15,v_proj,13,0.9999777674674988
full,mnli,n/a,15,v_proj,14,0.9999747276306152
full,mnli,n/a,15,v_proj,15,0.9998238682746887
full,mnli,n/a,15,v_proj,16,0.9998577833175659
full,mnli,n/a,15,v_proj,17,0.9999685287475586
full,mnli,n/a,15,v_proj,18,0.9999890923500061
full,mnli,n/a,15,v_proj,19,0.9999864101409912
full,mnli,n/a,15,v_proj,20,0.9999781847000122
full,mnli,n/a,15,v_proj,21,0.9999955892562866
full,mnli,n/a,15,v_proj,22,0.9999938011169434
full,mnli,n/a,15,v_proj,23,0.9999909400939941
full,mnli,n/a,15,v_proj,24,0.9999807476997375
full,mnli,n/a,15,v_proj,25,0.999970555305481
full,mnli,n/a,15,v_proj,26,0.9999629259109497
full,mnli,n/a,15,v_proj,27,0.9999797344207764
full,mnli,n/a,15,v_proj,28,0.9999829530715942
full,mnli,n/a,15,v_proj,29,0.9999831914901733
full,mnli,n/a,15,v_proj,30,0.9999953508377075
full,mnli,n/a,15,v_proj,31,0.9999909400939941
full,mnli,n/a,15,v_proj,32,0.9999926686286926
full,mnli,n/a,15,v_proj,33,0.9999947547912598
full,mnli,n/a,15,v_proj,34,0.9999536275863647
full,mnli,n/a,15,v_proj,35,0.9999541640281677
full,mnli,n/a,15,v_proj,36,0.9999186992645264
full,mnli,n/a,15,v_proj,37,0.9999276995658875
full,mnli,n/a,15,v_proj,38,0.999980092048645
full,mnli,n/a,15,v_proj,39,0.9999896287918091
full,mnli,n/a,15,v_proj,40,0.9999895095825195
full,mnli,n/a,15,v_proj,41,0.9999833106994629
full,mnli,n/a,15,v_proj,42,0.9999366998672485
full,mnli,n/a,15,v_proj,43,0.99996018409729
full,mnli,n/a,15,v_proj,44,0.9999708533287048
full,mnli,n/a,15,v_proj,45,0.999981164932251
full,mnli,n/a,15,v_proj,46,0.9999738931655884
full,mnli,n/a,15,v_proj,47,0.9999889135360718
full,mnli,n/a,15,v_proj,48,0.9999815225601196
full,mnli,n/a,15,v_proj,49,0.9999814033508301
full,mnli,n/a,15,v_proj,50,0.9999909400939941
full,mnli,n/a,15,up_proj,1,1.0000001192092896
full,mnli,n/a,15,up_proj,2,1.0000003576278687
full,mnli,n/a,15,up_proj,3,0.9999998807907104
full,mnli,n/a,15,up_proj,4,0.9999992251396179
full,mnli,n/a,15,up_proj,5,0.9999986290931702
full,mnli,n/a,15,up_proj,6,0.9999993443489075
full,mnli,n/a,15,up_proj,7,0.9999985098838806
full,mnli,n/a,15,up_proj,8,0.9999974966049194
full,mnli,n/a,15,up_proj,9,0.9999977946281433
full,mnli,n/a,15,up_proj,10,0.9999984502792358
full,mnli,n/a,15,up_proj,11,0.9999977350234985
full,mnli,n/a,15,up_proj,12,0.9999982118606567
full,mnli,n/a,15,up_proj,13,0.9999968409538269
full,mnli,n/a,15,up_proj,14,0.9999966621398926
full,mnli,n/a,15,up_proj,15,0.999998152256012
full,mnli,n/a,15,up_proj,16,0.9999974370002747
full,mnli,n/a,15,up_proj,17,0.9999973773956299
full,mnli,n/a,15,up_proj,18,0.9999913573265076
full,mnli,n/a,15,up_proj,19,0.9999908208847046
full,mnli,n/a,15,up_proj,20,0.9999974966049194
full,mnli,n/a,15,up_proj,21,0.9999979734420776
full,mnli,n/a,15,up_proj,22,0.9999976754188538
full,mnli,n/a,15,up_proj,23,0.9999977350234985
full,mnli,n/a,15,up_proj,24,0.9999929070472717
full,mnli,n/a,15,up_proj,25,0.9999926686286926
full,mnli,n/a,15,up_proj,26,0.9999927282333374
full,mnli,n/a,15,up_proj,27,0.9999927282333374
full,mnli,n/a,15,up_proj,28,0.9999960064888
full,mnli,n/a,15,up_proj,29,0.9999961853027344
full,mnli,n/a,15,up_proj,30,0.9999962449073792
full,mnli,n/a,15,up_proj,31,0.9999866485595703
full,mnli,n/a,15,up_proj,32,0.9999886751174927
full,mnli,n/a,15,up_proj,33,0.9999924302101135
full,mnli,n/a,15,up_proj,34,0.9999954104423523
full,mnli,n/a,15,up_proj,35,0.9999949932098389
full,mnli,n/a,15,up_proj,36,0.9999698996543884
full,mnli,n/a,15,up_proj,37,0.9999725818634033
full,mnli,n/a,15,up_proj,38,0.999991238117218
full,mnli,n/a,15,up_proj,39,0.9999404549598694
full,mnli,n/a,15,up_proj,40,0.9999390840530396
full,mnli,n/a,15,up_proj,41,0.9999290704727173
full,mnli,n/a,15,up_proj,42,0.9999081492424011
full,mnli,n/a,15,up_proj,43,0.9999679327011108
full,mnli,n/a,15,up_proj,44,0.9999834895133972
full,mnli,n/a,15,up_proj,45,0.9999833106994629
full,mnli,n/a,15,up_proj,46,0.999975323677063
full,mnli,n/a,15,up_proj,47,0.9999578595161438
full,mnli,n/a,15,up_proj,48,0.9999496340751648
full,mnli,n/a,15,up_proj,49,0.999972403049469
full,mnli,n/a,15,up_proj,50,0.999990701675415
full,mnli,n/a,15,down_proj,1,0.9999993443489075
full,mnli,n/a,15,down_proj,2,0.9999971389770508
full,mnli,n/a,15,down_proj,3,0.9999972581863403
full,mnli,n/a,15,down_proj,4,0.99998939037323
full,mnli,n/a,15,down_proj,5,0.9999967813491821
full,mnli,n/a,15,down_proj,6,0.9999893307685852
full,mnli,n/a,15,down_proj,7,0.9999812245368958
full,mnli,n/a,15,down_proj,8,0.999973475933075
full,mnli,n/a,15,down_proj,9,0.9999873638153076
full,mnli,n/a,15,down_proj,10,0.9999779462814331
full,mnli,n/a,15,down_proj,11,0.9999566078186035
full,mnli,n/a,15,down_proj,12,0.9998644590377808
full,mnli,n/a,15,down_proj,13,0.9991930723190308
full,mnli,n/a,15,down_proj,14,0.9990970492362976
full,mnli,n/a,15,down_proj,15,0.9999641180038452
full,mnli,n/a,15,down_proj,16,0.9999047517776489
full,mnli,n/a,15,down_proj,17,0.999870777130127
full,mnli,n/a,15,down_proj,18,0.9998670816421509
full,mnli,n/a,15,down_proj,19,0.999830424785614
full,mnli,n/a,15,down_proj,20,0.9999279379844666
full,mnli,n/a,15,down_proj,21,0.9998940229415894
full,mnli,n/a,15,down_proj,22,0.999846339225769
full,mnli,n/a,15,down_proj,23,0.9997354745864868
full,mnli,n/a,15,down_proj,24,0.9998223781585693
full,mnli,n/a,15,down_proj,25,0.9998722076416016
full,mnli,n/a,15,down_proj,26,0.9989486336708069
full,mnli,n/a,15,down_proj,27,0.998997688293457
full,mnli,n/a,15,down_proj,28,0.9995914697647095
full,mnli,n/a,15,down_proj,29,0.9995570182800293
full,mnli,n/a,15,down_proj,30,0.9999247789382935
full,mnli,n/a,15,down_proj,31,0.9998771548271179
full,mnli,n/a,15,down_proj,32,0.9996033906936646
full,mnli,n/a,15,down_proj,33,0.9996392130851746
full,mnli,n/a,15,down_proj,34,0.999597430229187
full,mnli,n/a,15,down_proj,35,0.9996537566184998
full,mnli,n/a,15,down_proj,36,0.9986284375190735
full,mnli,n/a,15,down_proj,37,0.9985798597335815
full,mnli,n/a,15,down_proj,38,0.9998756051063538
full,mnli,n/a,15,down_proj,39,0.9976218938827515
full,mnli,n/a,15,down_proj,40,0.9974985122680664
full,mnli,n/a,15,down_proj,41,0.9997247457504272
full,mnli,n/a,15,down_proj,42,0.9987505674362183
full,mnli,n/a,15,down_proj,43,0.9992572069168091
full,mnli,n/a,15,down_proj,44,0.9994508624076843
full,mnli,n/a,15,down_proj,45,0.9996416568756104
full,mnli,n/a,15,down_proj,46,0.9997867941856384
full,mnli,n/a,15,down_proj,47,0.9998659491539001
full,mnli,n/a,15,down_proj,48,0.9997864365577698
full,mnli,n/a,15,down_proj,49,0.9993703365325928
full,mnli,n/a,15,down_proj,50,0.9995241165161133
full,qqp,n/a,0,q_proj,1,1.000000238418579
full,qqp,n/a,0,q_proj,2,1.0
full,qqp,n/a,0,q_proj,3,1.0000001192092896
full,qqp,n/a,0,q_proj,4,0.9999990463256836
full,qqp,n/a,0,q_proj,5,0.9999991655349731
full,qqp,n/a,0,q_proj,6,0.9999994039535522
full,qqp,n/a,0,q_proj,7,0.9999994039535522
full,qqp,n/a,0,q_proj,8,0.9999988675117493
full,qqp,n/a,0,q_proj,9,0.9999987483024597
full,qqp,n/a,0,q_proj,10,0.9999990463256836
full,qqp,n/a,0,q_proj,11,0.999998927116394
full,qqp,n/a,0,q_proj,12,0.9999988675117493
full,qqp,n/a,0,q_proj,13,0.999998152256012
full,qqp,n/a,0,q_proj,14,0.9999980330467224
full,qqp,n/a,0,q_proj,15,0.9999787211418152
full,qqp,n/a,0,q_proj,16,0.9999786019325256
full,qqp,n/a,0,q_proj,17,0.9999955892562866
full,qqp,n/a,0,q_proj,18,0.9999926090240479
full,qqp,n/a,0,q_proj,19,0.9999939799308777
full,qqp,n/a,0,q_proj,20,0.9999973177909851
full,qqp,n/a,0,q_proj,21,0.9999741911888123
full,qqp,n/a,0,q_proj,22,0.9999719858169556
full,qqp,n/a,0,q_proj,23,0.9999943375587463
full,qqp,n/a,0,q_proj,24,0.9999930262565613
full,qqp,n/a,0,q_proj,25,0.9999954700469971
full,qqp,n/a,0,q_proj,26,0.9999956488609314
full,qqp,n/a,0,q_proj,27,0.9998651742935181
full,qqp,n/a,0,q_proj,28,0.9998635649681091
full,qqp,n/a,0,q_proj,29,0.9999885559082031
full,qqp,n/a,0,q_proj,30,0.9999843239784241
full,qqp,n/a,0,q_proj,31,0.9999830722808838
full,qqp,n/a,0,q_proj,32,0.999980092048645
full,qqp,n/a,0,q_proj,33,0.9999861717224121
full,qqp,n/a,0,q_proj,34,0.9999890327453613
full,qqp,n/a,0,q_proj,35,0.9999844431877136
full,qqp,n/a,0,q_proj,36,0.9999884366989136
full,qqp,n/a,0,q_proj,37,0.9999671578407288
full,qqp,n/a,0,q_proj,38,0.9999232292175293
full,qqp,n/a,0,q_proj,39,0.9999288320541382
full,qqp,n/a,0,q_proj,40,0.9999513626098633
full,qqp,n/a,0,q_proj,41,0.9999918937683105
full,qqp,n/a,0,q_proj,42,0.9999890923500061
full,qqp,n/a,0,q_proj,43,0.9999905824661255
full,qqp,n/a,0,q_proj,44,0.9999789595603943
full,qqp,n/a,0,q_proj,45,0.9999750852584839
full,qqp,n/a,0,q_proj,46,0.9999682307243347
full,qqp,n/a,0,q_proj,47,0.9999455213546753
full,qqp,n/a,0,q_proj,48,0.9999390840530396
full,qqp,n/a,0,q_proj,49,0.9999849796295166
full,qqp,n/a,0,q_proj,50,0.9999881386756897
full,qqp,n/a,0,v_proj,1,0.9999498724937439
full,qqp,n/a,0,v_proj,2,0.9994394779205322
full,qqp,n/a,0,v_proj,3,0.9995591044425964
full,qqp,n/a,0,v_proj,4,0.9997658729553223
full,qqp,n/a,0,v_proj,5,0.9997910261154175
full,qqp,n/a,0,v_proj,6,0.9997626543045044
full,qqp,n/a,0,v_proj,7,0.9996979236602783
full,qqp,n/a,0,v_proj,8,0.9995511770248413
full,qqp,n/a,0,v_proj,9,0.9992460012435913
full,qqp,n/a,0,v_proj,10,0.999121904373169
full,qqp,n/a,0,v_proj,11,0.9991738200187683
full,qqp,n/a,0,v_proj,12,0.9976425170898438
full,qqp,n/a,0,v_proj,13,0.9976428747177124
full,qqp,n/a,0,v_proj,14,0.9992618560791016
full,qqp,n/a,0,v_proj,15,0.9974969029426575
full,qqp,n/a,0,v_proj,16,0.9977573156356812
full,qqp,n/a,0,v_proj,17,0.9939401149749756
full,qqp,n/a,0,v_proj,18,0.9916238188743591
full,qqp,n/a,0,v_proj,19,0.9966962337493896
full,qqp,n/a,0,v_proj,20,0.9961661100387573
full,qqp,n/a,0,v_proj,21,0.987996518611908
full,qqp,n/a,0,v_proj,22,0.9856709241867065
full,qqp,n/a,0,v_proj,23,0.9913573265075684
full,qqp,n/a,0,v_proj,24,0.9965085983276367
full,qqp,n/a,0,v_proj,25,0.9972893595695496
full,qqp,n/a,0,v_proj,26,0.9960436224937439
full,qqp,n/a,0,v_proj,27,0.989081859588623
full,qqp,n/a,0,v_proj,28,0.9913620948791504
full,qqp,n/a,0,v_proj,29,0.9941973686218262
full,qqp,n/a,0,v_proj,30,0.9900215268135071
full,qqp,n/a,0,v_proj,31,0.982683002948761
full,qqp,n/a,0,v_proj,32,0.9911700487136841
full,qqp,n/a,0,v_proj,33,0.9831329584121704
full,qqp,n/a,0,v_proj,34,0.9944896697998047
full,qqp,n/a,0,v_proj,35,0.9875783920288086
full,qqp,n/a,0,v_proj,36,0.984478771686554
full,qqp,n/a,0,v_proj,37,0.9896273016929626
full,qqp,n/a,0,v_proj,38,0.9697033166885376
full,qqp,n/a,0,v_proj,39,0.9693671464920044
full,qqp,n/a,0,v_proj,40,0.980872631072998
full,qqp,n/a,0,v_proj,41,0.9779443144798279
full,qqp,n/a,0,v_proj,42,0.973169207572937
full,qqp,n/a,0,v_proj,43,0.9655269980430603
full,qqp,n/a,0,v_proj,44,0.9517642855644226
full,qqp,n/a,0,v_proj,45,0.9841396808624268
full,qqp,n/a,0,v_proj,46,0.9377071261405945
full,qqp,n/a,0,v_proj,47,0.9457354545593262
full,qqp,n/a,0,v_proj,48,0.9922729730606079
full,qqp,n/a,0,v_proj,49,0.9928489923477173
full,qqp,n/a,0,v_proj,50,0.9700431823730469
full,qqp,n/a,0,up_proj,1,0.9999700784683228
full,qqp,n/a,0,up_proj,2,0.9999731779098511
full,qqp,n/a,0,up_proj,3,0.9999787211418152
full,qqp,n/a,0,up_proj,4,0.999961793422699
full,qqp,n/a,0,up_proj,5,0.9999082684516907
full,qqp,n/a,0,up_proj,6,0.9999144673347473
full,qqp,n/a,0,up_proj,7,0.9998850226402283
full,qqp,n/a,0,up_proj,8,0.9998244643211365
full,qqp,n/a,0,up_proj,9,0.9997594356536865
full,qqp,n/a,0,up_proj,10,0.9997968077659607
full,qqp,n/a,0,up_proj,11,0.9986125230789185
full,qqp,n/a,0,up_proj,12,0.9985880851745605
full,qqp,n/a,0,up_proj,13,0.9995965957641602
full,qqp,n/a,0,up_proj,14,0.9988025426864624
full,qqp,n/a,0,up_proj,15,0.9985651969909668
full,qqp,n/a,0,up_proj,16,0.999857485294342
full,qqp,n/a,0,up_proj,17,0.9998810291290283
full,qqp,n/a,0,up_proj,18,0.9998024106025696
full,qqp,n/a,0,up_proj,19,0.9997755885124207
full,qqp,n/a,0,up_proj,20,0.9997230172157288
full,qqp,n/a,0,up_proj,21,0.9997586011886597
full,qqp,n/a,0,up_proj,22,0.9998778700828552
full,qqp,n/a,0,up_proj,23,0.9998528361320496
full,qqp,n/a,0,up_proj,24,0.999926745891571
full,qqp,n/a,0,up_proj,25,0.9999239444732666
full,qqp,n/a,0,up_proj,26,0.9997959733009338
full,qqp,n/a,0,up_proj,27,0.9996451735496521
full,qqp,n/a,0,up_proj,28,0.9994080066680908
full,qqp,n/a,0,up_proj,29,0.9996688365936279
full,qqp,n/a,0,up_proj,30,0.9998226761817932
full,qqp,n/a,0,up_proj,31,0.999840259552002
full,qqp,n/a,0,up_proj,32,0.9995265007019043
full,qqp,n/a,0,up_proj,33,0.9995352625846863
full,qqp,n/a,0,up_proj,34,0.9998776912689209
full,qqp,n/a,0,up_proj,35,0.9998869895935059
full,qqp,n/a,0,up_proj,36,0.9997463226318359
full,qqp,n/a,0,up_proj,37,0.998027503490448
full,qqp,n/a,0,up_proj,38,0.9981540441513062
full,qqp,n/a,0,up_proj,39,0.9997620582580566
full,qqp,n/a,0,up_proj,40,0.9997179508209229
full,qqp,n/a,0,up_proj,41,0.999769926071167
full,qqp,n/a,0,up_proj,42,0.9996160864830017
full,qqp,n/a,0,up_proj,43,0.9995577335357666
full,qqp,n/a,0,up_proj,44,0.9998722076416016
full,qqp,n/a,0,up_proj,45,0.9997426867485046
full,qqp,n/a,0,up_proj,46,0.9997801184654236
full,qqp,n/a,0,up_proj,47,0.999718964099884
full,qqp,n/a,0,up_proj,48,0.9996358156204224
full,qqp,n/a,0,up_proj,49,0.9995591640472412
full,qqp,n/a,0,up_proj,50,0.9996676445007324
full,qqp,n/a,0,down_proj,1,0.9999953508377075
full,qqp,n/a,0,down_proj,2,0.9999944567680359
full,qqp,n/a,0,down_proj,3,0.9999935626983643
full,qqp,n/a,0,down_proj,4,0.9999914169311523
full,qqp,n/a,0,down_proj,5,0.9999887347221375
full,qqp,n/a,0,down_proj,6,0.9999823570251465
full,qqp,n/a,0,down_proj,7,0.9999780058860779
full,qqp,n/a,0,down_proj,8,0.9999793767929077
full,qqp,n/a,0,down_proj,9,0.9999604225158691
full,qqp,n/a,0,down_proj,10,0.9998276233673096
full,qqp,n/a,0,down_proj,11,0.9998341798782349
full,qqp,n/a,0,down_proj,12,0.9999496936798096
full,qqp,n/a,0,down_proj,13,0.9999530911445618
full,qqp,n/a,0,down_proj,14,0.9999068975448608
full,qqp,n/a,0,down_proj,15,0.9999512434005737
full,qqp,n/a,0,down_proj,16,0.9999258518218994
full,qqp,n/a,0,down_proj,17,0.9994075894355774
full,qqp,n/a,0,down_proj,18,0.9993982315063477
full,qqp,n/a,0,down_proj,19,0.9994902610778809
full,qqp,n/a,0,down_proj,20,0.9901085495948792
full,qqp,n/a,0,down_proj,21,0.9904836416244507
full,qqp,n/a,0,down_proj,22,0.9999375939369202
full,qqp,n/a,0,down_proj,23,0.9997950196266174
full,qqp,n/a,0,down_proj,24,0.9999068379402161
full,qqp,n/a,0,down_proj,25,0.9997501373291016
full,qqp,n/a,0,down_proj,26,0.9996200203895569
full,qqp,n/a,0,down_proj,27,0.9998254776000977
full,qqp,n/a,0,down_proj,28,0.999749481678009
full,qqp,n/a,0,down_proj,29,0.9997191429138184
full,qqp,n/a,0,down_proj,30,0.999575138092041
full,qqp,n/a,0,down_proj,31,0.9996520280838013
full,qqp,n/a,0,down_proj,32,0.9996472597122192
full,qqp,n/a,0,down_proj,33,0.9998125433921814
full,qqp,n/a,0,down_proj,34,0.9993414878845215
full,qqp,n/a,0,down_proj,35,0.9994751214981079
full,qqp,n/a,0,down_proj,36,0.9995256662368774
full,qqp,n/a,0,down_proj,37,0.9996447563171387
full,qqp,n/a,0,down_proj,38,0.9998056888580322
full,qqp,n/a,0,down_proj,39,0.9997407793998718
full,qqp,n/a,0,down_proj,40,0.9981061220169067
full,qqp,n/a,0,down_proj,41,0.9982460737228394
full,qqp,n/a,0,down_proj,42,0.9916154742240906
full,qqp,n/a,0,down_proj,43,0.9916505813598633
full,qqp,n/a,0,down_proj,44,0.9952871799468994
full,qqp,n/a,0,down_proj,45,0.9954328536987305
full,qqp,n/a,0,down_proj,46,0.999657392501831
full,qqp,n/a,0,down_proj,47,0.9994873404502869
full,qqp,n/a,0,down_proj,48,0.9994679093360901
full,qqp,n/a,0,down_proj,49,0.9994611740112305
full,qqp,n/a,0,down_proj,50,0.9716657400131226
full,qqp,n/a,8,q_proj,1,0.9999963641166687
full,qqp,n/a,8,q_proj,2,0.9999955892562866
full,qqp,n/a,8,q_proj,3,0.9999931454658508
full,qqp,n/a,8,q_proj,4,0.9999942779541016
full,qqp,n/a,8,q_proj,5,0.9999940395355225
full,qqp,n/a,8,q_proj,6,0.9999936819076538
full,qqp,n/a,8,q_proj,7,0.9999917149543762
full,qqp,n/a,8,q_proj,8,0.9999346137046814
full,qqp,n/a,8,q_proj,9,0.9999384880065918
full,qqp,n/a,8,q_proj,10,0.9999950528144836
full,qqp,n/a,8,q_proj,11,0.9999957084655762
full,qqp,n/a,8,q_proj,12,0.9999947547912598
full,qqp,n/a,8,q_proj,13,0.9999678134918213
full,qqp,n/a,8,q_proj,14,0.9999843239784241
full,qqp,n/a,8,q_proj,15,0.9999690055847168
full,qqp,n/a,8,q_proj,16,0.9999582171440125
full,qqp,n/a,8,q_proj,17,0.9999672174453735
full,qqp,n/a,8,q_proj,18,0.9999924302101135
full,qqp,n/a,8,q_proj,19,0.9999892115592957
full,qqp,n/a,8,q_proj,20,0.9999852180480957
full,qqp,n/a,8,q_proj,21,0.9999805092811584
full,qqp,n/a,8,q_proj,22,0.9999867081642151
full,qqp,n/a,8,q_proj,23,0.9999831914901733
full,qqp,n/a,8,q_proj,24,0.9999880194664001
full,qqp,n/a,8,q_proj,25,0.9999848008155823
full,qqp,n/a,8,q_proj,26,0.999995231628418
full,qqp,n/a,8,q_proj,27,0.9999874830245972
full,qqp,n/a,8,q_proj,28,0.9999892115592957
full,qqp,n/a,8,q_proj,29,0.9999156594276428
full,qqp,n/a,8,q_proj,30,0.9999171495437622
full,qqp,n/a,8,q_proj,31,0.9999854564666748
full,qqp,n/a,8,q_proj,32,0.9998883605003357
full,qqp,n/a,8,q_proj,33,0.9998881220817566
full,qqp,n/a,8,q_proj,34,0.9999454021453857
full,qqp,n/a,8,q_proj,35,0.9999446868896484
full,qqp,n/a,8,q_proj,36,0.999967098236084
full,qqp,n/a,8,q_proj,37,0.9998824596405029
full,qqp,n/a,8,q_proj,38,0.9997274875640869
full,qqp,n/a,8,q_proj,39,0.9997487664222717
full,qqp,n/a,8,q_proj,40,0.9999578595161438
full,qqp,n/a,8,q_proj,41,0.9999677538871765
full,qqp,n/a,8,q_proj,42,0.9999463558197021
full,qqp,n/a,8,q_proj,43,0.99992835521698
full,qqp,n/a,8,q_proj,44,0.9999321699142456
full,qqp,n/a,8,q_proj,45,0.9999772310256958
full,qqp,n/a,8,q_proj,46,0.9999734163284302
full,qqp,n/a,8,q_proj,47,0.999906599521637
full,qqp,n/a,8,q_proj,48,0.999897837638855
full,qqp,n/a,8,q_proj,49,0.9999775886535645
full,qqp,n/a,8,q_proj,50,0.9999621510505676
full,qqp,n/a,8,v_proj,1,0.9995006918907166
full,qqp,n/a,8,v_proj,2,0.9996318221092224
full,qqp,n/a,8,v_proj,3,0.9994899034500122
full,qqp,n/a,8,v_proj,4,0.9991220831871033
full,qqp,n/a,8,v_proj,5,0.9983745813369751
full,qqp,n/a,8,v_proj,6,0.9971208572387695
full,qqp,n/a,8,v_proj,7,0.997983992099762
full,qqp,n/a,8,v_proj,8,0.9985584020614624
full,qqp,n/a,8,v_proj,9,0.9982892274856567
full,qqp,n/a,8,v_proj,10,0.9855595231056213
full,qqp,n/a,8,v_proj,11,0.9803280234336853
full,qqp,n/a,8,v_proj,12,0.9911419749259949
full,qqp,n/a,8,v_proj,13,0.9954841136932373
full,qqp,n/a,8,v_proj,14,0.9986405968666077
full,qqp,n/a,8,v_proj,15,0.9981830716133118
full,qqp,n/a,8,v_proj,16,0.9988945722579956
full,qqp,n/a,8,v_proj,17,0.998431921005249
full,qqp,n/a,8,v_proj,18,0.9953828454017639
full,qqp,n/a,8,v_proj,19,0.9965391159057617
full,qqp,n/a,8,v_proj,20,0.9979344606399536
full,qqp,n/a,8,v_proj,21,0.9903078079223633
full,qqp,n/a,8,v_proj,22,0.9949057102203369
full,qqp,n/a,8,v_proj,23,0.9936109781265259
full,qqp,n/a,8,v_proj,24,0.9977198243141174
full,qqp,n/a,8,v_proj,25,0.998542308807373
full,qqp,n/a,8,v_proj,26,0.996673583984375
full,qqp,n/a,8,v_proj,27,0.9903477430343628
full,qqp,n/a,8,v_proj,28,0.9886847734451294
full,qqp,n/a,8,v_proj,29,0.9690203666687012
full,qqp,n/a,8,v_proj,30,0.971697986125946
full,qqp,n/a,8,v_proj,31,0.9864068031311035
full,qqp,n/a,8,v_proj,32,0.9866105318069458
full,qqp,n/a,8,v_proj,33,0.9979845285415649
full,qqp,n/a,8,v_proj,34,0.9975029826164246
full,qqp,n/a,8,v_proj,35,0.9784265160560608
full,qqp,n/a,8,v_proj,36,0.9762980341911316
full,qqp,n/a,8,v_proj,37,0.9887571930885315
full,qqp,n/a,8,v_proj,38,0.9896708130836487
full,qqp,n/a,8,v_proj,39,0.9825288653373718
full,qqp,n/a,8,v_proj,40,0.9984813928604126
full,qqp,n/a,8,v_proj,41,0.9981439709663391
full,qqp,n/a,8,v_proj,42,0.9976186752319336
full,qqp,n/a,8,v_proj,43,0.9936429262161255
full,qqp,n/a,8,v_proj,44,0.9974468946456909
full,qqp,n/a,8,v_proj,45,0.9942309260368347
full,qqp,n/a,8,v_proj,46,0.9744441509246826
full,qqp,n/a,8,v_proj,47,0.9778043031692505
full,qqp,n/a,8,v_proj,48,0.9878504276275635
full,qqp,n/a,8,v_proj,49,0.7200087308883667
full,qqp,n/a,8,v_proj,50,0.7197469472885132
full,qqp,n/a,8,up_proj,1,0.9999926686286926
full,qqp,n/a,8,up_proj,2,0.9999767541885376
full,qqp,n/a,8,up_proj,3,0.9999709725379944
full,qqp,n/a,8,up_proj,4,0.9999806880950928
full,qqp,n/a,8,up_proj,5,0.9999664425849915
full,qqp,n/a,8,up_proj,6,0.999967098236084
full,qqp,n/a,8,up_proj,7,0.9999701380729675
full,qqp,n/a,8,up_proj,8,0.9999459981918335
full,qqp,n/a,8,up_proj,9,0.9999514818191528
full,qqp,n/a,8,up_proj,10,0.9999411702156067
full,qqp,n/a,8,up_proj,11,0.9999487400054932
full,qqp,n/a,8,up_proj,12,0.9999291896820068
full,qqp,n/a,8,up_proj,13,0.9651235938072205
full,qqp,n/a,8,up_proj,14,0.9651306867599487
full,qqp,n/a,8,up_proj,15,0.9999651908874512
full,qqp,n/a,8,up_proj,16,0.9999431371688843
full,qqp,n/a,8,up_proj,17,0.9999544024467468
full,qqp,n/a,8,up_proj,18,0.9998960494995117
full,qqp,n/a,8,up_proj,19,0.99985271692276
full,qqp,n/a,8,up_proj,20,0.9998117089271545
full,qqp,n/a,8,up_proj,21,0.9998390674591064
full,qqp,n/a,8,up_proj,22,0.9999077916145325
full,qqp,n/a,8,up_proj,23,0.9859610199928284
full,qqp,n/a,8,up_proj,24,0.9859182238578796
full,qqp,n/a,8,up_proj,25,0.9995158314704895
full,qqp,n/a,8,up_proj,26,0.9994164705276489
full,qqp,n/a,8,up_proj,27,0.9995763897895813
full,qqp,n/a,8,up_proj,28,0.9997949600219727
full,qqp,n/a,8,up_proj,29,0.9990217685699463
full,qqp,n/a,8,up_proj,30,0.9988890290260315
full,qqp,n/a,8,up_proj,31,0.9992347359657288
full,qqp,n/a,8,up_proj,32,0.9993208050727844
full,qqp,n/a,8,up_proj,33,0.9989912509918213
full,qqp,n/a,8,up_proj,34,0.9990236759185791
full,qqp,n/a,8,up_proj,35,0.9996192455291748
full,qqp,n/a,8,up_proj,36,0.9996497631072998
full,qqp,n/a,8,up_proj,37,0.9997305274009705
full,qqp,n/a,8,up_proj,38,0.9997676014900208
full,qqp,n/a,8,up_proj,39,0.9998655915260315
full,qqp,n/a,8,up_proj,40,0.9997291564941406
full,qqp,n/a,8,up_proj,41,0.9994736313819885
full,qqp,n/a,8,up_proj,42,0.9994770288467407
full,qqp,n/a,8,up_proj,43,0.9996022582054138
full,qqp,n/a,8,up_proj,44,0.9997998476028442
full,qqp,n/a,8,up_proj,45,0.9993550777435303
full,qqp,n/a,8,up_proj,46,0.9994438886642456
full,qqp,n/a,8,up_proj,47,0.9992352724075317
full,qqp,n/a,8,up_proj,48,0.9996695518493652
full,qqp,n/a,8,up_proj,49,0.9983350038528442
full,qqp,n/a,8,up_proj,50,0.9977173805236816
full,qqp,n/a,8,down_proj,1,0.9999991655349731
full,qqp,n/a,8,down_proj,2,0.9999969005584717
full,qqp,n/a,8,down_proj,3,0.9999976754188538
full,qqp,n/a,8,down_proj,4,0.9999954700469971
full,qqp,n/a,8,down_proj,5,0.9999755620956421
full,qqp,n/a,8,down_proj,6,0.9999761581420898
full,qqp,n/a,8,down_proj,7,0.9999937415122986
full,qqp,n/a,8,down_proj,8,0.9999917149543762
full,qqp,n/a,8,down_proj,9,0.999992311000824
full,qqp,n/a,8,down_proj,10,0.9999758005142212
full,qqp,n/a,8,down_proj,11,0.9999769926071167
full,qqp,n/a,8,down_proj,12,0.9999830722808838
full,qqp,n/a,8,down_proj,13,0.9999756217002869
full,qqp,n/a,8,down_proj,14,0.9999909400939941
full,qqp,n/a,8,down_proj,15,0.9999889731407166
full,qqp,n/a,8,down_proj,16,0.9999865889549255
full,qqp,n/a,8,down_proj,17,0.99997478723526
full,qqp,n/a,8,down_proj,18,0.9999784231185913
full,qqp,n/a,8,down_proj,19,0.9992853999137878
full,qqp,n/a,8,down_proj,20,0.9992226958274841
full,qqp,n/a,8,down_proj,21,0.9999029040336609
full,qqp,n/a,8,down_proj,22,0.9997528195381165
full,qqp,n/a,8,down_proj,23,0.9997622966766357
full,qqp,n/a,8,down_proj,24,0.9999470710754395
full,qqp,n/a,8,down_proj,25,0.9999234676361084
full,qqp,n/a,8,down_proj,26,0.9994428157806396
full,qqp,n/a,8,down_proj,27,0.9994542598724365
full,qqp,n/a,8,down_proj,28,0.9999585151672363
full,qqp,n/a,8,down_proj,29,0.9999475479125977
full,qqp,n/a,8,down_proj,30,0.9999127388000488
full,qqp,n/a,8,down_proj,31,0.9998754858970642
full,qqp,n/a,8,down_proj,32,0.9999586343765259
full,qqp,n/a,8,down_proj,33,0.9997997879981995
full,qqp,n/a,8,down_proj,34,0.9998167753219604
full,qqp,n/a,8,down_proj,35,0.9999492168426514
full,qqp,n/a,8,down_proj,36,0.999951183795929
full,qqp,n/a,8,down_proj,37,0.9999561905860901
full,qqp,n/a,8,down_proj,38,0.9999333024024963
full,qqp,n/a,8,down_proj,39,0.9999547004699707
full,qqp,n/a,8,down_proj,40,0.9999399185180664
full,qqp,n/a,8,down_proj,41,0.998012125492096
full,qqp,n/a,8,down_proj,42,0.9979677200317383
full,qqp,n/a,8,down_proj,43,0.9998373985290527
full,qqp,n/a,8,down_proj,44,0.9999375343322754
full,qqp,n/a,8,down_proj,45,0.9998740553855896
full,qqp,n/a,8,down_proj,46,0.9997131824493408
full,qqp,n/a,8,down_proj,47,0.999805212020874
full,qqp,n/a,8,down_proj,48,0.9997868537902832
full,qqp,n/a,8,down_proj,49,0.9998579025268555
full,qqp,n/a,8,down_proj,50,0.9996457099914551
full,qqp,n/a,15,q_proj,1,0.9999985694885254
full,qqp,n/a,15,q_proj,2,0.9999991059303284
full,qqp,n/a,15,q_proj,3,0.9999984502792358
full,qqp,n/a,15,q_proj,4,0.9999774098396301
full,qqp,n/a,15,q_proj,5,0.9999809265136719
full,qqp,n/a,15,q_proj,6,0.9999940991401672
full,qqp,n/a,15,q_proj,7,0.9999971389770508
full,qqp,n/a,15,q_proj,8,0.9999954104423523
full,qqp,n/a,15,q_proj,9,0.999997079372406
full,qqp,n/a,15,q_proj,10,0.9999955892562866
full,qqp,n/a,15,q_proj,11,0.9999939203262329
full,qqp,n/a,15,q_proj,12,0.9999963045120239
full,qqp,n/a,15,q_proj,13,0.9999989867210388
full,qqp,n/a,15,q_proj,14,0.9999983310699463
full,qqp,n/a,15,q_proj,15,0.9999979734420776
full,qqp,n/a,15,q_proj,16,0.9999973177909851
full,qqp,n/a,15,q_proj,17,0.9999978542327881
full,qqp,n/a,15,q_proj,18,0.9999971985816956
full,qqp,n/a,15,q_proj,19,0.9999934434890747
full,qqp,n/a,15,q_proj,20,0.9999933242797852
full,qqp,n/a,15,q_proj,21,0.9999985694885254
full,qqp,n/a,15,q_proj,22,0.9999966621398926
full,qqp,n/a,15,q_proj,23,0.9999967217445374
full,qqp,n/a,15,q_proj,24,0.9999982714653015
full,qqp,n/a,15,q_proj,25,0.999993085861206
full,qqp,n/a,15,q_proj,26,0.9999944567680359
full,qqp,n/a,15,q_proj,27,0.9999976754188538
full,qqp,n/a,15,q_proj,28,0.9999866485595703
full,qqp,n/a,15,q_proj,29,0.9999872446060181
full,qqp,n/a,15,q_proj,30,0.9999972581863403
full,qqp,n/a,15,q_proj,31,0.9999980926513672
full,qqp,n/a,15,q_proj,32,0.9999975562095642
full,qqp,n/a,15,q_proj,33,0.9999806880950928
full,qqp,n/a,15,q_proj,34,0.9999852776527405
full,qqp,n/a,15,q_proj,35,0.9999915361404419
full,qqp,n/a,15,q_proj,36,0.9999886751174927
full,qqp,n/a,15,q_proj,37,0.9999878406524658
full,qqp,n/a,15,q_proj,38,0.9999979138374329
full,qqp,n/a,15,q_proj,39,0.9999972581863403
full,qqp,n/a,15,q_proj,40,0.9999943375587463
full,qqp,n/a,15,q_proj,41,0.9999936819076538
full,qqp,n/a,15,q_proj,42,0.9999929070472717
full,qqp,n/a,15,q_proj,43,0.9999946355819702
full,qqp,n/a,15,q_proj,44,0.9999793171882629
full,qqp,n/a,15,q_proj,45,0.9999783039093018
full,qqp,n/a,15,q_proj,46,0.9999933838844299
full,qqp,n/a,15,q_proj,47,0.9999939799308777
full,qqp,n/a,15,q_proj,48,0.9999931454658508
full,qqp,n/a,15,q_proj,49,0.9999904632568359
full,qqp,n/a,15,q_proj,50,0.9997193217277527
full,qqp,n/a,15,v_proj,1,0.9999940395355225
full,qqp,n/a,15,v_proj,2,0.9999819993972778
full,qqp,n/a,15,v_proj,3,0.9999854564666748
full,qqp,n/a,15,v_proj,4,0.9999896287918091
full,qqp,n/a,15,v_proj,5,0.9999940991401672
full,qqp,n/a,15,v_proj,6,0.9999874830245972
full,qqp,n/a,15,v_proj,7,0.9999860525131226
full,qqp,n/a,15,v_proj,8,0.999991774559021
full,qqp,n/a,15,v_proj,9,0.9999840259552002
full,qqp,n/a,15,v_proj,10,0.9998980760574341
full,qqp,n/a,15,v_proj,11,0.9998580813407898
full,qqp,n/a,15,v_proj,12,0.9999501705169678
full,qqp,n/a,15,v_proj,13,0.9999500513076782
full,qqp,n/a,15,v_proj,14,0.9999659061431885
full,qqp,n/a,15,v_proj,15,0.9999520182609558
full,qqp,n/a,15,v_proj,16,0.9999691247940063
full,qqp,n/a,15,v_proj,17,0.9999468922615051
full,qqp,n/a,15,v_proj,18,0.9999783039093018
full,qqp,n/a,15,v_proj,19,0.999937891960144
full,qqp,n/a,15,v_proj,20,0.9999514818191528
full,qqp,n/a,15,v_proj,21,0.9999551773071289
full,qqp,n/a,15,v_proj,22,0.9999724626541138
full,qqp,n/a,15,v_proj,23,0.9999622702598572
full,qqp,n/a,15,v_proj,24,0.9999776482582092
full,qqp,n/a,15,v_proj,25,0.9999480247497559
full,qqp,n/a,15,v_proj,26,0.9999165534973145
full,qqp,n/a,15,v_proj,27,0.9999468326568604
full,qqp,n/a,15,v_proj,28,0.9998922348022461
full,qqp,n/a,15,v_proj,29,0.9999332427978516
full,qqp,n/a,15,v_proj,30,0.9999773502349854
full,qqp,n/a,15,v_proj,31,0.9999469518661499
full,qqp,n/a,15,v_proj,32,0.9999450445175171
full,qqp,n/a,15,v_proj,33,0.9999475479125977
full,qqp,n/a,15,v_proj,34,0.9999557733535767
full,qqp,n/a,15,v_proj,35,0.9999752044677734
full,qqp,n/a,15,v_proj,36,0.9988940954208374
full,qqp,n/a,15,v_proj,37,0.9989138245582581
full,qqp,n/a,15,v_proj,38,0.9999663829803467
full,qqp,n/a,15,v_proj,39,0.9997805953025818
full,qqp,n/a,15,v_proj,40,0.9997769594192505
full,qqp,n/a,15,v_proj,41,0.9999735355377197
full,qqp,n/a,15,v_proj,42,0.9999635219573975
full,qqp,n/a,15,v_proj,43,0.999340295791626
full,qqp,n/a,15,v_proj,44,0.9993607997894287
full,qqp,n/a,15,v_proj,45,0.9999309778213501
full,qqp,n/a,15,v_proj,46,0.9999488592147827
full,qqp,n/a,15,v_proj,47,0.9999182224273682
full,qqp,n/a,15,v_proj,48,0.9999592304229736
full,qqp,n/a,15,v_proj,49,0.9999661445617676
full,qqp,n/a,15,v_proj,50,0.9999761581420898
full,qqp,n/a,15,up_proj,1,0.9999992251396179
full,qqp,n/a,15,up_proj,2,0.9999996423721313
full,qqp,n/a,15,up_proj,3,0.9999997615814209
full,qqp,n/a,15,up_proj,4,0.9999973177909851
full,qqp,n/a,15,up_proj,5,0.9999974966049194
full,qqp,n/a,15,up_proj,6,0.9999971985816956
full,qqp,n/a,15,up_proj,7,0.9999959468841553
full,qqp,n/a,15,up_proj,8,0.9999957084655762
full,qqp,n/a,15,up_proj,9,0.9999958276748657
full,qqp,n/a,15,up_proj,10,0.9999974966049194
full,qqp,n/a,15,up_proj,11,0.9999971389770508
full,qqp,n/a,15,up_proj,12,0.9999969601631165
full,qqp,n/a,15,up_proj,13,0.9999879598617554
full,qqp,n/a,15,up_proj,14,0.9999886155128479
full,qqp,n/a,15,up_proj,15,0.9999964833259583
full,qqp,n/a,15,up_proj,16,0.9999937415122986
full,qqp,n/a,15,up_proj,17,0.9999943971633911
full,qqp,n/a,15,up_proj,18,0.9999939799308777
full,qqp,n/a,15,up_proj,19,0.999988853931427
full,qqp,n/a,15,up_proj,20,0.9999901056289673
full,qqp,n/a,15,up_proj,21,0.999994695186615
full,qqp,n/a,15,up_proj,22,0.9999951124191284
full,qqp,n/a,15,up_proj,23,0.9999954104423523
full,qqp,n/a,15,up_proj,24,0.9999956488609314
full,qqp,n/a,15,up_proj,25,0.9999919533729553
full,qqp,n/a,15,up_proj,26,0.999988317489624
full,qqp,n/a,15,up_proj,27,0.9999921321868896
full,qqp,n/a,15,up_proj,28,0.9999911189079285
full,qqp,n/a,15,up_proj,29,0.9999926090240479
full,qqp,n/a,15,up_proj,30,0.9999906420707703
full,qqp,n/a,15,up_proj,31,0.999981164932251
full,qqp,n/a,15,up_proj,32,0.9999790191650391
full,qqp,n/a,15,up_proj,33,0.9999817609786987
full,qqp,n/a,15,up_proj,34,0.9999862313270569
full,qqp,n/a,15,up_proj,35,0.9999814629554749
full,qqp,n/a,15,up_proj,36,0.9999739527702332
full,qqp,n/a,15,up_proj,37,0.9999817609786987
full,qqp,n/a,15,up_proj,38,0.9999667406082153
full,qqp,n/a,15,up_proj,39,0.9999885559082031
full,qqp,n/a,15,up_proj,40,0.9999817609786987
full,qqp,n/a,15,up_proj,41,0.9999582171440125
full,qqp,n/a,15,up_proj,42,0.9998629689216614
full,qqp,n/a,15,up_proj,43,0.9998827576637268
full,qqp,n/a,15,up_proj,44,0.9999523162841797
full,qqp,n/a,15,up_proj,45,0.9999522566795349
full,qqp,n/a,15,up_proj,46,0.9999676942825317
full,qqp,n/a,15,up_proj,47,0.9998999238014221
full,qqp,n/a,15,up_proj,48,0.999889075756073
full,qqp,n/a,15,up_proj,49,0.999949038028717
full,qqp,n/a,15,up_proj,50,0.9999793171882629
full,qqp,n/a,15,down_proj,1,0.9999983906745911
full,qqp,n/a,15,down_proj,2,0.9999939203262329
full,qqp,n/a,15,down_proj,3,0.9999948740005493
full,qqp,n/a,15,down_proj,4,0.9999785423278809
full,qqp,n/a,15,down_proj,5,0.9999943375587463
full,qqp,n/a,15,down_proj,6,0.9999823570251465
full,qqp,n/a,15,down_proj,7,0.9999725222587585
full,qqp,n/a,15,down_proj,8,0.9999723434448242
full,qqp,n/a,15,down_proj,9,0.9999494552612305
full,qqp,n/a,15,down_proj,10,0.9999536871910095
full,qqp,n/a,15,down_proj,11,0.99992835521698
full,qqp,n/a,15,down_proj,12,0.9998238682746887
full,qqp,n/a,15,down_proj,13,0.9990863800048828
full,qqp,n/a,15,down_proj,14,0.9989821314811707
full,qqp,n/a,15,down_proj,15,0.9999430775642395
full,qqp,n/a,15,down_proj,16,0.9998539686203003
full,qqp,n/a,15,down_proj,17,0.9998211860656738
full,qqp,n/a,15,down_proj,18,0.9995969533920288
full,qqp,n/a,15,down_proj,19,0.9995136260986328
full,qqp,n/a,15,down_proj,20,0.9999361634254456
full,qqp,n/a,15,down_proj,21,0.999890923500061
full,qqp,n/a,15,down_proj,22,0.9997853636741638
full,qqp,n/a,15,down_proj,23,0.9997327327728271
full,qqp,n/a,15,down_proj,24,0.9997930526733398
full,qqp,n/a,15,down_proj,25,0.9997303485870361
full,qqp,n/a,15,down_proj,26,0.9959739446640015
full,qqp,n/a,15,down_proj,27,0.9958471059799194
full,qqp,n/a,15,down_proj,28,0.9998123049736023
full,qqp,n/a,15,down_proj,29,0.999751091003418
full,qqp,n/a,15,down_proj,30,0.9998611211776733
full,qqp,n/a,15,down_proj,31,0.999707043170929
full,qqp,n/a,15,down_proj,32,0.9998272061347961
full,qqp,n/a,15,down_proj,33,0.9996873140335083
full,qqp,n/a,15,down_proj,34,0.9996508359909058
full,qqp,n/a,15,down_proj,35,0.9995478391647339
full,qqp,n/a,15,down_proj,36,0.9997420310974121
full,qqp,n/a,15,down_proj,37,0.9994853734970093
full,qqp,n/a,15,down_proj,38,0.9997793436050415
full,qqp,n/a,15,down_proj,39,0.9991306662559509
full,qqp,n/a,15,down_proj,40,0.9993305206298828
full,qqp,n/a,15,down_proj,41,0.9993040561676025
full,qqp,n/a,15,down_proj,42,0.9985917210578918
full,qqp,n/a,15,down_proj,43,0.9995306134223938
full,qqp,n/a,15,down_proj,44,0.999011218547821
full,qqp,n/a,15,down_proj,45,0.9995031952857971
full,qqp,n/a,15,down_proj,46,0.9996432065963745
full,qqp,n/a,15,down_proj,47,0.9995840787887573
full,qqp,n/a,15,down_proj,48,0.9996748566627502
full,qqp,n/a,15,down_proj,49,0.9979975819587708
full,qqp,n/a,15,down_proj,50,0.9981732368469238
full,siqa,n/a,0,q_proj,1,1.0000003576278687
full,siqa,n/a,0,q_proj,2,0.9999991655349731
full,siqa,n/a,0,q_proj,3,0.9999993443489075
full,siqa,n/a,0,q_proj,4,0.9999978542327881
full,siqa,n/a,0,q_proj,5,0.9999982118606567
full,siqa,n/a,0,q_proj,6,0.9999977946281433
full,siqa,n/a,0,q_proj,7,0.9999977350234985
full,siqa,n/a,0,q_proj,8,0.9999973177909851
full,siqa,n/a,0,q_proj,9,0.9999966025352478
full,siqa,n/a,0,q_proj,10,0.9999980330467224
full,siqa,n/a,0,q_proj,11,0.9999969005584717
full,siqa,n/a,0,q_proj,12,0.9999961256980896
full,siqa,n/a,0,q_proj,13,0.9999966025352478
full,siqa,n/a,0,q_proj,14,0.9999955296516418
full,siqa,n/a,0,q_proj,15,0.9998874068260193
full,siqa,n/a,0,q_proj,16,0.9998859763145447
full,siqa,n/a,0,q_proj,17,0.9999897480010986
full,siqa,n/a,0,q_proj,18,0.9999908208847046
full,siqa,n/a,0,q_proj,19,0.999993085861206
full,siqa,n/a,0,q_proj,20,0.9999940991401672
full,siqa,n/a,0,q_proj,21,0.9999822974205017
full,siqa,n/a,0,q_proj,22,0.999977171421051
full,siqa,n/a,0,q_proj,23,0.9999728202819824
full,siqa,n/a,0,q_proj,24,0.9999708533287048
full,siqa,n/a,0,q_proj,25,0.9999774098396301
full,siqa,n/a,0,q_proj,26,0.999976634979248
full,siqa,n/a,0,q_proj,27,0.999951958656311
full,siqa,n/a,0,q_proj,28,0.9999622106552124
full,siqa,n/a,0,q_proj,29,0.9999752640724182
full,siqa,n/a,0,q_proj,30,0.9999823570251465
full,siqa,n/a,0,q_proj,31,0.9999516010284424
full,siqa,n/a,0,q_proj,32,0.9999651312828064
full,siqa,n/a,0,q_proj,33,0.9999729990959167
full,siqa,n/a,0,q_proj,34,0.9999733567237854
full,siqa,n/a,0,q_proj,35,0.9999679923057556
full,siqa,n/a,0,q_proj,36,0.9999592900276184
full,siqa,n/a,0,q_proj,37,0.9999445080757141
full,siqa,n/a,0,q_proj,38,0.9999649524688721
full,siqa,n/a,0,q_proj,39,0.9999185800552368
full,siqa,n/a,0,q_proj,40,0.999972939491272
full,siqa,n/a,0,q_proj,41,0.9999572038650513
full,siqa,n/a,0,q_proj,42,0.9999737739562988
full,siqa,n/a,0,q_proj,43,0.9999735951423645
full,siqa,n/a,0,q_proj,44,0.9999716281890869
full,siqa,n/a,0,q_proj,45,0.9999405741691589
full,siqa,n/a,0,q_proj,46,0.9999467730522156
full,siqa,n/a,0,q_proj,47,0.9999040961265564
full,siqa,n/a,0,q_proj,48,0.9999138116836548
full,siqa,n/a,0,q_proj,49,0.9999222159385681
full,siqa,n/a,0,q_proj,50,0.9999312162399292
full,siqa,n/a,0,v_proj,1,0.9999054670333862
full,siqa,n/a,0,v_proj,2,0.998755931854248
full,siqa,n/a,0,v_proj,3,0.9991300106048584
full,siqa,n/a,0,v_proj,4,0.999168872833252
full,siqa,n/a,0,v_proj,5,0.999604344367981
full,siqa,n/a,0,v_proj,6,0.9992712736129761
full,siqa,n/a,0,v_proj,7,0.9992032051086426
full,siqa,n/a,0,v_proj,8,0.9985488057136536
full,siqa,n/a,0,v_proj,9,0.9989420771598816
full,siqa,n/a,0,v_proj,10,0.9980990290641785
full,siqa,n/a,0,v_proj,11,0.9896857738494873
full,siqa,n/a,0,v_proj,12,0.9840242862701416
full,siqa,n/a,0,v_proj,13,0.9908360242843628
full,siqa,n/a,0,v_proj,14,0.9967479705810547
full,siqa,n/a,0,v_proj,15,0.9978758096694946
full,siqa,n/a,0,v_proj,16,0.9949722290039062
full,siqa,n/a,0,v_proj,17,0.992271900177002
full,siqa,n/a,0,v_proj,18,0.9816008806228638
full,siqa,n/a,0,v_proj,19,0.983974814414978
full,siqa,n/a,0,v_proj,20,0.9973018169403076
full,siqa,n/a,0,v_proj,21,0.9621540307998657
full,siqa,n/a,0,v_proj,22,0.9537719488143921
full,siqa,n/a,0,v_proj,23,0.9834418892860413
full,siqa,n/a,0,v_proj,24,0.9631099104881287
full,siqa,n/a,0,v_proj,25,0.9718946814537048
full,siqa,n/a,0,v_proj,26,0.9930564165115356
full,siqa,n/a,0,v_proj,27,0.9870342016220093
full,siqa,n/a,0,v_proj,28,0.9787490367889404
full,siqa,n/a,0,v_proj,29,0.9685355424880981
full,siqa,n/a,0,v_proj,30,0.952634334564209
full,siqa,n/a,0,v_proj,31,0.9444177150726318
full,siqa,n/a,0,v_proj,32,0.98106849193573
full,siqa,n/a,0,v_proj,33,0.9726661443710327
full,siqa,n/a,0,v_proj,34,0.9887793064117432
full,siqa,n/a,0,v_proj,35,0.9305810928344727
full,siqa,n/a,0,v_proj,36,0.9415945410728455
full,siqa,n/a,0,v_proj,37,0.9616038203239441
full,siqa,n/a,0,v_proj,38,0.9414111971855164
full,siqa,n/a,0,v_proj,39,0.9424470663070679
full,siqa,n/a,0,v_proj,40,0.9017336368560791
full,siqa,n/a,0,v_proj,41,0.980617880821228
full,siqa,n/a,0,v_proj,42,0.9333223700523376
full,siqa,n/a,0,v_proj,43,0.9548122882843018
full,siqa,n/a,0,v_proj,44,0.8756861686706543
full,siqa,n/a,0,v_proj,45,0.8823967576026917
full,siqa,n/a,0,v_proj,46,0.8349565863609314
full,siqa,n/a,0,v_proj,47,0.8241456747055054
full,siqa,n/a,0,v_proj,48,0.987985372543335
full,siqa,n/a,0,v_proj,49,0.9826520681381226
full,siqa,n/a,0,v_proj,50,0.9584931135177612
full,siqa,n/a,0,up_proj,1,0.9999207854270935
full,siqa,n/a,0,up_proj,2,0.9999309778213501
full,siqa,n/a,0,up_proj,3,0.999941349029541
full,siqa,n/a,0,up_proj,4,0.999894380569458
full,siqa,n/a,0,up_proj,5,0.9998804330825806
full,siqa,n/a,0,up_proj,6,0.9991449117660522
full,siqa,n/a,0,up_proj,7,0.9990857839584351
full,siqa,n/a,0,up_proj,8,0.99967360496521
full,siqa,n/a,0,up_proj,9,0.9996334314346313
full,siqa,n/a,0,up_proj,10,0.999722957611084
full,siqa,n/a,0,up_proj,11,0.9994460344314575
full,siqa,n/a,0,up_proj,12,0.9996179342269897
full,siqa,n/a,0,up_proj,13,0.9996641278266907
full,siqa,n/a,0,up_proj,14,0.9992128610610962
full,siqa,n/a,0,up_proj,15,0.9992911219596863
full,siqa,n/a,0,up_proj,16,0.9989677667617798
full,siqa,n/a,0,up_proj,17,0.9952978491783142
full,siqa,n/a,0,up_proj,18,0.9950208067893982
full,siqa,n/a,0,up_proj,19,0.9994293451309204
full,siqa,n/a,0,up_proj,20,0.9994012117385864
full,siqa,n/a,0,up_proj,21,0.9985440373420715
full,siqa,n/a,0,up_proj,22,0.9985208511352539
full,siqa,n/a,0,up_proj,23,0.9996227622032166
full,siqa,n/a,0,up_proj,24,0.9996916651725769
full,siqa,n/a,0,up_proj,25,0.9997507333755493
full,siqa,n/a,0,up_proj,26,0.9996870160102844
full,siqa,n/a,0,up_proj,27,0.9992011189460754
full,siqa,n/a,0,up_proj,28,0.9994903802871704
full,siqa,n/a,0,up_proj,29,0.9993492364883423
full,siqa,n/a,0,up_proj,30,0.9995948672294617
full,siqa,n/a,0,up_proj,31,0.9993371367454529
full,siqa,n/a,0,up_proj,32,0.9959426522254944
full,siqa,n/a,0,up_proj,33,0.996218740940094
full,siqa,n/a,0,up_proj,34,0.9996262788772583
full,siqa,n/a,0,up_proj,35,0.9996998906135559
full,siqa,n/a,0,up_proj,36,0.9997216463088989
full,siqa,n/a,0,up_proj,37,0.9992206692695618
full,siqa,n/a,0,up_proj,38,0.999117910861969
full,siqa,n/a,0,up_proj,39,0.9995746612548828
full,siqa,n/a,0,up_proj,40,0.9996402859687805
full,siqa,n/a,0,up_proj,41,0.999129056930542
full,siqa,n/a,0,up_proj,42,0.9988013505935669
full,siqa,n/a,0,up_proj,43,0.9994920492172241
full,siqa,n/a,0,up_proj,44,0.997577965259552
full,siqa,n/a,0,up_proj,45,0.9984369874000549
full,siqa,n/a,0,up_proj,46,0.9987853765487671
full,siqa,n/a,0,up_proj,47,0.9987159967422485
full,siqa,n/a,0,up_proj,48,0.9964075684547424
full,siqa,n/a,0,up_proj,49,0.9970099925994873
full,siqa,n/a,0,up_proj,50,0.9985092282295227
full,siqa,n/a,0,down_proj,1,0.9999889135360718
full,siqa,n/a,0,down_proj,2,0.9999862909317017
full,siqa,n/a,0,down_proj,3,0.9999822378158569
full,siqa,n/a,0,down_proj,4,0.9999796748161316
full,siqa,n/a,0,down_proj,5,0.9999721050262451
full,siqa,n/a,0,down_proj,6,0.9999412894248962
full,siqa,n/a,0,down_proj,7,0.9999362230300903
full,siqa,n/a,0,down_proj,8,0.9999475479125977
full,siqa,n/a,0,down_proj,9,0.9999301433563232
full,siqa,n/a,0,down_proj,10,0.9998136758804321
full,siqa,n/a,0,down_proj,11,0.9997733235359192
full,siqa,n/a,0,down_proj,12,0.9998950362205505
full,siqa,n/a,0,down_proj,13,0.9999024271965027
full,siqa,n/a,0,down_proj,14,0.9998024702072144
full,siqa,n/a,0,down_proj,15,0.9998273849487305
full,siqa,n/a,0,down_proj,16,0.9998135566711426
full,siqa,n/a,0,down_proj,17,0.9974605441093445
full,siqa,n/a,0,down_proj,18,0.9974641799926758
full,siqa,n/a,0,down_proj,19,0.9997711181640625
full,siqa,n/a,0,down_proj,20,0.9295091032981873
full,siqa,n/a,0,down_proj,21,0.9295186400413513
full,siqa,n/a,0,down_proj,22,0.9995929598808289
full,siqa,n/a,0,down_proj,23,0.9992642998695374
full,siqa,n/a,0,down_proj,24,0.9991611242294312
full,siqa,n/a,0,down_proj,25,0.9991006255149841
full,siqa,n/a,0,down_proj,26,0.9995213747024536
full,siqa,n/a,0,down_proj,27,0.998871386051178
full,siqa,n/a,0,down_proj,28,0.9986826181411743
full,siqa,n/a,0,down_proj,29,0.9994758367538452
full,siqa,n/a,0,down_proj,30,0.9993675351142883
full,siqa,n/a,0,down_proj,31,0.9991466403007507
full,siqa,n/a,0,down_proj,32,0.9993217587471008
full,siqa,n/a,0,down_proj,33,0.9995274543762207
full,siqa,n/a,0,down_proj,34,0.9991568326950073
full,siqa,n/a,0,down_proj,35,0.9988903999328613
full,siqa,n/a,0,down_proj,36,0.9971688985824585
full,siqa,n/a,0,down_proj,37,0.9972503185272217
full,siqa,n/a,0,down_proj,38,0.9996255040168762
full,siqa,n/a,0,down_proj,39,0.9986494779586792
full,siqa,n/a,0,down_proj,40,0.9977249503135681
full,siqa,n/a,0,down_proj,41,0.9986951351165771
full,siqa,n/a,0,down_proj,42,0.9985988736152649
full,siqa,n/a,0,down_proj,43,0.9992051124572754
full,siqa,n/a,0,down_proj,44,0.9984198808670044
full,siqa,n/a,0,down_proj,45,0.9986808896064758
full,siqa,n/a,0,down_proj,46,0.9986591935157776
full,siqa,n/a,0,down_proj,47,0.9910988211631775
full,siqa,n/a,0,down_proj,48,0.9910104274749756
full,siqa,n/a,0,down_proj,49,0.9977705478668213
full,siqa,n/a,0,down_proj,50,0.8909838795661926
full,siqa,n/a,8,q_proj,1,0.9999833106994629
full,siqa,n/a,8,q_proj,2,0.9999915361404419
full,siqa,n/a,8,q_proj,3,0.9999895691871643
full,siqa,n/a,8,q_proj,4,0.9999793767929077
full,siqa,n/a,8,q_proj,5,0.999983549118042
full,siqa,n/a,8,q_proj,6,0.999987006187439
full,siqa,n/a,8,q_proj,7,0.9999692440032959
full,siqa,n/a,8,q_proj,8,0.9998287558555603
full,siqa,n/a,8,q_proj,9,0.9998486042022705
full,siqa,n/a,8,q_proj,10,0.9999895095825195
full,siqa,n/a,8,q_proj,11,0.9999867081642151
full,siqa,n/a,8,q_proj,12,0.9999871850013733
full,siqa,n/a,8,q_proj,13,0.9999552369117737
full,siqa,n/a,8,q_proj,14,0.9999672174453735
full,siqa,n/a,8,q_proj,15,0.9999546408653259
full,siqa,n/a,8,q_proj,16,0.9999268054962158
full,siqa,n/a,8,q_proj,17,0.9999467134475708
full,siqa,n/a,8,q_proj,18,0.9999863505363464
full,siqa,n/a,8,q_proj,19,0.9999791383743286
full,siqa,n/a,8,q_proj,20,0.9999688863754272
full,siqa,n/a,8,q_proj,21,0.9999678134918213
full,siqa,n/a,8,q_proj,22,0.9999648928642273
full,siqa,n/a,8,q_proj,23,0.999969482421875
full,siqa,n/a,8,q_proj,24,0.9999697804450989
full,siqa,n/a,8,q_proj,25,0.999980092048645
full,siqa,n/a,8,q_proj,26,0.9999746680259705
full,siqa,n/a,8,q_proj,27,0.9999431371688843
full,siqa,n/a,8,q_proj,28,0.9999009966850281
full,siqa,n/a,8,q_proj,29,0.9998171925544739
full,siqa,n/a,8,q_proj,30,0.9997735619544983
full,siqa,n/a,8,q_proj,31,0.999769389629364
full,siqa,n/a,8,q_proj,32,0.9997419118881226
full,siqa,n/a,8,q_proj,33,0.999845564365387
full,siqa,n/a,8,q_proj,34,0.9999281167984009
full,siqa,n/a,8,q_proj,35,0.9999495148658752
full,siqa,n/a,8,q_proj,36,0.9999347925186157
full,siqa,n/a,8,q_proj,37,0.999913215637207
full,siqa,n/a,8,q_proj,38,0.9997274875640869
full,siqa,n/a,8,q_proj,39,0.9997459053993225
full,siqa,n/a,8,q_proj,40,0.9999544620513916
full,siqa,n/a,8,q_proj,41,0.9997357130050659
full,siqa,n/a,8,q_proj,42,0.9997788071632385
full,siqa,n/a,8,q_proj,43,0.9994040131568909
full,siqa,n/a,8,q_proj,44,0.9994148015975952
full,siqa,n/a,8,q_proj,45,0.9998849034309387
full,siqa,n/a,8,q_proj,46,0.9998753666877747
full,siqa,n/a,8,q_proj,47,0.9999731779098511
full,siqa,n/a,8,q_proj,48,0.999885082244873
full,siqa,n/a,8,q_proj,49,0.9999610781669617
full,siqa,n/a,8,q_proj,50,0.9999145269393921
full,siqa,n/a,8,v_proj,1,0.9991239309310913
full,siqa,n/a,8,v_proj,2,0.9944896697998047
full,siqa,n/a,8,v_proj,3,0.9631190896034241
full,siqa,n/a,8,v_proj,4,0.91985023021698
full,siqa,n/a,8,v_proj,5,0.9824935793876648
full,siqa,n/a,8,v_proj,6,0.9696651697158813
full,siqa,n/a,8,v_proj,7,0.996904730796814
full,siqa,n/a,8,v_proj,8,0.9781715273857117
full,siqa,n/a,8,v_proj,9,0.980594277381897
full,siqa,n/a,8,v_proj,10,0.9903423190116882
full,siqa,n/a,8,v_proj,11,0.987358033657074
full,siqa,n/a,8,v_proj,12,0.9608361721038818
full,siqa,n/a,8,v_proj,13,0.9536030888557434
full,siqa,n/a,8,v_proj,14,0.984120786190033
full,siqa,n/a,8,v_proj,15,0.9950668811798096
full,siqa,n/a,8,v_proj,16,0.99101322889328
full,siqa,n/a,8,v_proj,17,0.9925609827041626
full,siqa,n/a,8,v_proj,18,0.9788708090782166
full,siqa,n/a,8,v_proj,19,0.9785220623016357
full,siqa,n/a,8,v_proj,20,0.9962794184684753
full,siqa,n/a,8,v_proj,21,0.9912670850753784
full,siqa,n/a,8,v_proj,22,0.9833869934082031
full,siqa,n/a,8,v_proj,23,0.9768037796020508
full,siqa,n/a,8,v_proj,24,0.9931343793869019
full,siqa,n/a,8,v_proj,25,0.9956057071685791
full,siqa,n/a,8,v_proj,26,0.9923745393753052
full,siqa,n/a,8,v_proj,27,0.9765853881835938
full,siqa,n/a,8,v_proj,28,0.9672123193740845
full,siqa,n/a,8,v_proj,29,0.9824764132499695
full,siqa,n/a,8,v_proj,30,0.9859141111373901
full,siqa,n/a,8,v_proj,31,0.9819692373275757
full,siqa,n/a,8,v_proj,32,0.9775015115737915
full,siqa,n/a,8,v_proj,33,0.9884403347969055
full,siqa,n/a,8,v_proj,34,0.996074378490448
full,siqa,n/a,8,v_proj,35,0.9632002115249634
full,siqa,n/a,8,v_proj,36,0.9613670706748962
full,siqa,n/a,8,v_proj,37,0.9883725047111511
full,siqa,n/a,8,v_proj,38,0.9765301942825317
full,siqa,n/a,8,v_proj,39,0.9765821695327759
full,siqa,n/a,8,v_proj,40,0.9952215552330017
full,siqa,n/a,8,v_proj,41,0.9955126643180847
full,siqa,n/a,8,v_proj,42,0.9945330619812012
full,siqa,n/a,8,v_proj,43,0.982904314994812
full,siqa,n/a,8,v_proj,44,0.9876667261123657
full,siqa,n/a,8,v_proj,45,0.9922020435333252
full,siqa,n/a,8,v_proj,46,0.9761817455291748
full,siqa,n/a,8,v_proj,47,0.9830448031425476
full,siqa,n/a,8,v_proj,48,0.9527955651283264
full,siqa,n/a,8,v_proj,49,0.785860538482666
full,siqa,n/a,8,v_proj,50,0.7695751786231995
full,siqa,n/a,8,up_proj,1,0.9999778866767883
full,siqa,n/a,8,up_proj,2,0.9999428987503052
full,siqa,n/a,8,up_proj,3,0.9999332427978516
full,siqa,n/a,8,up_proj,4,0.9999452233314514
full,siqa,n/a,8,up_proj,5,0.9999197125434875
full,siqa,n/a,8,up_proj,6,0.9999211430549622
full,siqa,n/a,8,up_proj,7,0.9999287724494934
full,siqa,n/a,8,up_proj,8,0.9997836351394653
full,siqa,n/a,8,up_proj,9,0.9998804926872253
full,siqa,n/a,8,up_proj,10,0.9997954964637756
full,siqa,n/a,8,up_proj,11,0.999785840511322
full,siqa,n/a,8,up_proj,12,0.9997243285179138
full,siqa,n/a,8,up_proj,13,0.8744205236434937
full,siqa,n/a,8,up_proj,14,0.8744393587112427
full,siqa,n/a,8,up_proj,15,0.9998719692230225
full,siqa,n/a,8,up_proj,16,0.9998734593391418
full,siqa,n/a,8,up_proj,17,0.9998691082000732
full,siqa,n/a,8,up_proj,18,0.9996626377105713
full,siqa,n/a,8,up_proj,19,0.9996849298477173
full,siqa,n/a,8,up_proj,20,0.9997299909591675
full,siqa,n/a,8,up_proj,21,0.9996175169944763
full,siqa,n/a,8,up_proj,22,0.9994825124740601
full,siqa,n/a,8,up_proj,23,0.9874292016029358
full,siqa,n/a,8,up_proj,24,0.9871944785118103
full,siqa,n/a,8,up_proj,25,0.9993876218795776
full,siqa,n/a,8,up_proj,26,0.9994697570800781
full,siqa,n/a,8,up_proj,27,0.9995825290679932
full,siqa,n/a,8,up_proj,28,0.9994275569915771
full,siqa,n/a,8,up_proj,29,0.999572217464447
full,siqa,n/a,8,up_proj,30,0.9995013475418091
full,siqa,n/a,8,up_proj,31,0.9969202876091003
full,siqa,n/a,8,up_proj,32,0.9970341324806213
full,siqa,n/a,8,up_proj,33,0.9988839030265808
full,siqa,n/a,8,up_proj,34,0.9984344244003296
full,siqa,n/a,8,up_proj,35,0.9992697834968567
full,siqa,n/a,8,up_proj,36,0.9974690079689026
full,siqa,n/a,8,up_proj,37,0.9979720115661621
full,siqa,n/a,8,up_proj,38,0.9990385174751282
full,siqa,n/a,8,up_proj,39,0.8570844531059265
full,siqa,n/a,8,up_proj,40,0.8569446206092834
full,siqa,n/a,8,up_proj,41,0.9989079833030701
full,siqa,n/a,8,up_proj,42,0.9990547299385071
full,siqa,n/a,8,up_proj,43,0.9990622997283936
full,siqa,n/a,8,up_proj,44,0.9994171261787415
full,siqa,n/a,8,up_proj,45,0.9942917823791504
full,siqa,n/a,8,up_proj,46,0.9939066171646118
full,siqa,n/a,8,up_proj,47,0.9975160956382751
full,siqa,n/a,8,up_proj,48,0.9986054301261902
full,siqa,n/a,8,up_proj,49,0.9989137649536133
full,siqa,n/a,8,up_proj,50,0.9988840818405151
full,siqa,n/a,8,down_proj,1,0.9999974966049194
full,siqa,n/a,8,down_proj,2,0.9999905228614807
full,siqa,n/a,8,down_proj,3,0.9999917149543762
full,siqa,n/a,8,down_proj,4,0.9999890923500061
full,siqa,n/a,8,down_proj,5,0.9999847412109375
full,siqa,n/a,8,down_proj,6,0.9999681711196899
full,siqa,n/a,8,down_proj,7,0.9999656677246094
full,siqa,n/a,8,down_proj,8,0.9999859929084778
full,siqa,n/a,8,down_proj,9,0.9999797344207764
full,siqa,n/a,8,down_proj,10,0.9999586343765259
full,siqa,n/a,8,down_proj,11,0.999870777130127
full,siqa,n/a,8,down_proj,12,0.9998696446418762
full,siqa,n/a,8,down_proj,13,0.9999388456344604
full,siqa,n/a,8,down_proj,14,0.9999580979347229
full,siqa,n/a,8,down_proj,15,0.999965250492096
full,siqa,n/a,8,down_proj,16,0.9999620914459229
full,siqa,n/a,8,down_proj,17,0.9999465346336365
full,siqa,n/a,8,down_proj,18,0.9999555349349976
full,siqa,n/a,8,down_proj,19,0.999549925327301
full,siqa,n/a,8,down_proj,20,0.999482274055481
full,siqa,n/a,8,down_proj,21,0.99977707862854
full,siqa,n/a,8,down_proj,22,0.9997020363807678
full,siqa,n/a,8,down_proj,23,0.9997225999832153
full,siqa,n/a,8,down_proj,24,0.9998658895492554
full,siqa,n/a,8,down_proj,25,0.9997904300689697
full,siqa,n/a,8,down_proj,26,0.9991713166236877
full,siqa,n/a,8,down_proj,27,0.9991085529327393
full,siqa,n/a,8,down_proj,28,0.9997758269309998
full,siqa,n/a,8,down_proj,29,0.9998598694801331
full,siqa,n/a,8,down_proj,30,0.999172568321228
full,siqa,n/a,8,down_proj,31,0.9991359710693359
full,siqa,n/a,8,down_proj,32,0.9997817277908325
full,siqa,n/a,8,down_proj,33,0.999780535697937
full,siqa,n/a,8,down_proj,34,0.9998524188995361
full,siqa,n/a,8,down_proj,35,0.9998661279678345
full,siqa,n/a,8,down_proj,36,0.9998986124992371
full,siqa,n/a,8,down_proj,37,0.9998983144760132
full,siqa,n/a,8,down_proj,38,0.9998425245285034
full,siqa,n/a,8,down_proj,39,0.9998505115509033
full,siqa,n/a,8,down_proj,40,0.9998890161514282
full,siqa,n/a,8,down_proj,41,0.9994045495986938
full,siqa,n/a,8,down_proj,42,0.9992126226425171
full,siqa,n/a,8,down_proj,43,0.999388575553894
full,siqa,n/a,8,down_proj,44,0.9995670318603516
full,siqa,n/a,8,down_proj,45,0.9995410442352295
full,siqa,n/a,8,down_proj,46,0.9997527003288269
full,siqa,n/a,8,down_proj,47,0.9966350793838501
full,siqa,n/a,8,down_proj,48,0.9965081214904785
full,siqa,n/a,8,down_proj,49,0.9995604157447815
full,siqa,n/a,8,down_proj,50,0.9994816780090332
full,siqa,n/a,15,q_proj,1,0.9999968409538269
full,siqa,n/a,15,q_proj,2,0.9999979138374329
full,siqa,n/a,15,q_proj,3,0.9999972581863403
full,siqa,n/a,15,q_proj,4,0.9999667406082153
full,siqa,n/a,15,q_proj,5,0.9999659657478333
full,siqa,n/a,15,q_proj,6,0.9999881982803345
full,siqa,n/a,15,q_proj,7,0.9999866485595703
full,siqa,n/a,15,q_proj,8,0.9999762177467346
full,siqa,n/a,15,q_proj,9,0.9999823570251465
full,siqa,n/a,15,q_proj,10,0.9999885559082031
full,siqa,n/a,15,q_proj,11,0.9999901056289673
full,siqa,n/a,15,q_proj,12,0.9999914765357971
full,siqa,n/a,15,q_proj,13,0.9999914169311523
full,siqa,n/a,15,q_proj,14,0.9999964833259583
full,siqa,n/a,15,q_proj,15,0.9999961853027344
full,siqa,n/a,15,q_proj,16,0.9999955892562866
full,siqa,n/a,15,q_proj,17,0.9999946355819702
full,siqa,n/a,15,q_proj,18,0.9999858736991882
full,siqa,n/a,15,q_proj,19,0.9999312162399292
full,siqa,n/a,15,q_proj,20,0.9999430179595947
full,siqa,n/a,15,q_proj,21,0.9999933242797852
full,siqa,n/a,15,q_proj,22,0.999992847442627
full,siqa,n/a,15,q_proj,23,0.9999942779541016
full,siqa,n/a,15,q_proj,24,0.9999926090240479
full,siqa,n/a,15,q_proj,25,0.9999951720237732
full,siqa,n/a,15,q_proj,26,0.9999967813491821
full,siqa,n/a,15,q_proj,27,0.9999948143959045
full,siqa,n/a,15,q_proj,28,0.9999489784240723
full,siqa,n/a,15,q_proj,29,0.999947190284729
full,siqa,n/a,15,q_proj,30,0.9999932646751404
full,siqa,n/a,15,q_proj,31,0.9999898076057434
full,siqa,n/a,15,q_proj,32,0.9999881982803345
full,siqa,n/a,15,q_proj,33,0.9999878406524658
full,siqa,n/a,15,q_proj,34,0.9999641180038452
full,siqa,n/a,15,q_proj,35,0.9999624490737915
full,siqa,n/a,15,q_proj,36,0.9999943375587463
full,siqa,n/a,15,q_proj,37,0.9999894499778748
full,siqa,n/a,15,q_proj,38,0.9999940395355225
full,siqa,n/a,15,q_proj,39,0.9999891519546509
full,siqa,n/a,15,q_proj,40,0.9999465346336365
full,siqa,n/a,15,q_proj,41,0.9999492764472961
full,siqa,n/a,15,q_proj,42,0.9999790191650391
full,siqa,n/a,15,q_proj,43,0.999984085559845
full,siqa,n/a,15,q_proj,44,0.9999487400054932
full,siqa,n/a,15,q_proj,45,0.9999455213546753
full,siqa,n/a,15,q_proj,46,0.9999894499778748
full,siqa,n/a,15,q_proj,47,0.9999878406524658
full,siqa,n/a,15,q_proj,48,0.9999882578849792
full,siqa,n/a,15,q_proj,49,0.999973714351654
full,siqa,n/a,15,q_proj,50,0.9999295473098755
full,siqa,n/a,15,v_proj,1,0.9999947547912598
full,siqa,n/a,15,v_proj,2,0.9999780654907227
full,siqa,n/a,15,v_proj,3,0.9999779462814331
full,siqa,n/a,15,v_proj,4,0.9999780654907227
full,siqa,n/a,15,v_proj,5,0.9999664425849915
full,siqa,n/a,15,v_proj,6,0.9999692440032959
full,siqa,n/a,15,v_proj,7,0.9999793767929077
full,siqa,n/a,15,v_proj,8,0.9999773502349854
full,siqa,n/a,15,v_proj,9,0.9999736547470093
full,siqa,n/a,15,v_proj,10,0.999845027923584
full,siqa,n/a,15,v_proj,11,0.9998313784599304
full,siqa,n/a,15,v_proj,12,0.9999587535858154
full,siqa,n/a,15,v_proj,13,0.9999314546585083
full,siqa,n/a,15,v_proj,14,0.9999547004699707
full,siqa,n/a,15,v_proj,15,0.9996767044067383
full,siqa,n/a,15,v_proj,16,0.9996752738952637
full,siqa,n/a,15,v_proj,17,0.9998466372489929
full,siqa,n/a,15,v_proj,18,0.9999672174453735
full,siqa,n/a,15,v_proj,19,0.9999180436134338
full,siqa,n/a,15,v_proj,20,0.9999139308929443
full,siqa,n/a,15,v_proj,21,0.9999470114707947
full,siqa,n/a,15,v_proj,22,0.9999501705169678
full,siqa,n/a,15,v_proj,23,0.9999463558197021
full,siqa,n/a,15,v_proj,24,0.9999743700027466
full,siqa,n/a,15,v_proj,25,0.9996010065078735
full,siqa,n/a,15,v_proj,26,0.9994947910308838
full,siqa,n/a,15,v_proj,27,0.9998962879180908
full,siqa,n/a,15,v_proj,28,0.9996449947357178
full,siqa,n/a,15,v_proj,29,0.9997726678848267
full,siqa,n/a,15,v_proj,30,0.999913215637207
full,siqa,n/a,15,v_proj,31,0.9999353289604187
full,siqa,n/a,15,v_proj,32,0.9999316930770874
full,siqa,n/a,15,v_proj,33,0.9999210834503174
full,siqa,n/a,15,v_proj,34,0.999862551689148
full,siqa,n/a,15,v_proj,35,0.9998633861541748
full,siqa,n/a,15,v_proj,36,0.9993904829025269
full,siqa,n/a,15,v_proj,37,0.9993845224380493
full,siqa,n/a,15,v_proj,38,0.9999645948410034
full,siqa,n/a,15,v_proj,39,0.9995896220207214
full,siqa,n/a,15,v_proj,40,0.9995818734169006
full,siqa,n/a,15,v_proj,41,0.999924898147583
full,siqa,n/a,15,v_proj,42,0.9999164938926697
full,siqa,n/a,15,v_proj,43,0.9993562698364258
full,siqa,n/a,15,v_proj,44,0.9993317127227783
full,siqa,n/a,15,v_proj,45,0.9999371767044067
full,siqa,n/a,15,v_proj,46,0.9995400905609131
full,siqa,n/a,15,v_proj,47,0.9992714524269104
full,siqa,n/a,15,v_proj,48,0.9996614456176758
full,siqa,n/a,15,v_proj,49,0.9999045133590698
full,siqa,n/a,15,v_proj,50,0.999921977519989
full,siqa,n/a,15,up_proj,1,0.9999974370002747
full,siqa,n/a,15,up_proj,2,0.9999995231628418
full,siqa,n/a,15,up_proj,3,0.999998152256012
full,siqa,n/a,15,up_proj,4,0.9999915957450867
full,siqa,n/a,15,up_proj,5,0.999993085861206
full,siqa,n/a,15,up_proj,6,0.9999920129776001
full,siqa,n/a,15,up_proj,7,0.9999946355819702
full,siqa,n/a,15,up_proj,8,0.9999850392341614
full,siqa,n/a,15,up_proj,9,0.9999858736991882
full,siqa,n/a,15,up_proj,10,0.9999930262565613
full,siqa,n/a,15,up_proj,11,0.9999932050704956
full,siqa,n/a,15,up_proj,12,0.9999923706054688
full,siqa,n/a,15,up_proj,13,0.999976396560669
full,siqa,n/a,15,up_proj,14,0.9999809861183167
full,siqa,n/a,15,up_proj,15,0.999985933303833
full,siqa,n/a,15,up_proj,16,0.99998539686203
full,siqa,n/a,15,up_proj,17,0.9999896287918091
full,siqa,n/a,15,up_proj,18,0.9999876618385315
full,siqa,n/a,15,up_proj,19,0.9999871253967285
full,siqa,n/a,15,up_proj,20,0.9999895691871643
full,siqa,n/a,15,up_proj,21,0.9999884963035583
full,siqa,n/a,15,up_proj,22,0.9999873638153076
full,siqa,n/a,15,up_proj,23,0.9999880194664001
full,siqa,n/a,15,up_proj,24,0.9999821782112122
full,siqa,n/a,15,up_proj,25,0.9999823570251465
full,siqa,n/a,15,up_proj,26,0.9999868273735046
full,siqa,n/a,15,up_proj,27,0.99998539686203
full,siqa,n/a,15,up_proj,28,0.9999850392341614
full,siqa,n/a,15,up_proj,29,0.999985933303833
full,siqa,n/a,15,up_proj,30,0.9999706745147705
full,siqa,n/a,15,up_proj,31,0.9999580383300781
full,siqa,n/a,15,up_proj,32,0.9999727606773376
full,siqa,n/a,15,up_proj,33,0.9999634027481079
full,siqa,n/a,15,up_proj,34,0.9999540448188782
full,siqa,n/a,15,up_proj,35,0.9999334216117859
full,siqa,n/a,15,up_proj,36,0.9998819828033447
full,siqa,n/a,15,up_proj,37,0.9998932480812073
full,siqa,n/a,15,up_proj,38,0.9999610185623169
full,siqa,n/a,15,up_proj,39,0.9999071955680847
full,siqa,n/a,15,up_proj,40,0.9998641014099121
full,siqa,n/a,15,up_proj,41,0.9999704957008362
full,siqa,n/a,15,up_proj,42,0.9999405741691589
full,siqa,n/a,15,up_proj,43,0.9999337792396545
full,siqa,n/a,15,up_proj,44,0.9999338388442993
full,siqa,n/a,15,up_proj,45,0.9999414086341858
full,siqa,n/a,15,up_proj,46,0.9999117851257324
full,siqa,n/a,15,up_proj,47,0.9998950958251953
full,siqa,n/a,15,up_proj,48,0.9998282194137573
full,siqa,n/a,15,up_proj,49,0.9998024702072144
full,siqa,n/a,15,up_proj,50,0.9998804330825806
full,siqa,n/a,15,down_proj,1,0.9999956488609314
full,siqa,n/a,15,down_proj,2,0.9999887347221375
full,siqa,n/a,15,down_proj,3,0.9999899864196777
full,siqa,n/a,15,down_proj,4,0.9999616742134094
full,siqa,n/a,15,down_proj,5,0.9999865889549255
full,siqa,n/a,15,down_proj,6,0.9999633431434631
full,siqa,n/a,15,down_proj,7,0.9999195337295532
full,siqa,n/a,15,down_proj,8,0.9998661279678345
full,siqa,n/a,15,down_proj,9,0.9997133016586304
full,siqa,n/a,15,down_proj,10,0.9996796250343323
full,siqa,n/a,15,down_proj,11,0.9997548460960388
full,siqa,n/a,15,down_proj,12,0.9991265535354614
full,siqa,n/a,15,down_proj,13,0.9935711622238159
full,siqa,n/a,15,down_proj,14,0.9929666519165039
full,siqa,n/a,15,down_proj,15,0.9997208714485168
full,siqa,n/a,15,down_proj,16,0.9993838667869568
full,siqa,n/a,15,down_proj,17,0.9993656873703003
full,siqa,n/a,15,down_proj,18,0.9991706609725952
full,siqa,n/a,15,down_proj,19,0.9992868304252625
full,siqa,n/a,15,down_proj,20,0.9992998838424683
full,siqa,n/a,15,down_proj,21,0.999163031578064
full,siqa,n/a,15,down_proj,22,0.9995424151420593
full,siqa,n/a,15,down_proj,23,0.9996605515480042
full,siqa,n/a,15,down_proj,24,0.9992929100990295
full,siqa,n/a,15,down_proj,25,0.999086856842041
full,siqa,n/a,15,down_proj,26,0.9975807666778564
full,siqa,n/a,15,down_proj,27,0.9977255463600159
full,siqa,n/a,15,down_proj,28,0.9991812705993652
full,siqa,n/a,15,down_proj,29,0.9990181922912598
full,siqa,n/a,15,down_proj,30,0.999415934085846
full,siqa,n/a,15,down_proj,31,0.9995622634887695
full,siqa,n/a,15,down_proj,32,0.9976189136505127
full,siqa,n/a,15,down_proj,33,0.9975966215133667
full,siqa,n/a,15,down_proj,34,0.9961363077163696
full,siqa,n/a,15,down_proj,35,0.9959908723831177
full,siqa,n/a,15,down_proj,36,0.9979884624481201
full,siqa,n/a,15,down_proj,37,0.9992297291755676
full,siqa,n/a,15,down_proj,38,0.9983181953430176
full,siqa,n/a,15,down_proj,39,0.9949172139167786
full,siqa,n/a,15,down_proj,40,0.997951328754425
full,siqa,n/a,15,down_proj,41,0.9952810406684875
full,siqa,n/a,15,down_proj,42,0.9981063008308411
full,siqa,n/a,15,down_proj,43,0.9988267421722412
full,siqa,n/a,15,down_proj,44,0.9987553358078003
full,siqa,n/a,15,down_proj,45,0.9986894130706787
full,siqa,n/a,15,down_proj,46,0.9990862607955933
full,siqa,n/a,15,down_proj,47,0.9991615414619446
full,siqa,n/a,15,down_proj,48,0.9992538690567017
full,siqa,n/a,15,down_proj,49,0.9793809652328491
full,siqa,n/a,15,down_proj,50,0.9793703556060791
full,sst2,n/a,0,q_proj,1,1.000000238418579
full,sst2,n/a,0,q_proj,2,0.9999994039535522
full,sst2,n/a,0,q_proj,3,0.9999996423721313
full,sst2,n/a,0,q_proj,4,0.9999987483024597
full,sst2,n/a,0,q_proj,5,0.9999988675117493
full,sst2,n/a,0,q_proj,6,0.9999986290931702
full,sst2,n/a,0,q_proj,7,0.9999980330467224
full,sst2,n/a,0,q_proj,8,0.9999974370002747
full,sst2,n/a,0,q_proj,9,0.9999977350234985
full,sst2,n/a,0,q_proj,10,0.9999988079071045
full,sst2,n/a,0,q_proj,11,0.9999983906745911
full,sst2,n/a,0,q_proj,12,0.9999973773956299
full,sst2,n/a,0,q_proj,13,0.999997079372406
full,sst2,n/a,0,q_proj,14,0.9999967813491821
full,sst2,n/a,0,q_proj,15,0.9998621940612793
full,sst2,n/a,0,q_proj,16,0.9998608231544495
full,sst2,n/a,0,q_proj,17,0.9999917149543762
full,sst2,n/a,0,q_proj,18,0.9999924898147583
full,sst2,n/a,0,q_proj,19,0.9999953508377075
full,sst2,n/a,0,q_proj,20,0.9999968409538269
full,sst2,n/a,0,q_proj,21,0.9999896883964539
full,sst2,n/a,0,q_proj,22,0.9999861717224121
full,sst2,n/a,0,q_proj,23,0.9999883770942688
full,sst2,n/a,0,q_proj,24,0.9999900460243225
full,sst2,n/a,0,q_proj,25,0.999991774559021
full,sst2,n/a,0,q_proj,26,0.9999912977218628
full,sst2,n/a,0,q_proj,27,0.9999517798423767
full,sst2,n/a,0,q_proj,28,0.9999578595161438
full,sst2,n/a,0,q_proj,29,0.9999787211418152
full,sst2,n/a,0,q_proj,30,0.9999870657920837
full,sst2,n/a,0,q_proj,31,0.9999662041664124
full,sst2,n/a,0,q_proj,32,0.9999741911888123
full,sst2,n/a,0,q_proj,33,0.9999836087226868
full,sst2,n/a,0,q_proj,34,0.9999856948852539
full,sst2,n/a,0,q_proj,35,0.9999778866767883
full,sst2,n/a,0,q_proj,36,0.9999685287475586
full,sst2,n/a,0,q_proj,37,0.9999651312828064
full,sst2,n/a,0,q_proj,38,0.9999761581420898
full,sst2,n/a,0,q_proj,39,0.9999521374702454
full,sst2,n/a,0,q_proj,40,0.9999502897262573
full,sst2,n/a,0,q_proj,41,0.9999769330024719
full,sst2,n/a,0,q_proj,42,0.9999797344207764
full,sst2,n/a,0,q_proj,43,0.9999776482582092
full,sst2,n/a,0,q_proj,44,0.9999712705612183
full,sst2,n/a,0,q_proj,45,0.9999741315841675
full,sst2,n/a,0,q_proj,46,0.9999679327011108
full,sst2,n/a,0,q_proj,47,0.9999573826789856
full,sst2,n/a,0,q_proj,48,0.9999641180038452
full,sst2,n/a,0,q_proj,49,0.9999736547470093
full,sst2,n/a,0,q_proj,50,0.9999594688415527
full,sst2,n/a,0,v_proj,1,0.9999274015426636
full,sst2,n/a,0,v_proj,2,0.9979124069213867
full,sst2,n/a,0,v_proj,3,0.9980812072753906
full,sst2,n/a,0,v_proj,4,0.9995543956756592
full,sst2,n/a,0,v_proj,5,0.9996170997619629
full,sst2,n/a,0,v_proj,6,0.9994789361953735
full,sst2,n/a,0,v_proj,7,0.9994183778762817
full,sst2,n/a,0,v_proj,8,0.9990237951278687
full,sst2,n/a,0,v_proj,9,0.9990257620811462
full,sst2,n/a,0,v_proj,10,0.9987179040908813
full,sst2,n/a,0,v_proj,11,0.9983648061752319
full,sst2,n/a,0,v_proj,12,0.9963359236717224
full,sst2,n/a,0,v_proj,13,0.9960265159606934
full,sst2,n/a,0,v_proj,14,0.9985566735267639
full,sst2,n/a,0,v_proj,15,0.9982777833938599
full,sst2,n/a,0,v_proj,16,0.9967970848083496
full,sst2,n/a,0,v_proj,17,0.9989340305328369
full,sst2,n/a,0,v_proj,18,0.9955729246139526
full,sst2,n/a,0,v_proj,19,0.9975056648254395
full,sst2,n/a,0,v_proj,20,0.9984465837478638
full,sst2,n/a,0,v_proj,21,0.9662727117538452
full,sst2,n/a,0,v_proj,22,0.9529833793640137
full,sst2,n/a,0,v_proj,23,0.9863991737365723
full,sst2,n/a,0,v_proj,24,0.9851152300834656
full,sst2,n/a,0,v_proj,25,0.9862210750579834
full,sst2,n/a,0,v_proj,26,0.9960487484931946
full,sst2,n/a,0,v_proj,27,0.9798078536987305
full,sst2,n/a,0,v_proj,28,0.9782533645629883
full,sst2,n/a,0,v_proj,29,0.9778436422348022
full,sst2,n/a,0,v_proj,30,0.9526891708374023
full,sst2,n/a,0,v_proj,31,0.9592316150665283
full,sst2,n/a,0,v_proj,32,0.9884854555130005
full,sst2,n/a,0,v_proj,33,0.9803776741027832
full,sst2,n/a,0,v_proj,34,0.9949191808700562
full,sst2,n/a,0,v_proj,35,0.9837446212768555
full,sst2,n/a,0,v_proj,36,0.9807690382003784
full,sst2,n/a,0,v_proj,37,0.9788087606430054
full,sst2,n/a,0,v_proj,38,0.9602726697921753
full,sst2,n/a,0,v_proj,39,0.9520866870880127
full,sst2,n/a,0,v_proj,40,0.956107497215271
full,sst2,n/a,0,v_proj,41,0.9783469438552856
full,sst2,n/a,0,v_proj,42,0.9609694480895996
full,sst2,n/a,0,v_proj,43,0.9775283336639404
full,sst2,n/a,0,v_proj,44,0.9719142913818359
full,sst2,n/a,0,v_proj,45,0.9708475470542908
full,sst2,n/a,0,v_proj,46,0.9156039357185364
full,sst2,n/a,0,v_proj,47,0.9158624410629272
full,sst2,n/a,0,v_proj,48,0.9638280868530273
full,sst2,n/a,0,v_proj,49,0.9612692594528198
full,sst2,n/a,0,v_proj,50,0.9450609683990479
full,sst2,n/a,0,up_proj,1,0.9999496936798096
full,sst2,n/a,0,up_proj,2,0.9999526739120483
full,sst2,n/a,0,up_proj,3,0.9999613761901855
full,sst2,n/a,0,up_proj,4,0.9999249577522278
full,sst2,n/a,0,up_proj,5,0.9999011754989624
full,sst2,n/a,0,up_proj,6,0.999621570110321
full,sst2,n/a,0,up_proj,7,0.999554455280304
full,sst2,n/a,0,up_proj,8,0.9997959733009338
full,sst2,n/a,0,up_proj,9,0.9995657205581665
full,sst2,n/a,0,up_proj,10,0.99967360496521
full,sst2,n/a,0,up_proj,11,0.9992706775665283
full,sst2,n/a,0,up_proj,12,0.9994053840637207
full,sst2,n/a,0,up_proj,13,0.9997107982635498
full,sst2,n/a,0,up_proj,14,0.9998077154159546
full,sst2,n/a,0,up_proj,15,0.9997473359107971
full,sst2,n/a,0,up_proj,16,0.999127209186554
full,sst2,n/a,0,up_proj,17,0.9975135326385498
full,sst2,n/a,0,up_proj,18,0.996896505355835
full,sst2,n/a,0,up_proj,19,0.999491274356842
full,sst2,n/a,0,up_proj,20,0.9995664358139038
full,sst2,n/a,0,up_proj,21,0.9995772242546082
full,sst2,n/a,0,up_proj,22,0.9995657801628113
full,sst2,n/a,0,up_proj,23,0.9997144937515259
full,sst2,n/a,0,up_proj,24,0.9997119307518005
full,sst2,n/a,0,up_proj,25,0.9998376965522766
full,sst2,n/a,0,up_proj,26,0.9998831152915955
full,sst2,n/a,0,up_proj,27,0.9994379878044128
full,sst2,n/a,0,up_proj,28,0.9993061423301697
full,sst2,n/a,0,up_proj,29,0.9996188879013062
full,sst2,n/a,0,up_proj,30,0.9997210502624512
full,sst2,n/a,0,up_proj,31,0.9998065829277039
full,sst2,n/a,0,up_proj,32,0.9974201321601868
full,sst2,n/a,0,up_proj,33,0.9974599480628967
full,sst2,n/a,0,up_proj,34,0.9998273849487305
full,sst2,n/a,0,up_proj,35,0.9997490048408508
full,sst2,n/a,0,up_proj,36,0.9997279644012451
full,sst2,n/a,0,up_proj,37,0.9996430277824402
full,sst2,n/a,0,up_proj,38,0.999708890914917
full,sst2,n/a,0,up_proj,39,0.9996558427810669
full,sst2,n/a,0,up_proj,40,0.9995930194854736
full,sst2,n/a,0,up_proj,41,0.9995728731155396
full,sst2,n/a,0,up_proj,42,0.9996179342269897
full,sst2,n/a,0,up_proj,43,0.9997376799583435
full,sst2,n/a,0,up_proj,44,0.9986380934715271
full,sst2,n/a,0,up_proj,45,0.999030590057373
full,sst2,n/a,0,up_proj,46,0.9993859529495239
full,sst2,n/a,0,up_proj,47,0.9995684623718262
full,sst2,n/a,0,up_proj,48,0.9992786645889282
full,sst2,n/a,0,up_proj,49,0.9991158246994019
full,sst2,n/a,0,up_proj,50,0.998974084854126
full,sst2,n/a,0,down_proj,1,0.9999926090240479
full,sst2,n/a,0,down_proj,2,0.9999910593032837
full,sst2,n/a,0,down_proj,3,0.9999882578849792
full,sst2,n/a,0,down_proj,4,0.9999850988388062
full,sst2,n/a,0,down_proj,5,0.9999791383743286
full,sst2,n/a,0,down_proj,6,0.9999555945396423
full,sst2,n/a,0,down_proj,7,0.9999449253082275
full,sst2,n/a,0,down_proj,8,0.9999505281448364
full,sst2,n/a,0,down_proj,9,0.9999350905418396
full,sst2,n/a,0,down_proj,10,0.9997828006744385
full,sst2,n/a,0,down_proj,11,0.999772310256958
full,sst2,n/a,0,down_proj,12,0.9999358654022217
full,sst2,n/a,0,down_proj,13,0.9999021291732788
full,sst2,n/a,0,down_proj,14,0.9998597502708435
full,sst2,n/a,0,down_proj,15,0.999945878982544
full,sst2,n/a,0,down_proj,16,0.9998894333839417
full,sst2,n/a,0,down_proj,17,0.9993556141853333
full,sst2,n/a,0,down_proj,18,0.9993588328361511
full,sst2,n/a,0,down_proj,19,0.9998143315315247
full,sst2,n/a,0,down_proj,20,0.9997764229774475
full,sst2,n/a,0,down_proj,21,0.9998151063919067
full,sst2,n/a,0,down_proj,22,0.9997134804725647
full,sst2,n/a,0,down_proj,23,0.9993874430656433
full,sst2,n/a,0,down_proj,24,0.9996570348739624
full,sst2,n/a,0,down_proj,25,0.9994712471961975
full,sst2,n/a,0,down_proj,26,0.9994359612464905
full,sst2,n/a,0,down_proj,27,0.999617338180542
full,sst2,n/a,0,down_proj,28,0.999634861946106
full,sst2,n/a,0,down_proj,29,0.999704122543335
full,sst2,n/a,0,down_proj,30,0.9993842840194702
full,sst2,n/a,0,down_proj,31,0.9993322491645813
full,sst2,n/a,0,down_proj,32,0.9993334412574768
full,sst2,n/a,0,down_proj,33,0.9904245138168335
full,sst2,n/a,0,down_proj,34,0.9902175664901733
full,sst2,n/a,0,down_proj,35,0.999509334564209
full,sst2,n/a,0,down_proj,36,0.9994646906852722
full,sst2,n/a,0,down_proj,37,0.9995827674865723
full,sst2,n/a,0,down_proj,38,0.9996877908706665
full,sst2,n/a,0,down_proj,39,0.9994673728942871
full,sst2,n/a,0,down_proj,40,0.9990821480751038
full,sst2,n/a,0,down_proj,41,0.9990716576576233
full,sst2,n/a,0,down_proj,42,0.9951031804084778
full,sst2,n/a,0,down_proj,43,0.9952199459075928
full,sst2,n/a,0,down_proj,44,0.995805025100708
full,sst2,n/a,0,down_proj,45,0.9962990283966064
full,sst2,n/a,0,down_proj,46,0.9995405077934265
full,sst2,n/a,0,down_proj,47,0.9994347095489502
full,sst2,n/a,0,down_proj,48,0.9994180202484131
full,sst2,n/a,0,down_proj,49,0.9990341663360596
full,sst2,n/a,0,down_proj,50,0.9478792548179626
full,sst2,n/a,8,q_proj,1,0.9999945163726807
full,sst2,n/a,8,q_proj,2,0.9999942183494568
full,sst2,n/a,8,q_proj,3,0.9999921321868896
full,sst2,n/a,8,q_proj,4,0.999992311000824
full,sst2,n/a,8,q_proj,5,0.999990701675415
full,sst2,n/a,8,q_proj,6,0.9999912977218628
full,sst2,n/a,8,q_proj,7,0.9999817609786987
full,sst2,n/a,8,q_proj,8,0.999917209148407
full,sst2,n/a,8,q_proj,9,0.9999268054962158
full,sst2,n/a,8,q_proj,10,0.9999952912330627
full,sst2,n/a,8,q_proj,11,0.9999938011169434
full,sst2,n/a,8,q_proj,12,0.9999918341636658
full,sst2,n/a,8,q_proj,13,0.9999635219573975
full,sst2,n/a,8,q_proj,14,0.9999822974205017
full,sst2,n/a,8,q_proj,15,0.9999687671661377
full,sst2,n/a,8,q_proj,16,0.9999455213546753
full,sst2,n/a,8,q_proj,17,0.9999557137489319
full,sst2,n/a,8,q_proj,18,0.9999892711639404
full,sst2,n/a,8,q_proj,19,0.9999898672103882
full,sst2,n/a,8,q_proj,20,0.9999840259552002
full,sst2,n/a,8,q_proj,21,0.9999799132347107
full,sst2,n/a,8,q_proj,22,0.9999822378158569
full,sst2,n/a,8,q_proj,23,0.9999753832817078
full,sst2,n/a,8,q_proj,24,0.9999721050262451
full,sst2,n/a,8,q_proj,25,0.9999867677688599
full,sst2,n/a,8,q_proj,26,0.999988317489624
full,sst2,n/a,8,q_proj,27,0.9999771118164062
full,sst2,n/a,8,q_proj,28,0.9999747276306152
full,sst2,n/a,8,q_proj,29,0.9999035596847534
full,sst2,n/a,8,q_proj,30,0.9998891353607178
full,sst2,n/a,8,q_proj,31,0.9999656081199646
full,sst2,n/a,8,q_proj,32,0.9999406337738037
full,sst2,n/a,8,q_proj,33,0.9999516010284424
full,sst2,n/a,8,q_proj,34,0.9999442100524902
full,sst2,n/a,8,q_proj,35,0.999947726726532
full,sst2,n/a,8,q_proj,36,0.9999510049819946
full,sst2,n/a,8,q_proj,37,0.9999234676361084
full,sst2,n/a,8,q_proj,38,0.9998797178268433
full,sst2,n/a,8,q_proj,39,0.999897837638855
full,sst2,n/a,8,q_proj,40,0.9999487996101379
full,sst2,n/a,8,q_proj,41,0.9999439716339111
full,sst2,n/a,8,q_proj,42,0.9999161958694458
full,sst2,n/a,8,q_proj,43,0.9999563694000244
full,sst2,n/a,8,q_proj,44,0.9999434947967529
full,sst2,n/a,8,q_proj,45,0.9999740123748779
full,sst2,n/a,8,q_proj,46,0.9999508261680603
full,sst2,n/a,8,q_proj,47,0.9999211430549622
full,sst2,n/a,8,q_proj,48,0.9999213218688965
full,sst2,n/a,8,q_proj,49,0.9999735355377197
full,sst2,n/a,8,q_proj,50,0.9999759197235107
full,sst2,n/a,8,v_proj,1,0.998296320438385
full,sst2,n/a,8,v_proj,2,0.9986078143119812
full,sst2,n/a,8,v_proj,3,0.9993444681167603
full,sst2,n/a,8,v_proj,4,0.9975007772445679
full,sst2,n/a,8,v_proj,5,0.9976433515548706
full,sst2,n/a,8,v_proj,6,0.997063398361206
full,sst2,n/a,8,v_proj,7,0.9983991980552673
full,sst2,n/a,8,v_proj,8,0.9984272718429565
full,sst2,n/a,8,v_proj,9,0.9991763830184937
full,sst2,n/a,8,v_proj,10,0.9753706455230713
full,sst2,n/a,8,v_proj,11,0.9709060788154602
full,sst2,n/a,8,v_proj,12,0.9809167981147766
full,sst2,n/a,8,v_proj,13,0.9866324663162231
full,sst2,n/a,8,v_proj,14,0.9952754378318787
full,sst2,n/a,8,v_proj,15,0.9938818216323853
full,sst2,n/a,8,v_proj,16,0.9961129426956177
full,sst2,n/a,8,v_proj,17,0.9969562292098999
full,sst2,n/a,8,v_proj,18,0.9909250736236572
full,sst2,n/a,8,v_proj,19,0.991802453994751
full,sst2,n/a,8,v_proj,20,0.9976145625114441
full,sst2,n/a,8,v_proj,21,0.9869751930236816
full,sst2,n/a,8,v_proj,22,0.9902997016906738
full,sst2,n/a,8,v_proj,23,0.9932169914245605
full,sst2,n/a,8,v_proj,24,0.9956392645835876
full,sst2,n/a,8,v_proj,25,0.9966789484024048
full,sst2,n/a,8,v_proj,26,0.9974147081375122
full,sst2,n/a,8,v_proj,27,0.9854199290275574
full,sst2,n/a,8,v_proj,28,0.9865517020225525
full,sst2,n/a,8,v_proj,29,0.9939670562744141
full,sst2,n/a,8,v_proj,30,0.992632269859314
full,sst2,n/a,8,v_proj,31,0.9866563081741333
full,sst2,n/a,8,v_proj,32,0.988014817237854
full,sst2,n/a,8,v_proj,33,0.996093213558197
full,sst2,n/a,8,v_proj,34,0.9977294206619263
full,sst2,n/a,8,v_proj,35,0.9199843406677246
full,sst2,n/a,8,v_proj,36,0.9145156145095825
full,sst2,n/a,8,v_proj,37,0.9820728898048401
full,sst2,n/a,8,v_proj,38,0.9830029010772705
full,sst2,n/a,8,v_proj,39,0.9825959801673889
full,sst2,n/a,8,v_proj,40,0.9978669285774231
full,sst2,n/a,8,v_proj,41,0.9968029260635376
full,sst2,n/a,8,v_proj,42,0.997748613357544
full,sst2,n/a,8,v_proj,43,0.9915142059326172
full,sst2,n/a,8,v_proj,44,0.9971392750740051
full,sst2,n/a,8,v_proj,45,0.9912010431289673
full,sst2,n/a,8,v_proj,46,0.9702304601669312
full,sst2,n/a,8,v_proj,47,0.9800494909286499
full,sst2,n/a,8,v_proj,48,0.9763584733009338
full,sst2,n/a,8,v_proj,49,0.7856258153915405
full,sst2,n/a,8,v_proj,50,0.7837958335876465
full,sst2,n/a,8,up_proj,1,0.9999860525131226
full,sst2,n/a,8,up_proj,2,0.9999643564224243
full,sst2,n/a,8,up_proj,3,0.9999539852142334
full,sst2,n/a,8,up_proj,4,0.9999707341194153
full,sst2,n/a,8,up_proj,5,0.9999522566795349
full,sst2,n/a,8,up_proj,6,0.9999527931213379
full,sst2,n/a,8,up_proj,7,0.9999529123306274
full,sst2,n/a,8,up_proj,8,0.9998866319656372
full,sst2,n/a,8,up_proj,9,0.9999189972877502
full,sst2,n/a,8,up_proj,10,0.9998465180397034
full,sst2,n/a,8,up_proj,11,0.999828577041626
full,sst2,n/a,8,up_proj,12,0.9998724460601807
full,sst2,n/a,8,up_proj,13,0.9051409363746643
full,sst2,n/a,8,up_proj,14,0.9051308035850525
full,sst2,n/a,8,up_proj,15,0.9999194741249084
full,sst2,n/a,8,up_proj,16,0.9998823404312134
full,sst2,n/a,8,up_proj,17,0.9999022483825684
full,sst2,n/a,8,up_proj,18,0.9997544288635254
full,sst2,n/a,8,up_proj,19,0.9997199177742004
full,sst2,n/a,8,up_proj,20,0.9998373985290527
full,sst2,n/a,8,up_proj,21,0.9997991323471069
full,sst2,n/a,8,up_proj,22,0.9998217225074768
full,sst2,n/a,8,up_proj,23,0.9763892889022827
full,sst2,n/a,8,up_proj,24,0.9763281345367432
full,sst2,n/a,8,up_proj,25,0.9995871782302856
full,sst2,n/a,8,up_proj,26,0.9997052550315857
full,sst2,n/a,8,up_proj,27,0.9996289610862732
full,sst2,n/a,8,up_proj,28,0.9996594786643982
full,sst2,n/a,8,up_proj,29,0.9995964169502258
full,sst2,n/a,8,up_proj,30,0.9995960593223572
full,sst2,n/a,8,up_proj,31,0.998690664768219
full,sst2,n/a,8,up_proj,32,0.9987965226173401
full,sst2,n/a,8,up_proj,33,0.9976651072502136
full,sst2,n/a,8,up_proj,34,0.9977430701255798
full,sst2,n/a,8,up_proj,35,0.999416708946228
full,sst2,n/a,8,up_proj,36,0.9980112910270691
full,sst2,n/a,8,up_proj,37,0.9977670311927795
full,sst2,n/a,8,up_proj,38,0.9991827607154846
full,sst2,n/a,8,up_proj,39,0.9995601773262024
full,sst2,n/a,8,up_proj,40,0.9992729425430298
full,sst2,n/a,8,up_proj,41,0.9997570514678955
full,sst2,n/a,8,up_proj,42,0.9993244409561157
full,sst2,n/a,8,up_proj,43,0.9993995428085327
full,sst2,n/a,8,up_proj,44,0.9996487498283386
full,sst2,n/a,8,up_proj,45,0.9990649819374084
full,sst2,n/a,8,up_proj,46,0.9984658360481262
full,sst2,n/a,8,up_proj,47,0.9980573058128357
full,sst2,n/a,8,up_proj,48,0.9995380640029907
full,sst2,n/a,8,up_proj,49,0.9992579221725464
full,sst2,n/a,8,up_proj,50,0.9990500211715698
full,sst2,n/a,8,down_proj,1,0.9999987483024597
full,sst2,n/a,8,down_proj,2,0.9999958872795105
full,sst2,n/a,8,down_proj,3,0.999996542930603
full,sst2,n/a,8,down_proj,4,0.999992847442627
full,sst2,n/a,8,down_proj,5,0.9999878406524658
full,sst2,n/a,8,down_proj,6,0.9999923706054688
full,sst2,n/a,8,down_proj,7,0.9999892711639404
full,sst2,n/a,8,down_proj,8,0.9999887347221375
full,sst2,n/a,8,down_proj,9,0.9999879598617554
full,sst2,n/a,8,down_proj,10,0.9999649524688721
full,sst2,n/a,8,down_proj,11,0.9999616146087646
full,sst2,n/a,8,down_proj,12,0.9999706745147705
full,sst2,n/a,8,down_proj,13,0.9999210834503174
full,sst2,n/a,8,down_proj,14,0.9999465346336365
full,sst2,n/a,8,down_proj,15,0.99996018409729
full,sst2,n/a,8,down_proj,16,0.9999769926071167
full,sst2,n/a,8,down_proj,17,0.9999622106552124
full,sst2,n/a,8,down_proj,18,0.9999675750732422
full,sst2,n/a,8,down_proj,19,0.9985336661338806
full,sst2,n/a,8,down_proj,20,0.9984139800071716
full,sst2,n/a,8,down_proj,21,0.9997757077217102
full,sst2,n/a,8,down_proj,22,0.9996334910392761
full,sst2,n/a,8,down_proj,23,0.9996563196182251
full,sst2,n/a,8,down_proj,24,0.9999271035194397
full,sst2,n/a,8,down_proj,25,0.9999307990074158
full,sst2,n/a,8,down_proj,26,0.9994027614593506
full,sst2,n/a,8,down_proj,27,0.9993981719017029
full,sst2,n/a,8,down_proj,28,0.9999395608901978
full,sst2,n/a,8,down_proj,29,0.9999480843544006
full,sst2,n/a,8,down_proj,30,0.9996007084846497
full,sst2,n/a,8,down_proj,31,0.9995543956756592
full,sst2,n/a,8,down_proj,32,0.9997945427894592
full,sst2,n/a,8,down_proj,33,0.9997864961624146
full,sst2,n/a,8,down_proj,34,0.9999492764472961
full,sst2,n/a,8,down_proj,35,0.999940812587738
full,sst2,n/a,8,down_proj,36,0.9998800754547119
full,sst2,n/a,8,down_proj,37,0.9998854398727417
full,sst2,n/a,8,down_proj,38,0.9999134540557861
full,sst2,n/a,8,down_proj,39,0.9998863339424133
full,sst2,n/a,8,down_proj,40,0.9999209046363831
full,sst2,n/a,8,down_proj,41,0.9968397617340088
full,sst2,n/a,8,down_proj,42,0.9968776106834412
full,sst2,n/a,8,down_proj,43,0.9998151063919067
full,sst2,n/a,8,down_proj,44,0.9997149705886841
full,sst2,n/a,8,down_proj,45,0.9996271133422852
full,sst2,n/a,8,down_proj,46,0.9997987151145935
full,sst2,n/a,8,down_proj,47,0.9997909069061279
full,sst2,n/a,8,down_proj,48,0.9993681907653809
full,sst2,n/a,8,down_proj,49,0.999382734298706
full,sst2,n/a,8,down_proj,50,0.9988900423049927
full,sst2,n/a,15,q_proj,1,0.9999975562095642
full,sst2,n/a,15,q_proj,2,0.9999977350234985
full,sst2,n/a,15,q_proj,3,0.9999971389770508
full,sst2,n/a,15,q_proj,4,0.9999884963035583
full,sst2,n/a,15,q_proj,5,0.9999871253967285
full,sst2,n/a,15,q_proj,6,0.9999895691871643
full,sst2,n/a,15,q_proj,7,0.9999938011169434
full,sst2,n/a,15,q_proj,8,0.9999877214431763
full,sst2,n/a,15,q_proj,9,0.9999880194664001
full,sst2,n/a,15,q_proj,10,0.999994158744812
full,sst2,n/a,15,q_proj,11,0.9999945163726807
full,sst2,n/a,15,q_proj,12,0.9999938607215881
full,sst2,n/a,15,q_proj,13,0.999994158744812
full,sst2,n/a,15,q_proj,14,0.9999967217445374
full,sst2,n/a,15,q_proj,15,0.9999956488609314
full,sst2,n/a,15,q_proj,16,0.9999963641166687
full,sst2,n/a,15,q_proj,17,0.999997079372406
full,sst2,n/a,15,q_proj,18,0.9999964833259583
full,sst2,n/a,15,q_proj,19,0.9999641180038452
full,sst2,n/a,15,q_proj,20,0.9999657869338989
full,sst2,n/a,15,q_proj,21,0.999987781047821
full,sst2,n/a,15,q_proj,22,0.9999849200248718
full,sst2,n/a,15,q_proj,23,0.9999946355819702
full,sst2,n/a,15,q_proj,24,0.9999939203262329
full,sst2,n/a,15,q_proj,25,0.9999961853027344
full,sst2,n/a,15,q_proj,26,0.9999975562095642
full,sst2,n/a,15,q_proj,27,0.9999969601631165
full,sst2,n/a,15,q_proj,28,0.999975860118866
full,sst2,n/a,15,q_proj,29,0.9999769926071167
full,sst2,n/a,15,q_proj,30,0.9999936819076538
full,sst2,n/a,15,q_proj,31,0.9999904036521912
full,sst2,n/a,15,q_proj,32,0.9999897480010986
full,sst2,n/a,15,q_proj,33,0.9999899864196777
full,sst2,n/a,15,q_proj,34,0.9999850988388062
full,sst2,n/a,15,q_proj,35,0.9999860525131226
full,sst2,n/a,15,q_proj,36,0.9999932050704956
full,sst2,n/a,15,q_proj,37,0.9999938011169434
full,sst2,n/a,15,q_proj,38,0.9999959468841553
full,sst2,n/a,15,q_proj,39,0.9999952912330627
full,sst2,n/a,15,q_proj,40,0.9999807476997375
full,sst2,n/a,15,q_proj,41,0.9999819397926331
full,sst2,n/a,15,q_proj,42,0.9999878406524658
full,sst2,n/a,15,q_proj,43,0.9999919533729553
full,sst2,n/a,15,q_proj,44,0.9999213218688965
full,sst2,n/a,15,q_proj,45,0.9999216198921204
full,sst2,n/a,15,q_proj,46,0.9999920725822449
full,sst2,n/a,15,q_proj,47,0.9999926090240479
full,sst2,n/a,15,q_proj,48,0.9999913573265076
full,sst2,n/a,15,q_proj,49,0.999984860420227
full,sst2,n/a,15,q_proj,50,0.9997933506965637
full,sst2,n/a,15,v_proj,1,0.9999949932098389
full,sst2,n/a,15,v_proj,2,0.9999955892562866
full,sst2,n/a,15,v_proj,3,0.9999964237213135
full,sst2,n/a,15,v_proj,4,0.9999748468399048
full,sst2,n/a,15,v_proj,5,0.999987006187439
full,sst2,n/a,15,v_proj,6,0.9999780654907227
full,sst2,n/a,15,v_proj,7,0.999987006187439
full,sst2,n/a,15,v_proj,8,0.9999827146530151
full,sst2,n/a,15,v_proj,9,0.9999658465385437
full,sst2,n/a,15,v_proj,10,0.9998655319213867
full,sst2,n/a,15,v_proj,11,0.999846339225769
full,sst2,n/a,15,v_proj,12,0.9999740123748779
full,sst2,n/a,15,v_proj,13,0.9999497532844543
full,sst2,n/a,15,v_proj,14,0.9999220371246338
full,sst2,n/a,15,v_proj,15,0.9994980692863464
full,sst2,n/a,15,v_proj,16,0.9994058609008789
full,sst2,n/a,15,v_proj,17,0.9998695850372314
full,sst2,n/a,15,v_proj,18,0.9999693632125854
full,sst2,n/a,15,v_proj,19,0.999915361404419
full,sst2,n/a,15,v_proj,20,0.9999016523361206
full,sst2,n/a,15,v_proj,21,0.9998494386672974
full,sst2,n/a,15,v_proj,22,0.9998653531074524
full,sst2,n/a,15,v_proj,23,0.9999414682388306
full,sst2,n/a,15,v_proj,24,0.9999680519104004
full,sst2,n/a,15,v_proj,25,0.9997262954711914
full,sst2,n/a,15,v_proj,26,0.9996618032455444
full,sst2,n/a,15,v_proj,27,0.9999262094497681
full,sst2,n/a,15,v_proj,28,0.9997837543487549
full,sst2,n/a,15,v_proj,29,0.9998639822006226
full,sst2,n/a,15,v_proj,30,0.9998874068260193
full,sst2,n/a,15,v_proj,31,0.9999474287033081
full,sst2,n/a,15,v_proj,32,0.9999428987503052
full,sst2,n/a,15,v_proj,33,0.999932587146759
full,sst2,n/a,15,v_proj,34,0.9999650716781616
full,sst2,n/a,15,v_proj,35,0.9999672770500183
full,sst2,n/a,15,v_proj,36,0.9988296031951904
full,sst2,n/a,15,v_proj,37,0.998826801776886
full,sst2,n/a,15,v_proj,38,0.9999659061431885
full,sst2,n/a,15,v_proj,39,0.9995584487915039
full,sst2,n/a,15,v_proj,40,0.9995313882827759
full,sst2,n/a,15,v_proj,41,0.9999446868896484
full,sst2,n/a,15,v_proj,42,0.9999656081199646
full,sst2,n/a,15,v_proj,43,0.999191164970398
full,sst2,n/a,15,v_proj,44,0.9991759061813354
full,sst2,n/a,15,v_proj,45,0.9999487400054932
full,sst2,n/a,15,v_proj,46,0.99958336353302
full,sst2,n/a,15,v_proj,47,0.9993847608566284
full,sst2,n/a,15,v_proj,48,0.9997859001159668
full,sst2,n/a,15,v_proj,49,0.999928891658783
full,sst2,n/a,15,v_proj,50,0.9999494552612305
full,sst2,n/a,15,up_proj,1,0.9999982714653015
full,sst2,n/a,15,up_proj,2,0.9999994039535522
full,sst2,n/a,15,up_proj,3,0.9999982118606567
full,sst2,n/a,15,up_proj,4,0.9999931454658508
full,sst2,n/a,15,up_proj,5,0.9999945759773254
full,sst2,n/a,15,up_proj,6,0.9999943375587463
full,sst2,n/a,15,up_proj,7,0.9999954104423523
full,sst2,n/a,15,up_proj,8,0.999985933303833
full,sst2,n/a,15,up_proj,9,0.9999873638153076
full,sst2,n/a,15,up_proj,10,0.9999947547912598
full,sst2,n/a,15,up_proj,11,0.9999958872795105
full,sst2,n/a,15,up_proj,12,0.9999934434890747
full,sst2,n/a,15,up_proj,13,0.9999837279319763
full,sst2,n/a,15,up_proj,14,0.9999872446060181
full,sst2,n/a,15,up_proj,15,0.9999779462814331
full,sst2,n/a,15,up_proj,16,0.9999752044677734
full,sst2,n/a,15,up_proj,17,0.9999908804893494
full,sst2,n/a,15,up_proj,18,0.9999879598617554
full,sst2,n/a,15,up_proj,19,0.9999897480010986
full,sst2,n/a,15,up_proj,20,0.9999935030937195
full,sst2,n/a,15,up_proj,21,0.9999898672103882
full,sst2,n/a,15,up_proj,22,0.9999911785125732
full,sst2,n/a,15,up_proj,23,0.9999881982803345
full,sst2,n/a,15,up_proj,24,0.9999895095825195
full,sst2,n/a,15,up_proj,25,0.9999913573265076
full,sst2,n/a,15,up_proj,26,0.9999900460243225
full,sst2,n/a,15,up_proj,27,0.9999882578849792
full,sst2,n/a,15,up_proj,28,0.9999874830245972
full,sst2,n/a,15,up_proj,29,0.9999880194664001
full,sst2,n/a,15,up_proj,30,0.9999756813049316
full,sst2,n/a,15,up_proj,31,0.9999331831932068
full,sst2,n/a,15,up_proj,32,0.9999485015869141
full,sst2,n/a,15,up_proj,33,0.9999731779098511
full,sst2,n/a,15,up_proj,34,0.9999476075172424
full,sst2,n/a,15,up_proj,35,0.9999423027038574
full,sst2,n/a,15,up_proj,36,0.9999613165855408
full,sst2,n/a,15,up_proj,37,0.9999701976776123
full,sst2,n/a,15,up_proj,38,0.9999635815620422
full,sst2,n/a,15,up_proj,39,0.9999814629554749
full,sst2,n/a,15,up_proj,40,0.9999522566795349
full,sst2,n/a,15,up_proj,41,0.9999791979789734
full,sst2,n/a,15,up_proj,42,0.9999595880508423
full,sst2,n/a,15,up_proj,43,0.9999491572380066
full,sst2,n/a,15,up_proj,44,0.9999247193336487
full,sst2,n/a,15,up_proj,45,0.9999679327011108
full,sst2,n/a,15,up_proj,46,0.9999122619628906
full,sst2,n/a,15,up_proj,47,0.9999309778213501
full,sst2,n/a,15,up_proj,48,0.9999224543571472
full,sst2,n/a,15,up_proj,49,0.9998898506164551
full,sst2,n/a,15,up_proj,50,0.9999366998672485
full,sst2,n/a,15,down_proj,1,0.9999982714653015
full,sst2,n/a,15,down_proj,2,0.9999922513961792
full,sst2,n/a,15,down_proj,3,0.999991774559021
full,sst2,n/a,15,down_proj,4,0.9999748468399048
full,sst2,n/a,15,down_proj,5,0.9999906420707703
full,sst2,n/a,15,down_proj,6,0.9999794960021973
full,sst2,n/a,15,down_proj,7,0.9999522566795349
full,sst2,n/a,15,down_proj,8,0.9999322891235352
full,sst2,n/a,15,down_proj,9,0.9998019933700562
full,sst2,n/a,15,down_proj,10,0.9997665882110596
full,sst2,n/a,15,down_proj,11,0.9998170137405396
full,sst2,n/a,15,down_proj,12,0.9993354082107544
full,sst2,n/a,15,down_proj,13,0.9965593218803406
full,sst2,n/a,15,down_proj,14,0.9959820508956909
full,sst2,n/a,15,down_proj,15,0.9997022151947021
full,sst2,n/a,15,down_proj,16,0.99942946434021
full,sst2,n/a,15,down_proj,17,0.9991452693939209
full,sst2,n/a,15,down_proj,18,0.99880051612854
full,sst2,n/a,15,down_proj,19,0.9990163445472717
full,sst2,n/a,15,down_proj,20,0.9996615052223206
full,sst2,n/a,15,down_proj,21,0.9996309280395508
full,sst2,n/a,15,down_proj,22,0.999445915222168
full,sst2,n/a,15,down_proj,23,0.9996234774589539
full,sst2,n/a,15,down_proj,24,0.9995884299278259
full,sst2,n/a,15,down_proj,25,0.9994595646858215
full,sst2,n/a,15,down_proj,26,0.9943003058433533
full,sst2,n/a,15,down_proj,27,0.9941065311431885
full,sst2,n/a,15,down_proj,28,0.9998560547828674
full,sst2,n/a,15,down_proj,29,0.99977046251297
full,sst2,n/a,15,down_proj,30,0.9990079402923584
full,sst2,n/a,15,down_proj,31,0.9988573789596558
full,sst2,n/a,15,down_proj,32,0.9984301924705505
full,sst2,n/a,15,down_proj,33,0.9984374642372131
full,sst2,n/a,15,down_proj,34,0.9993705153465271
full,sst2,n/a,15,down_proj,35,0.9991819858551025
full,sst2,n/a,15,down_proj,36,0.9992285370826721
full,sst2,n/a,15,down_proj,37,0.9997056722640991
full,sst2,n/a,15,down_proj,38,0.9990562200546265
full,sst2,n/a,15,down_proj,39,0.9988164305686951
full,sst2,n/a,15,down_proj,40,0.9974495768547058
full,sst2,n/a,15,down_proj,41,0.9983908534049988
full,sst2,n/a,15,down_proj,42,0.9987729787826538
full,sst2,n/a,15,down_proj,43,0.9990329742431641
full,sst2,n/a,15,down_proj,44,0.9984433054924011
full,sst2,n/a,15,down_proj,45,0.9988119602203369
full,sst2,n/a,15,down_proj,46,0.9993926286697388
full,sst2,n/a,15,down_proj,47,0.9994534254074097
full,sst2,n/a,15,down_proj,48,0.9995169639587402
full,sst2,n/a,15,down_proj,49,0.9894106984138489
full,sst2,n/a,15,down_proj,50,0.9893777370452881
full,winogrande,n/a,0,q_proj,1,1.0000004768371582
full,winogrande,n/a,0,q_proj,2,0.9999990463256836
full,winogrande,n/a,0,q_proj,3,0.9999995827674866
full,winogrande,n/a,0,q_proj,4,0.999997615814209
full,winogrande,n/a,0,q_proj,5,0.999998152256012
full,winogrande,n/a,0,q_proj,6,0.9999977350234985
full,winogrande,n/a,0,q_proj,7,0.9999969601631165
full,winogrande,n/a,0,q_proj,8,0.9999972581863403
full,winogrande,n/a,0,q_proj,9,0.9999961853027344
full,winogrande,n/a,0,q_proj,10,0.9999975562095642
full,winogrande,n/a,0,q_proj,11,0.9999966621398926
full,winogrande,n/a,0,q_proj,12,0.9999958872795105
full,winogrande,n/a,0,q_proj,13,0.9999956488609314
full,winogrande,n/a,0,q_proj,14,0.9999954700469971
full,winogrande,n/a,0,q_proj,15,0.9999410510063171
full,winogrande,n/a,0,q_proj,16,0.9999379515647888
full,winogrande,n/a,0,q_proj,17,0.9999886751174927
full,winogrande,n/a,0,q_proj,18,0.9999908208847046
full,winogrande,n/a,0,q_proj,19,0.9999918341636658
full,winogrande,n/a,0,q_proj,20,0.9999935030937195
full,winogrande,n/a,0,q_proj,21,0.999972403049469
full,winogrande,n/a,0,q_proj,22,0.9999675750732422
full,winogrande,n/a,0,q_proj,23,0.9999673366546631
full,winogrande,n/a,0,q_proj,24,0.9999582171440125
full,winogrande,n/a,0,q_proj,25,0.999964714050293
full,winogrande,n/a,0,q_proj,26,0.9999772310256958
full,winogrande,n/a,0,q_proj,27,0.9999037384986877
full,winogrande,n/a,0,q_proj,28,0.9999136924743652
full,winogrande,n/a,0,q_proj,29,0.9999698400497437
full,winogrande,n/a,0,q_proj,30,0.9999788403511047
full,winogrande,n/a,0,q_proj,31,0.9999602437019348
full,winogrande,n/a,0,q_proj,32,0.9999720454216003
full,winogrande,n/a,0,q_proj,33,0.9999665021896362
full,winogrande,n/a,0,q_proj,34,0.9999725222587585
full,winogrande,n/a,0,q_proj,35,0.9999666810035706
full,winogrande,n/a,0,q_proj,36,0.9999504685401917
full,winogrande,n/a,0,q_proj,37,0.9999535083770752
full,winogrande,n/a,0,q_proj,38,0.9999633431434631
full,winogrande,n/a,0,q_proj,39,0.9999043941497803
full,winogrande,n/a,0,q_proj,40,0.9999685883522034
full,winogrande,n/a,0,q_proj,41,0.9999550580978394
full,winogrande,n/a,0,q_proj,42,0.9999049305915833
full,winogrande,n/a,0,q_proj,43,0.9999050498008728
full,winogrande,n/a,0,q_proj,44,0.9999722838401794
full,winogrande,n/a,0,q_proj,45,0.9999462366104126
full,winogrande,n/a,0,q_proj,46,0.9999644756317139
full,winogrande,n/a,0,q_proj,47,0.9999050498008728
full,winogrande,n/a,0,q_proj,48,0.9999275207519531
full,winogrande,n/a,0,q_proj,49,0.9999232292175293
full,winogrande,n/a,0,q_proj,50,0.9998852014541626
full,winogrande,n/a,0,v_proj,1,0.9998990297317505
full,winogrande,n/a,0,v_proj,2,0.9988720417022705
full,winogrande,n/a,0,v_proj,3,0.9991213083267212
full,winogrande,n/a,0,v_proj,4,0.9990034699440002
full,winogrande,n/a,0,v_proj,5,0.9995666146278381
full,winogrande,n/a,0,v_proj,6,0.9993551969528198
full,winogrande,n/a,0,v_proj,7,0.9990103244781494
full,winogrande,n/a,0,v_proj,8,0.9984950423240662
full,winogrande,n/a,0,v_proj,9,0.9992383122444153
full,winogrande,n/a,0,v_proj,10,0.9980925917625427
full,winogrande,n/a,0,v_proj,11,0.9885472059249878
full,winogrande,n/a,0,v_proj,12,0.9831628799438477
full,winogrande,n/a,0,v_proj,13,0.9916677474975586
full,winogrande,n/a,0,v_proj,14,0.9971394538879395
full,winogrande,n/a,0,v_proj,15,0.9969112873077393
full,winogrande,n/a,0,v_proj,16,0.993493914604187
full,winogrande,n/a,0,v_proj,17,0.9893008470535278
full,winogrande,n/a,0,v_proj,18,0.9796323776245117
full,winogrande,n/a,0,v_proj,19,0.9840686917304993
full,winogrande,n/a,0,v_proj,20,0.9957766532897949
full,winogrande,n/a,0,v_proj,21,0.9638303518295288
full,winogrande,n/a,0,v_proj,22,0.9610187411308289
full,winogrande,n/a,0,v_proj,23,0.9827945232391357
full,winogrande,n/a,0,v_proj,24,0.9506460428237915
full,winogrande,n/a,0,v_proj,25,0.962936282157898
full,winogrande,n/a,0,v_proj,26,0.991060733795166
full,winogrande,n/a,0,v_proj,27,0.9817272424697876
full,winogrande,n/a,0,v_proj,28,0.9755632877349854
full,winogrande,n/a,0,v_proj,29,0.9801369905471802
full,winogrande,n/a,0,v_proj,30,0.9754178524017334
full,winogrande,n/a,0,v_proj,31,0.9551015496253967
full,winogrande,n/a,0,v_proj,32,0.9832547903060913
full,winogrande,n/a,0,v_proj,33,0.9648367166519165
full,winogrande,n/a,0,v_proj,34,0.9607037305831909
full,winogrande,n/a,0,v_proj,35,0.885308027267456
full,winogrande,n/a,0,v_proj,36,0.919603168964386
full,winogrande,n/a,0,v_proj,37,0.9547704458236694
full,winogrande,n/a,0,v_proj,38,0.8949965238571167
full,winogrande,n/a,0,v_proj,39,0.9042090177536011
full,winogrande,n/a,0,v_proj,40,0.87687087059021
full,winogrande,n/a,0,v_proj,41,0.9545750617980957
full,winogrande,n/a,0,v_proj,42,0.9313552975654602
full,winogrande,n/a,0,v_proj,43,0.9570714235305786
full,winogrande,n/a,0,v_proj,44,0.8425055146217346
full,winogrande,n/a,0,v_proj,45,0.850452184677124
full,winogrande,n/a,0,v_proj,46,0.8727627992630005
full,winogrande,n/a,0,v_proj,47,0.8643853664398193
full,winogrande,n/a,0,v_proj,48,0.9829009771347046
full,winogrande,n/a,0,v_proj,49,0.9838244915008545
full,winogrande,n/a,0,v_proj,50,0.9491169452667236
full,winogrande,n/a,0,up_proj,1,0.9999176859855652
full,winogrande,n/a,0,up_proj,2,0.9999262690544128
full,winogrande,n/a,0,up_proj,3,0.9999366402626038
full,winogrande,n/a,0,up_proj,4,0.999885618686676
full,winogrande,n/a,0,up_proj,5,0.9998652935028076
full,winogrande,n/a,0,up_proj,6,0.9986942410469055
full,winogrande,n/a,0,up_proj,7,0.9986138343811035
full,winogrande,n/a,0,up_proj,8,0.9995740056037903
full,winogrande,n/a,0,up_proj,9,0.9995148777961731
full,winogrande,n/a,0,up_proj,10,0.9996001720428467
full,winogrande,n/a,0,up_proj,11,0.99955815076828
full,winogrande,n/a,0,up_proj,12,0.9997380971908569
full,winogrande,n/a,0,up_proj,13,0.9995585083961487
full,winogrande,n/a,0,up_proj,14,0.999343991279602
full,winogrande,n/a,0,up_proj,15,0.9995177984237671
full,winogrande,n/a,0,up_proj,16,0.9988168478012085
full,winogrande,n/a,0,up_proj,17,0.9920381903648376
full,winogrande,n/a,0,up_proj,18,0.992021381855011
full,winogrande,n/a,0,up_proj,19,0.999200165271759
full,winogrande,n/a,0,up_proj,20,0.9992630481719971
full,winogrande,n/a,0,up_proj,21,0.9988604187965393
full,winogrande,n/a,0,up_proj,22,0.9988889694213867
full,winogrande,n/a,0,up_proj,23,0.9996682405471802
full,winogrande,n/a,0,up_proj,24,0.9996405839920044
full,winogrande,n/a,0,up_proj,25,0.9997366070747375
full,winogrande,n/a,0,up_proj,26,0.9993650317192078
full,winogrande,n/a,0,up_proj,27,0.9988284111022949
full,winogrande,n/a,0,up_proj,28,0.9994632601737976
full,winogrande,n/a,0,up_proj,29,0.9990331530570984
full,winogrande,n/a,0,up_proj,30,0.9995926022529602
full,winogrande,n/a,0,up_proj,31,0.9993941187858582
full,winogrande,n/a,0,up_proj,32,0.9970346093177795
full,winogrande,n/a,0,up_proj,33,0.997247576713562
full,winogrande,n/a,0,up_proj,34,0.999570906162262
full,winogrande,n/a,0,up_proj,35,0.9996330142021179
full,winogrande,n/a,0,up_proj,36,0.9997012615203857
full,winogrande,n/a,0,up_proj,37,0.9993199110031128
full,winogrande,n/a,0,up_proj,38,0.9993473291397095
full,winogrande,n/a,0,up_proj,39,0.9996966123580933
full,winogrande,n/a,0,up_proj,40,0.9995895624160767
full,winogrande,n/a,0,up_proj,41,0.9992733001708984
full,winogrande,n/a,0,up_proj,42,0.998997688293457
full,winogrande,n/a,0,up_proj,43,0.9993081092834473
full,winogrande,n/a,0,up_proj,44,0.9970100522041321
full,winogrande,n/a,0,up_proj,45,0.9982520937919617
full,winogrande,n/a,0,up_proj,46,0.9987350106239319
full,winogrande,n/a,0,up_proj,47,0.9987918138504028
full,winogrande,n/a,0,up_proj,48,0.9972143769264221
full,winogrande,n/a,0,up_proj,49,0.998019814491272
full,winogrande,n/a,0,up_proj,50,0.9978055953979492
full,winogrande,n/a,0,down_proj,1,0.9999881982803345
full,winogrande,n/a,0,down_proj,2,0.9999850392341614
full,winogrande,n/a,0,down_proj,3,0.999981701374054
full,winogrande,n/a,0,down_proj,4,0.9999785423278809
full,winogrande,n/a,0,down_proj,5,0.9999703168869019
full,winogrande,n/a,0,down_proj,6,0.9999485015869141
full,winogrande,n/a,0,down_proj,7,0.9999411702156067
full,winogrande,n/a,0,down_proj,8,0.9999392628669739
full,winogrande,n/a,0,down_proj,9,0.9999362826347351
full,winogrande,n/a,0,down_proj,10,0.9998505115509033
full,winogrande,n/a,0,down_proj,11,0.9997790455818176
full,winogrande,n/a,0,down_proj,12,0.999879777431488
full,winogrande,n/a,0,down_proj,13,0.9998672604560852
full,winogrande,n/a,0,down_proj,14,0.9997355937957764
full,winogrande,n/a,0,down_proj,15,0.9997804164886475
full,winogrande,n/a,0,down_proj,16,0.9998289942741394
full,winogrande,n/a,0,down_proj,17,0.9987154006958008
full,winogrande,n/a,0,down_proj,18,0.9986604452133179
full,winogrande,n/a,0,down_proj,19,0.9997666478157043
full,winogrande,n/a,0,down_proj,20,0.9671850204467773
full,winogrande,n/a,0,down_proj,21,0.9672104120254517
full,winogrande,n/a,0,down_proj,22,0.9996603727340698
full,winogrande,n/a,0,down_proj,23,0.9989814162254333
full,winogrande,n/a,0,down_proj,24,0.9988273978233337
full,winogrande,n/a,0,down_proj,25,0.9990766048431396
full,winogrande,n/a,0,down_proj,26,0.9993966221809387
full,winogrande,n/a,0,down_proj,27,0.9985174536705017
full,winogrande,n/a,0,down_proj,28,0.9983651638031006
full,winogrande,n/a,0,down_proj,29,0.999406635761261
full,winogrande,n/a,0,down_proj,30,0.9991556406021118
full,winogrande,n/a,0,down_proj,31,0.998984158039093
full,winogrande,n/a,0,down_proj,32,0.9992749094963074
full,winogrande,n/a,0,down_proj,33,0.9988981485366821
full,winogrande,n/a,0,down_proj,34,0.9987045526504517
full,winogrande,n/a,0,down_proj,35,0.9988865852355957
full,winogrande,n/a,0,down_proj,36,0.9971211552619934
full,winogrande,n/a,0,down_proj,37,0.997425377368927
full,winogrande,n/a,0,down_proj,38,0.9996241331100464
full,winogrande,n/a,0,down_proj,39,0.9981452226638794
full,winogrande,n/a,0,down_proj,40,0.9966391324996948
full,winogrande,n/a,0,down_proj,41,0.9982632398605347
full,winogrande,n/a,0,down_proj,42,0.9478205442428589
full,winogrande,n/a,0,down_proj,43,0.9486429691314697
full,winogrande,n/a,0,down_proj,44,0.9990941882133484
full,winogrande,n/a,0,down_proj,45,0.999047577381134
full,winogrande,n/a,0,down_proj,46,0.9986487627029419
full,winogrande,n/a,0,down_proj,47,0.9898031949996948
full,winogrande,n/a,0,down_proj,48,0.9896554350852966
full,winogrande,n/a,0,down_proj,49,0.9976426362991333
full,winogrande,n/a,0,down_proj,50,0.8132404088973999
full,winogrande,n/a,8,q_proj,1,0.9999833106994629
full,winogrande,n/a,8,q_proj,2,0.9999887943267822
full,winogrande,n/a,8,q_proj,3,0.9999871850013733
full,winogrande,n/a,8,q_proj,4,0.9999770522117615
full,winogrande,n/a,8,q_proj,5,0.9999818801879883
full,winogrande,n/a,8,q_proj,6,0.9999866485595703
full,winogrande,n/a,8,q_proj,7,0.9999626874923706
full,winogrande,n/a,8,q_proj,8,0.9997743368148804
full,winogrande,n/a,8,q_proj,9,0.9997971653938293
full,winogrande,n/a,8,q_proj,10,0.9999886751174927
full,winogrande,n/a,8,q_proj,11,0.9999866485595703
full,winogrande,n/a,8,q_proj,12,0.99998539686203
full,winogrande,n/a,8,q_proj,13,0.9999520182609558
full,winogrande,n/a,8,q_proj,14,0.9999626874923706
full,winogrande,n/a,8,q_proj,15,0.9999539852142334
full,winogrande,n/a,8,q_proj,16,0.9999342560768127
full,winogrande,n/a,8,q_proj,17,0.9999627470970154
full,winogrande,n/a,8,q_proj,18,0.999984860420227
full,winogrande,n/a,8,q_proj,19,0.9999778270721436
full,winogrande,n/a,8,q_proj,20,0.9999671578407288
full,winogrande,n/a,8,q_proj,21,0.9999662041664124
full,winogrande,n/a,8,q_proj,22,0.9999674558639526
full,winogrande,n/a,8,q_proj,23,0.9999668598175049
full,winogrande,n/a,8,q_proj,24,0.9999737739562988
full,winogrande,n/a,8,q_proj,25,0.9999767541885376
full,winogrande,n/a,8,q_proj,26,0.9999718070030212
full,winogrande,n/a,8,q_proj,27,0.9999520182609558
full,winogrande,n/a,8,q_proj,28,0.9999005198478699
full,winogrande,n/a,8,q_proj,29,0.999782919883728
full,winogrande,n/a,8,q_proj,30,0.9997422099113464
full,winogrande,n/a,8,q_proj,31,0.9997559189796448
full,winogrande,n/a,8,q_proj,32,0.9997532367706299
full,winogrande,n/a,8,q_proj,33,0.999859094619751
full,winogrande,n/a,8,q_proj,34,0.9999125003814697
full,winogrande,n/a,8,q_proj,35,0.9999309778213501
full,winogrande,n/a,8,q_proj,36,0.9999229907989502
full,winogrande,n/a,8,q_proj,37,0.9999051690101624
full,winogrande,n/a,8,q_proj,38,0.9996653199195862
full,winogrande,n/a,8,q_proj,39,0.9996874332427979
full,winogrande,n/a,8,q_proj,40,0.9999419450759888
full,winogrande,n/a,8,q_proj,41,0.9997604489326477
full,winogrande,n/a,8,q_proj,42,0.9998182654380798
full,winogrande,n/a,8,q_proj,43,0.9994860291481018
full,winogrande,n/a,8,q_proj,44,0.99949049949646
full,winogrande,n/a,8,q_proj,45,0.9998518824577332
full,winogrande,n/a,8,q_proj,46,0.9998742341995239
full,winogrande,n/a,8,q_proj,47,0.9999680519104004
full,winogrande,n/a,8,q_proj,48,0.9998860955238342
full,winogrande,n/a,8,q_proj,49,0.9999569058418274
full,winogrande,n/a,8,q_proj,50,0.9999114274978638
full,winogrande,n/a,8,v_proj,1,0.9989856481552124
full,winogrande,n/a,8,v_proj,2,0.9939312934875488
full,winogrande,n/a,8,v_proj,3,0.9650143384933472
full,winogrande,n/a,8,v_proj,4,0.9173072576522827
full,winogrande,n/a,8,v_proj,5,0.9823184609413147
full,winogrande,n/a,8,v_proj,6,0.9661047458648682
full,winogrande,n/a,8,v_proj,7,0.9962754249572754
full,winogrande,n/a,8,v_proj,8,0.9784047603607178
full,winogrande,n/a,8,v_proj,9,0.9804831743240356
full,winogrande,n/a,8,v_proj,10,0.9882470965385437
full,winogrande,n/a,8,v_proj,11,0.9846187829971313
full,winogrande,n/a,8,v_proj,12,0.9592628479003906
full,winogrande,n/a,8,v_proj,13,0.963568925857544
full,winogrande,n/a,8,v_proj,14,0.9933915734291077
full,winogrande,n/a,8,v_proj,15,0.9967901706695557
full,winogrande,n/a,8,v_proj,16,0.991208553314209
full,winogrande,n/a,8,v_proj,17,0.9910898208618164
full,winogrande,n/a,8,v_proj,18,0.9821839928627014
full,winogrande,n/a,8,v_proj,19,0.9807265996932983
full,winogrande,n/a,8,v_proj,20,0.9954032897949219
full,winogrande,n/a,8,v_proj,21,0.9933227300643921
full,winogrande,n/a,8,v_proj,22,0.9801062941551208
full,winogrande,n/a,8,v_proj,23,0.9755054116249084
full,winogrande,n/a,8,v_proj,24,0.9921492338180542
full,winogrande,n/a,8,v_proj,25,0.9950932264328003
full,winogrande,n/a,8,v_proj,26,0.9897370338439941
full,winogrande,n/a,8,v_proj,27,0.9812589883804321
full,winogrande,n/a,8,v_proj,28,0.9746497869491577
full,winogrande,n/a,8,v_proj,29,0.9789260625839233
full,winogrande,n/a,8,v_proj,30,0.9823503494262695
full,winogrande,n/a,8,v_proj,31,0.9830759763717651
full,winogrande,n/a,8,v_proj,32,0.9767942428588867
full,winogrande,n/a,8,v_proj,33,0.987693727016449
full,winogrande,n/a,8,v_proj,34,0.9946760535240173
full,winogrande,n/a,8,v_proj,35,0.9802517294883728
full,winogrande,n/a,8,v_proj,36,0.9776031374931335
full,winogrande,n/a,8,v_proj,37,0.9761984348297119
full,winogrande,n/a,8,v_proj,38,0.9636818766593933
full,winogrande,n/a,8,v_proj,39,0.9718014001846313
full,winogrande,n/a,8,v_proj,40,0.9921045303344727
full,winogrande,n/a,8,v_proj,41,0.9950066208839417
full,winogrande,n/a,8,v_proj,42,0.9927822351455688
full,winogrande,n/a,8,v_proj,43,0.9790700078010559
full,winogrande,n/a,8,v_proj,44,0.9841079711914062
full,winogrande,n/a,8,v_proj,45,0.9924894571304321
full,winogrande,n/a,8,v_proj,46,0.9817026853561401
full,winogrande,n/a,8,v_proj,47,0.9831357002258301
full,winogrande,n/a,8,v_proj,48,0.9516555666923523
full,winogrande,n/a,8,v_proj,49,0.7946305871009827
full,winogrande,n/a,8,v_proj,50,0.7857801914215088
full,winogrande,n/a,8,up_proj,1,0.9999751448631287
full,winogrande,n/a,8,up_proj,2,0.9999359250068665
full,winogrande,n/a,8,up_proj,3,0.9999268054962158
full,winogrande,n/a,8,up_proj,4,0.999944269657135
full,winogrande,n/a,8,up_proj,5,0.9999150037765503
full,winogrande,n/a,8,up_proj,6,0.9999094009399414
full,winogrande,n/a,8,up_proj,7,0.9999168515205383
full,winogrande,n/a,8,up_proj,8,0.9997642040252686
full,winogrande,n/a,8,up_proj,9,0.9998612999916077
full,winogrande,n/a,8,up_proj,10,0.9997875690460205
full,winogrande,n/a,8,up_proj,11,0.999796450138092
full,winogrande,n/a,8,up_proj,12,0.9996771216392517
full,winogrande,n/a,8,up_proj,13,0.8401438593864441
full,winogrande,n/a,8,up_proj,14,0.8402222990989685
full,winogrande,n/a,8,up_proj,15,0.999875545501709
full,winogrande,n/a,8,up_proj,16,0.9998765587806702
full,winogrande,n/a,8,up_proj,17,0.9998739361763
full,winogrande,n/a,8,up_proj,18,0.9997783899307251
full,winogrande,n/a,8,up_proj,19,0.9995925426483154
full,winogrande,n/a,8,up_proj,20,0.9996102452278137
full,winogrande,n/a,8,up_proj,21,0.9996921420097351
full,winogrande,n/a,8,up_proj,22,0.999640703201294
full,winogrande,n/a,8,up_proj,23,0.9944611191749573
full,winogrande,n/a,8,up_proj,24,0.9943414926528931
full,winogrande,n/a,8,up_proj,25,0.9992525577545166
full,winogrande,n/a,8,up_proj,26,0.9994248151779175
full,winogrande,n/a,8,up_proj,27,0.9995428323745728
full,winogrande,n/a,8,up_proj,28,0.9993389844894409
full,winogrande,n/a,8,up_proj,29,0.9996943473815918
full,winogrande,n/a,8,up_proj,30,0.9995384216308594
full,winogrande,n/a,8,up_proj,31,0.996802031993866
full,winogrande,n/a,8,up_proj,32,0.9966628551483154
full,winogrande,n/a,8,up_proj,33,0.9982324242591858
full,winogrande,n/a,8,up_proj,34,0.9981840252876282
full,winogrande,n/a,8,up_proj,35,0.9993078112602234
full,winogrande,n/a,8,up_proj,36,0.997639536857605
full,winogrande,n/a,8,up_proj,37,0.9978604912757874
full,winogrande,n/a,8,up_proj,38,0.9988868832588196
full,winogrande,n/a,8,up_proj,39,0.8570991158485413
full,winogrande,n/a,8,up_proj,40,0.8566707968711853
full,winogrande,n/a,8,up_proj,41,0.9985959529876709
full,winogrande,n/a,8,up_proj,42,0.9990329742431641
full,winogrande,n/a,8,up_proj,43,0.9990648627281189
full,winogrande,n/a,8,up_proj,44,0.9992928504943848
full,winogrande,n/a,8,up_proj,45,0.9961410164833069
full,winogrande,n/a,8,up_proj,46,0.9966824054718018
full,winogrande,n/a,8,up_proj,47,0.9981439709663391
full,winogrande,n/a,8,up_proj,48,0.9986846446990967
full,winogrande,n/a,8,up_proj,49,0.9982298016548157
full,winogrande,n/a,8,up_proj,50,0.9983838796615601
full,winogrande,n/a,8,down_proj,1,0.9999979734420776
full,winogrande,n/a,8,down_proj,2,0.9999909996986389
full,winogrande,n/a,8,down_proj,3,0.9999927282333374
full,winogrande,n/a,8,down_proj,4,0.9999887943267822
full,winogrande,n/a,8,down_proj,5,0.9999846816062927
full,winogrande,n/a,8,down_proj,6,0.9999604225158691
full,winogrande,n/a,8,down_proj,7,0.9999579191207886
full,winogrande,n/a,8,down_proj,8,0.9999849796295166
full,winogrande,n/a,8,down_proj,9,0.9999783635139465
full,winogrande,n/a,8,down_proj,10,0.9999499320983887
full,winogrande,n/a,8,down_proj,11,0.9998611211776733
full,winogrande,n/a,8,down_proj,12,0.9998616576194763
full,winogrande,n/a,8,down_proj,13,0.9999242424964905
full,winogrande,n/a,8,down_proj,14,0.999950647354126
full,winogrande,n/a,8,down_proj,15,0.9999621510505676
full,winogrande,n/a,8,down_proj,16,0.9999538064002991
full,winogrande,n/a,8,down_proj,17,0.9999415278434753
full,winogrande,n/a,8,down_proj,18,0.999953031539917
full,winogrande,n/a,8,down_proj,19,0.9997605681419373
full,winogrande,n/a,8,down_proj,20,0.9996995329856873
full,winogrande,n/a,8,down_proj,21,0.9998269081115723
full,winogrande,n/a,8,down_proj,22,0.9997009038925171
full,winogrande,n/a,8,down_proj,23,0.9997162818908691
full,winogrande,n/a,8,down_proj,24,0.999865710735321
full,winogrande,n/a,8,down_proj,25,0.9997278451919556
full,winogrande,n/a,8,down_proj,26,0.9991001486778259
full,winogrande,n/a,8,down_proj,27,0.99897700548172
full,winogrande,n/a,8,down_proj,28,0.9997630715370178
full,winogrande,n/a,8,down_proj,29,0.9998337626457214
full,winogrande,n/a,8,down_proj,30,0.9993610382080078
full,winogrande,n/a,8,down_proj,31,0.9993187785148621
full,winogrande,n/a,8,down_proj,32,0.9998332858085632
full,winogrande,n/a,8,down_proj,33,0.9998260140419006
full,winogrande,n/a,8,down_proj,34,0.9997553825378418
full,winogrande,n/a,8,down_proj,35,0.9997856020927429
full,winogrande,n/a,8,down_proj,36,0.99986732006073
full,winogrande,n/a,8,down_proj,37,0.9998751878738403
full,winogrande,n/a,8,down_proj,38,0.9998217821121216
full,winogrande,n/a,8,down_proj,39,0.9998213052749634
full,winogrande,n/a,8,down_proj,40,0.9998912811279297
full,winogrande,n/a,8,down_proj,41,0.996741771697998
full,winogrande,n/a,8,down_proj,42,0.996637225151062
full,winogrande,n/a,8,down_proj,43,0.9994169473648071
full,winogrande,n/a,8,down_proj,44,0.9993469715118408
full,winogrande,n/a,8,down_proj,45,0.9991776347160339
full,winogrande,n/a,8,down_proj,46,0.9997519850730896
full,winogrande,n/a,8,down_proj,47,0.9964540004730225
full,winogrande,n/a,8,down_proj,48,0.996200442314148
full,winogrande,n/a,8,down_proj,49,0.999464750289917
full,winogrande,n/a,8,down_proj,50,0.9995895624160767
full,winogrande,n/a,15,q_proj,1,0.9999960660934448
full,winogrande,n/a,15,q_proj,2,0.9999977350234985
full,winogrande,n/a,15,q_proj,3,0.9999970197677612
full,winogrande,n/a,15,q_proj,4,0.9999694228172302
full,winogrande,n/a,15,q_proj,5,0.9999657273292542
full,winogrande,n/a,15,q_proj,6,0.9999884366989136
full,winogrande,n/a,15,q_proj,7,0.9999855160713196
full,winogrande,n/a,15,q_proj,8,0.9999741315841675
full,winogrande,n/a,15,q_proj,9,0.9999786019325256
full,winogrande,n/a,15,q_proj,10,0.9999871253967285
full,winogrande,n/a,15,q_proj,11,0.9999867677688599
full,winogrande,n/a,15,q_proj,12,0.9999862313270569
full,winogrande,n/a,15,q_proj,13,0.9999878406524658
full,winogrande,n/a,15,q_proj,14,0.9999959468841553
full,winogrande,n/a,15,q_proj,15,0.9999959468841553
full,winogrande,n/a,15,q_proj,16,0.9999950528144836
full,winogrande,n/a,15,q_proj,17,0.9999947547912598
full,winogrande,n/a,15,q_proj,18,0.9999765157699585
full,winogrande,n/a,15,q_proj,19,0.9999192953109741
full,winogrande,n/a,15,q_proj,20,0.9999409317970276
full,winogrande,n/a,15,q_proj,21,0.9999861121177673
full,winogrande,n/a,15,q_proj,22,0.9999886751174927
full,winogrande,n/a,15,q_proj,23,0.9999926090240479
full,winogrande,n/a,15,q_proj,24,0.9999908804893494
full,winogrande,n/a,15,q_proj,25,0.9999921321868896
full,winogrande,n/a,15,q_proj,26,0.9999940991401672
full,winogrande,n/a,15,q_proj,27,0.999993085861206
full,winogrande,n/a,15,q_proj,28,0.9999252557754517
full,winogrande,n/a,15,q_proj,29,0.9999221563339233
full,winogrande,n/a,15,q_proj,30,0.9999919533729553
full,winogrande,n/a,15,q_proj,31,0.9999773502349854
full,winogrande,n/a,15,q_proj,32,0.9999756217002869
full,winogrande,n/a,15,q_proj,33,0.9999859929084778
full,winogrande,n/a,15,q_proj,34,0.9999622106552124
full,winogrande,n/a,15,q_proj,35,0.9999552965164185
full,winogrande,n/a,15,q_proj,36,0.9999890327453613
full,winogrande,n/a,15,q_proj,37,0.9999813437461853
full,winogrande,n/a,15,q_proj,38,0.9999930262565613
full,winogrande,n/a,15,q_proj,39,0.9999868273735046
full,winogrande,n/a,15,q_proj,40,0.9999380707740784
full,winogrande,n/a,15,q_proj,41,0.9999430775642395
full,winogrande,n/a,15,q_proj,42,0.9999746680259705
full,winogrande,n/a,15,q_proj,43,0.9999796152114868
full,winogrande,n/a,15,q_proj,44,0.9999532699584961
full,winogrande,n/a,15,q_proj,45,0.9999498724937439
full,winogrande,n/a,15,q_proj,46,0.9999884366989136
full,winogrande,n/a,15,q_proj,47,0.9999859929084778
full,winogrande,n/a,15,q_proj,48,0.9999852180480957
full,winogrande,n/a,15,q_proj,49,0.9999369382858276
full,winogrande,n/a,15,q_proj,50,0.9998313188552856
full,winogrande,n/a,15,v_proj,1,0.9999912977218628
full,winogrande,n/a,15,v_proj,2,0.9999731779098511
full,winogrande,n/a,15,v_proj,3,0.9999749064445496
full,winogrande,n/a,15,v_proj,4,0.9999496936798096
full,winogrande,n/a,15,v_proj,5,0.9999504089355469
full,winogrande,n/a,15,v_proj,6,0.9999775886535645
full,winogrande,n/a,15,v_proj,7,0.9999804496765137
full,winogrande,n/a,15,v_proj,8,0.999981164932251
full,winogrande,n/a,15,v_proj,9,0.9999696016311646
full,winogrande,n/a,15,v_proj,10,0.9998177886009216
full,winogrande,n/a,15,v_proj,11,0.9997575283050537
full,winogrande,n/a,15,v_proj,12,0.9999213218688965
full,winogrande,n/a,15,v_proj,13,0.9999189376831055
full,winogrande,n/a,15,v_proj,14,0.9999023675918579
full,winogrande,n/a,15,v_proj,15,0.9998493790626526
full,winogrande,n/a,15,v_proj,16,0.9998432397842407
full,winogrande,n/a,15,v_proj,17,0.999936580657959
full,winogrande,n/a,15,v_proj,18,0.9999630451202393
full,winogrande,n/a,15,v_proj,19,0.9999290704727173
full,winogrande,n/a,15,v_proj,20,0.9999321699142456
full,winogrande,n/a,15,v_proj,21,0.9998311996459961
full,winogrande,n/a,15,v_proj,22,0.9998317956924438
full,winogrande,n/a,15,v_proj,23,0.9999358654022217
full,winogrande,n/a,15,v_proj,24,0.9999605417251587
full,winogrande,n/a,15,v_proj,25,0.9996403455734253
full,winogrande,n/a,15,v_proj,26,0.9994665384292603
full,winogrande,n/a,15,v_proj,27,0.9999016523361206
full,winogrande,n/a,15,v_proj,28,0.9996118545532227
full,winogrande,n/a,15,v_proj,29,0.9997897148132324
full,winogrande,n/a,15,v_proj,30,0.9999011754989624
full,winogrande,n/a,15,v_proj,31,0.9998958110809326
full,winogrande,n/a,15,v_proj,32,0.9999117851257324
full,winogrande,n/a,15,v_proj,33,0.9994943141937256
full,winogrande,n/a,15,v_proj,34,0.9992667436599731
full,winogrande,n/a,15,v_proj,35,0.9996830224990845
full,winogrande,n/a,15,v_proj,36,0.997693657875061
full,winogrande,n/a,15,v_proj,37,0.9977264404296875
full,winogrande,n/a,15,v_proj,38,0.999938428401947
full,winogrande,n/a,15,v_proj,39,0.99937903881073
full,winogrande,n/a,15,v_proj,40,0.9994125366210938
full,winogrande,n/a,15,v_proj,41,0.9999332427978516
full,winogrande,n/a,15,v_proj,42,0.9999467134475708
full,winogrande,n/a,15,v_proj,43,0.9992095232009888
full,winogrande,n/a,15,v_proj,44,0.9991995096206665
full,winogrande,n/a,15,v_proj,45,0.9998828172683716
full,winogrande,n/a,15,v_proj,46,0.9994248151779175
full,winogrande,n/a,15,v_proj,47,0.9992560148239136
full,winogrande,n/a,15,v_proj,48,0.9995841979980469
full,winogrande,n/a,15,v_proj,49,0.9998780488967896
full,winogrande,n/a,15,v_proj,50,0.9999455213546753
full,winogrande,n/a,15,up_proj,1,0.9999909400939941
full,winogrande,n/a,15,up_proj,2,0.9999985694885254
full,winogrande,n/a,15,up_proj,3,0.9999955892562866
full,winogrande,n/a,15,up_proj,4,0.9999768733978271
full,winogrande,n/a,15,up_proj,5,0.9999879598617554
full,winogrande,n/a,15,up_proj,6,0.9999884963035583
full,winogrande,n/a,15,up_proj,7,0.9999911785125732
full,winogrande,n/a,15,up_proj,8,0.9999889135360718
full,winogrande,n/a,15,up_proj,9,0.9999819397926331
full,winogrande,n/a,15,up_proj,10,0.9999916553497314
full,winogrande,n/a,15,up_proj,11,0.9999895691871643
full,winogrande,n/a,15,up_proj,12,0.9999895691871643
full,winogrande,n/a,15,up_proj,13,0.9998841881752014
full,winogrande,n/a,15,up_proj,14,0.9999012351036072
full,winogrande,n/a,15,up_proj,15,0.9999898076057434
full,winogrande,n/a,15,up_proj,16,0.9999878406524658
full,winogrande,n/a,15,up_proj,17,0.999984085559845
full,winogrande,n/a,15,up_proj,18,0.9999869465827942
full,winogrande,n/a,15,up_proj,19,0.999983549118042
full,winogrande,n/a,15,up_proj,20,0.9999842047691345
full,winogrande,n/a,15,up_proj,21,0.9999773502349854
full,winogrande,n/a,15,up_proj,22,0.9999724626541138
full,winogrande,n/a,15,up_proj,23,0.9999780058860779
full,winogrande,n/a,15,up_proj,24,0.999945342540741
full,winogrande,n/a,15,up_proj,25,0.9999445676803589
full,winogrande,n/a,15,up_proj,26,0.999976634979248
full,winogrande,n/a,15,up_proj,27,0.9999736547470093
full,winogrande,n/a,15,up_proj,28,0.9999781847000122
full,winogrande,n/a,15,up_proj,29,0.9999827146530151
full,winogrande,n/a,15,up_proj,30,0.9999414682388306
full,winogrande,n/a,15,up_proj,31,0.9999426007270813
full,winogrande,n/a,15,up_proj,32,0.9999284148216248
full,winogrande,n/a,15,up_proj,33,0.9998831748962402
full,winogrande,n/a,15,up_proj,34,0.999946117401123
full,winogrande,n/a,15,up_proj,35,0.999849796295166
full,winogrande,n/a,15,up_proj,36,0.9998056292533875
full,winogrande,n/a,15,up_proj,37,0.9998399615287781
full,winogrande,n/a,15,up_proj,38,0.999918520450592
full,winogrande,n/a,15,up_proj,39,0.9999199509620667
full,winogrande,n/a,15,up_proj,40,0.9999164938926697
full,winogrande,n/a,15,up_proj,41,0.9999449849128723
full,winogrande,n/a,15,up_proj,42,0.9999493360519409
full,winogrande,n/a,15,up_proj,43,0.9998748302459717
full,winogrande,n/a,15,up_proj,44,0.999707043170929
full,winogrande,n/a,15,up_proj,45,0.9996530413627625
full,winogrande,n/a,15,up_proj,46,0.9995177984237671
full,winogrande,n/a,15,up_proj,47,0.9992920756340027
full,winogrande,n/a,15,up_proj,48,0.9992837309837341
full,winogrande,n/a,15,up_proj,49,0.999788224697113
full,winogrande,n/a,15,up_proj,50,0.9998470544815063
full,winogrande,n/a,15,down_proj,1,0.9999716281890869
full,winogrande,n/a,15,down_proj,2,0.9999621510505676
full,winogrande,n/a,15,down_proj,3,0.999986469745636
full,winogrande,n/a,15,down_proj,4,0.9998388886451721
full,winogrande,n/a,15,down_proj,5,0.9999405145645142
full,winogrande,n/a,15,down_proj,6,0.9999274015426636
full,winogrande,n/a,15,down_proj,7,0.999883770942688
full,winogrande,n/a,15,down_proj,8,0.9998264312744141
full,winogrande,n/a,15,down_proj,9,0.9997985363006592
full,winogrande,n/a,15,down_proj,10,0.9997745156288147
full,winogrande,n/a,15,down_proj,11,0.99971604347229
full,winogrande,n/a,15,down_proj,12,0.9996817111968994
full,winogrande,n/a,15,down_proj,13,0.9857564568519592
full,winogrande,n/a,15,down_proj,14,0.985618531703949
full,winogrande,n/a,15,down_proj,15,0.9997321367263794
full,winogrande,n/a,15,down_proj,16,0.9997321367263794
full,winogrande,n/a,15,down_proj,17,0.9995312690734863
full,winogrande,n/a,15,down_proj,18,0.9990572929382324
full,winogrande,n/a,15,down_proj,19,0.999046802520752
full,winogrande,n/a,15,down_proj,20,0.9994224309921265
full,winogrande,n/a,15,down_proj,21,0.9991164803504944
full,winogrande,n/a,15,down_proj,22,0.999147355556488
full,winogrande,n/a,15,down_proj,23,0.9993383288383484
full,winogrande,n/a,15,down_proj,24,0.9987953305244446
full,winogrande,n/a,15,down_proj,25,0.9979065656661987
full,winogrande,n/a,15,down_proj,26,0.9989636540412903
full,winogrande,n/a,15,down_proj,27,0.9987613558769226
full,winogrande,n/a,15,down_proj,28,0.9990973472595215
full,winogrande,n/a,15,down_proj,29,0.9987708330154419
full,winogrande,n/a,15,down_proj,30,0.9994421005249023
full,winogrande,n/a,15,down_proj,31,0.9993340969085693
full,winogrande,n/a,15,down_proj,32,0.9975104928016663
full,winogrande,n/a,15,down_proj,33,0.9974082112312317
full,winogrande,n/a,15,down_proj,34,0.9967411756515503
full,winogrande,n/a,15,down_proj,35,0.9980034828186035
full,winogrande,n/a,15,down_proj,36,0.9966976642608643
full,winogrande,n/a,15,down_proj,37,0.9995698928833008
full,winogrande,n/a,15,down_proj,38,0.9969786405563354
full,winogrande,n/a,15,down_proj,39,0.9950941801071167
full,winogrande,n/a,15,down_proj,40,0.997895359992981
full,winogrande,n/a,15,down_proj,41,0.9943490624427795
full,winogrande,n/a,15,down_proj,42,0.9973548650741577
full,winogrande,n/a,15,down_proj,43,0.997071385383606
full,winogrande,n/a,15,down_proj,44,0.9987571239471436
full,winogrande,n/a,15,down_proj,45,0.9987577199935913
full,winogrande,n/a,15,down_proj,46,0.9989066123962402
full,winogrande,n/a,15,down_proj,47,0.9990910887718201
full,winogrande,n/a,15,down_proj,48,0.9992812275886536
full,winogrande,n/a,15,down_proj,49,0.9825177192687988
full,winogrande,n/a,15,down_proj,50,0.9822394847869873
single_lora,fever,n/a,0,q_proj,1,0.9999990463256836
single_lora,fever,n/a,0,q_proj,2,0.9999963045120239
single_lora,fever,n/a,0,q_proj,3,0.9999983906745911
single_lora,fever,n/a,0,q_proj,4,0.9999859929084778
single_lora,fever,n/a,0,q_proj,5,0.9999988079071045
single_lora,fever,n/a,0,q_proj,6,0.9999955296516418
single_lora,fever,n/a,0,q_proj,7,0.9999938607215881
single_lora,fever,n/a,0,q_proj,8,0.9999969005584717
single_lora,fever,n/a,0,q_proj,9,0.9999935626983643
single_lora,fever,n/a,0,q_proj,10,0.9999890327453613
single_lora,fever,n/a,0,q_proj,11,0.9999868869781494
single_lora,fever,n/a,0,q_proj,12,0.9999661445617676
single_lora,fever,n/a,0,q_proj,13,0.9999669194221497
single_lora,fever,n/a,0,q_proj,14,0.9999796748161316
single_lora,fever,n/a,0,q_proj,15,0.9995765686035156
single_lora,fever,n/a,0,q_proj,16,0.999565839767456
single_lora,fever,n/a,0,q_proj,17,0.9999282956123352
single_lora,fever,n/a,0,q_proj,18,0.9999597072601318
single_lora,fever,n/a,0,q_proj,19,0.9998971819877625
single_lora,fever,n/a,0,q_proj,20,0.9999509453773499
single_lora,fever,n/a,0,q_proj,21,0.9999596476554871
single_lora,fever,n/a,0,q_proj,22,0.9999735951423645
single_lora,fever,n/a,0,q_proj,23,0.9999909996986389
single_lora,fever,n/a,0,q_proj,24,0.9998775124549866
single_lora,fever,n/a,0,q_proj,25,0.9997636079788208
single_lora,fever,n/a,0,q_proj,26,0.999935507774353
single_lora,fever,n/a,0,q_proj,27,0.9987388253211975
single_lora,fever,n/a,0,q_proj,28,0.998711347579956
single_lora,fever,n/a,0,q_proj,29,0.9999749064445496
single_lora,fever,n/a,0,q_proj,30,0.9999812245368958
single_lora,fever,n/a,0,q_proj,31,0.999945878982544
single_lora,fever,n/a,0,q_proj,32,0.9999758005142212
single_lora,fever,n/a,0,q_proj,33,0.9999517202377319
single_lora,fever,n/a,0,q_proj,34,0.9999628663063049
single_lora,fever,n/a,0,q_proj,35,0.9999395608901978
single_lora,fever,n/a,0,q_proj,36,0.9999247789382935
single_lora,fever,n/a,0,q_proj,37,0.9999724626541138
single_lora,fever,n/a,0,q_proj,38,0.9996508955955505
single_lora,fever,n/a,0,q_proj,39,0.9995908737182617
single_lora,fever,n/a,0,q_proj,40,0.9998613595962524
single_lora,fever,n/a,0,q_proj,41,0.9998914003372192
single_lora,fever,n/a,0,q_proj,42,0.998054563999176
single_lora,fever,n/a,0,q_proj,43,0.9981269240379333
single_lora,fever,n/a,0,q_proj,44,0.9998146891593933
single_lora,fever,n/a,0,q_proj,45,0.9998173117637634
single_lora,fever,n/a,0,q_proj,46,0.9996187686920166
single_lora,fever,n/a,0,q_proj,47,0.9994515180587769
single_lora,fever,n/a,0,q_proj,48,0.9998111128807068
single_lora,fever,n/a,0,q_proj,49,0.9999334216117859
single_lora,fever,n/a,0,q_proj,50,0.9996150732040405
single_lora,fever,n/a,0,v_proj,1,0.9999536275863647
single_lora,fever,n/a,0,v_proj,2,0.9990001320838928
single_lora,fever,n/a,0,v_proj,3,0.9991462230682373
single_lora,fever,n/a,0,v_proj,4,0.9998906254768372
single_lora,fever,n/a,0,v_proj,5,0.9997581243515015
single_lora,fever,n/a,0,v_proj,6,0.9989287853240967
single_lora,fever,n/a,0,v_proj,7,0.9986381530761719
single_lora,fever,n/a,0,v_proj,8,0.9987199902534485
single_lora,fever,n/a,0,v_proj,9,0.9960695505142212
single_lora,fever,n/a,0,v_proj,10,0.9994049072265625
single_lora,fever,n/a,0,v_proj,11,0.9854938983917236
single_lora,fever,n/a,0,v_proj,12,0.9835597276687622
single_lora,fever,n/a,0,v_proj,13,0.9978868961334229
single_lora,fever,n/a,0,v_proj,14,0.9988738894462585
single_lora,fever,n/a,0,v_proj,15,0.9990384578704834
single_lora,fever,n/a,0,v_proj,16,0.9981375932693481
single_lora,fever,n/a,0,v_proj,17,0.9960579872131348
single_lora,fever,n/a,0,v_proj,18,0.994644820690155
single_lora,fever,n/a,0,v_proj,19,0.9991582632064819
single_lora,fever,n/a,0,v_proj,20,0.9975351095199585
single_lora,fever,n/a,0,v_proj,21,0.9944804906845093
single_lora,fever,n/a,0,v_proj,22,0.9899160861968994
single_lora,fever,n/a,0,v_proj,23,0.9880781769752502
single_lora,fever,n/a,0,v_proj,24,0.9749311208724976
single_lora,fever,n/a,0,v_proj,25,0.9686402678489685
single_lora,fever,n/a,0,v_proj,26,0.9822458028793335
single_lora,fever,n/a,0,v_proj,27,0.9781391620635986
single_lora,fever,n/a,0,v_proj,28,0.9585381746292114
single_lora,fever,n/a,0,v_proj,29,0.9494940638542175
single_lora,fever,n/a,0,v_proj,30,0.9722023606300354
single_lora,fever,n/a,0,v_proj,31,0.9932078123092651
single_lora,fever,n/a,0,v_proj,32,0.9495987892150879
single_lora,fever,n/a,0,v_proj,33,0.9747536778450012
single_lora,fever,n/a,0,v_proj,34,0.9942976832389832
single_lora,fever,n/a,0,v_proj,35,0.9864980578422546
single_lora,fever,n/a,0,v_proj,36,0.9641106724739075
single_lora,fever,n/a,0,v_proj,37,0.9507706165313721
single_lora,fever,n/a,0,v_proj,38,0.8875372409820557
single_lora,fever,n/a,0,v_proj,39,0.8949211835861206
single_lora,fever,n/a,0,v_proj,40,0.9857470989227295
single_lora,fever,n/a,0,v_proj,41,0.9768040180206299
single_lora,fever,n/a,0,v_proj,42,0.9876763820648193
single_lora,fever,n/a,0,v_proj,43,0.9751924276351929
single_lora,fever,n/a,0,v_proj,44,0.9863283634185791
single_lora,fever,n/a,0,v_proj,45,0.9807934165000916
single_lora,fever,n/a,0,v_proj,46,0.9879708886146545
single_lora,fever,n/a,0,v_proj,47,0.9923813343048096
single_lora,fever,n/a,0,v_proj,48,0.9887599945068359
single_lora,fever,n/a,0,v_proj,49,0.9831836223602295
single_lora,fever,n/a,0,v_proj,50,0.9466884136199951
single_lora,fever,n/a,0,up_proj,1,0.9999365210533142
single_lora,fever,n/a,0,up_proj,2,0.9999032020568848
single_lora,fever,n/a,0,up_proj,3,0.9999726414680481
single_lora,fever,n/a,0,up_proj,4,0.9999682903289795
single_lora,fever,n/a,0,up_proj,5,0.9999158382415771
single_lora,fever,n/a,0,up_proj,6,0.9987964034080505
single_lora,fever,n/a,0,up_proj,7,0.9987726807594299
single_lora,fever,n/a,0,up_proj,8,0.999893069267273
single_lora,fever,n/a,0,up_proj,9,0.9995783567428589
single_lora,fever,n/a,0,up_proj,10,0.9996549487113953
single_lora,fever,n/a,0,up_proj,11,0.9997747540473938
single_lora,fever,n/a,0,up_proj,12,0.9998295903205872
single_lora,fever,n/a,0,up_proj,13,0.9998714923858643
single_lora,fever,n/a,0,up_proj,14,0.9997251629829407
single_lora,fever,n/a,0,up_proj,15,0.9997353553771973
single_lora,fever,n/a,0,up_proj,16,0.999781608581543
single_lora,fever,n/a,0,up_proj,17,0.9985970854759216
single_lora,fever,n/a,0,up_proj,18,0.9984784126281738
single_lora,fever,n/a,0,up_proj,19,0.9999072551727295
single_lora,fever,n/a,0,up_proj,20,0.9998562335968018
single_lora,fever,n/a,0,up_proj,21,0.9996817708015442
single_lora,fever,n/a,0,up_proj,22,0.9994975924491882
single_lora,fever,n/a,0,up_proj,23,0.9997601509094238
single_lora,fever,n/a,0,up_proj,24,0.9998763203620911
single_lora,fever,n/a,0,up_proj,25,0.9998862147331238
single_lora,fever,n/a,0,up_proj,26,0.9975553750991821
single_lora,fever,n/a,0,up_proj,27,0.9960433840751648
single_lora,fever,n/a,0,up_proj,28,0.998117983341217
single_lora,fever,n/a,0,up_proj,29,0.9995580911636353
single_lora,fever,n/a,0,up_proj,30,0.9995930790901184
single_lora,fever,n/a,0,up_proj,31,0.9995812177658081
single_lora,fever,n/a,0,up_proj,32,0.9991691708564758
single_lora,fever,n/a,0,up_proj,33,0.9995567798614502
single_lora,fever,n/a,0,up_proj,34,0.9995273351669312
single_lora,fever,n/a,0,up_proj,35,0.9994910955429077
single_lora,fever,n/a,0,up_proj,36,0.9996427893638611
single_lora,fever,n/a,0,up_proj,37,0.9986395835876465
single_lora,fever,n/a,0,up_proj,38,0.9988560676574707
single_lora,fever,n/a,0,up_proj,39,0.9995349645614624
single_lora,fever,n/a,0,up_proj,40,0.9993699193000793
single_lora,fever,n/a,0,up_proj,41,0.9989196062088013
single_lora,fever,n/a,0,up_proj,42,0.9945470094680786
single_lora,fever,n/a,0,up_proj,43,0.9947496652603149
single_lora,fever,n/a,0,up_proj,44,0.9988486766815186
single_lora,fever,n/a,0,up_proj,45,0.9986584186553955
single_lora,fever,n/a,0,up_proj,46,0.9991374611854553
single_lora,fever,n/a,0,up_proj,47,0.9994596838951111
single_lora,fever,n/a,0,up_proj,48,0.9991869926452637
single_lora,fever,n/a,0,up_proj,49,0.9973280429840088
single_lora,fever,n/a,0,up_proj,50,0.9976553916931152
single_lora,fever,n/a,0,down_proj,1,0.9999783635139465
single_lora,fever,n/a,0,down_proj,2,0.9999945163726807
single_lora,fever,n/a,0,down_proj,3,0.9999719262123108
single_lora,fever,n/a,0,down_proj,4,0.9999510049819946
single_lora,fever,n/a,0,down_proj,5,0.9999902844429016
single_lora,fever,n/a,0,down_proj,6,0.9999904632568359
single_lora,fever,n/a,0,down_proj,7,0.9999693036079407
single_lora,fever,n/a,0,down_proj,8,0.9999645948410034
single_lora,fever,n/a,0,down_proj,9,0.9997312426567078
single_lora,fever,n/a,0,down_proj,10,0.9994760751724243
single_lora,fever,n/a,0,down_proj,11,0.9997425079345703
single_lora,fever,n/a,0,down_proj,12,0.9996669292449951
single_lora,fever,n/a,0,down_proj,13,0.9997910261154175
single_lora,fever,n/a,0,down_proj,14,0.9999386668205261
single_lora,fever,n/a,0,down_proj,15,0.9996906518936157
single_lora,fever,n/a,0,down_proj,16,0.9998750686645508
single_lora,fever,n/a,0,down_proj,17,0.996889054775238
single_lora,fever,n/a,0,down_proj,18,0.9966484904289246
single_lora,fever,n/a,0,down_proj,19,0.9998917579650879
single_lora,fever,n/a,0,down_proj,20,0.9134198427200317
single_lora,fever,n/a,0,down_proj,21,0.9134559035301208
single_lora,fever,n/a,0,down_proj,22,0.9963269233703613
single_lora,fever,n/a,0,down_proj,23,0.9957851767539978
single_lora,fever,n/a,0,down_proj,24,0.9991945028305054
single_lora,fever,n/a,0,down_proj,25,0.9996693134307861
single_lora,fever,n/a,0,down_proj,26,0.9991756677627563
single_lora,fever,n/a,0,down_proj,27,0.9992343783378601
single_lora,fever,n/a,0,down_proj,28,0.9991821050643921
single_lora,fever,n/a,0,down_proj,29,0.9983178973197937
single_lora,fever,n/a,0,down_proj,30,0.9975869655609131
single_lora,fever,n/a,0,down_proj,31,0.999358057975769
single_lora,fever,n/a,0,down_proj,32,0.9996816515922546
single_lora,fever,n/a,0,down_proj,33,0.9986947774887085
single_lora,fever,n/a,0,down_proj,34,0.9993121027946472
single_lora,fever,n/a,0,down_proj,35,0.9994668960571289
single_lora,fever,n/a,0,down_proj,36,0.9837848544120789
single_lora,fever,n/a,0,down_proj,37,0.9789942502975464
single_lora,fever,n/a,0,down_proj,38,0.9916009902954102
single_lora,fever,n/a,0,down_proj,39,0.9980908036231995
single_lora,fever,n/a,0,down_proj,40,0.996076226234436
single_lora,fever,n/a,0,down_proj,41,0.9983689188957214
single_lora,fever,n/a,0,down_proj,42,0.9542262554168701
single_lora,fever,n/a,0,down_proj,43,0.9536725282669067
single_lora,fever,n/a,0,down_proj,44,0.9985898733139038
single_lora,fever,n/a,0,down_proj,45,0.9996472001075745
single_lora,fever,n/a,0,down_proj,46,0.9994816184043884
single_lora,fever,n/a,0,down_proj,47,0.9992376565933228
single_lora,fever,n/a,0,down_proj,48,0.9995304942131042
single_lora,fever,n/a,0,down_proj,49,0.9981704950332642
single_lora,fever,n/a,0,down_proj,50,0.9455917477607727
single_lora,fever,n/a,8,q_proj,1,0.99994957447052
single_lora,fever,n/a,8,q_proj,2,0.9999902248382568
single_lora,fever,n/a,8,q_proj,3,0.9999889135360718
single_lora,fever,n/a,8,q_proj,4,0.9999960660934448
single_lora,fever,n/a,8,q_proj,5,0.9999759793281555
single_lora,fever,n/a,8,q_proj,6,0.9999784231185913
single_lora,fever,n/a,8,q_proj,7,0.999912440776825
single_lora,fever,n/a,8,q_proj,8,0.9998612999916077
single_lora,fever,n/a,8,q_proj,9,0.999947190284729
single_lora,fever,n/a,8,q_proj,10,0.9999657273292542
single_lora,fever,n/a,8,q_proj,11,0.999997615814209
single_lora,fever,n/a,8,q_proj,12,0.999995768070221
single_lora,fever,n/a,8,q_proj,13,0.9998700022697449
single_lora,fever,n/a,8,q_proj,14,0.9996756911277771
single_lora,fever,n/a,8,q_proj,15,0.9994518756866455
single_lora,fever,n/a,8,q_proj,16,0.9998368620872498
single_lora,fever,n/a,8,q_proj,17,0.9996150135993958
single_lora,fever,n/a,8,q_proj,18,0.9999414086341858
single_lora,fever,n/a,8,q_proj,19,0.9998007416725159
single_lora,fever,n/a,8,q_proj,20,0.9998162388801575
single_lora,fever,n/a,8,q_proj,21,0.9999781250953674
single_lora,fever,n/a,8,q_proj,22,0.9998282194137573
single_lora,fever,n/a,8,q_proj,23,0.9996978044509888
single_lora,fever,n/a,8,q_proj,24,0.9999098181724548
single_lora,fever,n/a,8,q_proj,25,0.9998160600662231
single_lora,fever,n/a,8,q_proj,26,0.9999767541885376
single_lora,fever,n/a,8,q_proj,27,0.9999619722366333
single_lora,fever,n/a,8,q_proj,28,0.9998847842216492
single_lora,fever,n/a,8,q_proj,29,0.999929666519165
single_lora,fever,n/a,8,q_proj,30,0.9999123215675354
single_lora,fever,n/a,8,q_proj,31,0.9997626543045044
single_lora,fever,n/a,8,q_proj,32,0.9998438954353333
single_lora,fever,n/a,8,q_proj,33,0.9997390508651733
single_lora,fever,n/a,8,q_proj,34,0.9998210668563843
single_lora,fever,n/a,8,q_proj,35,0.9998456835746765
single_lora,fever,n/a,8,q_proj,36,0.9999449253082275
single_lora,fever,n/a,8,q_proj,37,0.9984824657440186
single_lora,fever,n/a,8,q_proj,38,0.9964903593063354
single_lora,fever,n/a,8,q_proj,39,0.9981292486190796
single_lora,fever,n/a,8,q_proj,40,0.9994585514068604
single_lora,fever,n/a,8,q_proj,41,0.9999282360076904
single_lora,fever,n/a,8,q_proj,42,0.9996908903121948
single_lora,fever,n/a,8,q_proj,43,0.9994989633560181
single_lora,fever,n/a,8,q_proj,44,0.9990532398223877
single_lora,fever,n/a,8,q_proj,45,0.9995319247245789
single_lora,fever,n/a,8,q_proj,46,0.9998300075531006
single_lora,fever,n/a,8,q_proj,47,0.9998831748962402
single_lora,fever,n/a,8,q_proj,48,0.9998706579208374
single_lora,fever,n/a,8,q_proj,49,0.9997961521148682
single_lora,fever,n/a,8,q_proj,50,0.9998152256011963
single_lora,fever,n/a,8,v_proj,1,0.9885410070419312
single_lora,fever,n/a,8,v_proj,2,0.9872506856918335
single_lora,fever,n/a,8,v_proj,3,0.9925035834312439
single_lora,fever,n/a,8,v_proj,4,0.9742691516876221
single_lora,fever,n/a,8,v_proj,5,0.9738224744796753
single_lora,fever,n/a,8,v_proj,6,0.9692180156707764
single_lora,fever,n/a,8,v_proj,7,0.989916205406189
single_lora,fever,n/a,8,v_proj,8,0.9972684979438782
single_lora,fever,n/a,8,v_proj,9,0.9969636797904968
single_lora,fever,n/a,8,v_proj,10,0.9843397736549377
single_lora,fever,n/a,8,v_proj,11,0.9821240901947021
single_lora,fever,n/a,8,v_proj,12,0.9879791736602783
single_lora,fever,n/a,8,v_proj,13,0.9831137657165527
single_lora,fever,n/a,8,v_proj,14,0.9965420961380005
single_lora,fever,n/a,8,v_proj,15,0.9922425150871277
single_lora,fever,n/a,8,v_proj,16,0.9946020841598511
single_lora,fever,n/a,8,v_proj,17,0.9892619848251343
single_lora,fever,n/a,8,v_proj,18,0.9895691871643066
single_lora,fever,n/a,8,v_proj,19,0.9888415932655334
single_lora,fever,n/a,8,v_proj,20,0.9973629713058472
single_lora,fever,n/a,8,v_proj,21,0.99716717004776
single_lora,fever,n/a,8,v_proj,22,0.9096059799194336
single_lora,fever,n/a,8,v_proj,23,0.8993362188339233
single_lora,fever,n/a,8,v_proj,24,0.9880067110061646
single_lora,fever,n/a,8,v_proj,25,0.9881000518798828
single_lora,fever,n/a,8,v_proj,26,0.9916152358055115
single_lora,fever,n/a,8,v_proj,27,0.9777027368545532
single_lora,fever,n/a,8,v_proj,28,0.9397289752960205
single_lora,fever,n/a,8,v_proj,29,0.951714038848877
single_lora,fever,n/a,8,v_proj,30,0.9909436702728271
single_lora,fever,n/a,8,v_proj,31,0.9859618544578552
single_lora,fever,n/a,8,v_proj,32,0.9930665493011475
single_lora,fever,n/a,8,v_proj,33,0.9978575706481934
single_lora,fever,n/a,8,v_proj,34,0.9934498071670532
single_lora,fever,n/a,8,v_proj,35,0.991282045841217
single_lora,fever,n/a,8,v_proj,36,0.994786262512207
single_lora,fever,n/a,8,v_proj,37,0.9942149519920349
single_lora,fever,n/a,8,v_proj,38,0.9886569976806641
single_lora,fever,n/a,8,v_proj,39,0.9892259240150452
single_lora,fever,n/a,8,v_proj,40,0.9966273307800293
single_lora,fever,n/a,8,v_proj,41,0.9971963167190552
single_lora,fever,n/a,8,v_proj,42,0.9955500364303589
single_lora,fever,n/a,8,v_proj,43,0.9952279925346375
single_lora,fever,n/a,8,v_proj,44,0.9950782060623169
single_lora,fever,n/a,8,v_proj,45,0.9974393844604492
single_lora,fever,n/a,8,v_proj,46,0.9950679540634155
single_lora,fever,n/a,8,v_proj,47,0.9965254664421082
single_lora,fever,n/a,8,v_proj,48,0.9849097728729248
single_lora,fever,n/a,8,v_proj,49,0.974056601524353
single_lora,fever,n/a,8,v_proj,50,0.9695436954498291
single_lora,fever,n/a,8,up_proj,1,0.9999836683273315
single_lora,fever,n/a,8,up_proj,2,0.9999339580535889
single_lora,fever,n/a,8,up_proj,3,0.9999477863311768
single_lora,fever,n/a,8,up_proj,4,0.9999662637710571
single_lora,fever,n/a,8,up_proj,5,0.9998798370361328
single_lora,fever,n/a,8,up_proj,6,0.9998783469200134
single_lora,fever,n/a,8,up_proj,7,0.999941349029541
single_lora,fever,n/a,8,up_proj,8,0.9998278617858887
single_lora,fever,n/a,8,up_proj,9,0.9998608827590942
single_lora,fever,n/a,8,up_proj,10,0.9996326565742493
single_lora,fever,n/a,8,up_proj,11,0.9997848272323608
single_lora,fever,n/a,8,up_proj,12,0.999765157699585
single_lora,fever,n/a,8,up_proj,13,0.850628674030304
single_lora,fever,n/a,8,up_proj,14,0.8506746888160706
single_lora,fever,n/a,8,up_proj,15,0.9997319579124451
single_lora,fever,n/a,8,up_proj,16,0.9997923374176025
single_lora,fever,n/a,8,up_proj,17,0.9998855590820312
single_lora,fever,n/a,8,up_proj,18,0.999853789806366
single_lora,fever,n/a,8,up_proj,19,0.9998696446418762
single_lora,fever,n/a,8,up_proj,20,0.9997156262397766
single_lora,fever,n/a,8,up_proj,21,0.9996616840362549
single_lora,fever,n/a,8,up_proj,22,0.999791145324707
single_lora,fever,n/a,8,up_proj,23,0.9901781678199768
single_lora,fever,n/a,8,up_proj,24,0.990248441696167
single_lora,fever,n/a,8,up_proj,25,0.9996275901794434
single_lora,fever,n/a,8,up_proj,26,0.9968318343162537
single_lora,fever,n/a,8,up_proj,27,0.9967198371887207
single_lora,fever,n/a,8,up_proj,28,0.9982469081878662
single_lora,fever,n/a,8,up_proj,29,0.9954758882522583
single_lora,fever,n/a,8,up_proj,30,0.9957306385040283
single_lora,fever,n/a,8,up_proj,31,0.9946582317352295
single_lora,fever,n/a,8,up_proj,32,0.991377055644989
single_lora,fever,n/a,8,up_proj,33,0.9951051473617554
single_lora,fever,n/a,8,up_proj,34,0.9985679388046265
single_lora,fever,n/a,8,up_proj,35,0.9997403025627136
single_lora,fever,n/a,8,up_proj,36,0.9946415424346924
single_lora,fever,n/a,8,up_proj,37,0.9922516345977783
single_lora,fever,n/a,8,up_proj,38,0.9933876395225525
single_lora,fever,n/a,8,up_proj,39,0.9726799726486206
single_lora,fever,n/a,8,up_proj,40,0.973166823387146
single_lora,fever,n/a,8,up_proj,41,0.9989089965820312
single_lora,fever,n/a,8,up_proj,42,0.9989703297615051
single_lora,fever,n/a,8,up_proj,43,0.9984007477760315
single_lora,fever,n/a,8,up_proj,44,0.9982843399047852
single_lora,fever,n/a,8,up_proj,45,0.998428463935852
single_lora,fever,n/a,8,up_proj,46,0.9959226846694946
single_lora,fever,n/a,8,up_proj,47,0.9951257705688477
single_lora,fever,n/a,8,up_proj,48,0.9968327879905701
single_lora,fever,n/a,8,up_proj,49,0.9979108572006226
single_lora,fever,n/a,8,up_proj,50,0.9977718591690063
single_lora,fever,n/a,8,down_proj,1,0.9999991059303284
single_lora,fever,n/a,8,down_proj,2,0.9999957084655762
single_lora,fever,n/a,8,down_proj,3,0.999999463558197
single_lora,fever,n/a,8,down_proj,4,0.9999991655349731
single_lora,fever,n/a,8,down_proj,5,0.9999792575836182
single_lora,fever,n/a,8,down_proj,6,0.9999571442604065
single_lora,fever,n/a,8,down_proj,7,0.9999762773513794
single_lora,fever,n/a,8,down_proj,8,0.999990701675415
single_lora,fever,n/a,8,down_proj,9,0.9999876022338867
single_lora,fever,n/a,8,down_proj,10,0.9999769926071167
single_lora,fever,n/a,8,down_proj,11,0.9999491572380066
single_lora,fever,n/a,8,down_proj,12,0.999951183795929
single_lora,fever,n/a,8,down_proj,13,0.9999752044677734
single_lora,fever,n/a,8,down_proj,14,0.9999151825904846
single_lora,fever,n/a,8,down_proj,15,0.9998978972434998
single_lora,fever,n/a,8,down_proj,16,0.9999651908874512
single_lora,fever,n/a,8,down_proj,17,0.9999616146087646
single_lora,fever,n/a,8,down_proj,18,0.9999386668205261
single_lora,fever,n/a,8,down_proj,19,0.9956935048103333
single_lora,fever,n/a,8,down_proj,20,0.9957091808319092
single_lora,fever,n/a,8,down_proj,21,0.9999626874923706
single_lora,fever,n/a,8,down_proj,22,0.9999449253082275
single_lora,fever,n/a,8,down_proj,23,0.9999321699142456
single_lora,fever,n/a,8,down_proj,24,0.9999668598175049
single_lora,fever,n/a,8,down_proj,25,0.9999299049377441
single_lora,fever,n/a,8,down_proj,26,0.9999012351036072
single_lora,fever,n/a,8,down_proj,27,0.9998904466629028
single_lora,fever,n/a,8,down_proj,28,0.9998778700828552
single_lora,fever,n/a,8,down_proj,29,0.9999136924743652
single_lora,fever,n/a,8,down_proj,30,0.9999218583106995
single_lora,fever,n/a,8,down_proj,31,0.99964439868927
single_lora,fever,n/a,8,down_proj,32,0.9996063709259033
single_lora,fever,n/a,8,down_proj,33,0.9997796416282654
single_lora,fever,n/a,8,down_proj,34,0.9999123811721802
single_lora,fever,n/a,8,down_proj,35,0.9999067783355713
single_lora,fever,n/a,8,down_proj,36,0.9999117255210876
single_lora,fever,n/a,8,down_proj,37,0.9997103810310364
single_lora,fever,n/a,8,down_proj,38,0.9996076822280884
single_lora,fever,n/a,8,down_proj,39,0.9997382164001465
single_lora,fever,n/a,8,down_proj,40,0.9999102354049683
single_lora,fever,n/a,8,down_proj,41,0.9998843669891357
single_lora,fever,n/a,8,down_proj,42,0.9999254941940308
single_lora,fever,n/a,8,down_proj,43,0.9999082684516907
single_lora,fever,n/a,8,down_proj,44,0.9999406337738037
single_lora,fever,n/a,8,down_proj,45,0.9998344779014587
single_lora,fever,n/a,8,down_proj,46,0.9998036026954651
single_lora,fever,n/a,8,down_proj,47,0.9988195300102234
single_lora,fever,n/a,8,down_proj,48,0.9987697601318359
single_lora,fever,n/a,8,down_proj,49,0.9996920824050903
single_lora,fever,n/a,8,down_proj,50,0.9992561340332031
single_lora,fever,n/a,15,q_proj,1,0.9999956488609314
single_lora,fever,n/a,15,q_proj,2,0.9999979734420776
single_lora,fever,n/a,15,q_proj,3,0.9999945163726807
single_lora,fever,n/a,15,q_proj,4,0.9999869465827942
single_lora,fever,n/a,15,q_proj,5,0.9999890327453613
single_lora,fever,n/a,15,q_proj,6,0.9999938607215881
single_lora,fever,n/a,15,q_proj,7,0.9999896287918091
single_lora,fever,n/a,15,q_proj,8,0.9999914169311523
single_lora,fever,n/a,15,q_proj,9,0.9999853372573853
single_lora,fever,n/a,15,q_proj,10,0.999995231628418
single_lora,fever,n/a,15,q_proj,11,0.9999932646751404
single_lora,fever,n/a,15,q_proj,12,0.9999927878379822
single_lora,fever,n/a,15,q_proj,13,0.9999855160713196
single_lora,fever,n/a,15,q_proj,14,0.9999157190322876
single_lora,fever,n/a,15,q_proj,15,0.9999125003814697
single_lora,fever,n/a,15,q_proj,16,0.9999758005142212
single_lora,fever,n/a,15,q_proj,17,0.9999736547470093
single_lora,fever,n/a,15,q_proj,18,0.9999402165412903
single_lora,fever,n/a,15,q_proj,19,0.9997739791870117
single_lora,fever,n/a,15,q_proj,20,0.9997817873954773
single_lora,fever,n/a,15,q_proj,21,0.9999865293502808
single_lora,fever,n/a,15,q_proj,22,0.9999805092811584
single_lora,fever,n/a,15,q_proj,23,0.9999751448631287
single_lora,fever,n/a,15,q_proj,24,0.9999826550483704
single_lora,fever,n/a,15,q_proj,25,0.9999425411224365
single_lora,fever,n/a,15,q_proj,26,0.9999083876609802
single_lora,fever,n/a,15,q_proj,27,0.9999666213989258
single_lora,fever,n/a,15,q_proj,28,0.9999130964279175
single_lora,fever,n/a,15,q_proj,29,0.9999154806137085
single_lora,fever,n/a,15,q_proj,30,0.9999657869338989
single_lora,fever,n/a,15,q_proj,31,0.9999657869338989
single_lora,fever,n/a,15,q_proj,32,0.9999629259109497
single_lora,fever,n/a,15,q_proj,33,0.9999842643737793
single_lora,fever,n/a,15,q_proj,34,0.9999886155128479
single_lora,fever,n/a,15,q_proj,35,0.9999756813049316
single_lora,fever,n/a,15,q_proj,36,0.999971866607666
single_lora,fever,n/a,15,q_proj,37,0.9999699592590332
single_lora,fever,n/a,15,q_proj,38,0.9999815821647644
single_lora,fever,n/a,15,q_proj,39,0.9999797344207764
single_lora,fever,n/a,15,q_proj,40,0.99997878074646
single_lora,fever,n/a,15,q_proj,41,0.9999642372131348
single_lora,fever,n/a,15,q_proj,42,0.9999605417251587
single_lora,fever,n/a,15,q_proj,43,0.9999693632125854
single_lora,fever,n/a,15,q_proj,44,0.9999593496322632
single_lora,fever,n/a,15,q_proj,45,0.9999701380729675
single_lora,fever,n/a,15,q_proj,46,0.9999921917915344
single_lora,fever,n/a,15,q_proj,47,0.9999323487281799
single_lora,fever,n/a,15,q_proj,48,0.9999464750289917
single_lora,fever,n/a,15,q_proj,49,0.9999666810035706
single_lora,fever,n/a,15,q_proj,50,0.999724268913269
single_lora,fever,n/a,15,v_proj,1,0.9999856948852539
single_lora,fever,n/a,15,v_proj,2,0.9998816251754761
single_lora,fever,n/a,15,v_proj,3,0.9998946189880371
single_lora,fever,n/a,15,v_proj,4,0.9999723434448242
single_lora,fever,n/a,15,v_proj,5,0.9999719858169556
single_lora,fever,n/a,15,v_proj,6,0.9999698400497437
single_lora,fever,n/a,15,v_proj,7,0.9999549388885498
single_lora,fever,n/a,15,v_proj,8,0.9999583959579468
single_lora,fever,n/a,15,v_proj,9,0.9999454617500305
single_lora,fever,n/a,15,v_proj,10,0.9998403787612915
single_lora,fever,n/a,15,v_proj,11,0.9998466968536377
single_lora,fever,n/a,15,v_proj,12,0.9999423027038574
single_lora,fever,n/a,15,v_proj,13,0.9998961091041565
single_lora,fever,n/a,15,v_proj,14,0.9998801946640015
single_lora,fever,n/a,15,v_proj,15,0.9983957409858704
single_lora,fever,n/a,15,v_proj,16,0.9984186291694641
single_lora,fever,n/a,15,v_proj,17,0.9998528957366943
single_lora,fever,n/a,15,v_proj,18,0.9999284148216248
single_lora,fever,n/a,15,v_proj,19,0.9998722076416016
single_lora,fever,n/a,15,v_proj,20,0.9997320175170898
single_lora,fever,n/a,15,v_proj,21,0.9997349977493286
single_lora,fever,n/a,15,v_proj,22,0.9999252557754517
single_lora,fever,n/a,15,v_proj,23,0.9997925162315369
single_lora,fever,n/a,15,v_proj,24,0.9999246597290039
single_lora,fever,n/a,15,v_proj,25,0.9995073080062866
single_lora,fever,n/a,15,v_proj,26,0.9994688034057617
single_lora,fever,n/a,15,v_proj,27,0.9998948574066162
single_lora,fever,n/a,15,v_proj,28,0.9998605847358704
single_lora,fever,n/a,15,v_proj,29,0.9999765157699585
single_lora,fever,n/a,15,v_proj,30,0.9999218583106995
single_lora,fever,n/a,15,v_proj,31,0.9996565580368042
single_lora,fever,n/a,15,v_proj,32,0.9995806217193604
single_lora,fever,n/a,15,v_proj,33,0.9997953176498413
single_lora,fever,n/a,15,v_proj,34,0.9992432594299316
single_lora,fever,n/a,15,v_proj,35,0.9992787837982178
single_lora,fever,n/a,15,v_proj,36,0.9998073577880859
single_lora,fever,n/a,15,v_proj,37,0.9999374747276306
single_lora,fever,n/a,15,v_proj,38,0.9997644424438477
single_lora,fever,n/a,15,v_proj,39,0.999902606010437
single_lora,fever,n/a,15,v_proj,40,0.9999195337295532
single_lora,fever,n/a,15,v_proj,41,0.9997179508209229
single_lora,fever,n/a,15,v_proj,42,0.9996203184127808
single_lora,fever,n/a,15,v_proj,43,0.9992938041687012
single_lora,fever,n/a,15,v_proj,44,0.9995347261428833
single_lora,fever,n/a,15,v_proj,45,0.999866247177124
single_lora,fever,n/a,15,v_proj,46,0.9997916221618652
single_lora,fever,n/a,15,v_proj,47,0.9997588396072388
single_lora,fever,n/a,15,v_proj,48,0.999869704246521
single_lora,fever,n/a,15,v_proj,49,0.9999186396598816
single_lora,fever,n/a,15,v_proj,50,0.9998964667320251
single_lora,fever,n/a,15,up_proj,1,1.0000005960464478
single_lora,fever,n/a,15,up_proj,2,1.000000238418579
single_lora,fever,n/a,15,up_proj,3,0.9999997615814209
single_lora,fever,n/a,15,up_proj,4,0.9999967813491821
single_lora,fever,n/a,15,up_proj,5,0.9999974966049194
single_lora,fever,n/a,15,up_proj,6,0.9999910593032837
single_lora,fever,n/a,15,up_proj,7,0.9999974370002747
single_lora,fever,n/a,15,up_proj,8,0.9999932050704956
single_lora,fever,n/a,15,up_proj,9,0.9999900460243225
single_lora,fever,n/a,15,up_proj,10,0.9999905228614807
single_lora,fever,n/a,15,up_proj,11,0.9999911189079285
single_lora,fever,n/a,15,up_proj,12,0.9999886155128479
single_lora,fever,n/a,15,up_proj,13,0.999904990196228
single_lora,fever,n/a,15,up_proj,14,0.9999105930328369
single_lora,fever,n/a,15,up_proj,15,0.9999834895133972
single_lora,fever,n/a,15,up_proj,16,0.9999867677688599
single_lora,fever,n/a,15,up_proj,17,0.9999875426292419
single_lora,fever,n/a,15,up_proj,18,0.9999866485595703
single_lora,fever,n/a,15,up_proj,19,0.9999802708625793
single_lora,fever,n/a,15,up_proj,20,0.9999884963035583
single_lora,fever,n/a,15,up_proj,21,0.9999907612800598
single_lora,fever,n/a,15,up_proj,22,0.9999929666519165
single_lora,fever,n/a,15,up_proj,23,0.9999818801879883
single_lora,fever,n/a,15,up_proj,24,0.9999517798423767
single_lora,fever,n/a,15,up_proj,25,0.999951958656311
single_lora,fever,n/a,15,up_proj,26,0.9999704957008362
single_lora,fever,n/a,15,up_proj,27,0.9999573826789856
single_lora,fever,n/a,15,up_proj,28,0.9999529719352722
single_lora,fever,n/a,15,up_proj,29,0.9999654293060303
single_lora,fever,n/a,15,up_proj,30,0.9999783039093018
single_lora,fever,n/a,15,up_proj,31,0.9999237060546875
single_lora,fever,n/a,15,up_proj,32,0.9998892545700073
single_lora,fever,n/a,15,up_proj,33,0.9998929500579834
single_lora,fever,n/a,15,up_proj,34,0.9999709129333496
single_lora,fever,n/a,15,up_proj,35,0.9999382495880127
single_lora,fever,n/a,15,up_proj,36,0.9999256730079651
single_lora,fever,n/a,15,up_proj,37,0.99995356798172
single_lora,fever,n/a,15,up_proj,38,0.9999721050262451
single_lora,fever,n/a,15,up_proj,39,0.9995741844177246
single_lora,fever,n/a,15,up_proj,40,0.9995973706245422
single_lora,fever,n/a,15,up_proj,41,0.9999308586120605
single_lora,fever,n/a,15,up_proj,42,0.9999532103538513
single_lora,fever,n/a,15,up_proj,43,0.9999574422836304
single_lora,fever,n/a,15,up_proj,44,0.9998703598976135
single_lora,fever,n/a,15,up_proj,45,0.9998695254325867
single_lora,fever,n/a,15,up_proj,46,0.999941885471344
single_lora,fever,n/a,15,up_proj,47,0.9998597502708435
single_lora,fever,n/a,15,up_proj,48,0.9998334646224976
single_lora,fever,n/a,15,up_proj,49,0.9999224543571472
single_lora,fever,n/a,15,up_proj,50,0.999931812286377
single_lora,fever,n/a,15,down_proj,1,0.9999995827674866
single_lora,fever,n/a,15,down_proj,2,0.9999986886978149
single_lora,fever,n/a,15,down_proj,3,0.9999992847442627
single_lora,fever,n/a,15,down_proj,4,0.9999982714653015
single_lora,fever,n/a,15,down_proj,5,0.9999991655349731
single_lora,fever,n/a,15,down_proj,6,0.9999985694885254
single_lora,fever,n/a,15,down_proj,7,0.9999967217445374
single_lora,fever,n/a,15,down_proj,8,0.9999948740005493
single_lora,fever,n/a,15,down_proj,9,0.9999833106994629
single_lora,fever,n/a,15,down_proj,10,0.9999784827232361
single_lora,fever,n/a,15,down_proj,11,0.9999891519546509
single_lora,fever,n/a,15,down_proj,12,0.9999797940254211
single_lora,fever,n/a,15,down_proj,13,0.9997501969337463
single_lora,fever,n/a,15,down_proj,14,0.9997222423553467
single_lora,fever,n/a,15,down_proj,15,0.9999847412109375
single_lora,fever,n/a,15,down_proj,16,0.9999794960021973
single_lora,fever,n/a,15,down_proj,17,0.9999668598175049
single_lora,fever,n/a,15,down_proj,18,0.9999696016311646
single_lora,fever,n/a,15,down_proj,19,0.9999678730964661
single_lora,fever,n/a,15,down_proj,20,0.99997478723526
single_lora,fever,n/a,15,down_proj,21,0.9999842643737793
single_lora,fever,n/a,15,down_proj,22,0.9998499155044556
single_lora,fever,n/a,15,down_proj,23,0.9998413324356079
single_lora,fever,n/a,15,down_proj,24,0.9999586343765259
single_lora,fever,n/a,15,down_proj,25,0.9999845623970032
single_lora,fever,n/a,15,down_proj,26,0.9999896287918091
single_lora,fever,n/a,15,down_proj,27,0.9999755024909973
single_lora,fever,n/a,15,down_proj,28,0.9999292492866516
single_lora,fever,n/a,15,down_proj,29,0.9999339580535889
single_lora,fever,n/a,15,down_proj,30,0.9999064207077026
single_lora,fever,n/a,15,down_proj,31,0.9999112486839294
single_lora,fever,n/a,15,down_proj,32,0.9999737739562988
single_lora,fever,n/a,15,down_proj,33,0.9999672770500183
single_lora,fever,n/a,15,down_proj,34,0.9998418688774109
single_lora,fever,n/a,15,down_proj,35,0.9998490214347839
single_lora,fever,n/a,15,down_proj,36,0.9996995329856873
single_lora,fever,n/a,15,down_proj,37,0.9996895790100098
single_lora,fever,n/a,15,down_proj,38,0.9999686479568481
single_lora,fever,n/a,15,down_proj,39,0.9999589920043945
single_lora,fever,n/a,15,down_proj,40,0.9999833703041077
single_lora,fever,n/a,15,down_proj,41,0.9999284148216248
single_lora,fever,n/a,15,down_proj,42,0.9999262094497681
single_lora,fever,n/a,15,down_proj,43,0.999955952167511
single_lora,fever,n/a,15,down_proj,44,0.9999614357948303
single_lora,fever,n/a,15,down_proj,45,0.9999580383300781
single_lora,fever,n/a,15,down_proj,46,0.9999687075614929
single_lora,fever,n/a,15,down_proj,47,0.9999608993530273
single_lora,fever,n/a,15,down_proj,48,0.9999529123306274
single_lora,fever,n/a,15,down_proj,49,0.9999632835388184
single_lora,fever,n/a,15,down_proj,50,0.9999797344207764
single_lora,mnli,n/a,0,q_proj,1,1.0000003576278687
single_lora,mnli,n/a,0,q_proj,2,1.0000003576278687
single_lora,mnli,n/a,0,q_proj,3,1.000000238418579
single_lora,mnli,n/a,0,q_proj,4,0.9999994039535522
single_lora,mnli,n/a,0,q_proj,5,0.9999997019767761
single_lora,mnli,n/a,0,q_proj,6,0.9999996423721313
single_lora,mnli,n/a,0,q_proj,7,0.9999988675117493
single_lora,mnli,n/a,0,q_proj,8,0.9999987483024597
single_lora,mnli,n/a,0,q_proj,9,0.9999990463256836
single_lora,mnli,n/a,0,q_proj,10,0.9999989867210388
single_lora,mnli,n/a,0,q_proj,11,0.9999998211860657
single_lora,mnli,n/a,0,q_proj,12,0.9999969601631165
single_lora,mnli,n/a,0,q_proj,13,0.9999964833259583
single_lora,mnli,n/a,0,q_proj,14,0.9999980926513672
single_lora,mnli,n/a,0,q_proj,15,0.9999790191650391
single_lora,mnli,n/a,0,q_proj,16,0.9999794960021973
single_lora,mnli,n/a,0,q_proj,17,0.9999967813491821
single_lora,mnli,n/a,0,q_proj,18,0.9999964237213135
single_lora,mnli,n/a,0,q_proj,19,0.9999939203262329
single_lora,mnli,n/a,0,q_proj,20,0.9999932050704956
single_lora,mnli,n/a,0,q_proj,21,0.9999748468399048
single_lora,mnli,n/a,0,q_proj,22,0.9999721646308899
single_lora,mnli,n/a,0,q_proj,23,0.9999881982803345
single_lora,mnli,n/a,0,q_proj,24,0.9999948740005493
single_lora,mnli,n/a,0,q_proj,25,0.9999843835830688
single_lora,mnli,n/a,0,q_proj,26,0.9999938011169434
single_lora,mnli,n/a,0,q_proj,27,0.9999060034751892
single_lora,mnli,n/a,0,q_proj,28,0.9998965263366699
single_lora,mnli,n/a,0,q_proj,29,0.9999839663505554
single_lora,mnli,n/a,0,q_proj,30,0.9999920129776001
single_lora,mnli,n/a,0,q_proj,31,0.9999940991401672
single_lora,mnli,n/a,0,q_proj,32,0.9999845623970032
single_lora,mnli,n/a,0,q_proj,33,0.999988317489624
single_lora,mnli,n/a,0,q_proj,34,0.9999906420707703
single_lora,mnli,n/a,0,q_proj,35,0.9999863505363464
single_lora,mnli,n/a,0,q_proj,36,0.9999722242355347
single_lora,mnli,n/a,0,q_proj,37,0.9999637603759766
single_lora,mnli,n/a,0,q_proj,38,0.9999517798423767
single_lora,mnli,n/a,0,q_proj,39,0.9999581575393677
single_lora,mnli,n/a,0,q_proj,40,0.9999812841415405
single_lora,mnli,n/a,0,q_proj,41,0.99997878074646
single_lora,mnli,n/a,0,q_proj,42,0.9999374747276306
single_lora,mnli,n/a,0,q_proj,43,0.9999361634254456
single_lora,mnli,n/a,0,q_proj,44,0.9999785423278809
single_lora,mnli,n/a,0,q_proj,45,0.9999828338623047
single_lora,mnli,n/a,0,q_proj,46,0.9999881386756897
single_lora,mnli,n/a,0,q_proj,47,0.9999319314956665
single_lora,mnli,n/a,0,q_proj,48,0.9999203085899353
single_lora,mnli,n/a,0,q_proj,49,0.9999725222587585
single_lora,mnli,n/a,0,q_proj,50,0.9999780058860779
single_lora,mnli,n/a,0,v_proj,1,0.9999905228614807
single_lora,mnli,n/a,0,v_proj,2,0.9993706941604614
single_lora,mnli,n/a,0,v_proj,3,0.9994624853134155
single_lora,mnli,n/a,0,v_proj,4,0.9999732971191406
single_lora,mnli,n/a,0,v_proj,5,0.9999352097511292
single_lora,mnli,n/a,0,v_proj,6,0.9996727705001831
single_lora,mnli,n/a,0,v_proj,7,0.999761700630188
single_lora,mnli,n/a,0,v_proj,8,0.9996238946914673
single_lora,mnli,n/a,0,v_proj,9,0.9995517134666443
single_lora,mnli,n/a,0,v_proj,10,0.9994223117828369
single_lora,mnli,n/a,0,v_proj,11,0.9800268411636353
single_lora,mnli,n/a,0,v_proj,12,0.9796180129051208
single_lora,mnli,n/a,0,v_proj,13,0.9996675848960876
single_lora,mnli,n/a,0,v_proj,14,0.9998267889022827
single_lora,mnli,n/a,0,v_proj,15,0.9997044801712036
single_lora,mnli,n/a,0,v_proj,16,0.9985157251358032
single_lora,mnli,n/a,0,v_proj,17,0.9986372590065002
single_lora,mnli,n/a,0,v_proj,18,0.9995115995407104
single_lora,mnli,n/a,0,v_proj,19,0.9989956617355347
single_lora,mnli,n/a,0,v_proj,20,0.9988348484039307
single_lora,mnli,n/a,0,v_proj,21,0.998619556427002
single_lora,mnli,n/a,0,v_proj,22,0.998058557510376
single_lora,mnli,n/a,0,v_proj,23,0.9976155757904053
single_lora,mnli,n/a,0,v_proj,24,0.9983982443809509
single_lora,mnli,n/a,0,v_proj,25,0.9985229969024658
single_lora,mnli,n/a,0,v_proj,26,0.9974105358123779
single_lora,mnli,n/a,0,v_proj,27,0.9905542731285095
single_lora,mnli,n/a,0,v_proj,28,0.9966660141944885
single_lora,mnli,n/a,0,v_proj,29,0.9607189893722534
single_lora,mnli,n/a,0,v_proj,30,0.9561218023300171
single_lora,mnli,n/a,0,v_proj,31,0.9956764578819275
single_lora,mnli,n/a,0,v_proj,32,0.9889832735061646
single_lora,mnli,n/a,0,v_proj,33,0.997810423374176
single_lora,mnli,n/a,0,v_proj,34,0.9962952136993408
single_lora,mnli,n/a,0,v_proj,35,0.9912787675857544
single_lora,mnli,n/a,0,v_proj,36,0.9934590458869934
single_lora,mnli,n/a,0,v_proj,37,0.9967504739761353
single_lora,mnli,n/a,0,v_proj,38,0.7097669839859009
single_lora,mnli,n/a,0,v_proj,39,0.7072500586509705
single_lora,mnli,n/a,0,v_proj,40,0.9981046915054321
single_lora,mnli,n/a,0,v_proj,41,0.9957520365715027
single_lora,mnli,n/a,0,v_proj,42,0.9986860156059265
single_lora,mnli,n/a,0,v_proj,43,0.9953524470329285
single_lora,mnli,n/a,0,v_proj,44,0.99547278881073
single_lora,mnli,n/a,0,v_proj,45,0.9973337650299072
single_lora,mnli,n/a,0,v_proj,46,0.9982343912124634
single_lora,mnli,n/a,0,v_proj,47,0.9984674453735352
single_lora,mnli,n/a,0,v_proj,48,0.9984836578369141
single_lora,mnli,n/a,0,v_proj,49,0.9948995113372803
single_lora,mnli,n/a,0,v_proj,50,0.996221125125885
single_lora,mnli,n/a,0,up_proj,1,0.9999945163726807
single_lora,mnli,n/a,0,up_proj,2,0.9999847412109375
single_lora,mnli,n/a,0,up_proj,3,0.9999900460243225
single_lora,mnli,n/a,0,up_proj,4,0.999992847442627
single_lora,mnli,n/a,0,up_proj,5,0.9999762773513794
single_lora,mnli,n/a,0,up_proj,6,0.9998481869697571
single_lora,mnli,n/a,0,up_proj,7,0.9998455047607422
single_lora,mnli,n/a,0,up_proj,8,0.999963104724884
single_lora,mnli,n/a,0,up_proj,9,0.9999540448188782
single_lora,mnli,n/a,0,up_proj,10,0.9999427795410156
single_lora,mnli,n/a,0,up_proj,11,0.9999051094055176
single_lora,mnli,n/a,0,up_proj,12,0.9998443722724915
single_lora,mnli,n/a,0,up_proj,13,0.9998941421508789
single_lora,mnli,n/a,0,up_proj,14,0.9998495578765869
single_lora,mnli,n/a,0,up_proj,15,0.9998980164527893
single_lora,mnli,n/a,0,up_proj,16,0.9999256730079651
single_lora,mnli,n/a,0,up_proj,17,0.9995231628417969
single_lora,mnli,n/a,0,up_proj,18,0.999489963054657
single_lora,mnli,n/a,0,up_proj,19,0.9999096393585205
single_lora,mnli,n/a,0,up_proj,20,0.9998245239257812
single_lora,mnli,n/a,0,up_proj,21,0.9997757077217102
single_lora,mnli,n/a,0,up_proj,22,0.9998350143432617
single_lora,mnli,n/a,0,up_proj,23,0.9999719858169556
single_lora,mnli,n/a,0,up_proj,24,0.9999691843986511
single_lora,mnli,n/a,0,up_proj,25,0.999964714050293
single_lora,mnli,n/a,0,up_proj,26,0.9995830059051514
single_lora,mnli,n/a,0,up_proj,27,0.9993738532066345
single_lora,mnli,n/a,0,up_proj,28,0.999680757522583
single_lora,mnli,n/a,0,up_proj,29,0.9999395608901978
single_lora,mnli,n/a,0,up_proj,30,0.9999422430992126
single_lora,mnli,n/a,0,up_proj,31,0.9999534487724304
single_lora,mnli,n/a,0,up_proj,32,0.9999346137046814
single_lora,mnli,n/a,0,up_proj,33,0.9999219179153442
single_lora,mnli,n/a,0,up_proj,34,0.9999253153800964
single_lora,mnli,n/a,0,up_proj,35,0.9999561309814453
single_lora,mnli,n/a,0,up_proj,36,0.9999246597290039
single_lora,mnli,n/a,0,up_proj,37,0.9996636509895325
single_lora,mnli,n/a,0,up_proj,38,0.9994865655899048
single_lora,mnli,n/a,0,up_proj,39,0.9997458457946777
single_lora,mnli,n/a,0,up_proj,40,0.9998500943183899
single_lora,mnli,n/a,0,up_proj,41,0.9997265338897705
single_lora,mnli,n/a,0,up_proj,42,0.9991715550422668
single_lora,mnli,n/a,0,up_proj,43,0.9993144869804382
single_lora,mnli,n/a,0,up_proj,44,0.9996591210365295
single_lora,mnli,n/a,0,up_proj,45,0.9998226165771484
single_lora,mnli,n/a,0,up_proj,46,0.999767005443573
single_lora,mnli,n/a,0,up_proj,47,0.9998652935028076
single_lora,mnli,n/a,0,up_proj,48,0.9994379281997681
single_lora,mnli,n/a,0,up_proj,49,0.9994279146194458
single_lora,mnli,n/a,0,up_proj,50,0.9992693066596985
single_lora,mnli,n/a,0,down_proj,1,0.9999902248382568
single_lora,mnli,n/a,0,down_proj,2,0.9999988079071045
single_lora,mnli,n/a,0,down_proj,3,0.9999986886978149
single_lora,mnli,n/a,0,down_proj,4,0.9999909400939941
single_lora,mnli,n/a,0,down_proj,5,0.9999939799308777
single_lora,mnli,n/a,0,down_proj,6,0.9999791979789734
single_lora,mnli,n/a,0,down_proj,7,0.9999693036079407
single_lora,mnli,n/a,0,down_proj,8,0.9999662637710571
single_lora,mnli,n/a,0,down_proj,9,0.9997060894966125
single_lora,mnli,n/a,0,down_proj,10,0.9997076392173767
single_lora,mnli,n/a,0,down_proj,11,0.999981164932251
single_lora,mnli,n/a,0,down_proj,12,0.9998827576637268
single_lora,mnli,n/a,0,down_proj,13,0.9999412894248962
single_lora,mnli,n/a,0,down_proj,14,0.9999900460243225
single_lora,mnli,n/a,0,down_proj,15,0.9999858140945435
single_lora,mnli,n/a,0,down_proj,16,0.9999391436576843
single_lora,mnli,n/a,0,down_proj,17,0.9980347156524658
single_lora,mnli,n/a,0,down_proj,18,0.9980534911155701
single_lora,mnli,n/a,0,down_proj,19,0.9999215602874756
single_lora,mnli,n/a,0,down_proj,20,0.9555356502532959
single_lora,mnli,n/a,0,down_proj,21,0.9554644823074341
single_lora,mnli,n/a,0,down_proj,22,0.9995742440223694
single_lora,mnli,n/a,0,down_proj,23,0.9996172785758972
single_lora,mnli,n/a,0,down_proj,24,0.9998092651367188
single_lora,mnli,n/a,0,down_proj,25,0.9997281432151794
single_lora,mnli,n/a,0,down_proj,26,0.9996390342712402
single_lora,mnli,n/a,0,down_proj,27,0.9999557137489319
single_lora,mnli,n/a,0,down_proj,28,0.9999438524246216
single_lora,mnli,n/a,0,down_proj,29,0.9999154210090637
single_lora,mnli,n/a,0,down_proj,30,0.9998917579650879
single_lora,mnli,n/a,0,down_proj,31,0.9999709129333496
single_lora,mnli,n/a,0,down_proj,32,0.9998533725738525
single_lora,mnli,n/a,0,down_proj,33,0.9996885061264038
single_lora,mnli,n/a,0,down_proj,34,0.9999005198478699
single_lora,mnli,n/a,0,down_proj,35,0.9998822212219238
single_lora,mnli,n/a,0,down_proj,36,0.9997654557228088
single_lora,mnli,n/a,0,down_proj,37,0.9997192025184631
single_lora,mnli,n/a,0,down_proj,38,0.9998506903648376
single_lora,mnli,n/a,0,down_proj,39,0.999925434589386
single_lora,mnli,n/a,0,down_proj,40,0.9987688064575195
single_lora,mnli,n/a,0,down_proj,41,0.9988728761672974
single_lora,mnli,n/a,0,down_proj,42,0.9999598860740662
single_lora,mnli,n/a,0,down_proj,43,0.9999520182609558
single_lora,mnli,n/a,0,down_proj,44,0.9991448521614075
single_lora,mnli,n/a,0,down_proj,45,0.9991456866264343
single_lora,mnli,n/a,0,down_proj,46,0.9997807741165161
single_lora,mnli,n/a,0,down_proj,47,0.9992554783821106
single_lora,mnli,n/a,0,down_proj,48,0.9992011785507202
single_lora,mnli,n/a,0,down_proj,49,0.9999582171440125
single_lora,mnli,n/a,0,down_proj,50,0.9982751607894897
single_lora,mnli,n/a,8,q_proj,1,0.9999697804450989
single_lora,mnli,n/a,8,q_proj,2,0.9999918937683105
single_lora,mnli,n/a,8,q_proj,3,0.999993622303009
single_lora,mnli,n/a,8,q_proj,4,0.9999967217445374
single_lora,mnli,n/a,8,q_proj,5,0.9999758005142212
single_lora,mnli,n/a,8,q_proj,6,0.9999920129776001
single_lora,mnli,n/a,8,q_proj,7,0.9999904632568359
single_lora,mnli,n/a,8,q_proj,8,0.9997935891151428
single_lora,mnli,n/a,8,q_proj,9,0.9998159408569336
single_lora,mnli,n/a,8,q_proj,10,0.9999820590019226
single_lora,mnli,n/a,8,q_proj,11,0.9999956488609314
single_lora,mnli,n/a,8,q_proj,12,0.9999938607215881
single_lora,mnli,n/a,8,q_proj,13,0.9999421834945679
single_lora,mnli,n/a,8,q_proj,14,0.9999375343322754
single_lora,mnli,n/a,8,q_proj,15,0.9998396635055542
single_lora,mnli,n/a,8,q_proj,16,0.999646008014679
single_lora,mnli,n/a,8,q_proj,17,0.9996494650840759
single_lora,mnli,n/a,8,q_proj,18,0.9999939799308777
single_lora,mnli,n/a,8,q_proj,19,0.9999433159828186
single_lora,mnli,n/a,8,q_proj,20,0.9999756217002869
single_lora,mnli,n/a,8,q_proj,21,0.9999943971633911
single_lora,mnli,n/a,8,q_proj,22,0.9999633431434631
single_lora,mnli,n/a,8,q_proj,23,0.9998639822006226
single_lora,mnli,n/a,8,q_proj,24,0.999902606010437
single_lora,mnli,n/a,8,q_proj,25,0.9998624324798584
single_lora,mnli,n/a,8,q_proj,26,0.9999818801879883
single_lora,mnli,n/a,8,q_proj,27,0.9999586343765259
single_lora,mnli,n/a,8,q_proj,28,0.9999779462814331
single_lora,mnli,n/a,8,q_proj,29,0.999962329864502
single_lora,mnli,n/a,8,q_proj,30,0.999991238117218
single_lora,mnli,n/a,8,q_proj,31,0.9997761249542236
single_lora,mnli,n/a,8,q_proj,32,0.999722957611084
single_lora,mnli,n/a,8,q_proj,33,0.999839186668396
single_lora,mnli,n/a,8,q_proj,34,0.9998849630355835
single_lora,mnli,n/a,8,q_proj,35,0.999813437461853
single_lora,mnli,n/a,8,q_proj,36,0.9998637437820435
single_lora,mnli,n/a,8,q_proj,37,0.9996434450149536
single_lora,mnli,n/a,8,q_proj,38,0.998967707157135
single_lora,mnli,n/a,8,q_proj,39,0.9989411234855652
single_lora,mnli,n/a,8,q_proj,40,0.9993360042572021
single_lora,mnli,n/a,8,q_proj,41,0.9999605417251587
single_lora,mnli,n/a,8,q_proj,42,0.999828040599823
single_lora,mnli,n/a,8,q_proj,43,0.9997263550758362
single_lora,mnli,n/a,8,q_proj,44,0.9998676776885986
single_lora,mnli,n/a,8,q_proj,45,0.9997357726097107
single_lora,mnli,n/a,8,q_proj,46,0.9999886155128479
single_lora,mnli,n/a,8,q_proj,47,0.9999957084655762
single_lora,mnli,n/a,8,q_proj,48,0.9999570846557617
single_lora,mnli,n/a,8,q_proj,49,0.9999227523803711
single_lora,mnli,n/a,8,q_proj,50,0.9999348521232605
single_lora,mnli,n/a,8,v_proj,1,0.9938857555389404
single_lora,mnli,n/a,8,v_proj,2,0.994090735912323
single_lora,mnli,n/a,8,v_proj,3,0.9997726082801819
single_lora,mnli,n/a,8,v_proj,4,0.9997390508651733
single_lora,mnli,n/a,8,v_proj,5,0.9990867972373962
single_lora,mnli,n/a,8,v_proj,6,0.996444821357727
single_lora,mnli,n/a,8,v_proj,7,0.9964017868041992
single_lora,mnli,n/a,8,v_proj,8,0.9970154166221619
single_lora,mnli,n/a,8,v_proj,9,0.9970093965530396
single_lora,mnli,n/a,8,v_proj,10,0.9986592531204224
single_lora,mnli,n/a,8,v_proj,11,0.9986928701400757
single_lora,mnli,n/a,8,v_proj,12,0.9990931749343872
single_lora,mnli,n/a,8,v_proj,13,0.9951794147491455
single_lora,mnli,n/a,8,v_proj,14,0.9945686459541321
single_lora,mnli,n/a,8,v_proj,15,0.9969103932380676
single_lora,mnli,n/a,8,v_proj,16,0.9993631839752197
single_lora,mnli,n/a,8,v_proj,17,0.998732328414917
single_lora,mnli,n/a,8,v_proj,18,0.9992769360542297
single_lora,mnli,n/a,8,v_proj,19,0.9991642832756042
single_lora,mnli,n/a,8,v_proj,20,0.9988388419151306
single_lora,mnli,n/a,8,v_proj,21,0.9978893995285034
single_lora,mnli,n/a,8,v_proj,22,0.9866623282432556
single_lora,mnli,n/a,8,v_proj,23,0.9837627410888672
single_lora,mnli,n/a,8,v_proj,24,0.999360203742981
single_lora,mnli,n/a,8,v_proj,25,0.997005820274353
single_lora,mnli,n/a,8,v_proj,26,0.997532069683075
single_lora,mnli,n/a,8,v_proj,27,0.9978583455085754
single_lora,mnli,n/a,8,v_proj,28,0.9932069778442383
single_lora,mnli,n/a,8,v_proj,29,0.9963866472244263
single_lora,mnli,n/a,8,v_proj,30,0.998375415802002
single_lora,mnli,n/a,8,v_proj,31,0.9943140149116516
single_lora,mnli,n/a,8,v_proj,32,0.9948517084121704
single_lora,mnli,n/a,8,v_proj,33,0.9968010783195496
single_lora,mnli,n/a,8,v_proj,34,0.9981918334960938
single_lora,mnli,n/a,8,v_proj,35,0.9975547790527344
single_lora,mnli,n/a,8,v_proj,36,0.9969526529312134
single_lora,mnli,n/a,8,v_proj,37,0.9982459545135498
single_lora,mnli,n/a,8,v_proj,38,0.9981556534767151
single_lora,mnli,n/a,8,v_proj,39,0.9931471943855286
single_lora,mnli,n/a,8,v_proj,40,0.9957232475280762
single_lora,mnli,n/a,8,v_proj,41,0.9991597533226013
single_lora,mnli,n/a,8,v_proj,42,0.998798131942749
single_lora,mnli,n/a,8,v_proj,43,0.9981204867362976
single_lora,mnli,n/a,8,v_proj,44,0.9975723028182983
single_lora,mnli,n/a,8,v_proj,45,0.9977642893791199
single_lora,mnli,n/a,8,v_proj,46,0.997855544090271
single_lora,mnli,n/a,8,v_proj,47,0.9977144002914429
single_lora,mnli,n/a,8,v_proj,48,0.9976722598075867
single_lora,mnli,n/a,8,v_proj,49,0.8932656049728394
single_lora,mnli,n/a,8,v_proj,50,0.889248251914978
single_lora,mnli,n/a,8,up_proj,1,0.9999975562095642
single_lora,mnli,n/a,8,up_proj,2,0.999990701675415
single_lora,mnli,n/a,8,up_proj,3,0.9999865293502808
single_lora,mnli,n/a,8,up_proj,4,0.999989926815033
single_lora,mnli,n/a,8,up_proj,5,0.9999834895133972
single_lora,mnli,n/a,8,up_proj,6,0.9999738335609436
single_lora,mnli,n/a,8,up_proj,7,0.9999910593032837
single_lora,mnli,n/a,8,up_proj,8,0.9999668002128601
single_lora,mnli,n/a,8,up_proj,9,0.9999406933784485
single_lora,mnli,n/a,8,up_proj,10,0.9999206066131592
single_lora,mnli,n/a,8,up_proj,11,0.9999730587005615
single_lora,mnli,n/a,8,up_proj,12,0.999941349029541
single_lora,mnli,n/a,8,up_proj,13,0.9891992211341858
single_lora,mnli,n/a,8,up_proj,14,0.9892386198043823
single_lora,mnli,n/a,8,up_proj,15,0.999976634979248
single_lora,mnli,n/a,8,up_proj,16,0.9999693632125854
single_lora,mnli,n/a,8,up_proj,17,0.9999598860740662
single_lora,mnli,n/a,8,up_proj,18,0.9999537467956543
single_lora,mnli,n/a,8,up_proj,19,0.999796450138092
single_lora,mnli,n/a,8,up_proj,20,0.9996441602706909
single_lora,mnli,n/a,8,up_proj,21,0.9997721910476685
single_lora,mnli,n/a,8,up_proj,22,0.9997841715812683
single_lora,mnli,n/a,8,up_proj,23,0.9957244396209717
single_lora,mnli,n/a,8,up_proj,24,0.995693027973175
single_lora,mnli,n/a,8,up_proj,25,0.9999110102653503
single_lora,mnli,n/a,8,up_proj,26,0.9996970891952515
single_lora,mnli,n/a,8,up_proj,27,0.9998372197151184
single_lora,mnli,n/a,8,up_proj,28,0.9994539022445679
single_lora,mnli,n/a,8,up_proj,29,0.9994315505027771
single_lora,mnli,n/a,8,up_proj,30,0.9994062781333923
single_lora,mnli,n/a,8,up_proj,31,0.9983928799629211
single_lora,mnli,n/a,8,up_proj,32,0.9978473782539368
single_lora,mnli,n/a,8,up_proj,33,0.9987726211547852
single_lora,mnli,n/a,8,up_proj,34,0.999599039554596
single_lora,mnli,n/a,8,up_proj,35,0.9997018575668335
single_lora,mnli,n/a,8,up_proj,36,0.9994303584098816
single_lora,mnli,n/a,8,up_proj,37,0.9996302723884583
single_lora,mnli,n/a,8,up_proj,38,0.9993341565132141
single_lora,mnli,n/a,8,up_proj,39,0.9992934465408325
single_lora,mnli,n/a,8,up_proj,40,0.9992800951004028
single_lora,mnli,n/a,8,up_proj,41,0.9988179802894592
single_lora,mnli,n/a,8,up_proj,42,0.9974794983863831
single_lora,mnli,n/a,8,up_proj,43,0.9977471232414246
single_lora,mnli,n/a,8,up_proj,44,0.9993789196014404
single_lora,mnli,n/a,8,up_proj,45,0.9996088743209839
single_lora,mnli,n/a,8,up_proj,46,0.9994547367095947
single_lora,mnli,n/a,8,up_proj,47,0.998596727848053
single_lora,mnli,n/a,8,up_proj,48,0.9978411793708801
single_lora,mnli,n/a,8,up_proj,49,0.9972703456878662
single_lora,mnli,n/a,8,up_proj,50,0.9973564147949219
single_lora,mnli,n/a,8,down_proj,1,1.000000238418579
single_lora,mnli,n/a,8,down_proj,2,1.000000238418579
single_lora,mnli,n/a,8,down_proj,3,1.000000238418579
single_lora,mnli,n/a,8,down_proj,4,0.9999995231628418
single_lora,mnli,n/a,8,down_proj,5,0.9999964833259583
single_lora,mnli,n/a,8,down_proj,6,0.9999986886978149
single_lora,mnli,n/a,8,down_proj,7,0.9999935626983643
single_lora,mnli,n/a,8,down_proj,8,0.9999977946281433
single_lora,mnli,n/a,8,down_proj,9,0.9999979138374329
single_lora,mnli,n/a,8,down_proj,10,0.999993085861206
single_lora,mnli,n/a,8,down_proj,11,0.9999529719352722
single_lora,mnli,n/a,8,down_proj,12,0.9999525547027588
single_lora,mnli,n/a,8,down_proj,13,0.9999668002128601
single_lora,mnli,n/a,8,down_proj,14,0.9999676942825317
single_lora,mnli,n/a,8,down_proj,15,0.9999899864196777
single_lora,mnli,n/a,8,down_proj,16,0.9999947547912598
single_lora,mnli,n/a,8,down_proj,17,0.9999905228614807
single_lora,mnli,n/a,8,down_proj,18,0.9999735355377197
single_lora,mnli,n/a,8,down_proj,19,0.9997310042381287
single_lora,mnli,n/a,8,down_proj,20,0.9997274875640869
single_lora,mnli,n/a,8,down_proj,21,0.9999826550483704
single_lora,mnli,n/a,8,down_proj,22,0.9999948740005493
single_lora,mnli,n/a,8,down_proj,23,0.9999810457229614
single_lora,mnli,n/a,8,down_proj,24,0.9999869465827942
single_lora,mnli,n/a,8,down_proj,25,0.9999790191650391
single_lora,mnli,n/a,8,down_proj,26,0.9996269345283508
single_lora,mnli,n/a,8,down_proj,27,0.9995947480201721
single_lora,mnli,n/a,8,down_proj,28,0.9999508857727051
single_lora,mnli,n/a,8,down_proj,29,0.9999884366989136
single_lora,mnli,n/a,8,down_proj,30,0.9999687075614929
single_lora,mnli,n/a,8,down_proj,31,0.9998692870140076
single_lora,mnli,n/a,8,down_proj,32,0.9998674988746643
single_lora,mnli,n/a,8,down_proj,33,0.9999315142631531
single_lora,mnli,n/a,8,down_proj,34,0.999956488609314
single_lora,mnli,n/a,8,down_proj,35,0.999908983707428
single_lora,mnli,n/a,8,down_proj,36,0.9999620914459229
single_lora,mnli,n/a,8,down_proj,37,0.9999777674674988
single_lora,mnli,n/a,8,down_proj,38,0.9999588131904602
single_lora,mnli,n/a,8,down_proj,39,0.9999660849571228
single_lora,mnli,n/a,8,down_proj,40,0.9999399185180664
single_lora,mnli,n/a,8,down_proj,41,0.9998634457588196
single_lora,mnli,n/a,8,down_proj,42,0.9996985197067261
single_lora,mnli,n/a,8,down_proj,43,0.999796450138092
single_lora,mnli,n/a,8,down_proj,44,0.9999883770942688
single_lora,mnli,n/a,8,down_proj,45,0.999979555606842
single_lora,mnli,n/a,8,down_proj,46,0.9999765157699585
single_lora,mnli,n/a,8,down_proj,47,0.9999266266822815
single_lora,mnli,n/a,8,down_proj,48,0.9999575614929199
single_lora,mnli,n/a,8,down_proj,49,0.9998605251312256
single_lora,mnli,n/a,8,down_proj,50,0.999819278717041
single_lora,mnli,n/a,15,q_proj,1,1.0
single_lora,mnli,n/a,15,q_proj,2,0.9999997019767761
single_lora,mnli,n/a,15,q_proj,3,0.9999966025352478
single_lora,mnli,n/a,15,q_proj,4,0.9999985098838806
single_lora,mnli,n/a,15,q_proj,5,0.9999986886978149
single_lora,mnli,n/a,15,q_proj,6,0.9999983310699463
single_lora,mnli,n/a,15,q_proj,7,0.9999992847442627
single_lora,mnli,n/a,15,q_proj,8,0.9999985098838806
single_lora,mnli,n/a,15,q_proj,9,0.9999880790710449
single_lora,mnli,n/a,15,q_proj,10,0.999988317489624
single_lora,mnli,n/a,15,q_proj,11,0.9999983906745911
single_lora,mnli,n/a,15,q_proj,12,0.999995768070221
single_lora,mnli,n/a,15,q_proj,13,0.999995768070221
single_lora,mnli,n/a,15,q_proj,14,0.999998927116394
single_lora,mnli,n/a,15,q_proj,15,0.9999922513961792
single_lora,mnli,n/a,15,q_proj,16,0.9999954104423523
single_lora,mnli,n/a,15,q_proj,17,0.9999984502792358
single_lora,mnli,n/a,15,q_proj,18,0.9999967217445374
single_lora,mnli,n/a,15,q_proj,19,0.9999987483024597
single_lora,mnli,n/a,15,q_proj,20,0.9999983906745911
single_lora,mnli,n/a,15,q_proj,21,0.9999930262565613
single_lora,mnli,n/a,15,q_proj,22,0.9999919533729553
single_lora,mnli,n/a,15,q_proj,23,0.9999974966049194
single_lora,mnli,n/a,15,q_proj,24,0.9999976754188538
single_lora,mnli,n/a,15,q_proj,25,0.9999939203262329
single_lora,mnli,n/a,15,q_proj,26,0.9999920129776001
single_lora,mnli,n/a,15,q_proj,27,0.9999964237213135
single_lora,mnli,n/a,15,q_proj,28,0.9999579191207886
single_lora,mnli,n/a,15,q_proj,29,0.9999589920043945
single_lora,mnli,n/a,15,q_proj,30,0.9999980330467224
single_lora,mnli,n/a,15,q_proj,31,0.9999719262123108
single_lora,mnli,n/a,15,q_proj,32,0.9999715089797974
single_lora,mnli,n/a,15,q_proj,33,0.9999975562095642
single_lora,mnli,n/a,15,q_proj,34,0.999991238117218
single_lora,mnli,n/a,15,q_proj,35,0.9999892711639404
single_lora,mnli,n/a,15,q_proj,36,0.999986469745636
single_lora,mnli,n/a,15,q_proj,37,0.9999940395355225
single_lora,mnli,n/a,15,q_proj,38,0.9999955892562866
single_lora,mnli,n/a,15,q_proj,39,0.9999927282333374
single_lora,mnli,n/a,15,q_proj,40,0.9999948740005493
single_lora,mnli,n/a,15,q_proj,41,0.9999964833259583
single_lora,mnli,n/a,15,q_proj,42,0.9999849796295166
single_lora,mnli,n/a,15,q_proj,43,0.9999881386756897
single_lora,mnli,n/a,15,q_proj,44,0.9999721646308899
single_lora,mnli,n/a,15,q_proj,45,0.9999799728393555
single_lora,mnli,n/a,15,q_proj,46,0.9999953508377075
single_lora,mnli,n/a,15,q_proj,47,0.9999943375587463
single_lora,mnli,n/a,15,q_proj,48,0.9999915957450867
single_lora,mnli,n/a,15,q_proj,49,0.9999911189079285
single_lora,mnli,n/a,15,q_proj,50,0.9998459219932556
single_lora,mnli,n/a,15,v_proj,1,0.9999963045120239
single_lora,mnli,n/a,15,v_proj,2,0.9999968409538269
single_lora,mnli,n/a,15,v_proj,3,0.999995768070221
single_lora,mnli,n/a,15,v_proj,4,0.9999969005584717
single_lora,mnli,n/a,15,v_proj,5,0.9999967813491821
single_lora,mnli,n/a,15,v_proj,6,0.9999970197677612
single_lora,mnli,n/a,15,v_proj,7,0.9999966025352478
single_lora,mnli,n/a,15,v_proj,8,0.9999954700469971
single_lora,mnli,n/a,15,v_proj,9,0.9999874830245972
single_lora,mnli,n/a,15,v_proj,10,0.9999731779098511
single_lora,mnli,n/a,15,v_proj,11,0.999971866607666
single_lora,mnli,n/a,15,v_proj,12,0.9999639987945557
single_lora,mnli,n/a,15,v_proj,13,0.9999436140060425
single_lora,mnli,n/a,15,v_proj,14,0.9999522566795349
single_lora,mnli,n/a,15,v_proj,15,0.9999393224716187
single_lora,mnli,n/a,15,v_proj,16,0.9999741315841675
single_lora,mnli,n/a,15,v_proj,17,0.9999792575836182
single_lora,mnli,n/a,15,v_proj,18,0.9999918937683105
single_lora,mnli,n/a,15,v_proj,19,0.9999775290489197
single_lora,mnli,n/a,15,v_proj,20,0.9999725818634033
single_lora,mnli,n/a,15,v_proj,21,0.999870777130127
single_lora,mnli,n/a,15,v_proj,22,0.9998855590820312
single_lora,mnli,n/a,15,v_proj,23,0.9999871253967285
single_lora,mnli,n/a,15,v_proj,24,0.9999858736991882
single_lora,mnli,n/a,15,v_proj,25,0.9999178647994995
single_lora,mnli,n/a,15,v_proj,26,0.9999041557312012
single_lora,mnli,n/a,15,v_proj,27,0.999976634979248
single_lora,mnli,n/a,15,v_proj,28,0.9999047517776489
single_lora,mnli,n/a,15,v_proj,29,0.9999382495880127
single_lora,mnli,n/a,15,v_proj,30,0.9999653100967407
single_lora,mnli,n/a,15,v_proj,31,0.9999762773513794
single_lora,mnli,n/a,15,v_proj,32,0.9999217987060547
single_lora,mnli,n/a,15,v_proj,33,0.9998937845230103
single_lora,mnli,n/a,15,v_proj,34,0.9999576210975647
single_lora,mnli,n/a,15,v_proj,35,0.9999176263809204
single_lora,mnli,n/a,15,v_proj,36,0.9991961717605591
single_lora,mnli,n/a,15,v_proj,37,0.9991684556007385
single_lora,mnli,n/a,15,v_proj,38,0.9999369382858276
single_lora,mnli,n/a,15,v_proj,39,0.9999482035636902
single_lora,mnli,n/a,15,v_proj,40,0.9999467134475708
single_lora,mnli,n/a,15,v_proj,41,0.9999598264694214
single_lora,mnli,n/a,15,v_proj,42,0.9999457001686096
single_lora,mnli,n/a,15,v_proj,43,0.9997059106826782
single_lora,mnli,n/a,15,v_proj,44,0.9997216463088989
single_lora,mnli,n/a,15,v_proj,45,0.9999661445617676
single_lora,mnli,n/a,15,v_proj,46,0.999965250492096
single_lora,mnli,n/a,15,v_proj,47,0.9999566078186035
single_lora,mnli,n/a,15,v_proj,48,0.9999610781669617
single_lora,mnli,n/a,15,v_proj,49,0.9999706149101257
single_lora,mnli,n/a,15,v_proj,50,0.9999377131462097
single_lora,mnli,n/a,15,up_proj,1,1.0000007152557373
single_lora,mnli,n/a,15,up_proj,2,1.0000008344650269
single_lora,mnli,n/a,15,up_proj,3,1.0000007152557373
single_lora,mnli,n/a,15,up_proj,4,0.9999989867210388
single_lora,mnli,n/a,15,up_proj,5,0.9999992251396179
single_lora,mnli,n/a,15,up_proj,6,0.9999986886978149
single_lora,mnli,n/a,15,up_proj,7,0.9999989867210388
single_lora,mnli,n/a,15,up_proj,8,0.9999974966049194
single_lora,mnli,n/a,15,up_proj,9,0.9999955296516418
single_lora,mnli,n/a,15,up_proj,10,0.9999951124191284
single_lora,mnli,n/a,15,up_proj,11,0.9999985694885254
single_lora,mnli,n/a,15,up_proj,12,0.9999972581863403
single_lora,mnli,n/a,15,up_proj,13,0.9999971389770508
single_lora,mnli,n/a,15,up_proj,14,0.9999985098838806
single_lora,mnli,n/a,15,up_proj,15,0.9999977350234985
single_lora,mnli,n/a,15,up_proj,16,0.9999955892562866
single_lora,mnli,n/a,15,up_proj,17,0.9999964237213135
single_lora,mnli,n/a,15,up_proj,18,0.9999985694885254
single_lora,mnli,n/a,15,up_proj,19,0.9999942183494568
single_lora,mnli,n/a,15,up_proj,20,0.9999949932098389
single_lora,mnli,n/a,15,up_proj,21,0.9999960660934448
single_lora,mnli,n/a,15,up_proj,22,0.9999960660934448
single_lora,mnli,n/a,15,up_proj,23,0.9999903440475464
single_lora,mnli,n/a,15,up_proj,24,0.9999862909317017
single_lora,mnli,n/a,15,up_proj,25,0.9999854564666748
single_lora,mnli,n/a,15,up_proj,26,0.9999881386756897
single_lora,mnli,n/a,15,up_proj,27,0.9999932646751404
single_lora,mnli,n/a,15,up_proj,28,0.9999891519546509
single_lora,mnli,n/a,15,up_proj,29,0.9999822378158569
single_lora,mnli,n/a,15,up_proj,30,0.9999873638153076
single_lora,mnli,n/a,15,up_proj,31,0.9999924302101135
single_lora,mnli,n/a,15,up_proj,32,0.9999908804893494
single_lora,mnli,n/a,15,up_proj,33,0.9999777674674988
single_lora,mnli,n/a,15,up_proj,34,0.999976396560669
single_lora,mnli,n/a,15,up_proj,35,0.9999932050704956
single_lora,mnli,n/a,15,up_proj,36,0.9999723434448242
single_lora,mnli,n/a,15,up_proj,37,0.9999575018882751
single_lora,mnli,n/a,15,up_proj,38,0.9999879002571106
single_lora,mnli,n/a,15,up_proj,39,0.9999858736991882
single_lora,mnli,n/a,15,up_proj,40,0.9999793171882629
single_lora,mnli,n/a,15,up_proj,41,0.9999565482139587
single_lora,mnli,n/a,15,up_proj,42,0.9999374151229858
single_lora,mnli,n/a,15,up_proj,43,0.9999604225158691
single_lora,mnli,n/a,15,up_proj,44,0.9999746680259705
single_lora,mnli,n/a,15,up_proj,45,0.9999735951423645
single_lora,mnli,n/a,15,up_proj,46,0.9999724626541138
single_lora,mnli,n/a,15,up_proj,47,0.9999490976333618
single_lora,mnli,n/a,15,up_proj,48,0.9998775720596313
single_lora,mnli,n/a,15,up_proj,49,0.9999146461486816
single_lora,mnli,n/a,15,up_proj,50,0.9999787211418152
single_lora,mnli,n/a,15,down_proj,1,1.0
single_lora,mnli,n/a,15,down_proj,2,0.9999990463256836
single_lora,mnli,n/a,15,down_proj,3,0.9999992251396179
single_lora,mnli,n/a,15,down_proj,4,1.0000001192092896
single_lora,mnli,n/a,15,down_proj,5,0.999999463558197
single_lora,mnli,n/a,15,down_proj,6,1.0
single_lora,mnli,n/a,15,down_proj,7,0.9999995827674866
single_lora,mnli,n/a,15,down_proj,8,0.9999985098838806
single_lora,mnli,n/a,15,down_proj,9,0.9999989867210388
single_lora,mnli,n/a,15,down_proj,10,0.9999987483024597
single_lora,mnli,n/a,15,down_proj,11,0.9999918341636658
single_lora,mnli,n/a,15,down_proj,12,0.9999920725822449
single_lora,mnli,n/a,15,down_proj,13,0.999997079372406
single_lora,mnli,n/a,15,down_proj,14,0.9999937415122986
single_lora,mnli,n/a,15,down_proj,15,0.9999979734420776
single_lora,mnli,n/a,15,down_proj,16,0.9999933838844299
single_lora,mnli,n/a,15,down_proj,17,0.9999921917915344
single_lora,mnli,n/a,15,down_proj,18,0.9999971389770508
single_lora,mnli,n/a,15,down_proj,19,0.9999752640724182
single_lora,mnli,n/a,15,down_proj,20,0.9999812841415405
single_lora,mnli,n/a,15,down_proj,21,0.9999816417694092
single_lora,mnli,n/a,15,down_proj,22,0.9999535083770752
single_lora,mnli,n/a,15,down_proj,23,0.999951958656311
single_lora,mnli,n/a,15,down_proj,24,0.999994158744812
single_lora,mnli,n/a,15,down_proj,25,0.9999946355819702
single_lora,mnli,n/a,15,down_proj,26,0.9998785257339478
single_lora,mnli,n/a,15,down_proj,27,0.9998753070831299
single_lora,mnli,n/a,15,down_proj,28,0.9999939799308777
single_lora,mnli,n/a,15,down_proj,29,0.9999942779541016
single_lora,mnli,n/a,15,down_proj,30,0.9999929070472717
single_lora,mnli,n/a,15,down_proj,31,0.999993085861206
single_lora,mnli,n/a,15,down_proj,32,0.9999889135360718
single_lora,mnli,n/a,15,down_proj,33,0.9999839663505554
single_lora,mnli,n/a,15,down_proj,34,0.9999265670776367
single_lora,mnli,n/a,15,down_proj,35,0.9999192953109741
single_lora,mnli,n/a,15,down_proj,36,0.9997618198394775
single_lora,mnli,n/a,15,down_proj,37,0.9997374415397644
single_lora,mnli,n/a,15,down_proj,38,0.9999486804008484
single_lora,mnli,n/a,15,down_proj,39,0.9995089173316956
single_lora,mnli,n/a,15,down_proj,40,0.9995096921920776
single_lora,mnli,n/a,15,down_proj,41,0.9999020099639893
single_lora,mnli,n/a,15,down_proj,42,0.9999639987945557
single_lora,mnli,n/a,15,down_proj,43,0.9999780654907227
single_lora,mnli,n/a,15,down_proj,44,0.9999755024909973
single_lora,mnli,n/a,15,down_proj,45,0.9999828338623047
single_lora,mnli,n/a,15,down_proj,46,0.9999758005142212
single_lora,mnli,n/a,15,down_proj,47,0.999958872795105
single_lora,mnli,n/a,15,down_proj,48,0.9999500513076782
single_lora,mnli,n/a,15,down_proj,49,0.999976396560669
single_lora,mnli,n/a,15,down_proj,50,0.9999681711196899
single_lora,qqp,n/a,0,q_proj,1,0.9999998807907104
single_lora,qqp,n/a,0,q_proj,2,0.999999463558197
single_lora,qqp,n/a,0,q_proj,3,0.9999995231628418
single_lora,qqp,n/a,0,q_proj,4,0.9999980926513672
single_lora,qqp,n/a,0,q_proj,5,0.9999991655349731
single_lora,qqp,n/a,0,q_proj,6,0.9999996423721313
single_lora,qqp,n/a,0,q_proj,7,0.9999982714653015
single_lora,qqp,n/a,0,q_proj,8,0.9999973773956299
single_lora,qqp,n/a,0,q_proj,9,0.9999988079071045
single_lora,qqp,n/a,0,q_proj,10,0.9999982714653015
single_lora,qqp,n/a,0,q_proj,11,0.9999991655349731
single_lora,qqp,n/a,0,q_proj,12,0.9999955892562866
single_lora,qqp,n/a,0,q_proj,13,0.9999960660934448
single_lora,qqp,n/a,0,q_proj,14,0.9999942183494568
single_lora,qqp,n/a,0,q_proj,15,0.999966561794281
single_lora,qqp,n/a,0,q_proj,16,0.9999726414680481
single_lora,qqp,n/a,0,q_proj,17,0.9999805092811584
single_lora,qqp,n/a,0,q_proj,18,0.9999842643737793
single_lora,qqp,n/a,0,q_proj,19,0.9999911189079285
single_lora,qqp,n/a,0,q_proj,20,0.999987781047821
single_lora,qqp,n/a,0,q_proj,21,0.9999577403068542
single_lora,qqp,n/a,0,q_proj,22,0.9999530911445618
single_lora,qqp,n/a,0,q_proj,23,0.9999886751174927
single_lora,qqp,n/a,0,q_proj,24,0.9999836683273315
single_lora,qqp,n/a,0,q_proj,25,0.9999731183052063
single_lora,qqp,n/a,0,q_proj,26,0.9999918341636658
single_lora,qqp,n/a,0,q_proj,27,0.9999789595603943
single_lora,qqp,n/a,0,q_proj,28,0.99997878074646
single_lora,qqp,n/a,0,q_proj,29,0.9999762773513794
single_lora,qqp,n/a,0,q_proj,30,0.9999942183494568
single_lora,qqp,n/a,0,q_proj,31,0.9999870657920837
single_lora,qqp,n/a,0,q_proj,32,0.9999828934669495
single_lora,qqp,n/a,0,q_proj,33,0.9999868273735046
single_lora,qqp,n/a,0,q_proj,34,0.9999831318855286
single_lora,qqp,n/a,0,q_proj,35,0.99994295835495
single_lora,qqp,n/a,0,q_proj,36,0.9999271631240845
single_lora,qqp,n/a,0,q_proj,37,0.9999446272850037
single_lora,qqp,n/a,0,q_proj,38,0.9998869299888611
single_lora,qqp,n/a,0,q_proj,39,0.9999268054962158
single_lora,qqp,n/a,0,q_proj,40,0.9999687671661377
single_lora,qqp,n/a,0,q_proj,41,0.9999796152114868
single_lora,qqp,n/a,0,q_proj,42,0.9999617338180542
single_lora,qqp,n/a,0,q_proj,43,0.9999645948410034
single_lora,qqp,n/a,0,q_proj,44,0.9999704360961914
single_lora,qqp,n/a,0,q_proj,45,0.9999735951423645
single_lora,qqp,n/a,0,q_proj,46,0.9999858140945435
single_lora,qqp,n/a,0,q_proj,47,0.9999445676803589
single_lora,qqp,n/a,0,q_proj,48,0.9999435544013977
single_lora,qqp,n/a,0,q_proj,49,0.9999462366104126
single_lora,qqp,n/a,0,q_proj,50,0.999940037727356
single_lora,qqp,n/a,0,v_proj,1,0.9999858736991882
single_lora,qqp,n/a,0,v_proj,2,0.9991804361343384
single_lora,qqp,n/a,0,v_proj,3,0.9993711709976196
single_lora,qqp,n/a,0,v_proj,4,0.9999127388000488
single_lora,qqp,n/a,0,v_proj,5,0.9999005794525146
single_lora,qqp,n/a,0,v_proj,6,0.999738335609436
single_lora,qqp,n/a,0,v_proj,7,0.9996252059936523
single_lora,qqp,n/a,0,v_proj,8,0.9989855289459229
single_lora,qqp,n/a,0,v_proj,9,0.9994535446166992
single_lora,qqp,n/a,0,v_proj,10,0.9997559785842896
single_lora,qqp,n/a,0,v_proj,11,0.9902323484420776
single_lora,qqp,n/a,0,v_proj,12,0.98880934715271
single_lora,qqp,n/a,0,v_proj,13,0.9989372491836548
single_lora,qqp,n/a,0,v_proj,14,0.9990041255950928
single_lora,qqp,n/a,0,v_proj,15,0.999713659286499
single_lora,qqp,n/a,0,v_proj,16,0.994733452796936
single_lora,qqp,n/a,0,v_proj,17,0.9906214475631714
single_lora,qqp,n/a,0,v_proj,18,0.995904803276062
single_lora,qqp,n/a,0,v_proj,19,0.9989514350891113
single_lora,qqp,n/a,0,v_proj,20,0.9994075298309326
single_lora,qqp,n/a,0,v_proj,21,0.9980242252349854
single_lora,qqp,n/a,0,v_proj,22,0.9979095458984375
single_lora,qqp,n/a,0,v_proj,23,0.997583270072937
single_lora,qqp,n/a,0,v_proj,24,0.9961543083190918
single_lora,qqp,n/a,0,v_proj,25,0.9958839416503906
single_lora,qqp,n/a,0,v_proj,26,0.9967883825302124
single_lora,qqp,n/a,0,v_proj,27,0.989315390586853
single_lora,qqp,n/a,0,v_proj,28,0.9888015389442444
single_lora,qqp,n/a,0,v_proj,29,0.9664534330368042
single_lora,qqp,n/a,0,v_proj,30,0.9641032814979553
single_lora,qqp,n/a,0,v_proj,31,0.9905701875686646
single_lora,qqp,n/a,0,v_proj,32,0.9778499603271484
single_lora,qqp,n/a,0,v_proj,33,0.9930147528648376
single_lora,qqp,n/a,0,v_proj,34,0.9939236640930176
single_lora,qqp,n/a,0,v_proj,35,0.9955697059631348
single_lora,qqp,n/a,0,v_proj,36,0.9866461157798767
single_lora,qqp,n/a,0,v_proj,37,0.9953209161758423
single_lora,qqp,n/a,0,v_proj,38,0.9245417714118958
single_lora,qqp,n/a,0,v_proj,39,0.941953182220459
single_lora,qqp,n/a,0,v_proj,40,0.9887429475784302
single_lora,qqp,n/a,0,v_proj,41,0.9857627749443054
single_lora,qqp,n/a,0,v_proj,42,0.9852898716926575
single_lora,qqp,n/a,0,v_proj,43,0.992566704750061
single_lora,qqp,n/a,0,v_proj,44,0.9930859208106995
single_lora,qqp,n/a,0,v_proj,45,0.9915139675140381
single_lora,qqp,n/a,0,v_proj,46,0.992247462272644
single_lora,qqp,n/a,0,v_proj,47,0.993783712387085
single_lora,qqp,n/a,0,v_proj,48,0.9962602853775024
single_lora,qqp,n/a,0,v_proj,49,0.9905570149421692
single_lora,qqp,n/a,0,v_proj,50,0.9734944105148315
single_lora,qqp,n/a,0,up_proj,1,0.9999815225601196
single_lora,qqp,n/a,0,up_proj,2,0.9999662637710571
single_lora,qqp,n/a,0,up_proj,3,0.9999827146530151
single_lora,qqp,n/a,0,up_proj,4,0.9999850392341614
single_lora,qqp,n/a,0,up_proj,5,0.9999701380729675
single_lora,qqp,n/a,0,up_proj,6,0.9998058080673218
single_lora,qqp,n/a,0,up_proj,7,0.9998053312301636
single_lora,qqp,n/a,0,up_proj,8,0.9999573826789856
single_lora,qqp,n/a,0,up_proj,9,0.9997729659080505
single_lora,qqp,n/a,0,up_proj,10,0.9997978210449219
single_lora,qqp,n/a,0,up_proj,11,0.9996894598007202
single_lora,qqp,n/a,0,up_proj,12,0.9996334910392761
single_lora,qqp,n/a,0,up_proj,13,0.9998539686203003
single_lora,qqp,n/a,0,up_proj,14,0.9998336434364319
single_lora,qqp,n/a,0,up_proj,15,0.9999198317527771
single_lora,qqp,n/a,0,up_proj,16,0.9995213150978088
single_lora,qqp,n/a,0,up_proj,17,0.9991326332092285
single_lora,qqp,n/a,0,up_proj,18,0.9991075396537781
single_lora,qqp,n/a,0,up_proj,19,0.9999322295188904
single_lora,qqp,n/a,0,up_proj,20,0.9998860955238342
single_lora,qqp,n/a,0,up_proj,21,0.9999213218688965
single_lora,qqp,n/a,0,up_proj,22,0.9998108148574829
single_lora,qqp,n/a,0,up_proj,23,0.9999226927757263
single_lora,qqp,n/a,0,up_proj,24,0.9999515414237976
single_lora,qqp,n/a,0,up_proj,25,0.9999654293060303
single_lora,qqp,n/a,0,up_proj,26,0.9985536336898804
single_lora,qqp,n/a,0,up_proj,27,0.9984970688819885
single_lora,qqp,n/a,0,up_proj,28,0.9997667074203491
single_lora,qqp,n/a,0,up_proj,29,0.9998803734779358
single_lora,qqp,n/a,0,up_proj,30,0.9999091029167175
single_lora,qqp,n/a,0,up_proj,31,0.9999166131019592
single_lora,qqp,n/a,0,up_proj,32,0.9998380541801453
single_lora,qqp,n/a,0,up_proj,33,0.9998061656951904
single_lora,qqp,n/a,0,up_proj,34,0.9998758435249329
single_lora,qqp,n/a,0,up_proj,35,0.9999335408210754
single_lora,qqp,n/a,0,up_proj,36,0.9999324083328247
single_lora,qqp,n/a,0,up_proj,37,0.9988713264465332
single_lora,qqp,n/a,0,up_proj,38,0.9988908171653748
single_lora,qqp,n/a,0,up_proj,39,0.9998438358306885
single_lora,qqp,n/a,0,up_proj,40,0.99982750415802
single_lora,qqp,n/a,0,up_proj,41,0.9994224309921265
single_lora,qqp,n/a,0,up_proj,42,0.9959745407104492
single_lora,qqp,n/a,0,up_proj,43,0.9963832497596741
single_lora,qqp,n/a,0,up_proj,44,0.9995490908622742
single_lora,qqp,n/a,0,up_proj,45,0.9995356202125549
single_lora,qqp,n/a,0,up_proj,46,0.9998024106025696
single_lora,qqp,n/a,0,up_proj,47,0.9997506737709045
single_lora,qqp,n/a,0,up_proj,48,0.9987616539001465
single_lora,qqp,n/a,0,up_proj,49,0.9990726709365845
single_lora,qqp,n/a,0,up_proj,50,0.9993401765823364
single_lora,qqp,n/a,0,down_proj,1,0.9999863505363464
single_lora,qqp,n/a,0,down_proj,2,0.9999991059303284
single_lora,qqp,n/a,0,down_proj,3,0.9999925494194031
single_lora,qqp,n/a,0,down_proj,4,0.9999790191650391
single_lora,qqp,n/a,0,down_proj,5,0.9999961853027344
single_lora,qqp,n/a,0,down_proj,6,0.9999798536300659
single_lora,qqp,n/a,0,down_proj,7,0.9999667406082153
single_lora,qqp,n/a,0,down_proj,8,0.9999573826789856
single_lora,qqp,n/a,0,down_proj,9,0.9998384714126587
single_lora,qqp,n/a,0,down_proj,10,0.9998228549957275
single_lora,qqp,n/a,0,down_proj,11,0.999962568283081
single_lora,qqp,n/a,0,down_proj,12,0.9998880624771118
single_lora,qqp,n/a,0,down_proj,13,0.9999479055404663
single_lora,qqp,n/a,0,down_proj,14,0.9999572038650513
single_lora,qqp,n/a,0,down_proj,15,0.999950110912323
single_lora,qqp,n/a,0,down_proj,16,0.9999024271965027
single_lora,qqp,n/a,0,down_proj,17,0.9998862147331238
single_lora,qqp,n/a,0,down_proj,18,0.9998196959495544
single_lora,qqp,n/a,0,down_proj,19,0.9999611377716064
single_lora,qqp,n/a,0,down_proj,20,0.8498813509941101
single_lora,qqp,n/a,0,down_proj,21,0.8498765826225281
single_lora,qqp,n/a,0,down_proj,22,0.999672532081604
single_lora,qqp,n/a,0,down_proj,23,0.999677836894989
single_lora,qqp,n/a,0,down_proj,24,0.9999173879623413
single_lora,qqp,n/a,0,down_proj,25,0.999878466129303
single_lora,qqp,n/a,0,down_proj,26,0.9997400641441345
single_lora,qqp,n/a,0,down_proj,27,0.9999192357063293
single_lora,qqp,n/a,0,down_proj,28,0.9998391270637512
single_lora,qqp,n/a,0,down_proj,29,0.9997232556343079
single_lora,qqp,n/a,0,down_proj,30,0.9996441006660461
single_lora,qqp,n/a,0,down_proj,31,0.9998581409454346
single_lora,qqp,n/a,0,down_proj,32,0.9999149441719055
single_lora,qqp,n/a,0,down_proj,33,0.9904331564903259
single_lora,qqp,n/a,0,down_proj,34,0.990304708480835
single_lora,qqp,n/a,0,down_proj,35,0.9996141791343689
single_lora,qqp,n/a,0,down_proj,36,0.999472975730896
single_lora,qqp,n/a,0,down_proj,37,0.9993008971214294
single_lora,qqp,n/a,0,down_proj,38,0.9992266297340393
single_lora,qqp,n/a,0,down_proj,39,0.9997408986091614
single_lora,qqp,n/a,0,down_proj,40,0.996749758720398
single_lora,qqp,n/a,0,down_proj,41,0.9968282580375671
single_lora,qqp,n/a,0,down_proj,42,0.9988000392913818
single_lora,qqp,n/a,0,down_proj,43,0.9988210797309875
single_lora,qqp,n/a,0,down_proj,44,0.999864935874939
single_lora,qqp,n/a,0,down_proj,45,0.9993111491203308
single_lora,qqp,n/a,0,down_proj,46,0.9996696710586548
single_lora,qqp,n/a,0,down_proj,47,0.9981027245521545
single_lora,qqp,n/a,0,down_proj,48,0.9979372620582581
single_lora,qqp,n/a,0,down_proj,49,0.999871551990509
single_lora,qqp,n/a,0,down_proj,50,0.9930565357208252
single_lora,qqp,n/a,8,q_proj,1,0.9999606609344482
single_lora,qqp,n/a,8,q_proj,2,0.9999918937683105
single_lora,qqp,n/a,8,q_proj,3,0.9999940395355225
single_lora,qqp,n/a,8,q_proj,4,0.9999957084655762
single_lora,qqp,n/a,8,q_proj,5,0.9999644756317139
single_lora,qqp,n/a,8,q_proj,6,0.999986469745636
single_lora,qqp,n/a,8,q_proj,7,0.9999865293502808
single_lora,qqp,n/a,8,q_proj,8,0.999762773513794
single_lora,qqp,n/a,8,q_proj,9,0.999787449836731
single_lora,qqp,n/a,8,q_proj,10,0.9999901056289673
single_lora,qqp,n/a,8,q_proj,11,0.9999963045120239
single_lora,qqp,n/a,8,q_proj,12,0.9999920129776001
single_lora,qqp,n/a,8,q_proj,13,0.9999037384986877
single_lora,qqp,n/a,8,q_proj,14,0.9997075796127319
single_lora,qqp,n/a,8,q_proj,15,0.9996853470802307
single_lora,qqp,n/a,8,q_proj,16,0.9997917413711548
single_lora,qqp,n/a,8,q_proj,17,0.9996975064277649
single_lora,qqp,n/a,8,q_proj,18,0.9999914765357971
single_lora,qqp,n/a,8,q_proj,19,0.9999171495437622
single_lora,qqp,n/a,8,q_proj,20,0.9999604821205139
single_lora,qqp,n/a,8,q_proj,21,0.9999874234199524
single_lora,qqp,n/a,8,q_proj,22,0.9999382495880127
single_lora,qqp,n/a,8,q_proj,23,0.9998370409011841
single_lora,qqp,n/a,8,q_proj,24,0.9998898506164551
single_lora,qqp,n/a,8,q_proj,25,0.9998030662536621
single_lora,qqp,n/a,8,q_proj,26,0.9999712109565735
single_lora,qqp,n/a,8,q_proj,27,0.9999114274978638
single_lora,qqp,n/a,8,q_proj,28,0.9999600052833557
single_lora,qqp,n/a,8,q_proj,29,0.9999570846557617
single_lora,qqp,n/a,8,q_proj,30,0.9999756217002869
single_lora,qqp,n/a,8,q_proj,31,0.9999109506607056
single_lora,qqp,n/a,8,q_proj,32,0.9999160766601562
single_lora,qqp,n/a,8,q_proj,33,0.9998894929885864
single_lora,qqp,n/a,8,q_proj,34,0.9999159574508667
single_lora,qqp,n/a,8,q_proj,35,0.9997877478599548
single_lora,qqp,n/a,8,q_proj,36,0.9998631477355957
single_lora,qqp,n/a,8,q_proj,37,0.9992710947990417
single_lora,qqp,n/a,8,q_proj,38,0.9980306029319763
single_lora,qqp,n/a,8,q_proj,39,0.9981064796447754
single_lora,qqp,n/a,8,q_proj,40,0.9984767436981201
single_lora,qqp,n/a,8,q_proj,41,0.9999465942382812
single_lora,qqp,n/a,8,q_proj,42,0.9997149109840393
single_lora,qqp,n/a,8,q_proj,43,0.9996212720870972
single_lora,qqp,n/a,8,q_proj,44,0.9997481107711792
single_lora,qqp,n/a,8,q_proj,45,0.9997201561927795
single_lora,qqp,n/a,8,q_proj,46,0.9999964237213135
single_lora,qqp,n/a,8,q_proj,47,0.9999858736991882
single_lora,qqp,n/a,8,q_proj,48,0.9999417066574097
single_lora,qqp,n/a,8,q_proj,49,0.9998949766159058
single_lora,qqp,n/a,8,q_proj,50,0.999909520149231
single_lora,qqp,n/a,8,v_proj,1,0.9961979389190674
single_lora,qqp,n/a,8,v_proj,2,0.9963257312774658
single_lora,qqp,n/a,8,v_proj,3,0.999904990196228
single_lora,qqp,n/a,8,v_proj,4,0.9976679086685181
single_lora,qqp,n/a,8,v_proj,5,0.9966248869895935
single_lora,qqp,n/a,8,v_proj,6,0.9941163659095764
single_lora,qqp,n/a,8,v_proj,7,0.996627926826477
single_lora,qqp,n/a,8,v_proj,8,0.997098445892334
single_lora,qqp,n/a,8,v_proj,9,0.9968373775482178
single_lora,qqp,n/a,8,v_proj,10,0.9913615584373474
single_lora,qqp,n/a,8,v_proj,11,0.9892330169677734
single_lora,qqp,n/a,8,v_proj,12,0.9997563362121582
single_lora,qqp,n/a,8,v_proj,13,0.9958817958831787
single_lora,qqp,n/a,8,v_proj,14,0.998955249786377
single_lora,qqp,n/a,8,v_proj,15,0.9972482919692993
single_lora,qqp,n/a,8,v_proj,16,0.9994326829910278
single_lora,qqp,n/a,8,v_proj,17,0.9986349940299988
single_lora,qqp,n/a,8,v_proj,18,0.9927823543548584
single_lora,qqp,n/a,8,v_proj,19,0.9920409917831421
single_lora,qqp,n/a,8,v_proj,20,0.9962248802185059
single_lora,qqp,n/a,8,v_proj,21,0.9984908103942871
single_lora,qqp,n/a,8,v_proj,22,0.9821925163269043
single_lora,qqp,n/a,8,v_proj,23,0.9785576462745667
single_lora,qqp,n/a,8,v_proj,24,0.9970616102218628
single_lora,qqp,n/a,8,v_proj,25,0.9967175126075745
single_lora,qqp,n/a,8,v_proj,26,0.9965683221817017
single_lora,qqp,n/a,8,v_proj,27,0.9955630302429199
single_lora,qqp,n/a,8,v_proj,28,0.9866558313369751
single_lora,qqp,n/a,8,v_proj,29,0.9871448278427124
single_lora,qqp,n/a,8,v_proj,30,0.9943080544471741
single_lora,qqp,n/a,8,v_proj,31,0.9897582530975342
single_lora,qqp,n/a,8,v_proj,32,0.9874790906906128
single_lora,qqp,n/a,8,v_proj,33,0.9928277730941772
single_lora,qqp,n/a,8,v_proj,34,0.9982962608337402
single_lora,qqp,n/a,8,v_proj,35,0.9983341693878174
single_lora,qqp,n/a,8,v_proj,36,0.9984426498413086
single_lora,qqp,n/a,8,v_proj,37,0.9953163266181946
single_lora,qqp,n/a,8,v_proj,38,0.9958930611610413
single_lora,qqp,n/a,8,v_proj,39,0.9925267696380615
single_lora,qqp,n/a,8,v_proj,40,0.9950721263885498
single_lora,qqp,n/a,8,v_proj,41,0.9930477738380432
single_lora,qqp,n/a,8,v_proj,42,0.9930382966995239
single_lora,qqp,n/a,8,v_proj,43,0.9975928068161011
single_lora,qqp,n/a,8,v_proj,44,0.9960228800773621
single_lora,qqp,n/a,8,v_proj,45,0.9960808753967285
single_lora,qqp,n/a,8,v_proj,46,0.9977831244468689
single_lora,qqp,n/a,8,v_proj,47,0.9963479042053223
single_lora,qqp,n/a,8,v_proj,48,0.9972761869430542
single_lora,qqp,n/a,8,v_proj,49,0.9409753084182739
single_lora,qqp,n/a,8,v_proj,50,0.9361754655838013
single_lora,qqp,n/a,8,up_proj,1,0.9999949932098389
single_lora,qqp,n/a,8,up_proj,2,0.9999850988388062
single_lora,qqp,n/a,8,up_proj,3,0.9999818205833435
single_lora,qqp,n/a,8,up_proj,4,0.9999862313270569
single_lora,qqp,n/a,8,up_proj,5,0.9999794960021973
single_lora,qqp,n/a,8,up_proj,6,0.9999648332595825
single_lora,qqp,n/a,8,up_proj,7,0.9999891519546509
single_lora,qqp,n/a,8,up_proj,8,0.9999536275863647
single_lora,qqp,n/a,8,up_proj,9,0.9999408721923828
single_lora,qqp,n/a,8,up_proj,10,0.9998812675476074
single_lora,qqp,n/a,8,up_proj,11,0.9999372363090515
single_lora,qqp,n/a,8,up_proj,12,0.9999457597732544
single_lora,qqp,n/a,8,up_proj,13,0.975455641746521
single_lora,qqp,n/a,8,up_proj,14,0.9755054712295532
single_lora,qqp,n/a,8,up_proj,15,0.9998974800109863
single_lora,qqp,n/a,8,up_proj,16,0.99991774559021
single_lora,qqp,n/a,8,up_proj,17,0.9999558329582214
single_lora,qqp,n/a,8,up_proj,18,0.9997957944869995
single_lora,qqp,n/a,8,up_proj,19,0.999674916267395
single_lora,qqp,n/a,8,up_proj,20,0.9994907379150391
single_lora,qqp,n/a,8,up_proj,21,0.9995806813240051
single_lora,qqp,n/a,8,up_proj,22,0.9997162818908691
single_lora,qqp,n/a,8,up_proj,23,0.9970114827156067
single_lora,qqp,n/a,8,up_proj,24,0.9969464540481567
single_lora,qqp,n/a,8,up_proj,25,0.9997846484184265
single_lora,qqp,n/a,8,up_proj,26,0.9992777109146118
single_lora,qqp,n/a,8,up_proj,27,0.9994316101074219
single_lora,qqp,n/a,8,up_proj,28,0.9993193745613098
single_lora,qqp,n/a,8,up_proj,29,0.9938308000564575
single_lora,qqp,n/a,8,up_proj,30,0.9936699867248535
single_lora,qqp,n/a,8,up_proj,31,0.9970568418502808
single_lora,qqp,n/a,8,up_proj,32,0.9963968992233276
single_lora,qqp,n/a,8,up_proj,33,0.9984965920448303
single_lora,qqp,n/a,8,up_proj,34,0.9986193180084229
single_lora,qqp,n/a,8,up_proj,35,0.9988197088241577
single_lora,qqp,n/a,8,up_proj,36,0.9991808533668518
single_lora,qqp,n/a,8,up_proj,37,0.99944669008255
single_lora,qqp,n/a,8,up_proj,38,0.9987967014312744
single_lora,qqp,n/a,8,up_proj,39,0.9965377449989319
single_lora,qqp,n/a,8,up_proj,40,0.9965318441390991
single_lora,qqp,n/a,8,up_proj,41,0.9982044100761414
single_lora,qqp,n/a,8,up_proj,42,0.9968432188034058
single_lora,qqp,n/a,8,up_proj,43,0.9973798990249634
single_lora,qqp,n/a,8,up_proj,44,0.9991958737373352
single_lora,qqp,n/a,8,up_proj,45,0.9991124868392944
single_lora,qqp,n/a,8,up_proj,46,0.9988996982574463
single_lora,qqp,n/a,8,up_proj,47,0.9992732405662537
single_lora,qqp,n/a,8,up_proj,48,0.9986086487770081
single_lora,qqp,n/a,8,up_proj,49,0.9978166222572327
single_lora,qqp,n/a,8,up_proj,50,0.9984865188598633
single_lora,qqp,n/a,8,down_proj,1,0.9999994039535522
single_lora,qqp,n/a,8,down_proj,2,1.0
single_lora,qqp,n/a,8,down_proj,3,1.0
single_lora,qqp,n/a,8,down_proj,4,0.9999986290931702
single_lora,qqp,n/a,8,down_proj,5,0.9999983310699463
single_lora,qqp,n/a,8,down_proj,6,0.9999990463256836
single_lora,qqp,n/a,8,down_proj,7,0.9999974370002747
single_lora,qqp,n/a,8,down_proj,8,0.9999966025352478
single_lora,qqp,n/a,8,down_proj,9,0.9999960660934448
single_lora,qqp,n/a,8,down_proj,10,0.9999852180480957
single_lora,qqp,n/a,8,down_proj,11,0.9999040961265564
single_lora,qqp,n/a,8,down_proj,12,0.999909520149231
single_lora,qqp,n/a,8,down_proj,13,0.999970555305481
single_lora,qqp,n/a,8,down_proj,14,0.9999351501464844
single_lora,qqp,n/a,8,down_proj,15,0.9999569654464722
single_lora,qqp,n/a,8,down_proj,16,0.9999865889549255
single_lora,qqp,n/a,8,down_proj,17,0.9999809265136719
single_lora,qqp,n/a,8,down_proj,18,0.9999768137931824
single_lora,qqp,n/a,8,down_proj,19,0.9995966553688049
single_lora,qqp,n/a,8,down_proj,20,0.9995948672294617
single_lora,qqp,n/a,8,down_proj,21,0.9999743103981018
single_lora,qqp,n/a,8,down_proj,22,0.9999756813049316
single_lora,qqp,n/a,8,down_proj,23,0.999972403049469
single_lora,qqp,n/a,8,down_proj,24,0.9999775290489197
single_lora,qqp,n/a,8,down_proj,25,0.9999200701713562
single_lora,qqp,n/a,8,down_proj,26,0.9999012351036072
single_lora,qqp,n/a,8,down_proj,27,0.9998467564582825
single_lora,qqp,n/a,8,down_proj,28,0.9998935461044312
single_lora,qqp,n/a,8,down_proj,29,0.9999388456344604
single_lora,qqp,n/a,8,down_proj,30,0.9996741414070129
single_lora,qqp,n/a,8,down_proj,31,0.9995501637458801
single_lora,qqp,n/a,8,down_proj,32,0.9998716711997986
single_lora,qqp,n/a,8,down_proj,33,0.9999170899391174
single_lora,qqp,n/a,8,down_proj,34,0.999970555305481
single_lora,qqp,n/a,8,down_proj,35,0.9999362230300903
single_lora,qqp,n/a,8,down_proj,36,0.9999497532844543
single_lora,qqp,n/a,8,down_proj,37,0.9999332427978516
single_lora,qqp,n/a,8,down_proj,38,0.9999085664749146
single_lora,qqp,n/a,8,down_proj,39,0.9999411106109619
single_lora,qqp,n/a,8,down_proj,40,0.9999227523803711
single_lora,qqp,n/a,8,down_proj,41,0.9998405575752258
single_lora,qqp,n/a,8,down_proj,42,0.9997598528862
single_lora,qqp,n/a,8,down_proj,43,0.9998809099197388
single_lora,qqp,n/a,8,down_proj,44,0.9999819397926331
single_lora,qqp,n/a,8,down_proj,45,0.9999678134918213
single_lora,qqp,n/a,8,down_proj,46,0.9999825954437256
single_lora,qqp,n/a,8,down_proj,47,0.9999407529830933
single_lora,qqp,n/a,8,down_proj,48,0.9998982548713684
single_lora,qqp,n/a,8,down_proj,49,0.999822199344635
single_lora,qqp,n/a,8,down_proj,50,0.999865710735321
single_lora,qqp,n/a,15,q_proj,1,0.9999999403953552
single_lora,qqp,n/a,15,q_proj,2,0.9999999403953552
single_lora,qqp,n/a,15,q_proj,3,0.9999970197677612
single_lora,qqp,n/a,15,q_proj,4,0.9999980330467224
single_lora,qqp,n/a,15,q_proj,5,0.9999983310699463
single_lora,qqp,n/a,15,q_proj,6,0.9999985098838806
single_lora,qqp,n/a,15,q_proj,7,0.9999972581863403
single_lora,qqp,n/a,15,q_proj,8,0.9999959468841553
single_lora,qqp,n/a,15,q_proj,9,0.9999667406082153
single_lora,qqp,n/a,15,q_proj,10,0.9999664425849915
single_lora,qqp,n/a,15,q_proj,11,0.9999986886978149
single_lora,qqp,n/a,15,q_proj,12,0.9999932050704956
single_lora,qqp,n/a,15,q_proj,13,0.9999920129776001
single_lora,qqp,n/a,15,q_proj,14,0.9999958276748657
single_lora,qqp,n/a,15,q_proj,15,0.9999920129776001
single_lora,qqp,n/a,15,q_proj,16,0.9999936819076538
single_lora,qqp,n/a,15,q_proj,17,0.9999982118606567
single_lora,qqp,n/a,15,q_proj,18,0.9999951720237732
single_lora,qqp,n/a,15,q_proj,19,0.9999947547912598
single_lora,qqp,n/a,15,q_proj,20,0.9999958276748657
single_lora,qqp,n/a,15,q_proj,21,0.9999845027923584
single_lora,qqp,n/a,15,q_proj,22,0.9999790191650391
single_lora,qqp,n/a,15,q_proj,23,0.999995231628418
single_lora,qqp,n/a,15,q_proj,24,0.9999951720237732
single_lora,qqp,n/a,15,q_proj,25,0.9999902844429016
single_lora,qqp,n/a,15,q_proj,26,0.9999902248382568
single_lora,qqp,n/a,15,q_proj,27,0.9999952912330627
single_lora,qqp,n/a,15,q_proj,28,0.9999542832374573
single_lora,qqp,n/a,15,q_proj,29,0.9999529719352722
single_lora,qqp,n/a,15,q_proj,30,0.999994158744812
single_lora,qqp,n/a,15,q_proj,31,0.999985933303833
single_lora,qqp,n/a,15,q_proj,32,0.9999862909317017
single_lora,qqp,n/a,15,q_proj,33,0.9999951720237732
single_lora,qqp,n/a,15,q_proj,34,0.9999911785125732
single_lora,qqp,n/a,15,q_proj,35,0.9999825954437256
single_lora,qqp,n/a,15,q_proj,36,0.9999476075172424
single_lora,qqp,n/a,15,q_proj,37,0.999957799911499
single_lora,qqp,n/a,15,q_proj,38,0.9999959468841553
single_lora,qqp,n/a,15,q_proj,39,0.999989926815033
single_lora,qqp,n/a,15,q_proj,40,0.9999967813491821
single_lora,qqp,n/a,15,q_proj,41,0.9999963641166687
single_lora,qqp,n/a,15,q_proj,42,0.9999678730964661
single_lora,qqp,n/a,15,q_proj,43,0.9999749660491943
single_lora,qqp,n/a,15,q_proj,44,0.9999514818191528
single_lora,qqp,n/a,15,q_proj,45,0.9999622106552124
single_lora,qqp,n/a,15,q_proj,46,0.9999956488609314
single_lora,qqp,n/a,15,q_proj,47,0.9999956488609314
single_lora,qqp,n/a,15,q_proj,48,0.9999914169311523
single_lora,qqp,n/a,15,q_proj,49,0.9999850988388062
single_lora,qqp,n/a,15,q_proj,50,0.999969482421875
single_lora,qqp,n/a,15,v_proj,1,0.9999978542327881
single_lora,qqp,n/a,15,v_proj,2,0.9999983310699463
single_lora,qqp,n/a,15,v_proj,3,0.9999939203262329
single_lora,qqp,n/a,15,v_proj,4,0.999990701675415
single_lora,qqp,n/a,15,v_proj,5,0.9999887943267822
single_lora,qqp,n/a,15,v_proj,6,0.9999932050704956
single_lora,qqp,n/a,15,v_proj,7,0.9999921321868896
single_lora,qqp,n/a,15,v_proj,8,0.9999899864196777
single_lora,qqp,n/a,15,v_proj,9,0.9999704360961914
single_lora,qqp,n/a,15,v_proj,10,0.9999735951423645
single_lora,qqp,n/a,15,v_proj,11,0.9999793171882629
single_lora,qqp,n/a,15,v_proj,12,0.9999388456344604
single_lora,qqp,n/a,15,v_proj,13,0.9999406933784485
single_lora,qqp,n/a,15,v_proj,14,0.9999170303344727
single_lora,qqp,n/a,15,v_proj,15,0.999932050704956
single_lora,qqp,n/a,15,v_proj,16,0.9999447464942932
single_lora,qqp,n/a,15,v_proj,17,0.9999709725379944
single_lora,qqp,n/a,15,v_proj,18,0.9999595880508423
single_lora,qqp,n/a,15,v_proj,19,0.999977707862854
single_lora,qqp,n/a,15,v_proj,20,0.9999728798866272
single_lora,qqp,n/a,15,v_proj,21,0.999962329864502
single_lora,qqp,n/a,15,v_proj,22,0.999955415725708
single_lora,qqp,n/a,15,v_proj,23,0.9999784827232361
single_lora,qqp,n/a,15,v_proj,24,0.9999698400497437
single_lora,qqp,n/a,15,v_proj,25,0.9998220205307007
single_lora,qqp,n/a,15,v_proj,26,0.9998016357421875
single_lora,qqp,n/a,15,v_proj,27,0.9999122619628906
single_lora,qqp,n/a,15,v_proj,28,0.9998377561569214
single_lora,qqp,n/a,15,v_proj,29,0.999904990196228
single_lora,qqp,n/a,15,v_proj,30,0.9999332427978516
single_lora,qqp,n/a,15,v_proj,31,0.9999091625213623
single_lora,qqp,n/a,15,v_proj,32,0.9998461604118347
single_lora,qqp,n/a,15,v_proj,33,0.9997575879096985
single_lora,qqp,n/a,15,v_proj,34,0.9988712072372437
single_lora,qqp,n/a,15,v_proj,35,0.9989998936653137
single_lora,qqp,n/a,15,v_proj,36,0.999419093132019
single_lora,qqp,n/a,15,v_proj,37,0.9994288682937622
single_lora,qqp,n/a,15,v_proj,38,0.999945878982544
single_lora,qqp,n/a,15,v_proj,39,0.9999420046806335
single_lora,qqp,n/a,15,v_proj,40,0.9999567270278931
single_lora,qqp,n/a,15,v_proj,41,0.999864399433136
single_lora,qqp,n/a,15,v_proj,42,0.9998868703842163
single_lora,qqp,n/a,15,v_proj,43,0.9996955394744873
single_lora,qqp,n/a,15,v_proj,44,0.9997562170028687
single_lora,qqp,n/a,15,v_proj,45,0.9998984336853027
single_lora,qqp,n/a,15,v_proj,46,0.9999377727508545
single_lora,qqp,n/a,15,v_proj,47,0.999931812286377
single_lora,qqp,n/a,15,v_proj,48,0.9999383091926575
single_lora,qqp,n/a,15,v_proj,49,0.9999710917472839
single_lora,qqp,n/a,15,v_proj,50,0.99994957447052
single_lora,qqp,n/a,15,up_proj,1,1.000000238418579
single_lora,qqp,n/a,15,up_proj,2,1.0000005960464478
single_lora,qqp,n/a,15,up_proj,3,1.0000005960464478
single_lora,qqp,n/a,15,up_proj,4,0.999998152256012
single_lora,qqp,n/a,15,up_proj,5,0.9999986886978149
single_lora,qqp,n/a,15,up_proj,6,0.999997615814209
single_lora,qqp,n/a,15,up_proj,7,0.9999989867210388
single_lora,qqp,n/a,15,up_proj,8,0.9999973773956299
single_lora,qqp,n/a,15,up_proj,9,0.9999959468841553
single_lora,qqp,n/a,15,up_proj,10,0.9999946355819702
single_lora,qqp,n/a,15,up_proj,11,0.9999964833259583
single_lora,qqp,n/a,15,up_proj,12,0.9999949932098389
single_lora,qqp,n/a,15,up_proj,13,0.9999920725822449
single_lora,qqp,n/a,15,up_proj,14,0.9999939799308777
single_lora,qqp,n/a,15,up_proj,15,0.999995768070221
single_lora,qqp,n/a,15,up_proj,16,0.9999929070472717
single_lora,qqp,n/a,15,up_proj,17,0.9999940991401672
single_lora,qqp,n/a,15,up_proj,18,0.9999974370002747
single_lora,qqp,n/a,15,up_proj,19,0.9999898672103882
single_lora,qqp,n/a,15,up_proj,20,0.9999931454658508
single_lora,qqp,n/a,15,up_proj,21,0.9999929666519165
single_lora,qqp,n/a,15,up_proj,22,0.9999943971633911
single_lora,qqp,n/a,15,up_proj,23,0.9999892711639404
single_lora,qqp,n/a,15,up_proj,24,0.9999710321426392
single_lora,qqp,n/a,15,up_proj,25,0.9999697804450989
single_lora,qqp,n/a,15,up_proj,26,0.9999840259552002
single_lora,qqp,n/a,15,up_proj,27,0.9999825358390808
single_lora,qqp,n/a,15,up_proj,28,0.999983549118042
single_lora,qqp,n/a,15,up_proj,29,0.9999786019325256
single_lora,qqp,n/a,15,up_proj,30,0.9999904632568359
single_lora,qqp,n/a,15,up_proj,31,0.9999761581420898
single_lora,qqp,n/a,15,up_proj,32,0.9999655485153198
single_lora,qqp,n/a,15,up_proj,33,0.9999446868896484
single_lora,qqp,n/a,15,up_proj,34,0.9999650716781616
single_lora,qqp,n/a,15,up_proj,35,0.9999883770942688
single_lora,qqp,n/a,15,up_proj,36,0.9999905824661255
single_lora,qqp,n/a,15,up_proj,37,0.9999753832817078
single_lora,qqp,n/a,15,up_proj,38,0.9999887347221375
single_lora,qqp,n/a,15,up_proj,39,0.9995771050453186
single_lora,qqp,n/a,15,up_proj,40,0.99957275390625
single_lora,qqp,n/a,15,up_proj,41,0.9999762177467346
single_lora,qqp,n/a,15,up_proj,42,0.9999852776527405
single_lora,qqp,n/a,15,up_proj,43,0.9999759197235107
single_lora,qqp,n/a,15,up_proj,44,0.9999870657920837
single_lora,qqp,n/a,15,up_proj,45,0.9999628663063049
single_lora,qqp,n/a,15,up_proj,46,0.9999629855155945
single_lora,qqp,n/a,15,up_proj,47,0.9998336434364319
single_lora,qqp,n/a,15,up_proj,48,0.9997839331626892
single_lora,qqp,n/a,15,up_proj,49,0.9999197125434875
single_lora,qqp,n/a,15,up_proj,50,0.9999542832374573
single_lora,qqp,n/a,15,down_proj,1,1.0000001192092896
single_lora,qqp,n/a,15,down_proj,2,0.9999991059303284
single_lora,qqp,n/a,15,down_proj,3,1.0000003576278687
single_lora,qqp,n/a,15,down_proj,4,0.9999998807907104
single_lora,qqp,n/a,15,down_proj,5,0.9999996423721313
single_lora,qqp,n/a,15,down_proj,6,0.999999463558197
single_lora,qqp,n/a,15,down_proj,7,0.9999968409538269
single_lora,qqp,n/a,15,down_proj,8,0.9999963641166687
single_lora,qqp,n/a,15,down_proj,9,0.999997615814209
single_lora,qqp,n/a,15,down_proj,10,0.9999962449073792
single_lora,qqp,n/a,15,down_proj,11,0.9999945759773254
single_lora,qqp,n/a,15,down_proj,12,0.9999850988388062
single_lora,qqp,n/a,15,down_proj,13,0.9998414516448975
single_lora,qqp,n/a,15,down_proj,14,0.9998207092285156
single_lora,qqp,n/a,15,down_proj,15,0.9999904632568359
single_lora,qqp,n/a,15,down_proj,16,0.999988853931427
single_lora,qqp,n/a,15,down_proj,17,0.9999419450759888
single_lora,qqp,n/a,15,down_proj,18,0.999941349029541
single_lora,qqp,n/a,15,down_proj,19,0.9999707341194153
single_lora,qqp,n/a,15,down_proj,20,0.9999688863754272
single_lora,qqp,n/a,15,down_proj,21,0.9999604821205139
single_lora,qqp,n/a,15,down_proj,22,0.999895453453064
single_lora,qqp,n/a,15,down_proj,23,0.9999054670333862
single_lora,qqp,n/a,15,down_proj,24,0.9999761581420898
single_lora,qqp,n/a,15,down_proj,25,0.9999719858169556
single_lora,qqp,n/a,15,down_proj,26,0.9998881816864014
single_lora,qqp,n/a,15,down_proj,27,0.9998835921287537
single_lora,qqp,n/a,15,down_proj,28,0.9999967813491821
single_lora,qqp,n/a,15,down_proj,29,0.999988317489624
single_lora,qqp,n/a,15,down_proj,30,0.9999876022338867
single_lora,qqp,n/a,15,down_proj,31,0.9999892711639404
single_lora,qqp,n/a,15,down_proj,32,0.9999819397926331
single_lora,qqp,n/a,15,down_proj,33,0.9999788403511047
single_lora,qqp,n/a,15,down_proj,34,0.999956488609314
single_lora,qqp,n/a,15,down_proj,35,0.9999666213989258
single_lora,qqp,n/a,15,down_proj,36,0.9998385310173035
single_lora,qqp,n/a,15,down_proj,37,0.9998611807823181
single_lora,qqp,n/a,15,down_proj,38,0.9999542832374573
single_lora,qqp,n/a,15,down_proj,39,0.9998605847358704
single_lora,qqp,n/a,15,down_proj,40,0.9998748302459717
single_lora,qqp,n/a,15,down_proj,41,0.9999093413352966
single_lora,qqp,n/a,15,down_proj,42,0.9999067783355713
single_lora,qqp,n/a,15,down_proj,43,0.9999626278877258
single_lora,qqp,n/a,15,down_proj,44,0.999943196773529
single_lora,qqp,n/a,15,down_proj,45,0.9999393820762634
single_lora,qqp,n/a,15,down_proj,46,0.9999685883522034
single_lora,qqp,n/a,15,down_proj,47,0.9999704360961914
single_lora,qqp,n/a,15,down_proj,48,0.9999464750289917
single_lora,qqp,n/a,15,down_proj,49,0.9999213814735413
single_lora,qqp,n/a,15,down_proj,50,0.9999306797981262
single_lora,siqa,n/a,0,q_proj,1,0.9999992847442627
single_lora,siqa,n/a,0,q_proj,2,0.9999971985816956
single_lora,siqa,n/a,0,q_proj,3,0.9999983310699463
single_lora,siqa,n/a,0,q_proj,4,0.9999887347221375
single_lora,siqa,n/a,0,q_proj,5,0.9999989867210388
single_lora,siqa,n/a,0,q_proj,6,0.9999961256980896
single_lora,siqa,n/a,0,q_proj,7,0.9999953508377075
single_lora,siqa,n/a,0,q_proj,8,0.9999957084655762
single_lora,siqa,n/a,0,q_proj,9,0.9999899864196777
single_lora,siqa,n/a,0,q_proj,10,0.9999936819076538
single_lora,siqa,n/a,0,q_proj,11,0.9999948143959045
single_lora,siqa,n/a,0,q_proj,12,0.9999673366546631
single_lora,siqa,n/a,0,q_proj,13,0.9999749660491943
single_lora,siqa,n/a,0,q_proj,14,0.9999905228614807
single_lora,siqa,n/a,0,q_proj,15,0.9996912479400635
single_lora,siqa,n/a,0,q_proj,16,0.9997000694274902
single_lora,siqa,n/a,0,q_proj,17,0.9999790787696838
single_lora,siqa,n/a,0,q_proj,18,0.9999862313270569
single_lora,siqa,n/a,0,q_proj,19,0.9999560713768005
single_lora,siqa,n/a,0,q_proj,20,0.999968945980072
single_lora,siqa,n/a,0,q_proj,21,0.9998141527175903
single_lora,siqa,n/a,0,q_proj,22,0.9998261332511902
single_lora,siqa,n/a,0,q_proj,23,0.9999899864196777
single_lora,siqa,n/a,0,q_proj,24,0.999749481678009
single_lora,siqa,n/a,0,q_proj,25,0.9997028708457947
single_lora,siqa,n/a,0,q_proj,26,0.9999810457229614
single_lora,siqa,n/a,0,q_proj,27,0.9982463121414185
single_lora,siqa,n/a,0,q_proj,28,0.99824458360672
single_lora,siqa,n/a,0,q_proj,29,0.9999540448188782
single_lora,siqa,n/a,0,q_proj,30,0.9999911189079285
single_lora,siqa,n/a,0,q_proj,31,0.9999576807022095
single_lora,siqa,n/a,0,q_proj,32,0.9999719858169556
single_lora,siqa,n/a,0,q_proj,33,0.9999674558639526
single_lora,siqa,n/a,0,q_proj,34,0.9999796152114868
single_lora,siqa,n/a,0,q_proj,35,0.9998992085456848
single_lora,siqa,n/a,0,q_proj,36,0.999859094619751
single_lora,siqa,n/a,0,q_proj,37,0.9999568462371826
single_lora,siqa,n/a,0,q_proj,38,0.9997524619102478
single_lora,siqa,n/a,0,q_proj,39,0.9998665452003479
single_lora,siqa,n/a,0,q_proj,40,0.9998724460601807
single_lora,siqa,n/a,0,q_proj,41,0.9999470114707947
single_lora,siqa,n/a,0,q_proj,42,0.9994335174560547
single_lora,siqa,n/a,0,q_proj,43,0.9994580149650574
single_lora,siqa,n/a,0,q_proj,44,0.999929666519165
single_lora,siqa,n/a,0,q_proj,45,0.9999352097511292
single_lora,siqa,n/a,0,q_proj,46,0.9998816847801208
single_lora,siqa,n/a,0,q_proj,47,0.9998773336410522
single_lora,siqa,n/a,0,q_proj,48,0.9999372959136963
single_lora,siqa,n/a,0,q_proj,49,0.9999203085899353
single_lora,siqa,n/a,0,q_proj,50,0.9997674226760864
single_lora,siqa,n/a,0,v_proj,1,0.9999820590019226
single_lora,siqa,n/a,0,v_proj,2,0.9988805055618286
single_lora,siqa,n/a,0,v_proj,3,0.9990587830543518
single_lora,siqa,n/a,0,v_proj,4,0.9999244213104248
single_lora,siqa,n/a,0,v_proj,5,0.9998828172683716
single_lora,siqa,n/a,0,v_proj,6,0.9984003305435181
single_lora,siqa,n/a,0,v_proj,7,0.9982731342315674
single_lora,siqa,n/a,0,v_proj,8,0.9982273578643799
single_lora,siqa,n/a,0,v_proj,9,0.9976082444190979
single_lora,siqa,n/a,0,v_proj,10,0.9997483491897583
single_lora,siqa,n/a,0,v_proj,11,0.989335298538208
single_lora,siqa,n/a,0,v_proj,12,0.9879341125488281
single_lora,siqa,n/a,0,v_proj,13,0.9963140487670898
single_lora,siqa,n/a,0,v_proj,14,0.9972994327545166
single_lora,siqa,n/a,0,v_proj,15,0.9983494281768799
single_lora,siqa,n/a,0,v_proj,16,0.9936407208442688
single_lora,siqa,n/a,0,v_proj,17,0.9865084886550903
single_lora,siqa,n/a,0,v_proj,18,0.9871764779090881
single_lora,siqa,n/a,0,v_proj,19,0.9991703033447266
single_lora,siqa,n/a,0,v_proj,20,0.9984909296035767
single_lora,siqa,n/a,0,v_proj,21,0.9967267513275146
single_lora,siqa,n/a,0,v_proj,22,0.9882036447525024
single_lora,siqa,n/a,0,v_proj,23,0.9892288446426392
single_lora,siqa,n/a,0,v_proj,24,0.9939678311347961
single_lora,siqa,n/a,0,v_proj,25,0.9909770488739014
single_lora,siqa,n/a,0,v_proj,26,0.991335391998291
single_lora,siqa,n/a,0,v_proj,27,0.9947134256362915
single_lora,siqa,n/a,0,v_proj,28,0.9872443079948425
single_lora,siqa,n/a,0,v_proj,29,0.9862583875656128
single_lora,siqa,n/a,0,v_proj,30,0.9803948402404785
single_lora,siqa,n/a,0,v_proj,31,0.9928696155548096
single_lora,siqa,n/a,0,v_proj,32,0.9663807153701782
single_lora,siqa,n/a,0,v_proj,33,0.9723765850067139
single_lora,siqa,n/a,0,v_proj,34,0.9942376613616943
single_lora,siqa,n/a,0,v_proj,35,0.9892159104347229
single_lora,siqa,n/a,0,v_proj,36,0.9762970209121704
single_lora,siqa,n/a,0,v_proj,37,0.9805265665054321
single_lora,siqa,n/a,0,v_proj,38,0.7918274402618408
single_lora,siqa,n/a,0,v_proj,39,0.81691974401474
single_lora,siqa,n/a,0,v_proj,40,0.9899254441261292
single_lora,siqa,n/a,0,v_proj,41,0.9918167591094971
single_lora,siqa,n/a,0,v_proj,42,0.9907212257385254
single_lora,siqa,n/a,0,v_proj,43,0.989823579788208
single_lora,siqa,n/a,0,v_proj,44,0.9915326833724976
single_lora,siqa,n/a,0,v_proj,45,0.9882984161376953
single_lora,siqa,n/a,0,v_proj,46,0.9898999929428101
single_lora,siqa,n/a,0,v_proj,47,0.9945813417434692
single_lora,siqa,n/a,0,v_proj,48,0.9942271709442139
single_lora,siqa,n/a,0,v_proj,49,0.989016592502594
single_lora,siqa,n/a,0,v_proj,50,0.9619883298873901
single_lora,siqa,n/a,0,up_proj,1,0.9999597668647766
single_lora,siqa,n/a,0,up_proj,2,0.9999359250068665
single_lora,siqa,n/a,0,up_proj,3,0.9999732971191406
single_lora,siqa,n/a,0,up_proj,4,0.9999745488166809
single_lora,siqa,n/a,0,up_proj,5,0.9999401569366455
single_lora,siqa,n/a,0,up_proj,6,0.9984989762306213
single_lora,siqa,n/a,0,up_proj,7,0.9984913468360901
single_lora,siqa,n/a,0,up_proj,8,0.9999352097511292
single_lora,siqa,n/a,0,up_proj,9,0.9997122287750244
single_lora,siqa,n/a,0,up_proj,10,0.9997795820236206
single_lora,siqa,n/a,0,up_proj,11,0.999260425567627
single_lora,siqa,n/a,0,up_proj,12,0.9992432594299316
single_lora,siqa,n/a,0,up_proj,13,0.9998267292976379
single_lora,siqa,n/a,0,up_proj,14,0.9997777938842773
single_lora,siqa,n/a,0,up_proj,15,0.9998507499694824
single_lora,siqa,n/a,0,up_proj,16,0.9993723630905151
single_lora,siqa,n/a,0,up_proj,17,0.9991886615753174
single_lora,siqa,n/a,0,up_proj,18,0.9990615248680115
single_lora,siqa,n/a,0,up_proj,19,0.9998134970664978
single_lora,siqa,n/a,0,up_proj,20,0.9998336434364319
single_lora,siqa,n/a,0,up_proj,21,0.9998212456703186
single_lora,siqa,n/a,0,up_proj,22,0.9997439384460449
single_lora,siqa,n/a,0,up_proj,23,0.9998841285705566
single_lora,siqa,n/a,0,up_proj,24,0.999879777431488
single_lora,siqa,n/a,0,up_proj,25,0.9999210834503174
single_lora,siqa,n/a,0,up_proj,26,0.997956395149231
single_lora,siqa,n/a,0,up_proj,27,0.9977637529373169
single_lora,siqa,n/a,0,up_proj,28,0.9996694922447205
single_lora,siqa,n/a,0,up_proj,29,0.9997692704200745
single_lora,siqa,n/a,0,up_proj,30,0.9997227191925049
single_lora,siqa,n/a,0,up_proj,31,0.999825656414032
single_lora,siqa,n/a,0,up_proj,32,0.9995811581611633
single_lora,siqa,n/a,0,up_proj,33,0.9996606111526489
single_lora,siqa,n/a,0,up_proj,34,0.9996734261512756
single_lora,siqa,n/a,0,up_proj,35,0.9997791647911072
single_lora,siqa,n/a,0,up_proj,36,0.9998864531517029
single_lora,siqa,n/a,0,up_proj,37,0.9994111657142639
single_lora,siqa,n/a,0,up_proj,38,0.9996181726455688
single_lora,siqa,n/a,0,up_proj,39,0.9995685815811157
single_lora,siqa,n/a,0,up_proj,40,0.9997493624687195
single_lora,siqa,n/a,0,up_proj,41,0.9995172023773193
single_lora,siqa,n/a,0,up_proj,42,0.9958178997039795
single_lora,siqa,n/a,0,up_proj,43,0.9960662126541138
single_lora,siqa,n/a,0,up_proj,44,0.9995946884155273
single_lora,siqa,n/a,0,up_proj,45,0.9995378851890564
single_lora,siqa,n/a,0,up_proj,46,0.9994937181472778
single_lora,siqa,n/a,0,up_proj,47,0.9997164011001587
single_lora,siqa,n/a,0,up_proj,48,0.9979898929595947
single_lora,siqa,n/a,0,up_proj,49,0.9978419542312622
single_lora,siqa,n/a,0,up_proj,50,0.999413788318634
single_lora,siqa,n/a,0,down_proj,1,0.9999828934669495
single_lora,siqa,n/a,0,down_proj,2,0.9999970197677612
single_lora,siqa,n/a,0,down_proj,3,0.9999920129776001
single_lora,siqa,n/a,0,down_proj,4,0.9999729990959167
single_lora,siqa,n/a,0,down_proj,5,0.9999959468841553
single_lora,siqa,n/a,0,down_proj,6,0.9999905228614807
single_lora,siqa,n/a,0,down_proj,7,0.9999707937240601
single_lora,siqa,n/a,0,down_proj,8,0.9999747276306152
single_lora,siqa,n/a,0,down_proj,9,0.9996293783187866
single_lora,siqa,n/a,0,down_proj,10,0.9993795156478882
single_lora,siqa,n/a,0,down_proj,11,0.9996658563613892
single_lora,siqa,n/a,0,down_proj,12,0.9996610283851624
single_lora,siqa,n/a,0,down_proj,13,0.9998446702957153
single_lora,siqa,n/a,0,down_proj,14,0.9998971223831177
single_lora,siqa,n/a,0,down_proj,15,0.999732255935669
single_lora,siqa,n/a,0,down_proj,16,0.9998269081115723
single_lora,siqa,n/a,0,down_proj,17,0.9984476566314697
single_lora,siqa,n/a,0,down_proj,18,0.9980655312538147
single_lora,siqa,n/a,0,down_proj,19,0.999635636806488
single_lora,siqa,n/a,0,down_proj,20,0.8740863800048828
single_lora,siqa,n/a,0,down_proj,21,0.8741683959960938
single_lora,siqa,n/a,0,down_proj,22,0.9976626038551331
single_lora,siqa,n/a,0,down_proj,23,0.9974758625030518
single_lora,siqa,n/a,0,down_proj,24,0.9998166561126709
single_lora,siqa,n/a,0,down_proj,25,0.9998132586479187
single_lora,siqa,n/a,0,down_proj,26,0.9996209144592285
single_lora,siqa,n/a,0,down_proj,27,0.9999252557754517
single_lora,siqa,n/a,0,down_proj,28,0.9997518062591553
single_lora,siqa,n/a,0,down_proj,29,0.999028742313385
single_lora,siqa,n/a,0,down_proj,30,0.9991101622581482
single_lora,siqa,n/a,0,down_proj,31,0.9998546242713928
single_lora,siqa,n/a,0,down_proj,32,0.9996526837348938
single_lora,siqa,n/a,0,down_proj,33,0.9991393685340881
single_lora,siqa,n/a,0,down_proj,34,0.9996612668037415
single_lora,siqa,n/a,0,down_proj,35,0.9995430707931519
single_lora,siqa,n/a,0,down_proj,36,0.9993582367897034
single_lora,siqa,n/a,0,down_proj,37,0.9992778897285461
single_lora,siqa,n/a,0,down_proj,38,0.9987712502479553
single_lora,siqa,n/a,0,down_proj,39,0.9984901547431946
single_lora,siqa,n/a,0,down_proj,40,0.998823881149292
single_lora,siqa,n/a,0,down_proj,41,0.9996283650398254
single_lora,siqa,n/a,0,down_proj,42,0.997621476650238
single_lora,siqa,n/a,0,down_proj,43,0.9976755976676941
single_lora,siqa,n/a,0,down_proj,44,0.9995763301849365
single_lora,siqa,n/a,0,down_proj,45,0.9995830655097961
single_lora,siqa,n/a,0,down_proj,46,0.9998484253883362
single_lora,siqa,n/a,0,down_proj,47,0.9978886842727661
single_lora,siqa,n/a,0,down_proj,48,0.9979887008666992
single_lora,siqa,n/a,0,down_proj,49,0.9996289014816284
single_lora,siqa,n/a,0,down_proj,50,0.9863779544830322
single_lora,siqa,n/a,8,q_proj,1,0.9999597668647766
single_lora,siqa,n/a,8,q_proj,2,0.9999886751174927
single_lora,siqa,n/a,8,q_proj,3,0.9999920725822449
single_lora,siqa,n/a,8,q_proj,4,0.999995768070221
single_lora,siqa,n/a,8,q_proj,5,0.9999653697013855
single_lora,siqa,n/a,8,q_proj,6,0.9999949932098389
single_lora,siqa,n/a,8,q_proj,7,0.9999597668647766
single_lora,siqa,n/a,8,q_proj,8,0.9999204277992249
single_lora,siqa,n/a,8,q_proj,9,0.9999799132347107
single_lora,siqa,n/a,8,q_proj,10,0.9999859929084778
single_lora,siqa,n/a,8,q_proj,11,0.999995231628418
single_lora,siqa,n/a,8,q_proj,12,0.9999972581863403
single_lora,siqa,n/a,8,q_proj,13,0.9999394416809082
single_lora,siqa,n/a,8,q_proj,14,0.9999289512634277
single_lora,siqa,n/a,8,q_proj,15,0.9996795654296875
single_lora,siqa,n/a,8,q_proj,16,0.999743640422821
single_lora,siqa,n/a,8,q_proj,17,0.9995339512825012
single_lora,siqa,n/a,8,q_proj,18,0.9999886155128479
single_lora,siqa,n/a,8,q_proj,19,0.9998660683631897
single_lora,siqa,n/a,8,q_proj,20,0.9999011754989624
single_lora,siqa,n/a,8,q_proj,21,0.999970555305481
single_lora,siqa,n/a,8,q_proj,22,0.9999749064445496
single_lora,siqa,n/a,8,q_proj,23,0.9998577237129211
single_lora,siqa,n/a,8,q_proj,24,0.9999383091926575
single_lora,siqa,n/a,8,q_proj,25,0.9998485445976257
single_lora,siqa,n/a,8,q_proj,26,0.9999768137931824
single_lora,siqa,n/a,8,q_proj,27,0.9999675154685974
single_lora,siqa,n/a,8,q_proj,28,0.9999268054962158
single_lora,siqa,n/a,8,q_proj,29,0.9998508095741272
single_lora,siqa,n/a,8,q_proj,30,0.9998301863670349
single_lora,siqa,n/a,8,q_proj,31,0.999904990196228
single_lora,siqa,n/a,8,q_proj,32,0.9995582699775696
single_lora,siqa,n/a,8,q_proj,33,0.9994812607765198
single_lora,siqa,n/a,8,q_proj,34,0.9999241828918457
single_lora,siqa,n/a,8,q_proj,35,0.9998342990875244
single_lora,siqa,n/a,8,q_proj,36,0.9999130964279175
single_lora,siqa,n/a,8,q_proj,37,0.9992178082466125
single_lora,siqa,n/a,8,q_proj,38,0.9987841844558716
single_lora,siqa,n/a,8,q_proj,39,0.9994790554046631
single_lora,siqa,n/a,8,q_proj,40,0.9997892379760742
single_lora,siqa,n/a,8,q_proj,41,0.999875009059906
single_lora,siqa,n/a,8,q_proj,42,0.999592661857605
single_lora,siqa,n/a,8,q_proj,43,0.9994600415229797
single_lora,siqa,n/a,8,q_proj,44,0.9991286396980286
single_lora,siqa,n/a,8,q_proj,45,0.9995596408843994
single_lora,siqa,n/a,8,q_proj,46,0.9999871253967285
single_lora,siqa,n/a,8,q_proj,47,0.99994957447052
single_lora,siqa,n/a,8,q_proj,48,0.9999144077301025
single_lora,siqa,n/a,8,q_proj,49,0.9998498558998108
single_lora,siqa,n/a,8,q_proj,50,0.9999085664749146
single_lora,siqa,n/a,8,v_proj,1,0.9943201541900635
single_lora,siqa,n/a,8,v_proj,2,0.9933986663818359
single_lora,siqa,n/a,8,v_proj,3,0.9952272176742554
single_lora,siqa,n/a,8,v_proj,4,0.9827225208282471
single_lora,siqa,n/a,8,v_proj,5,0.9845061898231506
single_lora,siqa,n/a,8,v_proj,6,0.9801763296127319
single_lora,siqa,n/a,8,v_proj,7,0.9905327558517456
single_lora,siqa,n/a,8,v_proj,8,0.9976791739463806
single_lora,siqa,n/a,8,v_proj,9,0.9975419044494629
single_lora,siqa,n/a,8,v_proj,10,0.9928894639015198
single_lora,siqa,n/a,8,v_proj,11,0.9913014769554138
single_lora,siqa,n/a,8,v_proj,12,0.9987166523933411
single_lora,siqa,n/a,8,v_proj,13,0.9954708814620972
single_lora,siqa,n/a,8,v_proj,14,0.9973297119140625
single_lora,siqa,n/a,8,v_proj,15,0.9964473247528076
single_lora,siqa,n/a,8,v_proj,16,0.9985793232917786
single_lora,siqa,n/a,8,v_proj,17,0.9961541295051575
single_lora,siqa,n/a,8,v_proj,18,0.9790445566177368
single_lora,siqa,n/a,8,v_proj,19,0.9797856211662292
single_lora,siqa,n/a,8,v_proj,20,0.996441125869751
single_lora,siqa,n/a,8,v_proj,21,0.9963768124580383
single_lora,siqa,n/a,8,v_proj,22,0.9536137580871582
single_lora,siqa,n/a,8,v_proj,23,0.9453707337379456
single_lora,siqa,n/a,8,v_proj,24,0.9906722903251648
single_lora,siqa,n/a,8,v_proj,25,0.9923750758171082
single_lora,siqa,n/a,8,v_proj,26,0.9932003617286682
single_lora,siqa,n/a,8,v_proj,27,0.9918590784072876
single_lora,siqa,n/a,8,v_proj,28,0.9466832280158997
single_lora,siqa,n/a,8,v_proj,29,0.9509809017181396
single_lora,siqa,n/a,8,v_proj,30,0.9900006651878357
single_lora,siqa,n/a,8,v_proj,31,0.9892094135284424
single_lora,siqa,n/a,8,v_proj,32,0.9913836717605591
single_lora,siqa,n/a,8,v_proj,33,0.9937801361083984
single_lora,siqa,n/a,8,v_proj,34,0.9970157742500305
single_lora,siqa,n/a,8,v_proj,35,0.9940022230148315
single_lora,siqa,n/a,8,v_proj,36,0.9932668209075928
single_lora,siqa,n/a,8,v_proj,37,0.9887515306472778
single_lora,siqa,n/a,8,v_proj,38,0.9930398464202881
single_lora,siqa,n/a,8,v_proj,39,0.9939154386520386
single_lora,siqa,n/a,8,v_proj,40,0.9965040683746338
single_lora,siqa,n/a,8,v_proj,41,0.9960248470306396
single_lora,siqa,n/a,8,v_proj,42,0.9958783388137817
single_lora,siqa,n/a,8,v_proj,43,0.995989203453064
single_lora,siqa,n/a,8,v_proj,44,0.9949091672897339
single_lora,siqa,n/a,8,v_proj,45,0.9973913431167603
single_lora,siqa,n/a,8,v_proj,46,0.9967166185379028
single_lora,siqa,n/a,8,v_proj,47,0.9967526793479919
single_lora,siqa,n/a,8,v_proj,48,0.9920493364334106
single_lora,siqa,n/a,8,v_proj,49,0.8970547914505005
single_lora,siqa,n/a,8,v_proj,50,0.8996569514274597
single_lora,siqa,n/a,8,up_proj,1,0.9999880194664001
single_lora,siqa,n/a,8,up_proj,2,0.999963104724884
single_lora,siqa,n/a,8,up_proj,3,0.999961256980896
single_lora,siqa,n/a,8,up_proj,4,0.999968409538269
single_lora,siqa,n/a,8,up_proj,5,0.9998705983161926
single_lora,siqa,n/a,8,up_proj,6,0.9998483061790466
single_lora,siqa,n/a,8,up_proj,7,0.99997878074646
single_lora,siqa,n/a,8,up_proj,8,0.9998931884765625
single_lora,siqa,n/a,8,up_proj,9,0.9998857975006104
single_lora,siqa,n/a,8,up_proj,10,0.9998168349266052
single_lora,siqa,n/a,8,up_proj,11,0.9999138712882996
single_lora,siqa,n/a,8,up_proj,12,0.9998502731323242
single_lora,siqa,n/a,8,up_proj,13,0.8821259140968323
single_lora,siqa,n/a,8,up_proj,14,0.8823533058166504
single_lora,siqa,n/a,8,up_proj,15,0.9996696710586548
single_lora,siqa,n/a,8,up_proj,16,0.9998418092727661
single_lora,siqa,n/a,8,up_proj,17,0.9999096393585205
single_lora,siqa,n/a,8,up_proj,18,0.9998776912689209
single_lora,siqa,n/a,8,up_proj,19,0.999734103679657
single_lora,siqa,n/a,8,up_proj,20,0.9995572566986084
single_lora,siqa,n/a,8,up_proj,21,0.9996504783630371
single_lora,siqa,n/a,8,up_proj,22,0.9996708631515503
single_lora,siqa,n/a,8,up_proj,23,0.9864528179168701
single_lora,siqa,n/a,8,up_proj,24,0.9865300059318542
single_lora,siqa,n/a,8,up_proj,25,0.999819278717041
single_lora,siqa,n/a,8,up_proj,26,0.9974298477172852
single_lora,siqa,n/a,8,up_proj,27,0.9977285265922546
single_lora,siqa,n/a,8,up_proj,28,0.9981406927108765
single_lora,siqa,n/a,8,up_proj,29,0.9985454678535461
single_lora,siqa,n/a,8,up_proj,30,0.9993547201156616
single_lora,siqa,n/a,8,up_proj,31,0.9895821809768677
single_lora,siqa,n/a,8,up_proj,32,0.98948073387146
single_lora,siqa,n/a,8,up_proj,33,0.9987682700157166
single_lora,siqa,n/a,8,up_proj,34,0.9987155199050903
single_lora,siqa,n/a,8,up_proj,35,0.9995105862617493
single_lora,siqa,n/a,8,up_proj,36,0.9957553148269653
single_lora,siqa,n/a,8,up_proj,37,0.9962484836578369
single_lora,siqa,n/a,8,up_proj,38,0.9968456029891968
single_lora,siqa,n/a,8,up_proj,39,0.9530754685401917
single_lora,siqa,n/a,8,up_proj,40,0.9530171751976013
single_lora,siqa,n/a,8,up_proj,41,0.9990665912628174
single_lora,siqa,n/a,8,up_proj,42,0.9993970394134521
single_lora,siqa,n/a,8,up_proj,43,0.9989289045333862
single_lora,siqa,n/a,8,up_proj,44,0.9993448257446289
single_lora,siqa,n/a,8,up_proj,45,0.9989031553268433
single_lora,siqa,n/a,8,up_proj,46,0.9977726936340332
single_lora,siqa,n/a,8,up_proj,47,0.9985511898994446
single_lora,siqa,n/a,8,up_proj,48,0.9972034692764282
single_lora,siqa,n/a,8,up_proj,49,0.9976439476013184
single_lora,siqa,n/a,8,up_proj,50,0.9985388517379761
single_lora,siqa,n/a,8,down_proj,1,0.9999990463256836
single_lora,siqa,n/a,8,down_proj,2,0.9999966621398926
single_lora,siqa,n/a,8,down_proj,3,1.0
single_lora,siqa,n/a,8,down_proj,4,0.9999992251396179
single_lora,siqa,n/a,8,down_proj,5,0.9999633431434631
single_lora,siqa,n/a,8,down_proj,6,0.9999212026596069
single_lora,siqa,n/a,8,down_proj,7,0.9999545812606812
single_lora,siqa,n/a,8,down_proj,8,0.9999858736991882
single_lora,siqa,n/a,8,down_proj,9,0.9999890327453613
single_lora,siqa,n/a,8,down_proj,10,0.9999797344207764
single_lora,siqa,n/a,8,down_proj,11,0.9998369812965393
single_lora,siqa,n/a,8,down_proj,12,0.9998358488082886
single_lora,siqa,n/a,8,down_proj,13,0.999952495098114
single_lora,siqa,n/a,8,down_proj,14,0.9999407529830933
single_lora,siqa,n/a,8,down_proj,15,0.9999288320541382
single_lora,siqa,n/a,8,down_proj,16,0.9999704360961914
single_lora,siqa,n/a,8,down_proj,17,0.9999583959579468
single_lora,siqa,n/a,8,down_proj,18,0.9999560117721558
single_lora,siqa,n/a,8,down_proj,19,0.9999358057975769
single_lora,siqa,n/a,8,down_proj,20,0.9999289512634277
single_lora,siqa,n/a,8,down_proj,21,0.9999848008155823
single_lora,siqa,n/a,8,down_proj,22,0.9998206496238708
single_lora,siqa,n/a,8,down_proj,23,0.9997978210449219
single_lora,siqa,n/a,8,down_proj,24,0.9999798536300659
single_lora,siqa,n/a,8,down_proj,25,0.9999482035636902
single_lora,siqa,n/a,8,down_proj,26,0.9999582171440125
single_lora,siqa,n/a,8,down_proj,27,0.9999204874038696
single_lora,siqa,n/a,8,down_proj,28,0.9998610615730286
single_lora,siqa,n/a,8,down_proj,29,0.9998829960823059
single_lora,siqa,n/a,8,down_proj,30,0.9997378587722778
single_lora,siqa,n/a,8,down_proj,31,0.9995553493499756
single_lora,siqa,n/a,8,down_proj,32,0.9995004534721375
single_lora,siqa,n/a,8,down_proj,33,0.9995917677879333
single_lora,siqa,n/a,8,down_proj,34,0.9999204277992249
single_lora,siqa,n/a,8,down_proj,35,0.9999545216560364
single_lora,siqa,n/a,8,down_proj,36,0.9999051094055176
single_lora,siqa,n/a,8,down_proj,37,0.9998372197151184
single_lora,siqa,n/a,8,down_proj,38,0.9998313188552856
single_lora,siqa,n/a,8,down_proj,39,0.9998884201049805
single_lora,siqa,n/a,8,down_proj,40,0.9999381899833679
single_lora,siqa,n/a,8,down_proj,41,0.9996827244758606
single_lora,siqa,n/a,8,down_proj,42,0.9997045397758484
single_lora,siqa,n/a,8,down_proj,43,0.9997125267982483
single_lora,siqa,n/a,8,down_proj,44,0.9999192357063293
single_lora,siqa,n/a,8,down_proj,45,0.9998215436935425
single_lora,siqa,n/a,8,down_proj,46,0.999940037727356
single_lora,siqa,n/a,8,down_proj,47,0.9993748664855957
single_lora,siqa,n/a,8,down_proj,48,0.9991046786308289
single_lora,siqa,n/a,8,down_proj,49,0.9994564652442932
single_lora,siqa,n/a,8,down_proj,50,0.9997662901878357
single_lora,siqa,n/a,15,q_proj,1,0.9999987483024597
single_lora,siqa,n/a,15,q_proj,2,0.9999985098838806
single_lora,siqa,n/a,15,q_proj,3,0.9999954104423523
single_lora,siqa,n/a,15,q_proj,4,0.9999959468841553
single_lora,siqa,n/a,15,q_proj,5,0.9999963045120239
single_lora,siqa,n/a,15,q_proj,6,0.9999953508377075
single_lora,siqa,n/a,15,q_proj,7,0.999996542930603
single_lora,siqa,n/a,15,q_proj,8,0.999997079372406
single_lora,siqa,n/a,15,q_proj,9,0.9999871850013733
single_lora,siqa,n/a,15,q_proj,10,0.9999873042106628
single_lora,siqa,n/a,15,q_proj,11,0.9999968409538269
single_lora,siqa,n/a,15,q_proj,12,0.9999968409538269
single_lora,siqa,n/a,15,q_proj,13,0.9999935626983643
single_lora,siqa,n/a,15,q_proj,14,0.999971330165863
single_lora,siqa,n/a,15,q_proj,15,0.9999701380729675
single_lora,siqa,n/a,15,q_proj,16,0.9999882578849792
single_lora,siqa,n/a,15,q_proj,17,0.9999891519546509
single_lora,siqa,n/a,15,q_proj,18,0.9999821186065674
single_lora,siqa,n/a,15,q_proj,19,0.9999836087226868
single_lora,siqa,n/a,15,q_proj,20,0.9999793767929077
single_lora,siqa,n/a,15,q_proj,21,0.9999862313270569
single_lora,siqa,n/a,15,q_proj,22,0.9999858140945435
single_lora,siqa,n/a,15,q_proj,23,0.9999894499778748
single_lora,siqa,n/a,15,q_proj,24,0.9999919533729553
single_lora,siqa,n/a,15,q_proj,25,0.9999926686286926
single_lora,siqa,n/a,15,q_proj,26,0.9999881982803345
single_lora,siqa,n/a,15,q_proj,27,0.999995231628418
single_lora,siqa,n/a,15,q_proj,28,0.9998795390129089
single_lora,siqa,n/a,15,q_proj,29,0.9998847842216492
single_lora,siqa,n/a,15,q_proj,30,0.9999933838844299
single_lora,siqa,n/a,15,q_proj,31,0.999994158744812
single_lora,siqa,n/a,15,q_proj,32,0.9999911189079285
single_lora,siqa,n/a,15,q_proj,33,0.9999905228614807
single_lora,siqa,n/a,15,q_proj,34,0.9999855160713196
single_lora,siqa,n/a,15,q_proj,35,0.9999885559082031
single_lora,siqa,n/a,15,q_proj,36,0.9999237656593323
single_lora,siqa,n/a,15,q_proj,37,0.999936044216156
single_lora,siqa,n/a,15,q_proj,38,0.9999952912330627
single_lora,siqa,n/a,15,q_proj,39,0.9999870657920837
single_lora,siqa,n/a,15,q_proj,40,0.9999921321868896
single_lora,siqa,n/a,15,q_proj,41,0.999987781047821
single_lora,siqa,n/a,15,q_proj,42,0.9999631643295288
single_lora,siqa,n/a,15,q_proj,43,0.9999625086784363
single_lora,siqa,n/a,15,q_proj,44,0.9999846816062927
single_lora,siqa,n/a,15,q_proj,45,0.9999911189079285
single_lora,siqa,n/a,15,q_proj,46,0.9999942183494568
single_lora,siqa,n/a,15,q_proj,47,0.9999904632568359
single_lora,siqa,n/a,15,q_proj,48,0.9999852180480957
single_lora,siqa,n/a,15,q_proj,49,0.9999679327011108
single_lora,siqa,n/a,15,q_proj,50,0.9999313950538635
single_lora,siqa,n/a,15,v_proj,1,0.9999971389770508
single_lora,siqa,n/a,15,v_proj,2,0.9999880790710449
single_lora,siqa,n/a,15,v_proj,3,0.999992847442627
single_lora,siqa,n/a,15,v_proj,4,0.9999897480010986
single_lora,siqa,n/a,15,v_proj,5,0.9999855756759644
single_lora,siqa,n/a,15,v_proj,6,0.9999845027923584
single_lora,siqa,n/a,15,v_proj,7,0.999993085861206
single_lora,siqa,n/a,15,v_proj,8,0.9999847412109375
single_lora,siqa,n/a,15,v_proj,9,0.9999445676803589
single_lora,siqa,n/a,15,v_proj,10,0.9999356269836426
single_lora,siqa,n/a,15,v_proj,11,0.9999492764472961
single_lora,siqa,n/a,15,v_proj,12,0.999945342540741
single_lora,siqa,n/a,15,v_proj,13,0.9999154806137085
single_lora,siqa,n/a,15,v_proj,14,0.9999421834945679
single_lora,siqa,n/a,15,v_proj,15,0.9986416101455688
single_lora,siqa,n/a,15,v_proj,16,0.9987285733222961
single_lora,siqa,n/a,15,v_proj,17,0.9999014139175415
single_lora,siqa,n/a,15,v_proj,18,0.999967098236084
single_lora,siqa,n/a,15,v_proj,19,0.9999606609344482
single_lora,siqa,n/a,15,v_proj,20,0.9999009370803833
single_lora,siqa,n/a,15,v_proj,21,0.9999301433563232
single_lora,siqa,n/a,15,v_proj,22,0.9999474883079529
single_lora,siqa,n/a,15,v_proj,23,0.9999211430549622
single_lora,siqa,n/a,15,v_proj,24,0.9999373555183411
single_lora,siqa,n/a,15,v_proj,25,0.9993271827697754
single_lora,siqa,n/a,15,v_proj,26,0.9993643760681152
single_lora,siqa,n/a,15,v_proj,27,0.9999562501907349
single_lora,siqa,n/a,15,v_proj,28,0.9999258518218994
single_lora,siqa,n/a,15,v_proj,29,0.9999408721923828
single_lora,siqa,n/a,15,v_proj,30,0.9997824430465698
single_lora,siqa,n/a,15,v_proj,31,0.999549388885498
single_lora,siqa,n/a,15,v_proj,32,0.9995900392532349
single_lora,siqa,n/a,15,v_proj,33,0.9996433854103088
single_lora,siqa,n/a,15,v_proj,34,0.9991509914398193
single_lora,siqa,n/a,15,v_proj,35,0.9992559552192688
single_lora,siqa,n/a,15,v_proj,36,0.9999240636825562
single_lora,siqa,n/a,15,v_proj,37,0.9998383522033691
single_lora,siqa,n/a,15,v_proj,38,0.9997907876968384
single_lora,siqa,n/a,15,v_proj,39,0.9999651908874512
single_lora,siqa,n/a,15,v_proj,40,0.9999495148658752
single_lora,siqa,n/a,15,v_proj,41,0.9998326301574707
single_lora,siqa,n/a,15,v_proj,42,0.9998080730438232
single_lora,siqa,n/a,15,v_proj,43,0.9990114569664001
single_lora,siqa,n/a,15,v_proj,44,0.9991407990455627
single_lora,siqa,n/a,15,v_proj,45,0.9997806549072266
single_lora,siqa,n/a,15,v_proj,46,0.9999227523803711
single_lora,siqa,n/a,15,v_proj,47,0.9999691247940063
single_lora,siqa,n/a,15,v_proj,48,0.9999830722808838
single_lora,siqa,n/a,15,v_proj,49,0.9999704957008362
single_lora,siqa,n/a,15,v_proj,50,0.9999579191207886
single_lora,siqa,n/a,15,up_proj,1,1.000000238418579
single_lora,siqa,n/a,15,up_proj,2,0.9999999403953552
single_lora,siqa,n/a,15,up_proj,3,0.9999991655349731
single_lora,siqa,n/a,15,up_proj,4,0.999997615814209
single_lora,siqa,n/a,15,up_proj,5,0.9999976754188538
single_lora,siqa,n/a,15,up_proj,6,0.9999942183494568
single_lora,siqa,n/a,15,up_proj,7,0.9999977350234985
single_lora,siqa,n/a,15,up_proj,8,0.9999953508377075
single_lora,siqa,n/a,15,up_proj,9,0.9999927878379822
single_lora,siqa,n/a,15,up_proj,10,0.9999910593032837
single_lora,siqa,n/a,15,up_proj,11,0.9999908208847046
single_lora,siqa,n/a,15,up_proj,12,0.999988853931427
single_lora,siqa,n/a,15,up_proj,13,0.9999791979789734
single_lora,siqa,n/a,15,up_proj,14,0.999984085559845
single_lora,siqa,n/a,15,up_proj,15,0.9999896287918091
single_lora,siqa,n/a,15,up_proj,16,0.999989926815033
single_lora,siqa,n/a,15,up_proj,17,0.9999902248382568
single_lora,siqa,n/a,15,up_proj,18,0.9999836087226868
single_lora,siqa,n/a,15,up_proj,19,0.9999786615371704
single_lora,siqa,n/a,15,up_proj,20,0.9999827146530151
single_lora,siqa,n/a,15,up_proj,21,0.9999876022338867
single_lora,siqa,n/a,15,up_proj,22,0.999992847442627
single_lora,siqa,n/a,15,up_proj,23,0.9999847412109375
single_lora,siqa,n/a,15,up_proj,24,0.9999873638153076
single_lora,siqa,n/a,15,up_proj,25,0.99997878074646
single_lora,siqa,n/a,15,up_proj,26,0.9999721050262451
single_lora,siqa,n/a,15,up_proj,27,0.9999865889549255
single_lora,siqa,n/a,15,up_proj,28,0.9999808669090271
single_lora,siqa,n/a,15,up_proj,29,0.999978244304657
single_lora,siqa,n/a,15,up_proj,30,0.999991238117218
single_lora,siqa,n/a,15,up_proj,31,0.9999352097511292
single_lora,siqa,n/a,15,up_proj,32,0.9999356269836426
single_lora,siqa,n/a,15,up_proj,33,0.9999504089355469
single_lora,siqa,n/a,15,up_proj,34,0.9999787211418152
single_lora,siqa,n/a,15,up_proj,35,0.9999874234199524
single_lora,siqa,n/a,15,up_proj,36,0.9999637603759766
single_lora,siqa,n/a,15,up_proj,37,0.9999500513076782
single_lora,siqa,n/a,15,up_proj,38,0.9999535083770752
single_lora,siqa,n/a,15,up_proj,39,0.999929666519165
single_lora,siqa,n/a,15,up_proj,40,0.9999440312385559
single_lora,siqa,n/a,15,up_proj,41,0.999939501285553
single_lora,siqa,n/a,15,up_proj,42,0.9999417662620544
single_lora,siqa,n/a,15,up_proj,43,0.9999493360519409
single_lora,siqa,n/a,15,up_proj,44,0.9999464154243469
single_lora,siqa,n/a,15,up_proj,45,0.9997919201850891
single_lora,siqa,n/a,15,up_proj,46,0.9998140931129456
single_lora,siqa,n/a,15,up_proj,47,0.9999408721923828
single_lora,siqa,n/a,15,up_proj,48,0.9999217391014099
single_lora,siqa,n/a,15,up_proj,49,0.9998733401298523
single_lora,siqa,n/a,15,up_proj,50,0.9999514818191528
single_lora,siqa,n/a,15,down_proj,1,1.0000001192092896
single_lora,siqa,n/a,15,down_proj,2,0.9999991655349731
single_lora,siqa,n/a,15,down_proj,3,1.0000003576278687
single_lora,siqa,n/a,15,down_proj,4,0.999999463558197
single_lora,siqa,n/a,15,down_proj,5,0.9999998211860657
single_lora,siqa,n/a,15,down_proj,6,1.0
single_lora,siqa,n/a,15,down_proj,7,0.9999983310699463
single_lora,siqa,n/a,15,down_proj,8,0.9999936819076538
single_lora,siqa,n/a,15,down_proj,9,0.9999963641166687
single_lora,siqa,n/a,15,down_proj,10,0.9999891519546509
single_lora,siqa,n/a,15,down_proj,11,0.999987781047821
single_lora,siqa,n/a,15,down_proj,12,0.9999764561653137
single_lora,siqa,n/a,15,down_proj,13,0.9998538494110107
single_lora,siqa,n/a,15,down_proj,14,0.9998390674591064
single_lora,siqa,n/a,15,down_proj,15,0.999992847442627
single_lora,siqa,n/a,15,down_proj,16,0.9999874830245972
single_lora,siqa,n/a,15,down_proj,17,0.9999836087226868
single_lora,siqa,n/a,15,down_proj,18,0.9999432563781738
single_lora,siqa,n/a,15,down_proj,19,0.9999364018440247
single_lora,siqa,n/a,15,down_proj,20,0.999970555305481
single_lora,siqa,n/a,15,down_proj,21,0.999976634979248
single_lora,siqa,n/a,15,down_proj,22,0.9999249577522278
single_lora,siqa,n/a,15,down_proj,23,0.9999170303344727
single_lora,siqa,n/a,15,down_proj,24,0.9999789595603943
single_lora,siqa,n/a,15,down_proj,25,0.9999789595603943
single_lora,siqa,n/a,15,down_proj,26,0.9999088048934937
single_lora,siqa,n/a,15,down_proj,27,0.999890923500061
single_lora,siqa,n/a,15,down_proj,28,0.9999817609786987
single_lora,siqa,n/a,15,down_proj,29,0.9999682903289795
single_lora,siqa,n/a,15,down_proj,30,0.9999672174453735
single_lora,siqa,n/a,15,down_proj,31,0.9999768137931824
single_lora,siqa,n/a,15,down_proj,32,0.9999768733978271
single_lora,siqa,n/a,15,down_proj,33,0.9999639987945557
single_lora,siqa,n/a,15,down_proj,34,0.999762773513794
single_lora,siqa,n/a,15,down_proj,35,0.9997808337211609
single_lora,siqa,n/a,15,down_proj,36,0.9999456405639648
single_lora,siqa,n/a,15,down_proj,37,0.9999345541000366
single_lora,siqa,n/a,15,down_proj,38,0.99996417760849
single_lora,siqa,n/a,15,down_proj,39,0.9998802542686462
single_lora,siqa,n/a,15,down_proj,40,0.9999516606330872
single_lora,siqa,n/a,15,down_proj,41,0.9998323917388916
single_lora,siqa,n/a,15,down_proj,42,0.9999055862426758
single_lora,siqa,n/a,15,down_proj,43,0.9999629259109497
single_lora,siqa,n/a,15,down_proj,44,0.9999516606330872
single_lora,siqa,n/a,15,down_proj,45,0.9999426603317261
single_lora,siqa,n/a,15,down_proj,46,0.9999718070030212
single_lora,siqa,n/a,15,down_proj,47,0.9999245405197144
single_lora,siqa,n/a,15,down_proj,48,0.9999221563339233
single_lora,siqa,n/a,15,down_proj,49,0.9998127818107605
single_lora,siqa,n/a,15,down_proj,50,0.9998367428779602
single_lora,sst2,n/a,0,q_proj,1,1.0000001192092896
single_lora,sst2,n/a,0,q_proj,2,0.9999998211860657
single_lora,sst2,n/a,0,q_proj,3,0.9999995827674866
single_lora,sst2,n/a,0,q_proj,4,0.9999967217445374
single_lora,sst2,n/a,0,q_proj,5,0.9999991655349731
single_lora,sst2,n/a,0,q_proj,6,0.999998927116394
single_lora,sst2,n/a,0,q_proj,7,0.9999983906745911
single_lora,sst2,n/a,0,q_proj,8,0.9999976754188538
single_lora,sst2,n/a,0,q_proj,9,0.9999973773956299
single_lora,sst2,n/a,0,q_proj,10,0.9999980330467224
single_lora,sst2,n/a,0,q_proj,11,0.999999463558197
single_lora,sst2,n/a,0,q_proj,12,0.9999935030937195
single_lora,sst2,n/a,0,q_proj,13,0.9999943375587463
single_lora,sst2,n/a,0,q_proj,14,0.9999926686286926
single_lora,sst2,n/a,0,q_proj,15,0.9998599290847778
single_lora,sst2,n/a,0,q_proj,16,0.999862015247345
single_lora,sst2,n/a,0,q_proj,17,0.9999924898147583
single_lora,sst2,n/a,0,q_proj,18,0.999993622303009
single_lora,sst2,n/a,0,q_proj,19,0.9999878406524658
single_lora,sst2,n/a,0,q_proj,20,0.9999857544898987
single_lora,sst2,n/a,0,q_proj,21,0.999915599822998
single_lora,sst2,n/a,0,q_proj,22,0.9999114871025085
single_lora,sst2,n/a,0,q_proj,23,0.9999931454658508
single_lora,sst2,n/a,0,q_proj,24,0.9999697804450989
single_lora,sst2,n/a,0,q_proj,25,0.9999584555625916
single_lora,sst2,n/a,0,q_proj,26,0.9999892711639404
single_lora,sst2,n/a,0,q_proj,27,0.9999763369560242
single_lora,sst2,n/a,0,q_proj,28,0.9999582171440125
single_lora,sst2,n/a,0,q_proj,29,0.9999445676803589
single_lora,sst2,n/a,0,q_proj,30,0.9999904632568359
single_lora,sst2,n/a,0,q_proj,31,0.9999746084213257
single_lora,sst2,n/a,0,q_proj,32,0.9999839663505554
single_lora,sst2,n/a,0,q_proj,33,0.9999777674674988
single_lora,sst2,n/a,0,q_proj,34,0.9999811053276062
single_lora,sst2,n/a,0,q_proj,35,0.9999077320098877
single_lora,sst2,n/a,0,q_proj,36,0.9998751878738403
single_lora,sst2,n/a,0,q_proj,37,0.9999491572380066
single_lora,sst2,n/a,0,q_proj,38,0.9997398853302002
single_lora,sst2,n/a,0,q_proj,39,0.9998503923416138
single_lora,sst2,n/a,0,q_proj,40,0.9999403953552246
single_lora,sst2,n/a,0,q_proj,41,0.9999539852142334
single_lora,sst2,n/a,0,q_proj,42,0.9998922944068909
single_lora,sst2,n/a,0,q_proj,43,0.9999081492424011
single_lora,sst2,n/a,0,q_proj,44,0.9999749064445496
single_lora,sst2,n/a,0,q_proj,45,0.9999518990516663
single_lora,sst2,n/a,0,q_proj,46,0.9999681711196899
single_lora,sst2,n/a,0,q_proj,47,0.9999131560325623
single_lora,sst2,n/a,0,q_proj,48,0.99996417760849
single_lora,sst2,n/a,0,q_proj,49,0.999958872795105
single_lora,sst2,n/a,0,q_proj,50,0.9999075531959534
single_lora,sst2,n/a,0,v_proj,1,0.9999839067459106
single_lora,sst2,n/a,0,v_proj,2,0.9986088275909424
single_lora,sst2,n/a,0,v_proj,3,0.9988206624984741
single_lora,sst2,n/a,0,v_proj,4,0.9999147057533264
single_lora,sst2,n/a,0,v_proj,5,0.9999347925186157
single_lora,sst2,n/a,0,v_proj,6,0.9994863271713257
single_lora,sst2,n/a,0,v_proj,7,0.9995059370994568
single_lora,sst2,n/a,0,v_proj,8,0.9986598491668701
single_lora,sst2,n/a,0,v_proj,9,0.9988871812820435
single_lora,sst2,n/a,0,v_proj,10,0.9995577335357666
single_lora,sst2,n/a,0,v_proj,11,0.9957537651062012
single_lora,sst2,n/a,0,v_proj,12,0.9940289855003357
single_lora,sst2,n/a,0,v_proj,13,0.9986668229103088
single_lora,sst2,n/a,0,v_proj,14,0.9990589618682861
single_lora,sst2,n/a,0,v_proj,15,0.9985307455062866
single_lora,sst2,n/a,0,v_proj,16,0.9932188391685486
single_lora,sst2,n/a,0,v_proj,17,0.9897353053092957
single_lora,sst2,n/a,0,v_proj,18,0.9925020933151245
single_lora,sst2,n/a,0,v_proj,19,0.9990098476409912
single_lora,sst2,n/a,0,v_proj,20,0.9993066787719727
single_lora,sst2,n/a,0,v_proj,21,0.9989798665046692
single_lora,sst2,n/a,0,v_proj,22,0.9987145662307739
single_lora,sst2,n/a,0,v_proj,23,0.9987457394599915
single_lora,sst2,n/a,0,v_proj,24,0.9955947399139404
single_lora,sst2,n/a,0,v_proj,25,0.9972832202911377
single_lora,sst2,n/a,0,v_proj,26,0.9960737228393555
single_lora,sst2,n/a,0,v_proj,27,0.9917653203010559
single_lora,sst2,n/a,0,v_proj,28,0.9904284477233887
single_lora,sst2,n/a,0,v_proj,29,0.9768466353416443
single_lora,sst2,n/a,0,v_proj,30,0.9714922904968262
single_lora,sst2,n/a,0,v_proj,31,0.9978657960891724
single_lora,sst2,n/a,0,v_proj,32,0.9458564519882202
single_lora,sst2,n/a,0,v_proj,33,0.9548642039299011
single_lora,sst2,n/a,0,v_proj,34,0.9950583577156067
single_lora,sst2,n/a,0,v_proj,35,0.9972395896911621
single_lora,sst2,n/a,0,v_proj,36,0.9899067282676697
single_lora,sst2,n/a,0,v_proj,37,0.9908633232116699
single_lora,sst2,n/a,0,v_proj,38,0.7951440811157227
single_lora,sst2,n/a,0,v_proj,39,0.7794500589370728
single_lora,sst2,n/a,0,v_proj,40,0.9868541955947876
single_lora,sst2,n/a,0,v_proj,41,0.9894385933876038
single_lora,sst2,n/a,0,v_proj,42,0.9879419803619385
single_lora,sst2,n/a,0,v_proj,43,0.9908392429351807
single_lora,sst2,n/a,0,v_proj,44,0.9927741289138794
single_lora,sst2,n/a,0,v_proj,45,0.9923754334449768
single_lora,sst2,n/a,0,v_proj,46,0.9911381006240845
single_lora,sst2,n/a,0,v_proj,47,0.9926304817199707
single_lora,sst2,n/a,0,v_proj,48,0.9913626909255981
single_lora,sst2,n/a,0,v_proj,49,0.9857613444328308
single_lora,sst2,n/a,0,v_proj,50,0.9879136681556702
single_lora,sst2,n/a,0,up_proj,1,0.9999752640724182
single_lora,sst2,n/a,0,up_proj,2,0.9999551177024841
single_lora,sst2,n/a,0,up_proj,3,0.9999790787696838
single_lora,sst2,n/a,0,up_proj,4,0.9999814033508301
single_lora,sst2,n/a,0,up_proj,5,0.999956488609314
single_lora,sst2,n/a,0,up_proj,6,0.9992453455924988
single_lora,sst2,n/a,0,up_proj,7,0.9992285966873169
single_lora,sst2,n/a,0,up_proj,8,0.999945878982544
single_lora,sst2,n/a,0,up_proj,9,0.9996848106384277
single_lora,sst2,n/a,0,up_proj,10,0.9997124075889587
single_lora,sst2,n/a,0,up_proj,11,0.9989601373672485
single_lora,sst2,n/a,0,up_proj,12,0.998925507068634
single_lora,sst2,n/a,0,up_proj,13,0.9998437166213989
single_lora,sst2,n/a,0,up_proj,14,0.9998673796653748
single_lora,sst2,n/a,0,up_proj,15,0.9999378323554993
single_lora,sst2,n/a,0,up_proj,16,0.9991331100463867
single_lora,sst2,n/a,0,up_proj,17,0.9996469616889954
single_lora,sst2,n/a,0,up_proj,18,0.9994601607322693
single_lora,sst2,n/a,0,up_proj,19,0.9999085068702698
single_lora,sst2,n/a,0,up_proj,20,0.9999305605888367
single_lora,sst2,n/a,0,up_proj,21,0.9994705319404602
single_lora,sst2,n/a,0,up_proj,22,0.9994258284568787
single_lora,sst2,n/a,0,up_proj,23,0.9999094009399414
single_lora,sst2,n/a,0,up_proj,24,0.9999179244041443
single_lora,sst2,n/a,0,up_proj,25,0.9999439120292664
single_lora,sst2,n/a,0,up_proj,26,0.9976171851158142
single_lora,sst2,n/a,0,up_proj,27,0.9974861145019531
single_lora,sst2,n/a,0,up_proj,28,0.9996899366378784
single_lora,sst2,n/a,0,up_proj,29,0.9998191595077515
single_lora,sst2,n/a,0,up_proj,30,0.9999071955680847
single_lora,sst2,n/a,0,up_proj,31,0.9998929500579834
single_lora,sst2,n/a,0,up_proj,32,0.9996384978294373
single_lora,sst2,n/a,0,up_proj,33,0.9996170997619629
single_lora,sst2,n/a,0,up_proj,34,0.9998699426651001
single_lora,sst2,n/a,0,up_proj,35,0.9999014735221863
single_lora,sst2,n/a,0,up_proj,36,0.9999274611473083
single_lora,sst2,n/a,0,up_proj,37,0.9997942447662354
single_lora,sst2,n/a,0,up_proj,38,0.9998478293418884
single_lora,sst2,n/a,0,up_proj,39,0.9998353123664856
single_lora,sst2,n/a,0,up_proj,40,0.9998388886451721
single_lora,sst2,n/a,0,up_proj,41,0.9992690086364746
single_lora,sst2,n/a,0,up_proj,42,0.9971876740455627
single_lora,sst2,n/a,0,up_proj,43,0.9973416328430176
single_lora,sst2,n/a,0,up_proj,44,0.9994931817054749
single_lora,sst2,n/a,0,up_proj,45,0.9991341829299927
single_lora,sst2,n/a,0,up_proj,46,0.9990693926811218
single_lora,sst2,n/a,0,up_proj,47,0.9997173547744751
single_lora,sst2,n/a,0,up_proj,48,0.9989498257637024
single_lora,sst2,n/a,0,up_proj,49,0.9986280202865601
single_lora,sst2,n/a,0,up_proj,50,0.9991130232810974
single_lora,sst2,n/a,0,down_proj,1,0.999984622001648
single_lora,sst2,n/a,0,down_proj,2,0.999997615814209
single_lora,sst2,n/a,0,down_proj,3,0.9999921321868896
single_lora,sst2,n/a,0,down_proj,4,0.9999745488166809
single_lora,sst2,n/a,0,down_proj,5,0.999997615814209
single_lora,sst2,n/a,0,down_proj,6,0.9999791383743286
single_lora,sst2,n/a,0,down_proj,7,0.9999553561210632
single_lora,sst2,n/a,0,down_proj,8,0.9999490976333618
single_lora,sst2,n/a,0,down_proj,9,0.9997721314430237
single_lora,sst2,n/a,0,down_proj,10,0.9998000860214233
single_lora,sst2,n/a,0,down_proj,11,0.9999770522117615
single_lora,sst2,n/a,0,down_proj,12,0.9998398423194885
single_lora,sst2,n/a,0,down_proj,13,0.9999014735221863
single_lora,sst2,n/a,0,down_proj,14,0.999846339225769
single_lora,sst2,n/a,0,down_proj,15,0.9998535513877869
single_lora,sst2,n/a,0,down_proj,16,0.9999302625656128
single_lora,sst2,n/a,0,down_proj,17,0.9994455575942993
single_lora,sst2,n/a,0,down_proj,18,0.9993472099304199
single_lora,sst2,n/a,0,down_proj,19,0.9996892213821411
single_lora,sst2,n/a,0,down_proj,20,0.7340113520622253
single_lora,sst2,n/a,0,down_proj,21,0.7340521812438965
single_lora,sst2,n/a,0,down_proj,22,0.9984053373336792
single_lora,sst2,n/a,0,down_proj,23,0.9985462427139282
single_lora,sst2,n/a,0,down_proj,24,0.9998666048049927
single_lora,sst2,n/a,0,down_proj,25,0.9995927810668945
single_lora,sst2,n/a,0,down_proj,26,0.9993112683296204
single_lora,sst2,n/a,0,down_proj,27,0.9999631643295288
single_lora,sst2,n/a,0,down_proj,28,0.9995561838150024
single_lora,sst2,n/a,0,down_proj,29,0.9994408488273621
single_lora,sst2,n/a,0,down_proj,30,0.9992823600769043
single_lora,sst2,n/a,0,down_proj,31,0.9996667504310608
single_lora,sst2,n/a,0,down_proj,32,0.9999246001243591
single_lora,sst2,n/a,0,down_proj,33,0.987375020980835
single_lora,sst2,n/a,0,down_proj,34,0.9876190423965454
single_lora,sst2,n/a,0,down_proj,35,0.9998161196708679
single_lora,sst2,n/a,0,down_proj,36,0.9997623562812805
single_lora,sst2,n/a,0,down_proj,37,0.9993826150894165
single_lora,sst2,n/a,0,down_proj,38,0.9989207983016968
single_lora,sst2,n/a,0,down_proj,39,0.9992428421974182
single_lora,sst2,n/a,0,down_proj,40,0.9958650469779968
single_lora,sst2,n/a,0,down_proj,41,0.9956880211830139
single_lora,sst2,n/a,0,down_proj,42,0.9978164434432983
single_lora,sst2,n/a,0,down_proj,43,0.9978466033935547
single_lora,sst2,n/a,0,down_proj,44,0.9997027516365051
single_lora,sst2,n/a,0,down_proj,45,0.9994899034500122
single_lora,sst2,n/a,0,down_proj,46,0.9998291730880737
single_lora,sst2,n/a,0,down_proj,47,0.9995667934417725
single_lora,sst2,n/a,0,down_proj,48,0.9992204904556274
single_lora,sst2,n/a,0,down_proj,49,0.999631941318512
single_lora,sst2,n/a,0,down_proj,50,0.9854501485824585
single_lora,sst2,n/a,8,q_proj,1,0.9999600648880005
single_lora,sst2,n/a,8,q_proj,2,0.9999966621398926
single_lora,sst2,n/a,8,q_proj,3,0.9999958276748657
single_lora,sst2,n/a,8,q_proj,4,0.9999975562095642
single_lora,sst2,n/a,8,q_proj,5,0.9999706149101257
single_lora,sst2,n/a,8,q_proj,6,0.9999905228614807
single_lora,sst2,n/a,8,q_proj,7,0.9999856948852539
single_lora,sst2,n/a,8,q_proj,8,0.9999419450759888
single_lora,sst2,n/a,8,q_proj,9,0.9999638199806213
single_lora,sst2,n/a,8,q_proj,10,0.9999947547912598
single_lora,sst2,n/a,8,q_proj,11,0.9999963045120239
single_lora,sst2,n/a,8,q_proj,12,0.9999933838844299
single_lora,sst2,n/a,8,q_proj,13,0.9999250173568726
single_lora,sst2,n/a,8,q_proj,14,0.9999080300331116
single_lora,sst2,n/a,8,q_proj,15,0.9998397827148438
single_lora,sst2,n/a,8,q_proj,16,0.9998094439506531
single_lora,sst2,n/a,8,q_proj,17,0.9997040033340454
single_lora,sst2,n/a,8,q_proj,18,0.9999911189079285
single_lora,sst2,n/a,8,q_proj,19,0.9999221563339233
single_lora,sst2,n/a,8,q_proj,20,0.9999556541442871
single_lora,sst2,n/a,8,q_proj,21,0.9999583959579468
single_lora,sst2,n/a,8,q_proj,22,0.9999805092811584
single_lora,sst2,n/a,8,q_proj,23,0.999860405921936
single_lora,sst2,n/a,8,q_proj,24,0.9998983144760132
single_lora,sst2,n/a,8,q_proj,25,0.9998179078102112
single_lora,sst2,n/a,8,q_proj,26,0.999976634979248
single_lora,sst2,n/a,8,q_proj,27,0.9999364018440247
single_lora,sst2,n/a,8,q_proj,28,0.9999485015869141
single_lora,sst2,n/a,8,q_proj,29,0.9999173879623413
single_lora,sst2,n/a,8,q_proj,30,0.9998941421508789
single_lora,sst2,n/a,8,q_proj,31,0.9997652769088745
single_lora,sst2,n/a,8,q_proj,32,0.9998005628585815
single_lora,sst2,n/a,8,q_proj,33,0.9998663067817688
single_lora,sst2,n/a,8,q_proj,34,0.9999064207077026
single_lora,sst2,n/a,8,q_proj,35,0.9998874068260193
single_lora,sst2,n/a,8,q_proj,36,0.9999608397483826
single_lora,sst2,n/a,8,q_proj,37,0.9992316365242004
single_lora,sst2,n/a,8,q_proj,38,0.9977235794067383
single_lora,sst2,n/a,8,q_proj,39,0.9982748627662659
single_lora,sst2,n/a,8,q_proj,40,0.9992967247962952
single_lora,sst2,n/a,8,q_proj,41,0.9999529123306274
single_lora,sst2,n/a,8,q_proj,42,0.9997528195381165
single_lora,sst2,n/a,8,q_proj,43,0.9996918439865112
single_lora,sst2,n/a,8,q_proj,44,0.9996221661567688
single_lora,sst2,n/a,8,q_proj,45,0.9996803998947144
single_lora,sst2,n/a,8,q_proj,46,0.9999919533729553
single_lora,sst2,n/a,8,q_proj,47,0.9999861121177673
single_lora,sst2,n/a,8,q_proj,48,0.9999467134475708
single_lora,sst2,n/a,8,q_proj,49,0.9998831152915955
single_lora,sst2,n/a,8,q_proj,50,0.9999207258224487
single_lora,sst2,n/a,8,v_proj,1,0.9943574666976929
single_lora,sst2,n/a,8,v_proj,2,0.9945695400238037
single_lora,sst2,n/a,8,v_proj,3,0.9997366070747375
single_lora,sst2,n/a,8,v_proj,4,0.9957084655761719
single_lora,sst2,n/a,8,v_proj,5,0.9962531328201294
single_lora,sst2,n/a,8,v_proj,6,0.9964349269866943
single_lora,sst2,n/a,8,v_proj,7,0.9967787265777588
single_lora,sst2,n/a,8,v_proj,8,0.996403157711029
single_lora,sst2,n/a,8,v_proj,9,0.9966076612472534
single_lora,sst2,n/a,8,v_proj,10,0.9825305342674255
single_lora,sst2,n/a,8,v_proj,11,0.9803476333618164
single_lora,sst2,n/a,8,v_proj,12,0.9995042085647583
single_lora,sst2,n/a,8,v_proj,13,0.9956651926040649
single_lora,sst2,n/a,8,v_proj,14,0.9988643527030945
single_lora,sst2,n/a,8,v_proj,15,0.9965561628341675
single_lora,sst2,n/a,8,v_proj,16,0.9988495111465454
single_lora,sst2,n/a,8,v_proj,17,0.998357892036438
single_lora,sst2,n/a,8,v_proj,18,0.99269038438797
single_lora,sst2,n/a,8,v_proj,19,0.9920666813850403
single_lora,sst2,n/a,8,v_proj,20,0.995406985282898
single_lora,sst2,n/a,8,v_proj,21,0.998026967048645
single_lora,sst2,n/a,8,v_proj,22,0.9737659096717834
single_lora,sst2,n/a,8,v_proj,23,0.9692831039428711
single_lora,sst2,n/a,8,v_proj,24,0.9954371452331543
single_lora,sst2,n/a,8,v_proj,25,0.9960945248603821
single_lora,sst2,n/a,8,v_proj,26,0.9964288473129272
single_lora,sst2,n/a,8,v_proj,27,0.9954807758331299
single_lora,sst2,n/a,8,v_proj,28,0.9827724099159241
single_lora,sst2,n/a,8,v_proj,29,0.9867128729820251
single_lora,sst2,n/a,8,v_proj,30,0.997480034828186
single_lora,sst2,n/a,8,v_proj,31,0.9898680448532104
single_lora,sst2,n/a,8,v_proj,32,0.9880816340446472
single_lora,sst2,n/a,8,v_proj,33,0.9914931654930115
single_lora,sst2,n/a,8,v_proj,34,0.9977420568466187
single_lora,sst2,n/a,8,v_proj,35,0.9957616329193115
single_lora,sst2,n/a,8,v_proj,36,0.997056245803833
single_lora,sst2,n/a,8,v_proj,37,0.9920225739479065
single_lora,sst2,n/a,8,v_proj,38,0.9935622215270996
single_lora,sst2,n/a,8,v_proj,39,0.9895263314247131
single_lora,sst2,n/a,8,v_proj,40,0.9924577474594116
single_lora,sst2,n/a,8,v_proj,41,0.9930259585380554
single_lora,sst2,n/a,8,v_proj,42,0.993485689163208
single_lora,sst2,n/a,8,v_proj,43,0.9964470863342285
single_lora,sst2,n/a,8,v_proj,44,0.995054304599762
single_lora,sst2,n/a,8,v_proj,45,0.9974716901779175
single_lora,sst2,n/a,8,v_proj,46,0.9971229434013367
single_lora,sst2,n/a,8,v_proj,47,0.9977044463157654
single_lora,sst2,n/a,8,v_proj,48,0.9969890713691711
single_lora,sst2,n/a,8,v_proj,49,0.784064531326294
single_lora,sst2,n/a,8,v_proj,50,0.784069299697876
single_lora,sst2,n/a,8,up_proj,1,0.9999933242797852
single_lora,sst2,n/a,8,up_proj,2,0.9999800324440002
single_lora,sst2,n/a,8,up_proj,3,0.999978244304657
single_lora,sst2,n/a,8,up_proj,4,0.99998539686203
single_lora,sst2,n/a,8,up_proj,5,0.9999752640724182
single_lora,sst2,n/a,8,up_proj,6,0.9999556541442871
single_lora,sst2,n/a,8,up_proj,7,0.9999884366989136
single_lora,sst2,n/a,8,up_proj,8,0.999936044216156
single_lora,sst2,n/a,8,up_proj,9,0.999921977519989
single_lora,sst2,n/a,8,up_proj,10,0.9998156428337097
single_lora,sst2,n/a,8,up_proj,11,0.9999152421951294
single_lora,sst2,n/a,8,up_proj,12,0.9999029636383057
single_lora,sst2,n/a,8,up_proj,13,0.9997513890266418
single_lora,sst2,n/a,8,up_proj,14,0.9998412132263184
single_lora,sst2,n/a,8,up_proj,15,0.9998660683631897
single_lora,sst2,n/a,8,up_proj,16,0.9999039769172668
single_lora,sst2,n/a,8,up_proj,17,0.9999460577964783
single_lora,sst2,n/a,8,up_proj,18,0.999852180480957
single_lora,sst2,n/a,8,up_proj,19,0.9998750686645508
single_lora,sst2,n/a,8,up_proj,20,0.9995366334915161
single_lora,sst2,n/a,8,up_proj,21,0.9995364546775818
single_lora,sst2,n/a,8,up_proj,22,0.999579906463623
single_lora,sst2,n/a,8,up_proj,23,0.995453417301178
single_lora,sst2,n/a,8,up_proj,24,0.9954513907432556
single_lora,sst2,n/a,8,up_proj,25,0.9996505379676819
single_lora,sst2,n/a,8,up_proj,26,0.9988877177238464
single_lora,sst2,n/a,8,up_proj,27,0.9996232986450195
single_lora,sst2,n/a,8,up_proj,28,0.9987062215805054
single_lora,sst2,n/a,8,up_proj,29,0.9975801706314087
single_lora,sst2,n/a,8,up_proj,30,0.9977445006370544
single_lora,sst2,n/a,8,up_proj,31,0.993611216545105
single_lora,sst2,n/a,8,up_proj,32,0.9926378130912781
single_lora,sst2,n/a,8,up_proj,33,0.9977343082427979
single_lora,sst2,n/a,8,up_proj,34,0.9983678460121155
single_lora,sst2,n/a,8,up_proj,35,0.9989708662033081
single_lora,sst2,n/a,8,up_proj,36,0.9982040524482727
single_lora,sst2,n/a,8,up_proj,37,0.9987218976020813
single_lora,sst2,n/a,8,up_proj,38,0.9981493949890137
single_lora,sst2,n/a,8,up_proj,39,0.9995568990707397
single_lora,sst2,n/a,8,up_proj,40,0.9993995428085327
single_lora,sst2,n/a,8,up_proj,41,0.9982430338859558
single_lora,sst2,n/a,8,up_proj,42,0.9974609613418579
single_lora,sst2,n/a,8,up_proj,43,0.9975998997688293
single_lora,sst2,n/a,8,up_proj,44,0.9988136887550354
single_lora,sst2,n/a,8,up_proj,45,0.998987078666687
single_lora,sst2,n/a,8,up_proj,46,0.9987776875495911
single_lora,sst2,n/a,8,up_proj,47,0.999189019203186
single_lora,sst2,n/a,8,up_proj,48,0.9983648657798767
single_lora,sst2,n/a,8,up_proj,49,0.9927647113800049
single_lora,sst2,n/a,8,up_proj,50,0.9932535290718079
single_lora,sst2,n/a,8,down_proj,1,0.9999997615814209
single_lora,sst2,n/a,8,down_proj,2,0.9999997019767761
single_lora,sst2,n/a,8,down_proj,3,0.9999998807907104
single_lora,sst2,n/a,8,down_proj,4,0.9999990463256836
single_lora,sst2,n/a,8,down_proj,5,0.9999979734420776
single_lora,sst2,n/a,8,down_proj,6,0.9999985694885254
single_lora,sst2,n/a,8,down_proj,7,0.9999972581863403
single_lora,sst2,n/a,8,down_proj,8,0.9999958872795105
single_lora,sst2,n/a,8,down_proj,9,0.9999950528144836
single_lora,sst2,n/a,8,down_proj,10,0.9999887943267822
single_lora,sst2,n/a,8,down_proj,11,0.9998368620872498
single_lora,sst2,n/a,8,down_proj,12,0.999835729598999
single_lora,sst2,n/a,8,down_proj,13,0.9999682903289795
single_lora,sst2,n/a,8,down_proj,14,0.999947726726532
single_lora,sst2,n/a,8,down_proj,15,0.9999645352363586
single_lora,sst2,n/a,8,down_proj,16,0.9999958276748657
single_lora,sst2,n/a,8,down_proj,17,0.9999905228614807
single_lora,sst2,n/a,8,down_proj,18,0.9999659061431885
single_lora,sst2,n/a,8,down_proj,19,0.9988424181938171
single_lora,sst2,n/a,8,down_proj,20,0.9988677501678467
single_lora,sst2,n/a,8,down_proj,21,0.9999658465385437
single_lora,sst2,n/a,8,down_proj,22,0.9999909996986389
single_lora,sst2,n/a,8,down_proj,23,0.9999895095825195
single_lora,sst2,n/a,8,down_proj,24,0.9999822378158569
single_lora,sst2,n/a,8,down_proj,25,0.9999812245368958
single_lora,sst2,n/a,8,down_proj,26,0.9999586343765259
single_lora,sst2,n/a,8,down_proj,27,0.9998761415481567
single_lora,sst2,n/a,8,down_proj,28,0.9999090433120728
single_lora,sst2,n/a,8,down_proj,29,0.9999492168426514
single_lora,sst2,n/a,8,down_proj,30,0.999980628490448
single_lora,sst2,n/a,8,down_proj,31,0.9998176097869873
single_lora,sst2,n/a,8,down_proj,32,0.9997819662094116
single_lora,sst2,n/a,8,down_proj,33,0.9998714327812195
single_lora,sst2,n/a,8,down_proj,34,0.9999784827232361
single_lora,sst2,n/a,8,down_proj,35,0.9999694228172302
single_lora,sst2,n/a,8,down_proj,36,0.999933660030365
single_lora,sst2,n/a,8,down_proj,37,0.9999204277992249
single_lora,sst2,n/a,8,down_proj,38,0.9999189376831055
single_lora,sst2,n/a,8,down_proj,39,0.9999520778656006
single_lora,sst2,n/a,8,down_proj,40,0.9999404549598694
single_lora,sst2,n/a,8,down_proj,41,0.9998781681060791
single_lora,sst2,n/a,8,down_proj,42,0.9998555779457092
single_lora,sst2,n/a,8,down_proj,43,0.999920129776001
single_lora,sst2,n/a,8,down_proj,44,0.999977707862854
single_lora,sst2,n/a,8,down_proj,45,0.9999610781669617
single_lora,sst2,n/a,8,down_proj,46,0.9999423027038574
single_lora,sst2,n/a,8,down_proj,47,0.9999399781227112
single_lora,sst2,n/a,8,down_proj,48,0.9998878836631775
single_lora,sst2,n/a,8,down_proj,49,0.9997915029525757
single_lora,sst2,n/a,8,down_proj,50,0.9997892379760742
single_lora,sst2,n/a,15,q_proj,1,0.999998927116394
single_lora,sst2,n/a,15,q_proj,2,0.9999995231628418
single_lora,sst2,n/a,15,q_proj,3,0.9999964237213135
single_lora,sst2,n/a,15,q_proj,4,0.9999985694885254
single_lora,sst2,n/a,15,q_proj,5,0.9999997615814209
single_lora,sst2,n/a,15,q_proj,6,0.9999985098838806
single_lora,sst2,n/a,15,q_proj,7,0.9999934434890747
single_lora,sst2,n/a,15,q_proj,8,0.9999884963035583
single_lora,sst2,n/a,15,q_proj,9,0.9999754428863525
single_lora,sst2,n/a,15,q_proj,10,0.9999790191650391
single_lora,sst2,n/a,15,q_proj,11,0.9999966621398926
single_lora,sst2,n/a,15,q_proj,12,0.999993622303009
single_lora,sst2,n/a,15,q_proj,13,0.9999934434890747
single_lora,sst2,n/a,15,q_proj,14,0.9999955892562866
single_lora,sst2,n/a,15,q_proj,15,0.9999879002571106
single_lora,sst2,n/a,15,q_proj,16,0.9999856948852539
single_lora,sst2,n/a,15,q_proj,17,0.9999944567680359
single_lora,sst2,n/a,15,q_proj,18,0.9999949336051941
single_lora,sst2,n/a,15,q_proj,19,0.9999856352806091
single_lora,sst2,n/a,15,q_proj,20,0.9999853372573853
single_lora,sst2,n/a,15,q_proj,21,0.9999932050704956
single_lora,sst2,n/a,15,q_proj,22,0.9999903440475464
single_lora,sst2,n/a,15,q_proj,23,0.9999960064888
single_lora,sst2,n/a,15,q_proj,24,0.9999945163726807
single_lora,sst2,n/a,15,q_proj,25,0.9999931454658508
single_lora,sst2,n/a,15,q_proj,26,0.9999940991401672
single_lora,sst2,n/a,15,q_proj,27,0.9999955892562866
single_lora,sst2,n/a,15,q_proj,28,0.9999452233314514
single_lora,sst2,n/a,15,q_proj,29,0.9999454021453857
single_lora,sst2,n/a,15,q_proj,30,0.9999947547912598
single_lora,sst2,n/a,15,q_proj,31,0.9999262094497681
single_lora,sst2,n/a,15,q_proj,32,0.9999282360076904
single_lora,sst2,n/a,15,q_proj,33,0.9999953508377075
single_lora,sst2,n/a,15,q_proj,34,0.9999869465827942
single_lora,sst2,n/a,15,q_proj,35,0.9999807476997375
single_lora,sst2,n/a,15,q_proj,36,0.999910295009613
single_lora,sst2,n/a,15,q_proj,37,0.9999184608459473
single_lora,sst2,n/a,15,q_proj,38,0.9999951720237732
single_lora,sst2,n/a,15,q_proj,39,0.9999873638153076
single_lora,sst2,n/a,15,q_proj,40,0.9999942183494568
single_lora,sst2,n/a,15,q_proj,41,0.9999962449073792
single_lora,sst2,n/a,15,q_proj,42,0.9999663233757019
single_lora,sst2,n/a,15,q_proj,43,0.9999704957008362
single_lora,sst2,n/a,15,q_proj,44,0.999962568283081
single_lora,sst2,n/a,15,q_proj,45,0.999972403049469
single_lora,sst2,n/a,15,q_proj,46,0.9999924302101135
single_lora,sst2,n/a,15,q_proj,47,0.9999945759773254
single_lora,sst2,n/a,15,q_proj,48,0.9999855756759644
single_lora,sst2,n/a,15,q_proj,49,0.9999865889549255
single_lora,sst2,n/a,15,q_proj,50,0.9999420642852783
single_lora,sst2,n/a,15,v_proj,1,0.9999960064888
single_lora,sst2,n/a,15,v_proj,2,0.9999951720237732
single_lora,sst2,n/a,15,v_proj,3,0.999993085861206
single_lora,sst2,n/a,15,v_proj,4,0.999992847442627
single_lora,sst2,n/a,15,v_proj,5,0.9999833106994629
single_lora,sst2,n/a,15,v_proj,6,0.9999815225601196
single_lora,sst2,n/a,15,v_proj,7,0.9999878406524658
single_lora,sst2,n/a,15,v_proj,8,0.9999791979789734
single_lora,sst2,n/a,15,v_proj,9,0.9999605417251587
single_lora,sst2,n/a,15,v_proj,10,0.999954879283905
single_lora,sst2,n/a,15,v_proj,11,0.9999572038650513
single_lora,sst2,n/a,15,v_proj,12,0.9998724460601807
single_lora,sst2,n/a,15,v_proj,13,0.999832034111023
single_lora,sst2,n/a,15,v_proj,14,0.9999305009841919
single_lora,sst2,n/a,15,v_proj,15,0.9995788931846619
single_lora,sst2,n/a,15,v_proj,16,0.9996978640556335
single_lora,sst2,n/a,15,v_proj,17,0.999940812587738
single_lora,sst2,n/a,15,v_proj,18,0.999971866607666
single_lora,sst2,n/a,15,v_proj,19,0.9999660849571228
single_lora,sst2,n/a,15,v_proj,20,0.999947190284729
single_lora,sst2,n/a,15,v_proj,21,0.9998452663421631
single_lora,sst2,n/a,15,v_proj,22,0.9998347759246826
single_lora,sst2,n/a,15,v_proj,23,0.999958872795105
single_lora,sst2,n/a,15,v_proj,24,0.9999711513519287
single_lora,sst2,n/a,15,v_proj,25,0.9992661476135254
single_lora,sst2,n/a,15,v_proj,26,0.9992572069168091
single_lora,sst2,n/a,15,v_proj,27,0.9999511241912842
single_lora,sst2,n/a,15,v_proj,28,0.9998184442520142
single_lora,sst2,n/a,15,v_proj,29,0.9998376369476318
single_lora,sst2,n/a,15,v_proj,30,0.9999011754989624
single_lora,sst2,n/a,15,v_proj,31,0.9998247623443604
single_lora,sst2,n/a,15,v_proj,32,0.999789834022522
single_lora,sst2,n/a,15,v_proj,33,0.9998443722724915
single_lora,sst2,n/a,15,v_proj,34,0.9996252655982971
single_lora,sst2,n/a,15,v_proj,35,0.9996209144592285
single_lora,sst2,n/a,15,v_proj,36,0.9999212026596069
single_lora,sst2,n/a,15,v_proj,37,0.9999039173126221
single_lora,sst2,n/a,15,v_proj,38,0.9999433755874634
single_lora,sst2,n/a,15,v_proj,39,0.9999784827232361
single_lora,sst2,n/a,15,v_proj,40,0.9999703764915466
single_lora,sst2,n/a,15,v_proj,41,0.9999196529388428
single_lora,sst2,n/a,15,v_proj,42,0.9998234510421753
single_lora,sst2,n/a,15,v_proj,43,0.9996808767318726
single_lora,sst2,n/a,15,v_proj,44,0.9998465776443481
single_lora,sst2,n/a,15,v_proj,45,0.9998377561569214
single_lora,sst2,n/a,15,v_proj,46,0.9999486207962036
single_lora,sst2,n/a,15,v_proj,47,0.9999160766601562
single_lora,sst2,n/a,15,v_proj,48,0.9999086856842041
single_lora,sst2,n/a,15,v_proj,49,0.9999661445617676
single_lora,sst2,n/a,15,v_proj,50,0.9999574422836304
single_lora,sst2,n/a,15,up_proj,1,1.0000005960464478
single_lora,sst2,n/a,15,up_proj,2,1.0000008344650269
single_lora,sst2,n/a,15,up_proj,3,0.9999998807907104
single_lora,sst2,n/a,15,up_proj,4,0.9999982118606567
single_lora,sst2,n/a,15,up_proj,5,0.9999982714653015
single_lora,sst2,n/a,15,up_proj,6,0.9999963045120239
single_lora,sst2,n/a,15,up_proj,7,0.9999983310699463
single_lora,sst2,n/a,15,up_proj,8,0.9999960064888
single_lora,sst2,n/a,15,up_proj,9,0.9999943375587463
single_lora,sst2,n/a,15,up_proj,10,0.9999933838844299
single_lora,sst2,n/a,15,up_proj,11,0.9999938011169434
single_lora,sst2,n/a,15,up_proj,12,0.9999913573265076
single_lora,sst2,n/a,15,up_proj,13,0.9999752044677734
single_lora,sst2,n/a,15,up_proj,14,0.9999799132347107
single_lora,sst2,n/a,15,up_proj,15,0.9999902248382568
single_lora,sst2,n/a,15,up_proj,16,0.9999892115592957
single_lora,sst2,n/a,15,up_proj,17,0.9999895691871643
single_lora,sst2,n/a,15,up_proj,18,0.9999900460243225
single_lora,sst2,n/a,15,up_proj,19,0.9999890327453613
single_lora,sst2,n/a,15,up_proj,20,0.9999901056289673
single_lora,sst2,n/a,15,up_proj,21,0.999995231628418
single_lora,sst2,n/a,15,up_proj,22,0.9999945759773254
single_lora,sst2,n/a,15,up_proj,23,0.9999862313270569
single_lora,sst2,n/a,15,up_proj,24,0.9999675750732422
single_lora,sst2,n/a,15,up_proj,25,0.9999608397483826
single_lora,sst2,n/a,15,up_proj,26,0.9999682903289795
single_lora,sst2,n/a,15,up_proj,27,0.9999892711639404
single_lora,sst2,n/a,15,up_proj,28,0.99997478723526
single_lora,sst2,n/a,15,up_proj,29,0.9999760389328003
single_lora,sst2,n/a,15,up_proj,30,0.9999902248382568
single_lora,sst2,n/a,15,up_proj,31,0.9999664425849915
single_lora,sst2,n/a,15,up_proj,32,0.9999504089355469
single_lora,sst2,n/a,15,up_proj,33,0.9999479055404663
single_lora,sst2,n/a,15,up_proj,34,0.9999761581420898
single_lora,sst2,n/a,15,up_proj,35,0.9999863505363464
single_lora,sst2,n/a,15,up_proj,36,0.9999830722808838
single_lora,sst2,n/a,15,up_proj,37,0.999943733215332
single_lora,sst2,n/a,15,up_proj,38,0.9999567270278931
single_lora,sst2,n/a,15,up_proj,39,0.9999699592590332
single_lora,sst2,n/a,15,up_proj,40,0.9999819397926331
single_lora,sst2,n/a,15,up_proj,41,0.9999719262123108
single_lora,sst2,n/a,15,up_proj,42,0.9999619722366333
single_lora,sst2,n/a,15,up_proj,43,0.999975323677063
single_lora,sst2,n/a,15,up_proj,44,0.9998148679733276
single_lora,sst2,n/a,15,up_proj,45,0.9997177124023438
single_lora,sst2,n/a,15,up_proj,46,0.9998821020126343
single_lora,sst2,n/a,15,up_proj,47,0.9999434947967529
single_lora,sst2,n/a,15,up_proj,48,0.9999033212661743
single_lora,sst2,n/a,15,up_proj,49,0.9998831748962402
single_lora,sst2,n/a,15,up_proj,50,0.9999556541442871
single_lora,sst2,n/a,15,down_proj,1,1.000000238418579
single_lora,sst2,n/a,15,down_proj,2,0.9999991059303284
single_lora,sst2,n/a,15,down_proj,3,1.0000001192092896
single_lora,sst2,n/a,15,down_proj,4,0.9999997615814209
single_lora,sst2,n/a,15,down_proj,5,0.9999992251396179
single_lora,sst2,n/a,15,down_proj,6,0.999999463558197
single_lora,sst2,n/a,15,down_proj,7,0.9999985694885254
single_lora,sst2,n/a,15,down_proj,8,0.9999915957450867
single_lora,sst2,n/a,15,down_proj,9,0.9999896883964539
single_lora,sst2,n/a,15,down_proj,10,0.9999858140945435
single_lora,sst2,n/a,15,down_proj,11,0.9999954104423523
single_lora,sst2,n/a,15,down_proj,12,0.9999759197235107
single_lora,sst2,n/a,15,down_proj,13,0.9999587535858154
single_lora,sst2,n/a,15,down_proj,14,0.9999171495437622
single_lora,sst2,n/a,15,down_proj,15,0.9999908208847046
single_lora,sst2,n/a,15,down_proj,16,0.999991774559021
single_lora,sst2,n/a,15,down_proj,17,0.9999862909317017
single_lora,sst2,n/a,15,down_proj,18,0.9999792575836182
single_lora,sst2,n/a,15,down_proj,19,0.999971330165863
single_lora,sst2,n/a,15,down_proj,20,0.9999733567237854
single_lora,sst2,n/a,15,down_proj,21,0.9999597072601318
single_lora,sst2,n/a,15,down_proj,22,0.9999507069587708
single_lora,sst2,n/a,15,down_proj,23,0.9999598264694214
single_lora,sst2,n/a,15,down_proj,24,0.9999849200248718
single_lora,sst2,n/a,15,down_proj,25,0.9999786615371704
single_lora,sst2,n/a,15,down_proj,26,0.9998371601104736
single_lora,sst2,n/a,15,down_proj,27,0.9998170733451843
single_lora,sst2,n/a,15,down_proj,28,0.9999777674674988
single_lora,sst2,n/a,15,down_proj,29,0.9999650716781616
single_lora,sst2,n/a,15,down_proj,30,0.9999822378158569
single_lora,sst2,n/a,15,down_proj,31,0.9999818205833435
single_lora,sst2,n/a,15,down_proj,32,0.9999779462814331
single_lora,sst2,n/a,15,down_proj,33,0.9999765157699585
single_lora,sst2,n/a,15,down_proj,34,0.999955415725708
single_lora,sst2,n/a,15,down_proj,35,0.9999724626541138
single_lora,sst2,n/a,15,down_proj,36,0.9999586939811707
single_lora,sst2,n/a,15,down_proj,37,0.9999812841415405
single_lora,sst2,n/a,15,down_proj,38,0.9999798536300659
single_lora,sst2,n/a,15,down_proj,39,0.9998706579208374
single_lora,sst2,n/a,15,down_proj,40,0.9999557733535767
single_lora,sst2,n/a,15,down_proj,41,0.9998812675476074
single_lora,sst2,n/a,15,down_proj,42,0.9999561905860901
single_lora,sst2,n/a,15,down_proj,43,0.9999420642852783
single_lora,sst2,n/a,15,down_proj,44,0.9999390840530396
single_lora,sst2,n/a,15,down_proj,45,0.9999635219573975
single_lora,sst2,n/a,15,down_proj,46,0.9999789595603943
single_lora,sst2,n/a,15,down_proj,47,0.9999613761901855
single_lora,sst2,n/a,15,down_proj,48,0.999931275844574
single_lora,sst2,n/a,15,down_proj,49,0.9995399117469788
single_lora,sst2,n/a,15,down_proj,50,0.9995476007461548
single_lora,winogrande,n/a,0,q_proj,1,0.9999997615814209
single_lora,winogrande,n/a,0,q_proj,2,0.9999969601631165
single_lora,winogrande,n/a,0,q_proj,3,0.9999978542327881
single_lora,winogrande,n/a,0,q_proj,4,0.9999859929084778
single_lora,winogrande,n/a,0,q_proj,5,0.9999991655349731
single_lora,winogrande,n/a,0,q_proj,6,0.9999960660934448
single_lora,winogrande,n/a,0,q_proj,7,0.9999948143959045
single_lora,winogrande,n/a,0,q_proj,8,0.9999959468841553
single_lora,winogrande,n/a,0,q_proj,9,0.9999911189079285
single_lora,winogrande,n/a,0,q_proj,10,0.9999908208847046
single_lora,winogrande,n/a,0,q_proj,11,0.9999862909317017
single_lora,winogrande,n/a,0,q_proj,12,0.9999628067016602
single_lora,winogrande,n/a,0,q_proj,13,0.9999730587005615
single_lora,winogrande,n/a,0,q_proj,14,0.999978244304657
single_lora,winogrande,n/a,0,q_proj,15,0.9994916915893555
single_lora,winogrande,n/a,0,q_proj,16,0.9994933605194092
single_lora,winogrande,n/a,0,q_proj,17,0.9999579191207886
single_lora,winogrande,n/a,0,q_proj,18,0.9999901652336121
single_lora,winogrande,n/a,0,q_proj,19,0.9999386072158813
single_lora,winogrande,n/a,0,q_proj,20,0.9999510645866394
single_lora,winogrande,n/a,0,q_proj,21,0.9998481273651123
single_lora,winogrande,n/a,0,q_proj,22,0.9998553991317749
single_lora,winogrande,n/a,0,q_proj,23,0.9999942779541016
single_lora,winogrande,n/a,0,q_proj,24,0.999709963798523
single_lora,winogrande,n/a,0,q_proj,25,0.999625027179718
single_lora,winogrande,n/a,0,q_proj,26,0.9999470710754395
single_lora,winogrande,n/a,0,q_proj,27,0.9957488775253296
single_lora,winogrande,n/a,0,q_proj,28,0.9957522749900818
single_lora,winogrande,n/a,0,q_proj,29,0.9999632239341736
single_lora,winogrande,n/a,0,q_proj,30,0.999977707862854
single_lora,winogrande,n/a,0,q_proj,31,0.9999270439147949
single_lora,winogrande,n/a,0,q_proj,32,0.9999779462814331
single_lora,winogrande,n/a,0,q_proj,33,0.9999567270278931
single_lora,winogrande,n/a,0,q_proj,34,0.9999585151672363
single_lora,winogrande,n/a,0,q_proj,35,0.9998915195465088
single_lora,winogrande,n/a,0,q_proj,36,0.9998804926872253
single_lora,winogrande,n/a,0,q_proj,37,0.999932587146759
single_lora,winogrande,n/a,0,q_proj,38,0.9998084902763367
single_lora,winogrande,n/a,0,q_proj,39,0.999911367893219
single_lora,winogrande,n/a,0,q_proj,40,0.9997644424438477
single_lora,winogrande,n/a,0,q_proj,41,0.9998297691345215
single_lora,winogrande,n/a,0,q_proj,42,0.9988672137260437
single_lora,winogrande,n/a,0,q_proj,43,0.9989182949066162
single_lora,winogrande,n/a,0,q_proj,44,0.999843180179596
single_lora,winogrande,n/a,0,q_proj,45,0.9997958540916443
single_lora,winogrande,n/a,0,q_proj,46,0.9997779726982117
single_lora,winogrande,n/a,0,q_proj,47,0.9996760487556458
single_lora,winogrande,n/a,0,q_proj,48,0.9998629093170166
single_lora,winogrande,n/a,0,q_proj,49,0.9998781681060791
single_lora,winogrande,n/a,0,q_proj,50,0.9997676610946655
single_lora,winogrande,n/a,0,v_proj,1,0.9999820590019226
single_lora,winogrande,n/a,0,v_proj,2,0.9985193014144897
single_lora,winogrande,n/a,0,v_proj,3,0.9987012147903442
single_lora,winogrande,n/a,0,v_proj,4,0.9999167919158936
single_lora,winogrande,n/a,0,v_proj,5,0.9998182058334351
single_lora,winogrande,n/a,0,v_proj,6,0.9984854459762573
single_lora,winogrande,n/a,0,v_proj,7,0.9979697465896606
single_lora,winogrande,n/a,0,v_proj,8,0.9983981251716614
single_lora,winogrande,n/a,0,v_proj,9,0.9978466033935547
single_lora,winogrande,n/a,0,v_proj,10,0.9995774626731873
single_lora,winogrande,n/a,0,v_proj,11,0.9948770999908447
single_lora,winogrande,n/a,0,v_proj,12,0.9923092722892761
single_lora,winogrande,n/a,0,v_proj,13,0.9972888231277466
single_lora,winogrande,n/a,0,v_proj,14,0.9977340698242188
single_lora,winogrande,n/a,0,v_proj,15,0.9983416795730591
single_lora,winogrande,n/a,0,v_proj,16,0.995341420173645
single_lora,winogrande,n/a,0,v_proj,17,0.9899023175239563
single_lora,winogrande,n/a,0,v_proj,18,0.991258978843689
single_lora,winogrande,n/a,0,v_proj,19,0.9992998838424683
single_lora,winogrande,n/a,0,v_proj,20,0.9978188276290894
single_lora,winogrande,n/a,0,v_proj,21,0.9967527985572815
single_lora,winogrande,n/a,0,v_proj,22,0.9922133684158325
single_lora,winogrande,n/a,0,v_proj,23,0.9914335012435913
single_lora,winogrande,n/a,0,v_proj,24,0.9906243681907654
single_lora,winogrande,n/a,0,v_proj,25,0.9894939661026001
single_lora,winogrande,n/a,0,v_proj,26,0.9912235736846924
single_lora,winogrande,n/a,0,v_proj,27,0.9913735389709473
single_lora,winogrande,n/a,0,v_proj,28,0.9840898513793945
single_lora,winogrande,n/a,0,v_proj,29,0.9763628244400024
single_lora,winogrande,n/a,0,v_proj,30,0.9668796062469482
single_lora,winogrande,n/a,0,v_proj,31,0.988774299621582
single_lora,winogrande,n/a,0,v_proj,32,0.9784966707229614
single_lora,winogrande,n/a,0,v_proj,33,0.9931415319442749
single_lora,winogrande,n/a,0,v_proj,34,0.9908150434494019
single_lora,winogrande,n/a,0,v_proj,35,0.9873770475387573
single_lora,winogrande,n/a,0,v_proj,36,0.968388020992279
single_lora,winogrande,n/a,0,v_proj,37,0.9740421175956726
single_lora,winogrande,n/a,0,v_proj,38,0.9592925310134888
single_lora,winogrande,n/a,0,v_proj,39,0.9938511848449707
single_lora,winogrande,n/a,0,v_proj,40,0.9915279150009155
single_lora,winogrande,n/a,0,v_proj,41,0.9870344400405884
single_lora,winogrande,n/a,0,v_proj,42,0.9948118925094604
single_lora,winogrande,n/a,0,v_proj,43,0.9833183288574219
single_lora,winogrande,n/a,0,v_proj,44,0.9854524731636047
single_lora,winogrande,n/a,0,v_proj,45,0.9870994687080383
single_lora,winogrande,n/a,0,v_proj,46,0.9749783277511597
single_lora,winogrande,n/a,0,v_proj,47,0.9767976403236389
single_lora,winogrande,n/a,0,v_proj,48,0.9911519885063171
single_lora,winogrande,n/a,0,v_proj,49,0.9871575832366943
single_lora,winogrande,n/a,0,v_proj,50,0.9442148208618164
single_lora,winogrande,n/a,0,up_proj,1,0.9999549984931946
single_lora,winogrande,n/a,0,up_proj,2,0.9999244809150696
single_lora,winogrande,n/a,0,up_proj,3,0.9999722838401794
single_lora,winogrande,n/a,0,up_proj,4,0.999975323677063
single_lora,winogrande,n/a,0,up_proj,5,0.9999387264251709
single_lora,winogrande,n/a,0,up_proj,6,0.9993248581886292
single_lora,winogrande,n/a,0,up_proj,7,0.9993237853050232
single_lora,winogrande,n/a,0,up_proj,8,0.9999297261238098
single_lora,winogrande,n/a,0,up_proj,9,0.9998562932014465
single_lora,winogrande,n/a,0,up_proj,10,0.9999434947967529
single_lora,winogrande,n/a,0,up_proj,11,0.9997694492340088
single_lora,winogrande,n/a,0,up_proj,12,0.9997395277023315
single_lora,winogrande,n/a,0,up_proj,13,0.9998270869255066
single_lora,winogrande,n/a,0,up_proj,14,0.9998531341552734
single_lora,winogrande,n/a,0,up_proj,15,0.999904990196228
single_lora,winogrande,n/a,0,up_proj,16,0.9992805123329163
single_lora,winogrande,n/a,0,up_proj,17,0.9988263249397278
single_lora,winogrande,n/a,0,up_proj,18,0.9990416765213013
single_lora,winogrande,n/a,0,up_proj,19,0.9998503923416138
single_lora,winogrande,n/a,0,up_proj,20,0.9997777342796326
single_lora,winogrande,n/a,0,up_proj,21,0.9998225569725037
single_lora,winogrande,n/a,0,up_proj,22,0.9997008442878723
single_lora,winogrande,n/a,0,up_proj,23,0.9999005794525146
single_lora,winogrande,n/a,0,up_proj,24,0.9998793601989746
single_lora,winogrande,n/a,0,up_proj,25,0.9999241232872009
single_lora,winogrande,n/a,0,up_proj,26,0.9986273646354675
single_lora,winogrande,n/a,0,up_proj,27,0.9982001781463623
single_lora,winogrande,n/a,0,up_proj,28,0.9993530511856079
single_lora,winogrande,n/a,0,up_proj,29,0.999714195728302
single_lora,winogrande,n/a,0,up_proj,30,0.9996588230133057
single_lora,winogrande,n/a,0,up_proj,31,0.9997590184211731
single_lora,winogrande,n/a,0,up_proj,32,0.9995552897453308
single_lora,winogrande,n/a,0,up_proj,33,0.9998323917388916
single_lora,winogrande,n/a,0,up_proj,34,0.999642550945282
single_lora,winogrande,n/a,0,up_proj,35,0.9997475743293762
single_lora,winogrande,n/a,0,up_proj,36,0.9998090863227844
single_lora,winogrande,n/a,0,up_proj,37,0.9995187520980835
single_lora,winogrande,n/a,0,up_proj,38,0.9997682571411133
single_lora,winogrande,n/a,0,up_proj,39,0.9995100498199463
single_lora,winogrande,n/a,0,up_proj,40,0.9995853304862976
single_lora,winogrande,n/a,0,up_proj,41,0.9997414350509644
single_lora,winogrande,n/a,0,up_proj,42,0.9944917559623718
single_lora,winogrande,n/a,0,up_proj,43,0.9944983124732971
single_lora,winogrande,n/a,0,up_proj,44,0.9994605779647827
single_lora,winogrande,n/a,0,up_proj,45,0.9995775818824768
single_lora,winogrande,n/a,0,up_proj,46,0.9992346167564392
single_lora,winogrande,n/a,0,up_proj,47,0.9996546506881714
single_lora,winogrande,n/a,0,up_proj,48,0.9980272054672241
single_lora,winogrande,n/a,0,up_proj,49,0.9977626800537109
single_lora,winogrande,n/a,0,up_proj,50,0.9994605183601379
single_lora,winogrande,n/a,0,down_proj,1,0.9999797344207764
single_lora,winogrande,n/a,0,down_proj,2,0.9999972581863403
single_lora,winogrande,n/a,0,down_proj,3,0.9999876022338867
single_lora,winogrande,n/a,0,down_proj,4,0.999965250492096
single_lora,winogrande,n/a,0,down_proj,5,0.9999964833259583
single_lora,winogrande,n/a,0,down_proj,6,0.9999867677688599
single_lora,winogrande,n/a,0,down_proj,7,0.9999708533287048
single_lora,winogrande,n/a,0,down_proj,8,0.9999731183052063
single_lora,winogrande,n/a,0,down_proj,9,0.9996213912963867
single_lora,winogrande,n/a,0,down_proj,10,0.9993277788162231
single_lora,winogrande,n/a,0,down_proj,11,0.9997768998146057
single_lora,winogrande,n/a,0,down_proj,12,0.999670684337616
single_lora,winogrande,n/a,0,down_proj,13,0.9998301863670349
single_lora,winogrande,n/a,0,down_proj,14,0.9999117255210876
single_lora,winogrande,n/a,0,down_proj,15,0.9994924664497375
single_lora,winogrande,n/a,0,down_proj,16,0.9996449947357178
single_lora,winogrande,n/a,0,down_proj,17,0.9922083616256714
single_lora,winogrande,n/a,0,down_proj,18,0.9920363426208496
single_lora,winogrande,n/a,0,down_proj,19,0.9998276829719543
single_lora,winogrande,n/a,0,down_proj,20,0.9711790084838867
single_lora,winogrande,n/a,0,down_proj,21,0.9711971282958984
single_lora,winogrande,n/a,0,down_proj,22,0.9982715845108032
single_lora,winogrande,n/a,0,down_proj,23,0.9981260299682617
single_lora,winogrande,n/a,0,down_proj,24,0.9997450113296509
single_lora,winogrande,n/a,0,down_proj,25,0.9998059272766113
single_lora,winogrande,n/a,0,down_proj,26,0.9996854066848755
single_lora,winogrande,n/a,0,down_proj,27,0.999940812587738
single_lora,winogrande,n/a,0,down_proj,28,0.9998052716255188
single_lora,winogrande,n/a,0,down_proj,29,0.9993305206298828
single_lora,winogrande,n/a,0,down_proj,30,0.9992892146110535
single_lora,winogrande,n/a,0,down_proj,31,0.9999387264251709
single_lora,winogrande,n/a,0,down_proj,32,0.9996049404144287
single_lora,winogrande,n/a,0,down_proj,33,0.9989569187164307
single_lora,winogrande,n/a,0,down_proj,34,0.9994332790374756
single_lora,winogrande,n/a,0,down_proj,35,0.9995635151863098
single_lora,winogrande,n/a,0,down_proj,36,0.9985801577568054
single_lora,winogrande,n/a,0,down_proj,37,0.9978893399238586
single_lora,winogrande,n/a,0,down_proj,38,0.9979450702667236
single_lora,winogrande,n/a,0,down_proj,39,0.998038113117218
single_lora,winogrande,n/a,0,down_proj,40,0.9984681010246277
single_lora,winogrande,n/a,0,down_proj,41,0.999470591545105
single_lora,winogrande,n/a,0,down_proj,42,0.9909466505050659
single_lora,winogrande,n/a,0,down_proj,43,0.9909935593605042
single_lora,winogrande,n/a,0,down_proj,44,0.9989150166511536
single_lora,winogrande,n/a,0,down_proj,45,0.9994156956672668
single_lora,winogrande,n/a,0,down_proj,46,0.999234676361084
single_lora,winogrande,n/a,0,down_proj,47,0.9981682300567627
single_lora,winogrande,n/a,0,down_proj,48,0.9987897276878357
single_lora,winogrande,n/a,0,down_proj,49,0.9995046257972717
single_lora,winogrande,n/a,0,down_proj,50,0.9648562669754028
single_lora,winogrande,n/a,8,q_proj,1,0.9999570250511169
single_lora,winogrande,n/a,8,q_proj,2,0.9999883770942688
single_lora,winogrande,n/a,8,q_proj,3,0.9999903440475464
single_lora,winogrande,n/a,8,q_proj,4,0.9999978542327881
single_lora,winogrande,n/a,8,q_proj,5,0.9999690055847168
single_lora,winogrande,n/a,8,q_proj,6,0.9999939799308777
single_lora,winogrande,n/a,8,q_proj,7,0.9999523758888245
single_lora,winogrande,n/a,8,q_proj,8,0.9998742341995239
single_lora,winogrande,n/a,8,q_proj,9,0.999937117099762
single_lora,winogrande,n/a,8,q_proj,10,0.9999841451644897
single_lora,winogrande,n/a,8,q_proj,11,0.9999986290931702
single_lora,winogrande,n/a,8,q_proj,12,0.9999945759773254
single_lora,winogrande,n/a,8,q_proj,13,0.9998926520347595
single_lora,winogrande,n/a,8,q_proj,14,0.9999215602874756
single_lora,winogrande,n/a,8,q_proj,15,0.9996734857559204
single_lora,winogrande,n/a,8,q_proj,16,0.9996606707572937
single_lora,winogrande,n/a,8,q_proj,17,0.9994133114814758
single_lora,winogrande,n/a,8,q_proj,18,0.9999824166297913
single_lora,winogrande,n/a,8,q_proj,19,0.9998500943183899
single_lora,winogrande,n/a,8,q_proj,20,0.9998892545700073
single_lora,winogrande,n/a,8,q_proj,21,0.999955952167511
single_lora,winogrande,n/a,8,q_proj,22,0.9999083280563354
single_lora,winogrande,n/a,8,q_proj,23,0.9998011589050293
single_lora,winogrande,n/a,8,q_proj,24,0.9999379515647888
single_lora,winogrande,n/a,8,q_proj,25,0.9998497366905212
single_lora,winogrande,n/a,8,q_proj,26,0.9999806880950928
single_lora,winogrande,n/a,8,q_proj,27,0.9999664425849915
single_lora,winogrande,n/a,8,q_proj,28,0.9998748302459717
single_lora,winogrande,n/a,8,q_proj,29,0.9998723268508911
single_lora,winogrande,n/a,8,q_proj,30,0.9998396635055542
single_lora,winogrande,n/a,8,q_proj,31,0.9998507499694824
single_lora,winogrande,n/a,8,q_proj,32,0.9995260238647461
single_lora,winogrande,n/a,8,q_proj,33,0.9994708895683289
single_lora,winogrande,n/a,8,q_proj,34,0.9999227523803711
single_lora,winogrande,n/a,8,q_proj,35,0.9998612403869629
single_lora,winogrande,n/a,8,q_proj,36,0.9999407529830933
single_lora,winogrande,n/a,8,q_proj,37,0.9993327856063843
single_lora,winogrande,n/a,8,q_proj,38,0.9988905787467957
single_lora,winogrande,n/a,8,q_proj,39,0.9994097352027893
single_lora,winogrande,n/a,8,q_proj,40,0.9996681213378906
single_lora,winogrande,n/a,8,q_proj,41,0.9998771548271179
single_lora,winogrande,n/a,8,q_proj,42,0.9994912147521973
single_lora,winogrande,n/a,8,q_proj,43,0.9996830224990845
single_lora,winogrande,n/a,8,q_proj,44,0.9995990991592407
single_lora,winogrande,n/a,8,q_proj,45,0.9997498989105225
single_lora,winogrande,n/a,8,q_proj,46,0.9998918175697327
single_lora,winogrande,n/a,8,q_proj,47,0.999934196472168
single_lora,winogrande,n/a,8,q_proj,48,0.9998897314071655
single_lora,winogrande,n/a,8,q_proj,49,0.9998255372047424
single_lora,winogrande,n/a,8,q_proj,50,0.9998649954795837
single_lora,winogrande,n/a,8,v_proj,1,0.9951880574226379
single_lora,winogrande,n/a,8,v_proj,2,0.9944735765457153
single_lora,winogrande,n/a,8,v_proj,3,0.9937665462493896
single_lora,winogrande,n/a,8,v_proj,4,0.9842600226402283
single_lora,winogrande,n/a,8,v_proj,5,0.9827908873558044
single_lora,winogrande,n/a,8,v_proj,6,0.9739956855773926
single_lora,winogrande,n/a,8,v_proj,7,0.9888079166412354
single_lora,winogrande,n/a,8,v_proj,8,0.9978702068328857
single_lora,winogrande,n/a,8,v_proj,9,0.9972517490386963
single_lora,winogrande,n/a,8,v_proj,10,0.9870508909225464
single_lora,winogrande,n/a,8,v_proj,11,0.9846882820129395
single_lora,winogrande,n/a,8,v_proj,12,0.9952967166900635
single_lora,winogrande,n/a,8,v_proj,13,0.9899812936782837
single_lora,winogrande,n/a,8,v_proj,14,0.9947499632835388
single_lora,winogrande,n/a,8,v_proj,15,0.9947035312652588
single_lora,winogrande,n/a,8,v_proj,16,0.9960893392562866
single_lora,winogrande,n/a,8,v_proj,17,0.9940497875213623
single_lora,winogrande,n/a,8,v_proj,18,0.9851713180541992
single_lora,winogrande,n/a,8,v_proj,19,0.985742449760437
single_lora,winogrande,n/a,8,v_proj,20,0.9981867671012878
single_lora,winogrande,n/a,8,v_proj,21,0.9984754323959351
single_lora,winogrande,n/a,8,v_proj,22,0.898396909236908
single_lora,winogrande,n/a,8,v_proj,23,0.8904951214790344
single_lora,winogrande,n/a,8,v_proj,24,0.9894261956214905
single_lora,winogrande,n/a,8,v_proj,25,0.9929102659225464
single_lora,winogrande,n/a,8,v_proj,26,0.9967207908630371
single_lora,winogrande,n/a,8,v_proj,27,0.979973554611206
single_lora,winogrande,n/a,8,v_proj,28,0.9356065988540649
single_lora,winogrande,n/a,8,v_proj,29,0.946686863899231
single_lora,winogrande,n/a,8,v_proj,30,0.9832361340522766
single_lora,winogrande,n/a,8,v_proj,31,0.9890528917312622
single_lora,winogrande,n/a,8,v_proj,32,0.9962722659111023
single_lora,winogrande,n/a,8,v_proj,33,0.9990301728248596
single_lora,winogrande,n/a,8,v_proj,34,0.9963284730911255
single_lora,winogrande,n/a,8,v_proj,35,0.9896689653396606
single_lora,winogrande,n/a,8,v_proj,36,0.9915173053741455
single_lora,winogrande,n/a,8,v_proj,37,0.9949259757995605
single_lora,winogrande,n/a,8,v_proj,38,0.9946949481964111
single_lora,winogrande,n/a,8,v_proj,39,0.9947570562362671
single_lora,winogrande,n/a,8,v_proj,40,0.9962055683135986
single_lora,winogrande,n/a,8,v_proj,41,0.9969030022621155
single_lora,winogrande,n/a,8,v_proj,42,0.9963622093200684
single_lora,winogrande,n/a,8,v_proj,43,0.9947895407676697
single_lora,winogrande,n/a,8,v_proj,44,0.9941440224647522
single_lora,winogrande,n/a,8,v_proj,45,0.9968509078025818
single_lora,winogrande,n/a,8,v_proj,46,0.9900996685028076
single_lora,winogrande,n/a,8,v_proj,47,0.9919347763061523
single_lora,winogrande,n/a,8,v_proj,48,0.9804656505584717
single_lora,winogrande,n/a,8,v_proj,49,0.9643636345863342
single_lora,winogrande,n/a,8,v_proj,50,0.9671163558959961
single_lora,winogrande,n/a,8,up_proj,1,0.9999873638153076
single_lora,winogrande,n/a,8,up_proj,2,0.9999454617500305
single_lora,winogrande,n/a,8,up_proj,3,0.9999460577964783
single_lora,winogrande,n/a,8,up_proj,4,0.9999588131904602
single_lora,winogrande,n/a,8,up_proj,5,0.9998681545257568
single_lora,winogrande,n/a,8,up_proj,6,0.9998531937599182
single_lora,winogrande,n/a,8,up_proj,7,0.9999556541442871
single_lora,winogrande,n/a,8,up_proj,8,0.9998349547386169
single_lora,winogrande,n/a,8,up_proj,9,0.9998883008956909
single_lora,winogrande,n/a,8,up_proj,10,0.9997794032096863
single_lora,winogrande,n/a,8,up_proj,11,0.9998847246170044
single_lora,winogrande,n/a,8,up_proj,12,0.9998257160186768
single_lora,winogrande,n/a,8,up_proj,13,0.8681231737136841
single_lora,winogrande,n/a,8,up_proj,14,0.8682795166969299
single_lora,winogrande,n/a,8,up_proj,15,0.9997524619102478
single_lora,winogrande,n/a,8,up_proj,16,0.9998324513435364
single_lora,winogrande,n/a,8,up_proj,17,0.9999098777770996
single_lora,winogrande,n/a,8,up_proj,18,0.9997820258140564
single_lora,winogrande,n/a,8,up_proj,19,0.9995691180229187
single_lora,winogrande,n/a,8,up_proj,20,0.9994023442268372
single_lora,winogrande,n/a,8,up_proj,21,0.9995867609977722
single_lora,winogrande,n/a,8,up_proj,22,0.9998379945755005
single_lora,winogrande,n/a,8,up_proj,23,0.921599268913269
single_lora,winogrande,n/a,8,up_proj,24,0.9216336607933044
single_lora,winogrande,n/a,8,up_proj,25,0.9996618032455444
single_lora,winogrande,n/a,8,up_proj,26,0.9989631772041321
single_lora,winogrande,n/a,8,up_proj,27,0.9987455010414124
single_lora,winogrande,n/a,8,up_proj,28,0.9984691143035889
single_lora,winogrande,n/a,8,up_proj,29,0.9983616471290588
single_lora,winogrande,n/a,8,up_proj,30,0.9990574717521667
single_lora,winogrande,n/a,8,up_proj,31,0.9945650696754456
single_lora,winogrande,n/a,8,up_proj,32,0.9939630031585693
single_lora,winogrande,n/a,8,up_proj,33,0.9973639845848083
single_lora,winogrande,n/a,8,up_proj,34,0.9983729124069214
single_lora,winogrande,n/a,8,up_proj,35,0.9996421337127686
single_lora,winogrande,n/a,8,up_proj,36,0.995139479637146
single_lora,winogrande,n/a,8,up_proj,37,0.9960842132568359
single_lora,winogrande,n/a,8,up_proj,38,0.9973735809326172
single_lora,winogrande,n/a,8,up_proj,39,0.9648023843765259
single_lora,winogrande,n/a,8,up_proj,40,0.9650834798812866
single_lora,winogrande,n/a,8,up_proj,41,0.9992194175720215
single_lora,winogrande,n/a,8,up_proj,42,0.9994003772735596
single_lora,winogrande,n/a,8,up_proj,43,0.9990391731262207
single_lora,winogrande,n/a,8,up_proj,44,0.9994377493858337
single_lora,winogrande,n/a,8,up_proj,45,0.99861079454422
single_lora,winogrande,n/a,8,up_proj,46,0.9974293112754822
single_lora,winogrande,n/a,8,up_proj,47,0.9983507394790649
single_lora,winogrande,n/a,8,up_proj,48,0.9975219368934631
single_lora,winogrande,n/a,8,up_proj,49,0.9972590804100037
single_lora,winogrande,n/a,8,up_proj,50,0.9972517490386963
single_lora,winogrande,n/a,8,down_proj,1,0.9999992847442627
single_lora,winogrande,n/a,8,down_proj,2,0.9999960660934448
single_lora,winogrande,n/a,8,down_proj,3,0.9999997019767761
single_lora,winogrande,n/a,8,down_proj,4,0.999998927116394
single_lora,winogrande,n/a,8,down_proj,5,0.9999861121177673
single_lora,winogrande,n/a,8,down_proj,6,0.9999683499336243
single_lora,winogrande,n/a,8,down_proj,7,0.9999768733978271
single_lora,winogrande,n/a,8,down_proj,8,0.9999879002571106
single_lora,winogrande,n/a,8,down_proj,9,0.9999875426292419
single_lora,winogrande,n/a,8,down_proj,10,0.9999831318855286
single_lora,winogrande,n/a,8,down_proj,11,0.9998944401741028
single_lora,winogrande,n/a,8,down_proj,12,0.9999010562896729
single_lora,winogrande,n/a,8,down_proj,13,0.9999581575393677
single_lora,winogrande,n/a,8,down_proj,14,0.9999606609344482
single_lora,winogrande,n/a,8,down_proj,15,0.9999642968177795
single_lora,winogrande,n/a,8,down_proj,16,0.9999739527702332
single_lora,winogrande,n/a,8,down_proj,17,0.9999597668647766
single_lora,winogrande,n/a,8,down_proj,18,0.9999611377716064
single_lora,winogrande,n/a,8,down_proj,19,0.9997891783714294
single_lora,winogrande,n/a,8,down_proj,20,0.9997612237930298
single_lora,winogrande,n/a,8,down_proj,21,0.9999735951423645
single_lora,winogrande,n/a,8,down_proj,22,0.9998795986175537
single_lora,winogrande,n/a,8,down_proj,23,0.999862015247345
single_lora,winogrande,n/a,8,down_proj,24,0.9999791383743286
single_lora,winogrande,n/a,8,down_proj,25,0.9999657869338989
single_lora,winogrande,n/a,8,down_proj,26,0.999689519405365
single_lora,winogrande,n/a,8,down_proj,27,0.9996572136878967
single_lora,winogrande,n/a,8,down_proj,28,0.9998977184295654
single_lora,winogrande,n/a,8,down_proj,29,0.9999182820320129
single_lora,winogrande,n/a,8,down_proj,30,0.9998747110366821
single_lora,winogrande,n/a,8,down_proj,31,0.9996791481971741
single_lora,winogrande,n/a,8,down_proj,32,0.9995813965797424
single_lora,winogrande,n/a,8,down_proj,33,0.9996221661567688
single_lora,winogrande,n/a,8,down_proj,34,0.9998481273651123
single_lora,winogrande,n/a,8,down_proj,35,0.9999448657035828
single_lora,winogrande,n/a,8,down_proj,36,0.9999120235443115
single_lora,winogrande,n/a,8,down_proj,37,0.9997634887695312
single_lora,winogrande,n/a,8,down_proj,38,0.999701976776123
single_lora,winogrande,n/a,8,down_proj,39,0.9997882843017578
single_lora,winogrande,n/a,8,down_proj,40,0.9999130368232727
single_lora,winogrande,n/a,8,down_proj,41,0.9998673796653748
single_lora,winogrande,n/a,8,down_proj,42,0.9999260902404785
single_lora,winogrande,n/a,8,down_proj,43,0.9998753070831299
single_lora,winogrande,n/a,8,down_proj,44,0.9999059438705444
single_lora,winogrande,n/a,8,down_proj,45,0.9997463226318359
single_lora,winogrande,n/a,8,down_proj,46,0.9998316764831543
single_lora,winogrande,n/a,8,down_proj,47,0.9991674423217773
single_lora,winogrande,n/a,8,down_proj,48,0.9989298582077026
single_lora,winogrande,n/a,8,down_proj,49,0.9994633197784424
single_lora,winogrande,n/a,8,down_proj,50,0.999820351600647
single_lora,winogrande,n/a,15,q_proj,1,0.9999977946281433
single_lora,winogrande,n/a,15,q_proj,2,0.9999991059303284
single_lora,winogrande,n/a,15,q_proj,3,0.9999960064888
single_lora,winogrande,n/a,15,q_proj,4,0.999992311000824
single_lora,winogrande,n/a,15,q_proj,5,0.9999886751174927
single_lora,winogrande,n/a,15,q_proj,6,0.9999922513961792
single_lora,winogrande,n/a,15,q_proj,7,0.999995768070221
single_lora,winogrande,n/a,15,q_proj,8,0.999995231628418
single_lora,winogrande,n/a,15,q_proj,9,0.9999886751174927
single_lora,winogrande,n/a,15,q_proj,10,0.9999911785125732
single_lora,winogrande,n/a,15,q_proj,11,0.9999963045120239
single_lora,winogrande,n/a,15,q_proj,12,0.9999948740005493
single_lora,winogrande,n/a,15,q_proj,13,0.9999900460243225
single_lora,winogrande,n/a,15,q_proj,14,0.9999614953994751
single_lora,winogrande,n/a,15,q_proj,15,0.9999657273292542
single_lora,winogrande,n/a,15,q_proj,16,0.9999794960021973
single_lora,winogrande,n/a,15,q_proj,17,0.9999831318855286
single_lora,winogrande,n/a,15,q_proj,18,0.9999606013298035
single_lora,winogrande,n/a,15,q_proj,19,0.9999299049377441
single_lora,winogrande,n/a,15,q_proj,20,0.9999313354492188
single_lora,winogrande,n/a,15,q_proj,21,0.9999929070472717
single_lora,winogrande,n/a,15,q_proj,22,0.999992311000824
single_lora,winogrande,n/a,15,q_proj,23,0.9999862909317017
single_lora,winogrande,n/a,15,q_proj,24,0.9999895095825195
single_lora,winogrande,n/a,15,q_proj,25,0.999983549118042
single_lora,winogrande,n/a,15,q_proj,26,0.9999716877937317
single_lora,winogrande,n/a,15,q_proj,27,0.9999944567680359
single_lora,winogrande,n/a,15,q_proj,28,0.9998252391815186
single_lora,winogrande,n/a,15,q_proj,29,0.9998310208320618
single_lora,winogrande,n/a,15,q_proj,30,0.9999902844429016
single_lora,winogrande,n/a,15,q_proj,31,0.9999726414680481
single_lora,winogrande,n/a,15,q_proj,32,0.9999769330024719
single_lora,winogrande,n/a,15,q_proj,33,0.9999780058860779
single_lora,winogrande,n/a,15,q_proj,34,0.9999708533287048
single_lora,winogrande,n/a,15,q_proj,35,0.999984860420227
single_lora,winogrande,n/a,15,q_proj,36,0.9999527335166931
single_lora,winogrande,n/a,15,q_proj,37,0.9999595284461975
single_lora,winogrande,n/a,15,q_proj,38,0.9999821186065674
single_lora,winogrande,n/a,15,q_proj,39,0.9999791383743286
single_lora,winogrande,n/a,15,q_proj,40,0.9999879598617554
single_lora,winogrande,n/a,15,q_proj,41,0.9999828934669495
single_lora,winogrande,n/a,15,q_proj,42,0.9999412298202515
single_lora,winogrande,n/a,15,q_proj,43,0.9999434947967529
single_lora,winogrande,n/a,15,q_proj,44,0.9999802112579346
single_lora,winogrande,n/a,15,q_proj,45,0.999995231628418
single_lora,winogrande,n/a,15,q_proj,46,0.9999919533729553
single_lora,winogrande,n/a,15,q_proj,47,0.9999682307243347
single_lora,winogrande,n/a,15,q_proj,48,0.9999779462814331
single_lora,winogrande,n/a,15,q_proj,49,0.9999673366546631
single_lora,winogrande,n/a,15,q_proj,50,0.9989680647850037
single_lora,winogrande,n/a,15,v_proj,1,0.9999855756759644
single_lora,winogrande,n/a,15,v_proj,2,0.9998708963394165
single_lora,winogrande,n/a,15,v_proj,3,0.9998853206634521
single_lora,winogrande,n/a,15,v_proj,4,0.9999798536300659
single_lora,winogrande,n/a,15,v_proj,5,0.9999791383743286
single_lora,winogrande,n/a,15,v_proj,6,0.9999861121177673
single_lora,winogrande,n/a,15,v_proj,7,0.9999905824661255
single_lora,winogrande,n/a,15,v_proj,8,0.9999842047691345
single_lora,winogrande,n/a,15,v_proj,9,0.999954342842102
single_lora,winogrande,n/a,15,v_proj,10,0.9999622702598572
single_lora,winogrande,n/a,15,v_proj,11,0.999961256980896
single_lora,winogrande,n/a,15,v_proj,12,0.9999557733535767
single_lora,winogrande,n/a,15,v_proj,13,0.9998677968978882
single_lora,winogrande,n/a,15,v_proj,14,0.9999310374259949
single_lora,winogrande,n/a,15,v_proj,15,0.9988961219787598
single_lora,winogrande,n/a,15,v_proj,16,0.9988309144973755
single_lora,winogrande,n/a,15,v_proj,17,0.9998272657394409
single_lora,winogrande,n/a,15,v_proj,18,0.9999648332595825
single_lora,winogrande,n/a,15,v_proj,19,0.99993497133255
single_lora,winogrande,n/a,15,v_proj,20,0.9997955560684204
single_lora,winogrande,n/a,15,v_proj,21,0.9997982978820801
single_lora,winogrande,n/a,15,v_proj,22,0.9999147653579712
single_lora,winogrande,n/a,15,v_proj,23,0.9999028444290161
single_lora,winogrande,n/a,15,v_proj,24,0.999884843826294
single_lora,winogrande,n/a,15,v_proj,25,0.9989356994628906
single_lora,winogrande,n/a,15,v_proj,26,0.9989748001098633
single_lora,winogrande,n/a,15,v_proj,27,0.9998979568481445
single_lora,winogrande,n/a,15,v_proj,28,0.9999107122421265
single_lora,winogrande,n/a,15,v_proj,29,0.9999716281890869
single_lora,winogrande,n/a,15,v_proj,30,0.9998852610588074
single_lora,winogrande,n/a,15,v_proj,31,0.9997780323028564
single_lora,winogrande,n/a,15,v_proj,32,0.9997012615203857
single_lora,winogrande,n/a,15,v_proj,33,0.9996706247329712
single_lora,winogrande,n/a,15,v_proj,34,0.9977340698242188
single_lora,winogrande,n/a,15,v_proj,35,0.9975422024726868
single_lora,winogrande,n/a,15,v_proj,36,0.9998053312301636
single_lora,winogrande,n/a,15,v_proj,37,0.9998137950897217
single_lora,winogrande,n/a,15,v_proj,38,0.999745786190033
single_lora,winogrande,n/a,15,v_proj,39,0.9998070001602173
single_lora,winogrande,n/a,15,v_proj,40,0.9998244047164917
single_lora,winogrande,n/a,15,v_proj,41,0.9998899698257446
single_lora,winogrande,n/a,15,v_proj,42,0.9998944997787476
single_lora,winogrande,n/a,15,v_proj,43,0.9996423721313477
single_lora,winogrande,n/a,15,v_proj,44,0.9996715784072876
single_lora,winogrande,n/a,15,v_proj,45,0.9998204708099365
single_lora,winogrande,n/a,15,v_proj,46,0.9999127984046936
single_lora,winogrande,n/a,15,v_proj,47,0.9999487400054932
single_lora,winogrande,n/a,15,v_proj,48,0.9999642372131348
single_lora,winogrande,n/a,15,v_proj,49,0.9999507665634155
single_lora,winogrande,n/a,15,v_proj,50,0.9999485015869141
single_lora,winogrande,n/a,15,up_proj,1,1.0000003576278687
single_lora,winogrande,n/a,15,up_proj,2,0.9999995827674866
single_lora,winogrande,n/a,15,up_proj,3,0.9999997019767761
single_lora,winogrande,n/a,15,up_proj,4,0.9999969601631165
single_lora,winogrande,n/a,15,up_proj,5,0.9999975562095642
single_lora,winogrande,n/a,15,up_proj,6,0.9999929070472717
single_lora,winogrande,n/a,15,up_proj,7,0.9999977946281433
single_lora,winogrande,n/a,15,up_proj,8,0.9999938607215881
single_lora,winogrande,n/a,15,up_proj,9,0.9999920725822449
single_lora,winogrande,n/a,15,up_proj,10,0.9999915957450867
single_lora,winogrande,n/a,15,up_proj,11,0.9999916553497314
single_lora,winogrande,n/a,15,up_proj,12,0.999989926815033
single_lora,winogrande,n/a,15,up_proj,13,0.9999666810035706
single_lora,winogrande,n/a,15,up_proj,14,0.9999688267707825
single_lora,winogrande,n/a,15,up_proj,15,0.9999793171882629
single_lora,winogrande,n/a,15,up_proj,16,0.9999800324440002
single_lora,winogrande,n/a,15,up_proj,17,0.9999885559082031
single_lora,winogrande,n/a,15,up_proj,18,0.9999837875366211
single_lora,winogrande,n/a,15,up_proj,19,0.9999823570251465
single_lora,winogrande,n/a,15,up_proj,20,0.9999887347221375
single_lora,winogrande,n/a,15,up_proj,21,0.9999925494194031
single_lora,winogrande,n/a,15,up_proj,22,0.9999951124191284
single_lora,winogrande,n/a,15,up_proj,23,0.999981164932251
single_lora,winogrande,n/a,15,up_proj,24,0.9999696016311646
single_lora,winogrande,n/a,15,up_proj,25,0.9999621510505676
single_lora,winogrande,n/a,15,up_proj,26,0.9999738335609436
single_lora,winogrande,n/a,15,up_proj,27,0.9999761581420898
single_lora,winogrande,n/a,15,up_proj,28,0.9999635815620422
single_lora,winogrande,n/a,15,up_proj,29,0.9999744296073914
single_lora,winogrande,n/a,15,up_proj,30,0.9999901652336121
single_lora,winogrande,n/a,15,up_proj,31,0.9999184608459473
single_lora,winogrande,n/a,15,up_proj,32,0.9999321103096008
single_lora,winogrande,n/a,15,up_proj,33,0.9999523162841797
single_lora,winogrande,n/a,15,up_proj,34,0.9999729990959167
single_lora,winogrande,n/a,15,up_proj,35,0.999965250492096
single_lora,winogrande,n/a,15,up_proj,36,0.9999454021453857
single_lora,winogrande,n/a,15,up_proj,37,0.9999532699584961
single_lora,winogrande,n/a,15,up_proj,38,0.9999724626541138
single_lora,winogrande,n/a,15,up_proj,39,0.9999639987945557
single_lora,winogrande,n/a,15,up_proj,40,0.9999735951423645
single_lora,winogrande,n/a,15,up_proj,41,0.9999452233314514
single_lora,winogrande,n/a,15,up_proj,42,0.999972403049469
single_lora,winogrande,n/a,15,up_proj,43,0.9999446868896484
single_lora,winogrande,n/a,15,up_proj,44,0.9998698234558105
single_lora,winogrande,n/a,15,up_proj,45,0.9997833967208862
single_lora,winogrande,n/a,15,up_proj,46,0.9998262524604797
single_lora,winogrande,n/a,15,up_proj,47,0.9999248385429382
single_lora,winogrande,n/a,15,up_proj,48,0.9998926520347595
single_lora,winogrande,n/a,15,up_proj,49,0.999854326248169
single_lora,winogrande,n/a,15,up_proj,50,0.9998863935470581
single_lora,winogrande,n/a,15,down_proj,1,0.9999996423721313
single_lora,winogrande,n/a,15,down_proj,2,0.9999992847442627
single_lora,winogrande,n/a,15,down_proj,3,0.9999992847442627
single_lora,winogrande,n/a,15,down_proj,4,0.9999985694885254
single_lora,winogrande,n/a,15,down_proj,5,0.9999992847442627
single_lora,winogrande,n/a,15,down_proj,6,0.9999988079071045
single_lora,winogrande,n/a,15,down_proj,7,0.999997615814209
single_lora,winogrande,n/a,15,down_proj,8,0.9999938011169434
single_lora,winogrande,n/a,15,down_proj,9,0.9999967813491821
single_lora,winogrande,n/a,15,down_proj,10,0.9999920725822449
single_lora,winogrande,n/a,15,down_proj,11,0.9999892115592957
single_lora,winogrande,n/a,15,down_proj,12,0.999979555606842
single_lora,winogrande,n/a,15,down_proj,13,0.9998657703399658
single_lora,winogrande,n/a,15,down_proj,14,0.9998322129249573
single_lora,winogrande,n/a,15,down_proj,15,0.9999925494194031
single_lora,winogrande,n/a,15,down_proj,16,0.9999886751174927
single_lora,winogrande,n/a,15,down_proj,17,0.9999828338623047
single_lora,winogrande,n/a,15,down_proj,18,0.999981701374054
single_lora,winogrande,n/a,15,down_proj,19,0.9999716877937317
single_lora,winogrande,n/a,15,down_proj,20,0.9999514818191528
single_lora,winogrande,n/a,15,down_proj,21,0.9999565482139587
single_lora,winogrande,n/a,15,down_proj,22,0.9998701810836792
single_lora,winogrande,n/a,15,down_proj,23,0.9998685717582703
single_lora,winogrande,n/a,15,down_proj,24,0.9999731183052063
single_lora,winogrande,n/a,15,down_proj,25,0.9999852180480957
single_lora,winogrande,n/a,15,down_proj,26,0.9999555349349976
single_lora,winogrande,n/a,15,down_proj,27,0.9999452233314514
single_lora,winogrande,n/a,15,down_proj,28,0.999977707862854
single_lora,winogrande,n/a,15,down_proj,29,0.9999856352806091
single_lora,winogrande,n/a,15,down_proj,30,0.9999791979789734
single_lora,winogrande,n/a,15,down_proj,31,0.9999781250953674
single_lora,winogrande,n/a,15,down_proj,32,0.9999821186065674
single_lora,winogrande,n/a,15,down_proj,33,0.9999750256538391
single_lora,winogrande,n/a,15,down_proj,34,0.9998228549957275
single_lora,winogrande,n/a,15,down_proj,35,0.9998151063919067
single_lora,winogrande,n/a,15,down_proj,36,0.999982476234436
single_lora,winogrande,n/a,15,down_proj,37,0.9999639987945557
single_lora,winogrande,n/a,15,down_proj,38,0.9999719262123108
single_lora,winogrande,n/a,15,down_proj,39,0.9999290704727173
single_lora,winogrande,n/a,15,down_proj,40,0.9999740719795227
single_lora,winogrande,n/a,15,down_proj,41,0.9999098777770996
single_lora,winogrande,n/a,15,down_proj,42,0.9999157190322876
single_lora,winogrande,n/a,15,down_proj,43,0.9999657869338989
single_lora,winogrande,n/a,15,down_proj,44,0.9999755620956421
single_lora,winogrande,n/a,15,down_proj,45,0.9999710917472839
single_lora,winogrande,n/a,15,down_proj,46,0.9999805092811584
single_lora,winogrande,n/a,15,down_proj,47,0.9999227523803711
single_lora,winogrande,n/a,15,down_proj,48,0.9999158978462219
single_lora,winogrande,n/a,15,down_proj,49,0.9998381733894348
single_lora,winogrande,n/a,15,down_proj,50,0.9998428821563721
stacked_lora,fever,fixed_gates,0,q_proj,1,0.9999996423721313
stacked_lora,fever,fixed_gates,0,q_proj,2,0.9999978542327881
stacked_lora,fever,fixed_gates,0,q_proj,3,0.9999988079071045
stacked_lora,fever,fixed_gates,0,q_proj,4,0.9999910593032837
stacked_lora,fever,fixed_gates,0,q_proj,5,0.9999955296516418
stacked_lora,fever,fixed_gates,0,q_proj,6,0.9999971389770508
stacked_lora,fever,fixed_gates,0,q_proj,7,0.9999960660934448
stacked_lora,fever,fixed_gates,0,q_proj,8,0.9999960660934448
stacked_lora,fever,fixed_gates,0,q_proj,9,0.9999895095825195
stacked_lora,fever,fixed_gates,0,q_proj,10,0.9999958872795105
stacked_lora,fever,fixed_gates,0,q_proj,11,0.9999902248382568
stacked_lora,fever,fixed_gates,0,q_proj,12,0.9999818205833435
stacked_lora,fever,fixed_gates,0,q_proj,13,0.9999887347221375
stacked_lora,fever,fixed_gates,0,q_proj,14,0.9999866485595703
stacked_lora,fever,fixed_gates,0,q_proj,15,0.9998918771743774
stacked_lora,fever,fixed_gates,0,q_proj,16,0.9998669028282166
stacked_lora,fever,fixed_gates,0,q_proj,17,0.9999828934669495
stacked_lora,fever,fixed_gates,0,q_proj,18,0.9999666810035706
stacked_lora,fever,fixed_gates,0,q_proj,19,0.999946117401123
stacked_lora,fever,fixed_gates,0,q_proj,20,0.9999476075172424
stacked_lora,fever,fixed_gates,0,q_proj,21,0.9999610781669617
stacked_lora,fever,fixed_gates,0,q_proj,22,0.9999712109565735
stacked_lora,fever,fixed_gates,0,q_proj,23,0.9999828338623047
stacked_lora,fever,fixed_gates,0,q_proj,24,0.9999510049819946
stacked_lora,fever,fixed_gates,0,q_proj,25,0.9999524354934692
stacked_lora,fever,fixed_gates,0,q_proj,26,0.9999580979347229
stacked_lora,fever,fixed_gates,0,q_proj,27,0.9987935423851013
stacked_lora,fever,fixed_gates,0,q_proj,28,0.9987293481826782
stacked_lora,fever,fixed_gates,0,q_proj,29,0.9998946785926819
stacked_lora,fever,fixed_gates,0,q_proj,30,0.9999502301216125
stacked_lora,fever,fixed_gates,0,q_proj,31,0.99994295835495
stacked_lora,fever,fixed_gates,0,q_proj,32,0.9997432231903076
stacked_lora,fever,fixed_gates,0,q_proj,33,0.9997718930244446
stacked_lora,fever,fixed_gates,0,q_proj,34,0.9999508857727051
stacked_lora,fever,fixed_gates,0,q_proj,35,0.9999573230743408
stacked_lora,fever,fixed_gates,0,q_proj,36,0.999788761138916
stacked_lora,fever,fixed_gates,0,q_proj,37,0.9997649192810059
stacked_lora,fever,fixed_gates,0,q_proj,38,0.9999114871025085
stacked_lora,fever,fixed_gates,0,q_proj,39,0.9996512532234192
stacked_lora,fever,fixed_gates,0,q_proj,40,0.9993531703948975
stacked_lora,fever,fixed_gates,0,q_proj,41,0.9996631145477295
stacked_lora,fever,fixed_gates,0,q_proj,42,0.9999309778213501
stacked_lora,fever,fixed_gates,0,q_proj,43,0.9999092221260071
stacked_lora,fever,fixed_gates,0,q_proj,44,0.9997095465660095
stacked_lora,fever,fixed_gates,0,q_proj,45,0.9997241497039795
stacked_lora,fever,fixed_gates,0,q_proj,46,0.9997718334197998
stacked_lora,fever,fixed_gates,0,q_proj,47,0.9998589754104614
stacked_lora,fever,fixed_gates,0,q_proj,48,0.9998012185096741
stacked_lora,fever,fixed_gates,0,q_proj,49,0.9998610019683838
stacked_lora,fever,fixed_gates,0,q_proj,50,0.9991357326507568
stacked_lora,fever,fixed_gates,0,v_proj,1,0.9999256134033203
stacked_lora,fever,fixed_gates,0,v_proj,2,0.9985271692276001
stacked_lora,fever,fixed_gates,0,v_proj,3,0.9988014101982117
stacked_lora,fever,fixed_gates,0,v_proj,4,0.9998080730438232
stacked_lora,fever,fixed_gates,0,v_proj,5,0.9991816878318787
stacked_lora,fever,fixed_gates,0,v_proj,6,0.9967178106307983
stacked_lora,fever,fixed_gates,0,v_proj,7,0.9969494938850403
stacked_lora,fever,fixed_gates,0,v_proj,8,0.9995273351669312
stacked_lora,fever,fixed_gates,0,v_proj,9,0.9993342757225037
stacked_lora,fever,fixed_gates,0,v_proj,10,0.9994909763336182
stacked_lora,fever,fixed_gates,0,v_proj,11,0.95078444480896
stacked_lora,fever,fixed_gates,0,v_proj,12,0.9505574703216553
stacked_lora,fever,fixed_gates,0,v_proj,13,0.9947176575660706
stacked_lora,fever,fixed_gates,0,v_proj,14,0.9948562383651733
stacked_lora,fever,fixed_gates,0,v_proj,15,0.9988901615142822
stacked_lora,fever,fixed_gates,0,v_proj,16,0.9970921277999878
stacked_lora,fever,fixed_gates,0,v_proj,17,0.9918999671936035
stacked_lora,fever,fixed_gates,0,v_proj,18,0.9921479225158691
stacked_lora,fever,fixed_gates,0,v_proj,19,0.9887334704399109
stacked_lora,fever,fixed_gates,0,v_proj,20,0.9975885152816772
stacked_lora,fever,fixed_gates,0,v_proj,21,0.9899840354919434
stacked_lora,fever,fixed_gates,0,v_proj,22,0.9937703609466553
stacked_lora,fever,fixed_gates,0,v_proj,23,0.9968690872192383
stacked_lora,fever,fixed_gates,0,v_proj,24,0.9845840930938721
stacked_lora,fever,fixed_gates,0,v_proj,25,0.9729262590408325
stacked_lora,fever,fixed_gates,0,v_proj,26,0.9778878688812256
stacked_lora,fever,fixed_gates,0,v_proj,27,0.9500244855880737
stacked_lora,fever,fixed_gates,0,v_proj,28,0.9546880722045898
stacked_lora,fever,fixed_gates,0,v_proj,29,0.9491982460021973
stacked_lora,fever,fixed_gates,0,v_proj,30,0.9495474100112915
stacked_lora,fever,fixed_gates,0,v_proj,31,0.9199563264846802
stacked_lora,fever,fixed_gates,0,v_proj,32,0.9038316607475281
stacked_lora,fever,fixed_gates,0,v_proj,33,0.9797875881195068
stacked_lora,fever,fixed_gates,0,v_proj,34,0.9857701063156128
stacked_lora,fever,fixed_gates,0,v_proj,35,0.9632853269577026
stacked_lora,fever,fixed_gates,0,v_proj,36,0.9664493203163147
stacked_lora,fever,fixed_gates,0,v_proj,37,0.9789408445358276
stacked_lora,fever,fixed_gates,0,v_proj,38,0.6972048878669739
stacked_lora,fever,fixed_gates,0,v_proj,39,0.6997869610786438
stacked_lora,fever,fixed_gates,0,v_proj,40,0.9767275452613831
stacked_lora,fever,fixed_gates,0,v_proj,41,0.9898695349693298
stacked_lora,fever,fixed_gates,0,v_proj,42,0.9808487296104431
stacked_lora,fever,fixed_gates,0,v_proj,43,0.97712242603302
stacked_lora,fever,fixed_gates,0,v_proj,44,0.908654510974884
stacked_lora,fever,fixed_gates,0,v_proj,45,0.8980460166931152
stacked_lora,fever,fixed_gates,0,v_proj,46,0.9650706648826599
stacked_lora,fever,fixed_gates,0,v_proj,47,0.9625341892242432
stacked_lora,fever,fixed_gates,0,v_proj,48,0.9685984253883362
stacked_lora,fever,fixed_gates,0,v_proj,49,0.9671797156333923
stacked_lora,fever,fixed_gates,0,v_proj,50,0.9654560089111328
stacked_lora,fever,fixed_gates,0,up_proj,1,0.9999480843544006
stacked_lora,fever,fixed_gates,0,up_proj,2,0.9999254941940308
stacked_lora,fever,fixed_gates,0,up_proj,3,0.9999462366104126
stacked_lora,fever,fixed_gates,0,up_proj,4,0.9999204874038696
stacked_lora,fever,fixed_gates,0,up_proj,5,0.9998657703399658
stacked_lora,fever,fixed_gates,0,up_proj,6,0.9951860308647156
stacked_lora,fever,fixed_gates,0,up_proj,7,0.995144784450531
stacked_lora,fever,fixed_gates,0,up_proj,8,0.9997880458831787
stacked_lora,fever,fixed_gates,0,up_proj,9,0.9997463226318359
stacked_lora,fever,fixed_gates,0,up_proj,10,0.999813973903656
stacked_lora,fever,fixed_gates,0,up_proj,11,0.9988667964935303
stacked_lora,fever,fixed_gates,0,up_proj,12,0.9988649487495422
stacked_lora,fever,fixed_gates,0,up_proj,13,0.9983888268470764
stacked_lora,fever,fixed_gates,0,up_proj,14,0.9974108934402466
stacked_lora,fever,fixed_gates,0,up_proj,15,0.9976766109466553
stacked_lora,fever,fixed_gates,0,up_proj,16,0.9983726143836975
stacked_lora,fever,fixed_gates,0,up_proj,17,0.9977279901504517
stacked_lora,fever,fixed_gates,0,up_proj,18,0.998965322971344
stacked_lora,fever,fixed_gates,0,up_proj,19,0.9997357130050659
stacked_lora,fever,fixed_gates,0,up_proj,20,0.9998180866241455
stacked_lora,fever,fixed_gates,0,up_proj,21,0.9997319579124451
stacked_lora,fever,fixed_gates,0,up_proj,22,0.9997901320457458
stacked_lora,fever,fixed_gates,0,up_proj,23,0.9998013973236084
stacked_lora,fever,fixed_gates,0,up_proj,24,0.9996533989906311
stacked_lora,fever,fixed_gates,0,up_proj,25,0.9997023344039917
stacked_lora,fever,fixed_gates,0,up_proj,26,0.9990606307983398
stacked_lora,fever,fixed_gates,0,up_proj,27,0.9984501004219055
stacked_lora,fever,fixed_gates,0,up_proj,28,0.9982119202613831
stacked_lora,fever,fixed_gates,0,up_proj,29,0.9994109272956848
stacked_lora,fever,fixed_gates,0,up_proj,30,0.9994134306907654
stacked_lora,fever,fixed_gates,0,up_proj,31,0.9997995495796204
stacked_lora,fever,fixed_gates,0,up_proj,32,0.9995278120040894
stacked_lora,fever,fixed_gates,0,up_proj,33,0.9995766878128052
stacked_lora,fever,fixed_gates,0,up_proj,34,0.9995521903038025
stacked_lora,fever,fixed_gates,0,up_proj,35,0.9994644522666931
stacked_lora,fever,fixed_gates,0,up_proj,36,0.9994029402732849
stacked_lora,fever,fixed_gates,0,up_proj,37,0.9993165135383606
stacked_lora,fever,fixed_gates,0,up_proj,38,0.9995065927505493
stacked_lora,fever,fixed_gates,0,up_proj,39,0.9994536638259888
stacked_lora,fever,fixed_gates,0,up_proj,40,0.9993343353271484
stacked_lora,fever,fixed_gates,0,up_proj,41,0.9990484118461609
stacked_lora,fever,fixed_gates,0,up_proj,42,0.9937852025032043
stacked_lora,fever,fixed_gates,0,up_proj,43,0.993914008140564
stacked_lora,fever,fixed_gates,0,up_proj,44,0.9975371360778809
stacked_lora,fever,fixed_gates,0,up_proj,45,0.9968360066413879
stacked_lora,fever,fixed_gates,0,up_proj,46,0.9985650181770325
stacked_lora,fever,fixed_gates,0,up_proj,47,0.9983724355697632
stacked_lora,fever,fixed_gates,0,up_proj,48,0.9968292117118835
stacked_lora,fever,fixed_gates,0,up_proj,49,0.9985984563827515
stacked_lora,fever,fixed_gates,0,up_proj,50,0.9977428913116455
stacked_lora,fever,fixed_gates,0,down_proj,1,0.9999814033508301
stacked_lora,fever,fixed_gates,0,down_proj,2,0.999991774559021
stacked_lora,fever,fixed_gates,0,down_proj,3,0.9999837875366211
stacked_lora,fever,fixed_gates,0,down_proj,4,0.9999667406082153
stacked_lora,fever,fixed_gates,0,down_proj,5,0.999977171421051
stacked_lora,fever,fixed_gates,0,down_proj,6,0.9999074935913086
stacked_lora,fever,fixed_gates,0,down_proj,7,0.9998887181282043
stacked_lora,fever,fixed_gates,0,down_proj,8,0.9999241232872009
stacked_lora,fever,fixed_gates,0,down_proj,9,0.9995170831680298
stacked_lora,fever,fixed_gates,0,down_proj,10,0.9995203018188477
stacked_lora,fever,fixed_gates,0,down_proj,11,0.9998903274536133
stacked_lora,fever,fixed_gates,0,down_proj,12,0.9999052882194519
stacked_lora,fever,fixed_gates,0,down_proj,13,0.999936044216156
stacked_lora,fever,fixed_gates,0,down_proj,14,0.9999322891235352
stacked_lora,fever,fixed_gates,0,down_proj,15,0.9999352097511292
stacked_lora,fever,fixed_gates,0,down_proj,16,0.9999257326126099
stacked_lora,fever,fixed_gates,0,down_proj,17,0.9982175827026367
stacked_lora,fever,fixed_gates,0,down_proj,18,0.9982419013977051
stacked_lora,fever,fixed_gates,0,down_proj,19,0.9998478293418884
stacked_lora,fever,fixed_gates,0,down_proj,20,0.9744172692298889
stacked_lora,fever,fixed_gates,0,down_proj,21,0.9743026494979858
stacked_lora,fever,fixed_gates,0,down_proj,22,0.9973164796829224
stacked_lora,fever,fixed_gates,0,down_proj,23,0.9971525073051453
stacked_lora,fever,fixed_gates,0,down_proj,24,0.9994125962257385
stacked_lora,fever,fixed_gates,0,down_proj,25,0.9995485544204712
stacked_lora,fever,fixed_gates,0,down_proj,26,0.999445378780365
stacked_lora,fever,fixed_gates,0,down_proj,27,0.9980010986328125
stacked_lora,fever,fixed_gates,0,down_proj,28,0.9978621602058411
stacked_lora,fever,fixed_gates,0,down_proj,29,0.9991721510887146
stacked_lora,fever,fixed_gates,0,down_proj,30,0.9984319806098938
stacked_lora,fever,fixed_gates,0,down_proj,31,0.9984286427497864
stacked_lora,fever,fixed_gates,0,down_proj,32,0.9997667670249939
stacked_lora,fever,fixed_gates,0,down_proj,33,0.9849146008491516
stacked_lora,fever,fixed_gates,0,down_proj,34,0.985912024974823
stacked_lora,fever,fixed_gates,0,down_proj,35,0.9987063407897949
stacked_lora,fever,fixed_gates,0,down_proj,36,0.9954761862754822
stacked_lora,fever,fixed_gates,0,down_proj,37,0.9957093000411987
stacked_lora,fever,fixed_gates,0,down_proj,38,0.9992907643318176
stacked_lora,fever,fixed_gates,0,down_proj,39,0.9996284246444702
stacked_lora,fever,fixed_gates,0,down_proj,40,0.9988261461257935
stacked_lora,fever,fixed_gates,0,down_proj,41,0.9988694190979004
stacked_lora,fever,fixed_gates,0,down_proj,42,0.999721109867096
stacked_lora,fever,fixed_gates,0,down_proj,43,0.9992368817329407
stacked_lora,fever,fixed_gates,0,down_proj,44,0.9982028603553772
stacked_lora,fever,fixed_gates,0,down_proj,45,0.9987736344337463
stacked_lora,fever,fixed_gates,0,down_proj,46,0.9993999004364014
stacked_lora,fever,fixed_gates,0,down_proj,47,0.9598443508148193
stacked_lora,fever,fixed_gates,0,down_proj,48,0.959665060043335
stacked_lora,fever,fixed_gates,0,down_proj,49,0.9993681907653809
stacked_lora,fever,fixed_gates,0,down_proj,50,0.905227541923523
stacked_lora,fever,fixed_gates,8,q_proj,1,0.9999642372131348
stacked_lora,fever,fixed_gates,8,q_proj,2,0.9999884366989136
stacked_lora,fever,fixed_gates,8,q_proj,3,0.9999929666519165
stacked_lora,fever,fixed_gates,8,q_proj,4,0.9999852180480957
stacked_lora,fever,fixed_gates,8,q_proj,5,0.9999608993530273
stacked_lora,fever,fixed_gates,8,q_proj,6,0.9999901056289673
stacked_lora,fever,fixed_gates,8,q_proj,7,0.9999812841415405
stacked_lora,fever,fixed_gates,8,q_proj,8,0.9996963739395142
stacked_lora,fever,fixed_gates,8,q_proj,9,0.9997081756591797
stacked_lora,fever,fixed_gates,8,q_proj,10,0.9999479651451111
stacked_lora,fever,fixed_gates,8,q_proj,11,0.9999724626541138
stacked_lora,fever,fixed_gates,8,q_proj,12,0.9999826550483704
stacked_lora,fever,fixed_gates,8,q_proj,13,0.9998782277107239
stacked_lora,fever,fixed_gates,8,q_proj,14,0.9998688101768494
stacked_lora,fever,fixed_gates,8,q_proj,15,0.999716579914093
stacked_lora,fever,fixed_gates,8,q_proj,16,0.9994744062423706
stacked_lora,fever,fixed_gates,8,q_proj,17,0.9995006918907166
stacked_lora,fever,fixed_gates,8,q_proj,18,0.9999799728393555
stacked_lora,fever,fixed_gates,8,q_proj,19,0.9999372959136963
stacked_lora,fever,fixed_gates,8,q_proj,20,0.9999587535858154
stacked_lora,fever,fixed_gates,8,q_proj,21,0.9999775886535645
stacked_lora,fever,fixed_gates,8,q_proj,22,0.9999496340751648
stacked_lora,fever,fixed_gates,8,q_proj,23,0.9998636245727539
stacked_lora,fever,fixed_gates,8,q_proj,24,0.9998792409896851
stacked_lora,fever,fixed_gates,8,q_proj,25,0.9998615980148315
stacked_lora,fever,fixed_gates,8,q_proj,26,0.9999530911445618
stacked_lora,fever,fixed_gates,8,q_proj,27,0.9999047517776489
stacked_lora,fever,fixed_gates,8,q_proj,28,0.9999502301216125
stacked_lora,fever,fixed_gates,8,q_proj,29,0.9997159838676453
stacked_lora,fever,fixed_gates,8,q_proj,30,0.9997482299804688
stacked_lora,fever,fixed_gates,8,q_proj,31,0.9993721842765808
stacked_lora,fever,fixed_gates,8,q_proj,32,0.9993547201156616
stacked_lora,fever,fixed_gates,8,q_proj,33,0.9997771978378296
stacked_lora,fever,fixed_gates,8,q_proj,34,0.9998211860656738
stacked_lora,fever,fixed_gates,8,q_proj,35,0.9998266100883484
stacked_lora,fever,fixed_gates,8,q_proj,36,0.9998643398284912
stacked_lora,fever,fixed_gates,8,q_proj,37,0.9995177984237671
stacked_lora,fever,fixed_gates,8,q_proj,38,0.9989936947822571
stacked_lora,fever,fixed_gates,8,q_proj,39,0.999505877494812
stacked_lora,fever,fixed_gates,8,q_proj,40,0.9997090101242065
stacked_lora,fever,fixed_gates,8,q_proj,41,0.9998457431793213
stacked_lora,fever,fixed_gates,8,q_proj,42,0.9998196959495544
stacked_lora,fever,fixed_gates,8,q_proj,43,0.9991811513900757
stacked_lora,fever,fixed_gates,8,q_proj,44,0.9988697171211243
stacked_lora,fever,fixed_gates,8,q_proj,45,0.9995306730270386
stacked_lora,fever,fixed_gates,8,q_proj,46,0.999823808670044
stacked_lora,fever,fixed_gates,8,q_proj,47,0.9998490214347839
stacked_lora,fever,fixed_gates,8,q_proj,48,0.9998898506164551
stacked_lora,fever,fixed_gates,8,q_proj,49,0.9996849298477173
stacked_lora,fever,fixed_gates,8,q_proj,50,0.9997049570083618
stacked_lora,fever,fixed_gates,8,v_proj,1,0.9933571815490723
stacked_lora,fever,fixed_gates,8,v_proj,2,0.9932186007499695
stacked_lora,fever,fixed_gates,8,v_proj,3,0.9979983568191528
stacked_lora,fever,fixed_gates,8,v_proj,4,0.9897794127464294
stacked_lora,fever,fixed_gates,8,v_proj,5,0.9860953092575073
stacked_lora,fever,fixed_gates,8,v_proj,6,0.9851561784744263
stacked_lora,fever,fixed_gates,8,v_proj,7,0.9926696419715881
stacked_lora,fever,fixed_gates,8,v_proj,8,0.9969950914382935
stacked_lora,fever,fixed_gates,8,v_proj,9,0.9976532459259033
stacked_lora,fever,fixed_gates,8,v_proj,10,0.9890391826629639
stacked_lora,fever,fixed_gates,8,v_proj,11,0.9914699792861938
stacked_lora,fever,fixed_gates,8,v_proj,12,0.9992997646331787
stacked_lora,fever,fixed_gates,8,v_proj,13,0.9949787855148315
stacked_lora,fever,fixed_gates,8,v_proj,14,0.9958610534667969
stacked_lora,fever,fixed_gates,8,v_proj,15,0.9949840307235718
stacked_lora,fever,fixed_gates,8,v_proj,16,0.9850429892539978
stacked_lora,fever,fixed_gates,8,v_proj,17,0.9875163435935974
stacked_lora,fever,fixed_gates,8,v_proj,18,0.9961973428726196
stacked_lora,fever,fixed_gates,8,v_proj,19,0.9952450394630432
stacked_lora,fever,fixed_gates,8,v_proj,20,0.9926989674568176
stacked_lora,fever,fixed_gates,8,v_proj,21,0.9914372563362122
stacked_lora,fever,fixed_gates,8,v_proj,22,0.9858916401863098
stacked_lora,fever,fixed_gates,8,v_proj,23,0.9842310547828674
stacked_lora,fever,fixed_gates,8,v_proj,24,0.9971219897270203
stacked_lora,fever,fixed_gates,8,v_proj,25,0.9942482709884644
stacked_lora,fever,fixed_gates,8,v_proj,26,0.9951412677764893
stacked_lora,fever,fixed_gates,8,v_proj,27,0.9812557697296143
stacked_lora,fever,fixed_gates,8,v_proj,28,0.9430281519889832
stacked_lora,fever,fixed_gates,8,v_proj,29,0.9499599933624268
stacked_lora,fever,fixed_gates,8,v_proj,30,0.9841636419296265
stacked_lora,fever,fixed_gates,8,v_proj,31,0.9839338660240173
stacked_lora,fever,fixed_gates,8,v_proj,32,0.9890036582946777
stacked_lora,fever,fixed_gates,8,v_proj,33,0.9864745140075684
stacked_lora,fever,fixed_gates,8,v_proj,34,0.991692066192627
stacked_lora,fever,fixed_gates,8,v_proj,35,0.9799944162368774
stacked_lora,fever,fixed_gates,8,v_proj,36,0.980072021484375
stacked_lora,fever,fixed_gates,8,v_proj,37,0.9954981803894043
stacked_lora,fever,fixed_gates,8,v_proj,38,0.9673072099685669
stacked_lora,fever,fixed_gates,8,v_proj,39,0.9692195653915405
stacked_lora,fever,fixed_gates,8,v_proj,40,0.9928570985794067
stacked_lora,fever,fixed_gates,8,v_proj,41,0.9913700819015503
stacked_lora,fever,fixed_gates,8,v_proj,42,0.9943401217460632
stacked_lora,fever,fixed_gates,8,v_proj,43,0.9876567125320435
stacked_lora,fever,fixed_gates,8,v_proj,44,0.9827650785446167
stacked_lora,fever,fixed_gates,8,v_proj,45,0.9919682741165161
stacked_lora,fever,fixed_gates,8,v_proj,46,0.9958157539367676
stacked_lora,fever,fixed_gates,8,v_proj,47,0.9949809312820435
stacked_lora,fever,fixed_gates,8,v_proj,48,0.9909197688102722
stacked_lora,fever,fixed_gates,8,v_proj,49,0.9937677979469299
stacked_lora,fever,fixed_gates,8,v_proj,50,0.9911457300186157
stacked_lora,fever,fixed_gates,8,up_proj,1,0.9999845623970032
stacked_lora,fever,fixed_gates,8,up_proj,2,0.9999558329582214
stacked_lora,fever,fixed_gates,8,up_proj,3,0.9999485015869141
stacked_lora,fever,fixed_gates,8,up_proj,4,0.9999443292617798
stacked_lora,fever,fixed_gates,8,up_proj,5,0.9998847842216492
stacked_lora,fever,fixed_gates,8,up_proj,6,0.9998744130134583
stacked_lora,fever,fixed_gates,8,up_proj,7,0.9999063611030579
stacked_lora,fever,fixed_gates,8,up_proj,8,0.9998817443847656
stacked_lora,fever,fixed_gates,8,up_proj,9,0.9997842311859131
stacked_lora,fever,fixed_gates,8,up_proj,10,0.9997940063476562
stacked_lora,fever,fixed_gates,8,up_proj,11,0.9997534155845642
stacked_lora,fever,fixed_gates,8,up_proj,12,0.9998663067817688
stacked_lora,fever,fixed_gates,8,up_proj,13,0.9880297183990479
stacked_lora,fever,fixed_gates,8,up_proj,14,0.9877829551696777
stacked_lora,fever,fixed_gates,8,up_proj,15,0.9996333122253418
stacked_lora,fever,fixed_gates,8,up_proj,16,0.9998478293418884
stacked_lora,fever,fixed_gates,8,up_proj,17,0.9998595118522644
stacked_lora,fever,fixed_gates,8,up_proj,18,0.9998490810394287
stacked_lora,fever,fixed_gates,8,up_proj,19,0.9991155862808228
stacked_lora,fever,fixed_gates,8,up_proj,20,0.9990119934082031
stacked_lora,fever,fixed_gates,8,up_proj,21,0.9993659853935242
stacked_lora,fever,fixed_gates,8,up_proj,22,0.9995245933532715
stacked_lora,fever,fixed_gates,8,up_proj,23,0.9566036462783813
stacked_lora,fever,fixed_gates,8,up_proj,24,0.9566779136657715
stacked_lora,fever,fixed_gates,8,up_proj,25,0.999772310256958
stacked_lora,fever,fixed_gates,8,up_proj,26,0.9962177872657776
stacked_lora,fever,fixed_gates,8,up_proj,27,0.9959532618522644
stacked_lora,fever,fixed_gates,8,up_proj,28,0.9988675713539124
stacked_lora,fever,fixed_gates,8,up_proj,29,0.9991401433944702
stacked_lora,fever,fixed_gates,8,up_proj,30,0.9981436133384705
stacked_lora,fever,fixed_gates,8,up_proj,31,0.9981979727745056
stacked_lora,fever,fixed_gates,8,up_proj,32,0.9944827556610107
stacked_lora,fever,fixed_gates,8,up_proj,33,0.9956490993499756
stacked_lora,fever,fixed_gates,8,up_proj,34,0.9977902173995972
stacked_lora,fever,fixed_gates,8,up_proj,35,0.9978371262550354
stacked_lora,fever,fixed_gates,8,up_proj,36,0.9995024800300598
stacked_lora,fever,fixed_gates,8,up_proj,37,0.9947732090950012
stacked_lora,fever,fixed_gates,8,up_proj,38,0.9951825737953186
stacked_lora,fever,fixed_gates,8,up_proj,39,0.9708172678947449
stacked_lora,fever,fixed_gates,8,up_proj,40,0.9721418023109436
stacked_lora,fever,fixed_gates,8,up_proj,41,0.9973828196525574
stacked_lora,fever,fixed_gates,8,up_proj,42,0.997596263885498
stacked_lora,fever,fixed_gates,8,up_proj,43,0.9984659552574158
stacked_lora,fever,fixed_gates,8,up_proj,44,0.9990590214729309
stacked_lora,fever,fixed_gates,8,up_proj,45,0.9979463815689087
stacked_lora,fever,fixed_gates,8,up_proj,46,0.9963927268981934
stacked_lora,fever,fixed_gates,8,up_proj,47,0.9940399527549744
stacked_lora,fever,fixed_gates,8,up_proj,48,0.9959660172462463
stacked_lora,fever,fixed_gates,8,up_proj,49,0.9829646944999695
stacked_lora,fever,fixed_gates,8,up_proj,50,0.9817818403244019
stacked_lora,fever,fixed_gates,8,down_proj,1,0.999998927116394
stacked_lora,fever,fixed_gates,8,down_proj,2,0.9999904036521912
stacked_lora,fever,fixed_gates,8,down_proj,3,0.9999989867210388
stacked_lora,fever,fixed_gates,8,down_proj,4,0.9999901056289673
stacked_lora,fever,fixed_gates,8,down_proj,5,0.9999589323997498
stacked_lora,fever,fixed_gates,8,down_proj,6,0.9999542832374573
stacked_lora,fever,fixed_gates,8,down_proj,7,0.9999773502349854
stacked_lora,fever,fixed_gates,8,down_proj,8,0.9999825358390808
stacked_lora,fever,fixed_gates,8,down_proj,9,0.999987781047821
stacked_lora,fever,fixed_gates,8,down_proj,10,0.9999697804450989
stacked_lora,fever,fixed_gates,8,down_proj,11,0.9996203184127808
stacked_lora,fever,fixed_gates,8,down_proj,12,0.9995768666267395
stacked_lora,fever,fixed_gates,8,down_proj,13,0.9999079704284668
stacked_lora,fever,fixed_gates,8,down_proj,14,0.9999268054962158
stacked_lora,fever,fixed_gates,8,down_proj,15,0.9999603033065796
stacked_lora,fever,fixed_gates,8,down_proj,16,0.9999747276306152
stacked_lora,fever,fixed_gates,8,down_proj,17,0.9999370574951172
stacked_lora,fever,fixed_gates,8,down_proj,18,0.9999651908874512
stacked_lora,fever,fixed_gates,8,down_proj,19,0.9881337881088257
stacked_lora,fever,fixed_gates,8,down_proj,20,0.9881337881088257
stacked_lora,fever,fixed_gates,8,down_proj,21,0.9999052286148071
stacked_lora,fever,fixed_gates,8,down_proj,22,0.9999616146087646
stacked_lora,fever,fixed_gates,8,down_proj,23,0.999957263469696
stacked_lora,fever,fixed_gates,8,down_proj,24,0.9999676942825317
stacked_lora,fever,fixed_gates,8,down_proj,25,0.9999147653579712
stacked_lora,fever,fixed_gates,8,down_proj,26,0.9998610019683838
stacked_lora,fever,fixed_gates,8,down_proj,27,0.9999263882637024
stacked_lora,fever,fixed_gates,8,down_proj,28,0.9999164342880249
stacked_lora,fever,fixed_gates,8,down_proj,29,0.9999660849571228
stacked_lora,fever,fixed_gates,8,down_proj,30,0.9994789361953735
stacked_lora,fever,fixed_gates,8,down_proj,31,0.9992740750312805
stacked_lora,fever,fixed_gates,8,down_proj,32,0.9995589852333069
stacked_lora,fever,fixed_gates,8,down_proj,33,0.9997007846832275
stacked_lora,fever,fixed_gates,8,down_proj,34,0.9999052286148071
stacked_lora,fever,fixed_gates,8,down_proj,35,0.9998900294303894
stacked_lora,fever,fixed_gates,8,down_proj,36,0.9998880624771118
stacked_lora,fever,fixed_gates,8,down_proj,37,0.9999129176139832
stacked_lora,fever,fixed_gates,8,down_proj,38,0.9998981952667236
stacked_lora,fever,fixed_gates,8,down_proj,39,0.9999244213104248
stacked_lora,fever,fixed_gates,8,down_proj,40,0.9999264478683472
stacked_lora,fever,fixed_gates,8,down_proj,41,0.997380256652832
stacked_lora,fever,fixed_gates,8,down_proj,42,0.9974658489227295
stacked_lora,fever,fixed_gates,8,down_proj,43,0.9997414350509644
stacked_lora,fever,fixed_gates,8,down_proj,44,0.9998359680175781
stacked_lora,fever,fixed_gates,8,down_proj,45,0.9998534321784973
stacked_lora,fever,fixed_gates,8,down_proj,46,0.9993232488632202
stacked_lora,fever,fixed_gates,8,down_proj,47,0.9993731379508972
stacked_lora,fever,fixed_gates,8,down_proj,48,0.9997595548629761
stacked_lora,fever,fixed_gates,8,down_proj,49,0.9995389580726624
stacked_lora,fever,fixed_gates,8,down_proj,50,0.9994888305664062
stacked_lora,fever,fixed_gates,15,q_proj,1,0.9999994039535522
stacked_lora,fever,fixed_gates,15,q_proj,2,0.9999973177909851
stacked_lora,fever,fixed_gates,15,q_proj,3,0.999994158744812
stacked_lora,fever,fixed_gates,15,q_proj,4,0.9999780654907227
stacked_lora,fever,fixed_gates,15,q_proj,5,0.9999775886535645
stacked_lora,fever,fixed_gates,15,q_proj,6,0.9999896287918091
stacked_lora,fever,fixed_gates,15,q_proj,7,0.9999914765357971
stacked_lora,fever,fixed_gates,15,q_proj,8,0.9999868869781494
stacked_lora,fever,fixed_gates,15,q_proj,9,0.9999845027923584
stacked_lora,fever,fixed_gates,15,q_proj,10,0.9999798536300659
stacked_lora,fever,fixed_gates,15,q_proj,11,0.9999874830245972
stacked_lora,fever,fixed_gates,15,q_proj,12,0.9999854564666748
stacked_lora,fever,fixed_gates,15,q_proj,13,0.999969482421875
stacked_lora,fever,fixed_gates,15,q_proj,14,0.9999707937240601
stacked_lora,fever,fixed_gates,15,q_proj,15,0.9999717473983765
stacked_lora,fever,fixed_gates,15,q_proj,16,0.9999868273735046
stacked_lora,fever,fixed_gates,15,q_proj,17,0.9999948740005493
stacked_lora,fever,fixed_gates,15,q_proj,18,0.9999693036079407
stacked_lora,fever,fixed_gates,15,q_proj,19,0.9998212456703186
stacked_lora,fever,fixed_gates,15,q_proj,20,0.9998294115066528
stacked_lora,fever,fixed_gates,15,q_proj,21,0.9998716115951538
stacked_lora,fever,fixed_gates,15,q_proj,22,0.999863862991333
stacked_lora,fever,fixed_gates,15,q_proj,23,0.9999269247055054
stacked_lora,fever,fixed_gates,15,q_proj,24,0.9999935030937195
stacked_lora,fever,fixed_gates,15,q_proj,25,0.9999865889549255
stacked_lora,fever,fixed_gates,15,q_proj,26,0.9999879598617554
stacked_lora,fever,fixed_gates,15,q_proj,27,0.9999884366989136
stacked_lora,fever,fixed_gates,15,q_proj,28,0.9999268054962158
stacked_lora,fever,fixed_gates,15,q_proj,29,0.9999215006828308
stacked_lora,fever,fixed_gates,15,q_proj,30,0.9999845623970032
stacked_lora,fever,fixed_gates,15,q_proj,31,0.9994677305221558
stacked_lora,fever,fixed_gates,15,q_proj,32,0.9994760751724243
stacked_lora,fever,fixed_gates,15,q_proj,33,0.9999838471412659
stacked_lora,fever,fixed_gates,15,q_proj,34,0.9999487996101379
stacked_lora,fever,fixed_gates,15,q_proj,35,0.9999115467071533
stacked_lora,fever,fixed_gates,15,q_proj,36,0.9999427199363708
stacked_lora,fever,fixed_gates,15,q_proj,37,0.9999666213989258
stacked_lora,fever,fixed_gates,15,q_proj,38,0.9999675154685974
stacked_lora,fever,fixed_gates,15,q_proj,39,0.999961256980896
stacked_lora,fever,fixed_gates,15,q_proj,40,0.9999309182167053
stacked_lora,fever,fixed_gates,15,q_proj,41,0.9999119639396667
stacked_lora,fever,fixed_gates,15,q_proj,42,0.9998971223831177
stacked_lora,fever,fixed_gates,15,q_proj,43,0.9999045133590698
stacked_lora,fever,fixed_gates,15,q_proj,44,0.9999123811721802
stacked_lora,fever,fixed_gates,15,q_proj,45,0.9999394416809082
stacked_lora,fever,fixed_gates,15,q_proj,46,0.9999015927314758
stacked_lora,fever,fixed_gates,15,q_proj,47,0.9999412894248962
stacked_lora,fever,fixed_gates,15,q_proj,48,0.9999433159828186
stacked_lora,fever,fixed_gates,15,q_proj,49,0.9999715685844421
stacked_lora,fever,fixed_gates,15,q_proj,50,0.999932587146759
stacked_lora,fever,fixed_gates,15,v_proj,1,0.9999933242797852
stacked_lora,fever,fixed_gates,15,v_proj,2,0.9996923804283142
stacked_lora,fever,fixed_gates,15,v_proj,3,0.9996887445449829
stacked_lora,fever,fixed_gates,15,v_proj,4,0.9999822974205017
stacked_lora,fever,fixed_gates,15,v_proj,5,0.9999693632125854
stacked_lora,fever,fixed_gates,15,v_proj,6,0.9999712705612183
stacked_lora,fever,fixed_gates,15,v_proj,7,0.999964714050293
stacked_lora,fever,fixed_gates,15,v_proj,8,0.9999842643737793
stacked_lora,fever,fixed_gates,15,v_proj,9,0.9999486804008484
stacked_lora,fever,fixed_gates,15,v_proj,10,0.9998908042907715
stacked_lora,fever,fixed_gates,15,v_proj,11,0.9998297095298767
stacked_lora,fever,fixed_gates,15,v_proj,12,0.9999241828918457
stacked_lora,fever,fixed_gates,15,v_proj,13,0.9998698234558105
stacked_lora,fever,fixed_gates,15,v_proj,14,0.9999412298202515
stacked_lora,fever,fixed_gates,15,v_proj,15,0.9995348453521729
stacked_lora,fever,fixed_gates,15,v_proj,16,0.9995777606964111
stacked_lora,fever,fixed_gates,15,v_proj,17,0.9998860359191895
stacked_lora,fever,fixed_gates,15,v_proj,18,0.9999353289604187
stacked_lora,fever,fixed_gates,15,v_proj,19,0.9999270439147949
stacked_lora,fever,fixed_gates,15,v_proj,20,0.9999055862426758
stacked_lora,fever,fixed_gates,15,v_proj,21,0.999394953250885
stacked_lora,fever,fixed_gates,15,v_proj,22,0.9993206262588501
stacked_lora,fever,fixed_gates,15,v_proj,23,0.9998281002044678
stacked_lora,fever,fixed_gates,15,v_proj,24,0.9998626708984375
stacked_lora,fever,fixed_gates,15,v_proj,25,0.9998471736907959
stacked_lora,fever,fixed_gates,15,v_proj,26,0.9997810125350952
stacked_lora,fever,fixed_gates,15,v_proj,27,0.9998349547386169
stacked_lora,fever,fixed_gates,15,v_proj,28,0.999923050403595
stacked_lora,fever,fixed_gates,15,v_proj,29,0.9998962879180908
stacked_lora,fever,fixed_gates,15,v_proj,30,0.9998502731323242
stacked_lora,fever,fixed_gates,15,v_proj,31,0.9998645186424255
stacked_lora,fever,fixed_gates,15,v_proj,32,0.9998407363891602
stacked_lora,fever,fixed_gates,15,v_proj,33,0.9977521896362305
stacked_lora,fever,fixed_gates,15,v_proj,34,0.9975442290306091
stacked_lora,fever,fixed_gates,15,v_proj,35,0.9991984367370605
stacked_lora,fever,fixed_gates,15,v_proj,36,0.9963421821594238
stacked_lora,fever,fixed_gates,15,v_proj,37,0.9962658286094666
stacked_lora,fever,fixed_gates,15,v_proj,38,0.9998466968536377
stacked_lora,fever,fixed_gates,15,v_proj,39,0.9996237754821777
stacked_lora,fever,fixed_gates,15,v_proj,40,0.9995379447937012
stacked_lora,fever,fixed_gates,15,v_proj,41,0.9997133016586304
stacked_lora,fever,fixed_gates,15,v_proj,42,0.9996274709701538
stacked_lora,fever,fixed_gates,15,v_proj,43,0.9986354112625122
stacked_lora,fever,fixed_gates,15,v_proj,44,0.9986550807952881
stacked_lora,fever,fixed_gates,15,v_proj,45,0.9992024898529053
stacked_lora,fever,fixed_gates,15,v_proj,46,0.9991835355758667
stacked_lora,fever,fixed_gates,15,v_proj,47,0.9998515844345093
stacked_lora,fever,fixed_gates,15,v_proj,48,0.9998636245727539
stacked_lora,fever,fixed_gates,15,v_proj,49,0.9999092817306519
stacked_lora,fever,fixed_gates,15,v_proj,50,0.9999287128448486
stacked_lora,fever,fixed_gates,15,up_proj,1,1.0000001192092896
stacked_lora,fever,fixed_gates,15,up_proj,2,0.9999996423721313
stacked_lora,fever,fixed_gates,15,up_proj,3,0.9999998211860657
stacked_lora,fever,fixed_gates,15,up_proj,4,0.9999968409538269
stacked_lora,fever,fixed_gates,15,up_proj,5,0.9999951124191284
stacked_lora,fever,fixed_gates,15,up_proj,6,0.9999911785125732
stacked_lora,fever,fixed_gates,15,up_proj,7,0.9999863505363464
stacked_lora,fever,fixed_gates,15,up_proj,8,0.9999874234199524
stacked_lora,fever,fixed_gates,15,up_proj,9,0.9999904036521912
stacked_lora,fever,fixed_gates,15,up_proj,10,0.9999912977218628
stacked_lora,fever,fixed_gates,15,up_proj,11,0.9999893307685852
stacked_lora,fever,fixed_gates,15,up_proj,12,0.9999886155128479
stacked_lora,fever,fixed_gates,15,up_proj,13,0.9996770620346069
stacked_lora,fever,fixed_gates,15,up_proj,14,0.99968421459198
stacked_lora,fever,fixed_gates,15,up_proj,15,0.9999881982803345
stacked_lora,fever,fixed_gates,15,up_proj,16,0.999983549118042
stacked_lora,fever,fixed_gates,15,up_proj,17,0.9999841451644897
stacked_lora,fever,fixed_gates,15,up_proj,18,0.9999818801879883
stacked_lora,fever,fixed_gates,15,up_proj,19,0.9999746084213257
stacked_lora,fever,fixed_gates,15,up_proj,20,0.9999766945838928
stacked_lora,fever,fixed_gates,15,up_proj,21,0.9999895691871643
stacked_lora,fever,fixed_gates,15,up_proj,22,0.9999908804893494
stacked_lora,fever,fixed_gates,15,up_proj,23,0.9999821782112122
stacked_lora,fever,fixed_gates,15,up_proj,24,0.9999821186065674
stacked_lora,fever,fixed_gates,15,up_proj,25,0.9999836087226868
stacked_lora,fever,fixed_gates,15,up_proj,26,0.9999693632125854
stacked_lora,fever,fixed_gates,15,up_proj,27,0.9999816417694092
stacked_lora,fever,fixed_gates,15,up_proj,28,0.9999618530273438
stacked_lora,fever,fixed_gates,15,up_proj,29,0.9999667406082153
stacked_lora,fever,fixed_gates,15,up_proj,30,0.9999655485153198
stacked_lora,fever,fixed_gates,15,up_proj,31,0.9994500875473022
stacked_lora,fever,fixed_gates,15,up_proj,32,0.9994505643844604
stacked_lora,fever,fixed_gates,15,up_proj,33,0.9999487400054932
stacked_lora,fever,fixed_gates,15,up_proj,34,0.9999127984046936
stacked_lora,fever,fixed_gates,15,up_proj,35,0.9999048709869385
stacked_lora,fever,fixed_gates,15,up_proj,36,0.9998758435249329
stacked_lora,fever,fixed_gates,15,up_proj,37,0.9999209642410278
stacked_lora,fever,fixed_gates,15,up_proj,38,0.9999094605445862
stacked_lora,fever,fixed_gates,15,up_proj,39,0.9992623329162598
stacked_lora,fever,fixed_gates,15,up_proj,40,0.9992711544036865
stacked_lora,fever,fixed_gates,15,up_proj,41,0.9998673796653748
stacked_lora,fever,fixed_gates,15,up_proj,42,0.9996329545974731
stacked_lora,fever,fixed_gates,15,up_proj,43,0.9997316598892212
stacked_lora,fever,fixed_gates,15,up_proj,44,0.9992497563362122
stacked_lora,fever,fixed_gates,15,up_proj,45,0.999183177947998
stacked_lora,fever,fixed_gates,15,up_proj,46,0.9999202489852905
stacked_lora,fever,fixed_gates,15,up_proj,47,0.9997764825820923
stacked_lora,fever,fixed_gates,15,up_proj,48,0.9997590184211731
stacked_lora,fever,fixed_gates,15,up_proj,49,0.9999402761459351
stacked_lora,fever,fixed_gates,15,up_proj,50,0.9999167919158936
stacked_lora,fever,fixed_gates,15,down_proj,1,1.0000003576278687
stacked_lora,fever,fixed_gates,15,down_proj,2,0.9999991655349731
stacked_lora,fever,fixed_gates,15,down_proj,3,0.9999991655349731
stacked_lora,fever,fixed_gates,15,down_proj,4,0.9999988079071045
stacked_lora,fever,fixed_gates,15,down_proj,5,0.9999992251396179
stacked_lora,fever,fixed_gates,15,down_proj,6,0.9999977946281433
stacked_lora,fever,fixed_gates,15,down_proj,7,0.9999964833259583
stacked_lora,fever,fixed_gates,15,down_proj,8,0.9999946355819702
stacked_lora,fever,fixed_gates,15,down_proj,9,0.9999887347221375
stacked_lora,fever,fixed_gates,15,down_proj,10,0.9999920725822449
stacked_lora,fever,fixed_gates,15,down_proj,11,0.9999822378158569
stacked_lora,fever,fixed_gates,15,down_proj,12,0.9999855756759644
stacked_lora,fever,fixed_gates,15,down_proj,13,0.9999918341636658
stacked_lora,fever,fixed_gates,15,down_proj,14,0.9999850392341614
stacked_lora,fever,fixed_gates,15,down_proj,15,0.9999951124191284
stacked_lora,fever,fixed_gates,15,down_proj,16,0.9999698400497437
stacked_lora,fever,fixed_gates,15,down_proj,17,0.9999713897705078
stacked_lora,fever,fixed_gates,15,down_proj,18,0.9999889731407166
stacked_lora,fever,fixed_gates,15,down_proj,19,0.9999526739120483
stacked_lora,fever,fixed_gates,15,down_proj,20,0.9999357461929321
stacked_lora,fever,fixed_gates,15,down_proj,21,0.9999634623527527
stacked_lora,fever,fixed_gates,15,down_proj,22,0.9999579787254333
stacked_lora,fever,fixed_gates,15,down_proj,23,0.9999439716339111
stacked_lora,fever,fixed_gates,15,down_proj,24,0.9999751448631287
stacked_lora,fever,fixed_gates,15,down_proj,25,0.9999856948852539
stacked_lora,fever,fixed_gates,15,down_proj,26,0.9999226927757263
stacked_lora,fever,fixed_gates,15,down_proj,27,0.9999105930328369
stacked_lora,fever,fixed_gates,15,down_proj,28,0.999977707862854
stacked_lora,fever,fixed_gates,15,down_proj,29,0.9999749064445496
stacked_lora,fever,fixed_gates,15,down_proj,30,0.9999704957008362
stacked_lora,fever,fixed_gates,15,down_proj,31,0.9999812841415405
stacked_lora,fever,fixed_gates,15,down_proj,32,0.9999875426292419
stacked_lora,fever,fixed_gates,15,down_proj,33,0.9999832510948181
stacked_lora,fever,fixed_gates,15,down_proj,34,0.9996217489242554
stacked_lora,fever,fixed_gates,15,down_proj,35,0.9996148943901062
stacked_lora,fever,fixed_gates,15,down_proj,36,0.9995111227035522
stacked_lora,fever,fixed_gates,15,down_proj,37,0.9994902610778809
stacked_lora,fever,fixed_gates,15,down_proj,38,0.9999235272407532
stacked_lora,fever,fixed_gates,15,down_proj,39,0.9996095299720764
stacked_lora,fever,fixed_gates,15,down_proj,40,0.9994915723800659
stacked_lora,fever,fixed_gates,15,down_proj,41,0.9998417496681213
stacked_lora,fever,fixed_gates,15,down_proj,42,0.9998748302459717
stacked_lora,fever,fixed_gates,15,down_proj,43,0.9999118447303772
stacked_lora,fever,fixed_gates,15,down_proj,44,0.9999623894691467
stacked_lora,fever,fixed_gates,15,down_proj,45,0.9999642968177795
stacked_lora,fever,fixed_gates,15,down_proj,46,0.9999700784683228
stacked_lora,fever,fixed_gates,15,down_proj,47,0.9999665021896362
stacked_lora,fever,fixed_gates,15,down_proj,48,0.9999231696128845
stacked_lora,fever,fixed_gates,15,down_proj,49,0.9999536275863647
stacked_lora,fever,fixed_gates,15,down_proj,50,0.9999844431877136
stacked_lora,mnli,fixed_gates,0,q_proj,1,1.0000004768371582
stacked_lora,mnli,fixed_gates,0,q_proj,2,1.0000003576278687
stacked_lora,mnli,fixed_gates,0,q_proj,3,1.0000003576278687
stacked_lora,mnli,fixed_gates,0,q_proj,4,0.999999463558197
stacked_lora,mnli,fixed_gates,0,q_proj,5,0.9999997019767761
stacked_lora,mnli,fixed_gates,0,q_proj,6,1.0
stacked_lora,mnli,fixed_gates,0,q_proj,7,0.9999986886978149
stacked_lora,mnli,fixed_gates,0,q_proj,8,0.9999990463256836
stacked_lora,mnli,fixed_gates,0,q_proj,9,0.9999991059303284
stacked_lora,mnli,fixed_gates,0,q_proj,10,0.9999988079071045
stacked_lora,mnli,fixed_gates,0,q_proj,11,0.999999463558197
stacked_lora,mnli,fixed_gates,0,q_proj,12,0.999995768070221
stacked_lora,mnli,fixed_gates,0,q_proj,13,0.9999954700469971
stacked_lora,mnli,fixed_gates,0,q_proj,14,0.9999973177909851
stacked_lora,mnli,fixed_gates,0,q_proj,15,0.9999874830245972
stacked_lora,mnli,fixed_gates,0,q_proj,16,0.9999880790710449
stacked_lora,mnli,fixed_gates,0,q_proj,17,0.9999967813491821
stacked_lora,mnli,fixed_gates,0,q_proj,18,0.9999969005584717
stacked_lora,mnli,fixed_gates,0,q_proj,19,0.9999937415122986
stacked_lora,mnli,fixed_gates,0,q_proj,20,0.9999927282333374
stacked_lora,mnli,fixed_gates,0,q_proj,21,0.9999722838401794
stacked_lora,mnli,fixed_gates,0,q_proj,22,0.9999691247940063
stacked_lora,mnli,fixed_gates,0,q_proj,23,0.9999869465827942
stacked_lora,mnli,fixed_gates,0,q_proj,24,0.9999911189079285
stacked_lora,mnli,fixed_gates,0,q_proj,25,0.9999810457229614
stacked_lora,mnli,fixed_gates,0,q_proj,26,0.9999935626983643
stacked_lora,mnli,fixed_gates,0,q_proj,27,0.9999309778213501
stacked_lora,mnli,fixed_gates,0,q_proj,28,0.9999239444732666
stacked_lora,mnli,fixed_gates,0,q_proj,29,0.999985933303833
stacked_lora,mnli,fixed_gates,0,q_proj,30,0.9999926090240479
stacked_lora,mnli,fixed_gates,0,q_proj,31,0.9999932050704956
stacked_lora,mnli,fixed_gates,0,q_proj,32,0.9999799132347107
stacked_lora,mnli,fixed_gates,0,q_proj,33,0.999984622001648
stacked_lora,mnli,fixed_gates,0,q_proj,34,0.9999905824661255
stacked_lora,mnli,fixed_gates,0,q_proj,35,0.9999880790710449
stacked_lora,mnli,fixed_gates,0,q_proj,36,0.9999665021896362
stacked_lora,mnli,fixed_gates,0,q_proj,37,0.9999611377716064
stacked_lora,mnli,fixed_gates,0,q_proj,38,0.9999493956565857
stacked_lora,mnli,fixed_gates,0,q_proj,39,0.9999597072601318
stacked_lora,mnli,fixed_gates,0,q_proj,40,0.9999814033508301
stacked_lora,mnli,fixed_gates,0,q_proj,41,0.9999788403511047
stacked_lora,mnli,fixed_gates,0,q_proj,42,0.9999290108680725
stacked_lora,mnli,fixed_gates,0,q_proj,43,0.9999268054962158
stacked_lora,mnli,fixed_gates,0,q_proj,44,0.9999806880950928
stacked_lora,mnli,fixed_gates,0,q_proj,45,0.9999836087226868
stacked_lora,mnli,fixed_gates,0,q_proj,46,0.9999898076057434
stacked_lora,mnli,fixed_gates,0,q_proj,47,0.9999387264251709
stacked_lora,mnli,fixed_gates,0,q_proj,48,0.9999285340309143
stacked_lora,mnli,fixed_gates,0,q_proj,49,0.9999717473983765
stacked_lora,mnli,fixed_gates,0,q_proj,50,0.9999758005142212
stacked_lora,mnli,fixed_gates,0,v_proj,1,0.9999907612800598
stacked_lora,mnli,fixed_gates,0,v_proj,2,0.9993745684623718
stacked_lora,mnli,fixed_gates,0,v_proj,3,0.9994662404060364
stacked_lora,mnli,fixed_gates,0,v_proj,4,0.9999736547470093
stacked_lora,mnli,fixed_gates,0,v_proj,5,0.9999326467514038
stacked_lora,mnli,fixed_gates,0,v_proj,6,0.9996849298477173
stacked_lora,mnli,fixed_gates,0,v_proj,7,0.9997650384902954
stacked_lora,mnli,fixed_gates,0,v_proj,8,0.9996551275253296
stacked_lora,mnli,fixed_gates,0,v_proj,9,0.9995748996734619
stacked_lora,mnli,fixed_gates,0,v_proj,10,0.9994276762008667
stacked_lora,mnli,fixed_gates,0,v_proj,11,0.9786585569381714
stacked_lora,mnli,fixed_gates,0,v_proj,12,0.9782708287239075
stacked_lora,mnli,fixed_gates,0,v_proj,13,0.9996705055236816
stacked_lora,mnli,fixed_gates,0,v_proj,14,0.999824047088623
stacked_lora,mnli,fixed_gates,0,v_proj,15,0.9996460676193237
stacked_lora,mnli,fixed_gates,0,v_proj,16,0.998328685760498
stacked_lora,mnli,fixed_gates,0,v_proj,17,0.9986753463745117
stacked_lora,mnli,fixed_gates,0,v_proj,18,0.9996417760848999
stacked_lora,mnli,fixed_gates,0,v_proj,19,0.9990382790565491
stacked_lora,mnli,fixed_gates,0,v_proj,20,0.9988881349563599
stacked_lora,mnli,fixed_gates,0,v_proj,21,0.998691201210022
stacked_lora,mnli,fixed_gates,0,v_proj,22,0.9981570243835449
stacked_lora,mnli,fixed_gates,0,v_proj,23,0.9979422092437744
stacked_lora,mnli,fixed_gates,0,v_proj,24,0.9986512660980225
stacked_lora,mnli,fixed_gates,0,v_proj,25,0.9986186027526855
stacked_lora,mnli,fixed_gates,0,v_proj,26,0.9972112774848938
stacked_lora,mnli,fixed_gates,0,v_proj,27,0.9900054335594177
stacked_lora,mnli,fixed_gates,0,v_proj,28,0.996246337890625
stacked_lora,mnli,fixed_gates,0,v_proj,29,0.9606714248657227
stacked_lora,mnli,fixed_gates,0,v_proj,30,0.9563729763031006
stacked_lora,mnli,fixed_gates,0,v_proj,31,0.9955353736877441
stacked_lora,mnli,fixed_gates,0,v_proj,32,0.9883692860603333
stacked_lora,mnli,fixed_gates,0,v_proj,33,0.9976320266723633
stacked_lora,mnli,fixed_gates,0,v_proj,34,0.9961076378822327
stacked_lora,mnli,fixed_gates,0,v_proj,35,0.9901235103607178
stacked_lora,mnli,fixed_gates,0,v_proj,36,0.9930983185768127
stacked_lora,mnli,fixed_gates,0,v_proj,37,0.9964218139648438
stacked_lora,mnli,fixed_gates,0,v_proj,38,0.7079051733016968
stacked_lora,mnli,fixed_gates,0,v_proj,39,0.7156662940979004
stacked_lora,mnli,fixed_gates,0,v_proj,40,0.9980672597885132
stacked_lora,mnli,fixed_gates,0,v_proj,41,0.9956299066543579
stacked_lora,mnli,fixed_gates,0,v_proj,42,0.9984731078147888
stacked_lora,mnli,fixed_gates,0,v_proj,43,0.995398759841919
stacked_lora,mnli,fixed_gates,0,v_proj,44,0.9956620335578918
stacked_lora,mnli,fixed_gates,0,v_proj,45,0.9971322417259216
stacked_lora,mnli,fixed_gates,0,v_proj,46,0.9983916878700256
stacked_lora,mnli,fixed_gates,0,v_proj,47,0.998534083366394
stacked_lora,mnli,fixed_gates,0,v_proj,48,0.9986976385116577
stacked_lora,mnli,fixed_gates,0,v_proj,49,0.9950510859489441
stacked_lora,mnli,fixed_gates,0,v_proj,50,0.9961184859275818
stacked_lora,mnli,fixed_gates,0,up_proj,1,0.9999945759773254
stacked_lora,mnli,fixed_gates,0,up_proj,2,0.9999848008155823
stacked_lora,mnli,fixed_gates,0,up_proj,3,0.9999905228614807
stacked_lora,mnli,fixed_gates,0,up_proj,4,0.9999926090240479
stacked_lora,mnli,fixed_gates,0,up_proj,5,0.9999773502349854
stacked_lora,mnli,fixed_gates,0,up_proj,6,0.9998189210891724
stacked_lora,mnli,fixed_gates,0,up_proj,7,0.9998180270195007
stacked_lora,mnli,fixed_gates,0,up_proj,8,0.9999640583992004
stacked_lora,mnli,fixed_gates,0,up_proj,9,0.9999562501907349
stacked_lora,mnli,fixed_gates,0,up_proj,10,0.9999480247497559
stacked_lora,mnli,fixed_gates,0,up_proj,11,0.999897837638855
stacked_lora,mnli,fixed_gates,0,up_proj,12,0.9998427033424377
stacked_lora,mnli,fixed_gates,0,up_proj,13,0.9999030828475952
stacked_lora,mnli,fixed_gates,0,up_proj,14,0.9998656511306763
stacked_lora,mnli,fixed_gates,0,up_proj,15,0.9999082684516907
stacked_lora,mnli,fixed_gates,0,up_proj,16,0.9999265670776367
stacked_lora,mnli,fixed_gates,0,up_proj,17,0.9995967149734497
stacked_lora,mnli,fixed_gates,0,up_proj,18,0.9995700716972351
stacked_lora,mnli,fixed_gates,0,up_proj,19,0.9999206066131592
stacked_lora,mnli,fixed_gates,0,up_proj,20,0.9998436570167542
stacked_lora,mnli,fixed_gates,0,up_proj,21,0.9997731447219849
stacked_lora,mnli,fixed_gates,0,up_proj,22,0.999837338924408
stacked_lora,mnli,fixed_gates,0,up_proj,23,0.9999732375144958
stacked_lora,mnli,fixed_gates,0,up_proj,24,0.9999716281890869
stacked_lora,mnli,fixed_gates,0,up_proj,25,0.9999669194221497
stacked_lora,mnli,fixed_gates,0,up_proj,26,0.9996157884597778
stacked_lora,mnli,fixed_gates,0,up_proj,27,0.9993836879730225
stacked_lora,mnli,fixed_gates,0,up_proj,28,0.9996178150177002
stacked_lora,mnli,fixed_gates,0,up_proj,29,0.9999216198921204
stacked_lora,mnli,fixed_gates,0,up_proj,30,0.9999432563781738
stacked_lora,mnli,fixed_gates,0,up_proj,31,0.9999531507492065
stacked_lora,mnli,fixed_gates,0,up_proj,32,0.9999364018440247
stacked_lora,mnli,fixed_gates,0,up_proj,33,0.9999263882637024
stacked_lora,mnli,fixed_gates,0,up_proj,34,0.9999262690544128
stacked_lora,mnli,fixed_gates,0,up_proj,35,0.9999553561210632
stacked_lora,mnli,fixed_gates,0,up_proj,36,0.9999269247055054
stacked_lora,mnli,fixed_gates,0,up_proj,37,0.9996591210365295
stacked_lora,mnli,fixed_gates,0,up_proj,38,0.9994738101959229
stacked_lora,mnli,fixed_gates,0,up_proj,39,0.9997325539588928
stacked_lora,mnli,fixed_gates,0,up_proj,40,0.9998522996902466
stacked_lora,mnli,fixed_gates,0,up_proj,41,0.9997366070747375
stacked_lora,mnli,fixed_gates,0,up_proj,42,0.9992671012878418
stacked_lora,mnli,fixed_gates,0,up_proj,43,0.9993981122970581
stacked_lora,mnli,fixed_gates,0,up_proj,44,0.9996625781059265
stacked_lora,mnli,fixed_gates,0,up_proj,45,0.9998200535774231
stacked_lora,mnli,fixed_gates,0,up_proj,46,0.9997597336769104
stacked_lora,mnli,fixed_gates,0,up_proj,47,0.9998546838760376
stacked_lora,mnli,fixed_gates,0,up_proj,48,0.9994780421257019
stacked_lora,mnli,fixed_gates,0,up_proj,49,0.9994301199913025
stacked_lora,mnli,fixed_gates,0,up_proj,50,0.9992259740829468
stacked_lora,mnli,fixed_gates,0,down_proj,1,0.9999901056289673
stacked_lora,mnli,fixed_gates,0,down_proj,2,0.9999991059303284
stacked_lora,mnli,fixed_gates,0,down_proj,3,0.9999977350234985
stacked_lora,mnli,fixed_gates,0,down_proj,4,0.9999911189079285
stacked_lora,mnli,fixed_gates,0,down_proj,5,0.999993622303009
stacked_lora,mnli,fixed_gates,0,down_proj,6,0.9999768733978271
stacked_lora,mnli,fixed_gates,0,down_proj,7,0.9999672174453735
stacked_lora,mnli,fixed_gates,0,down_proj,8,0.9999663829803467
stacked_lora,mnli,fixed_gates,0,down_proj,9,0.9997152090072632
stacked_lora,mnli,fixed_gates,0,down_proj,10,0.9997174143791199
stacked_lora,mnli,fixed_gates,0,down_proj,11,0.9999819993972778
stacked_lora,mnli,fixed_gates,0,down_proj,12,0.9998853206634521
stacked_lora,mnli,fixed_gates,0,down_proj,13,0.9999422430992126
stacked_lora,mnli,fixed_gates,0,down_proj,14,0.9999897480010986
stacked_lora,mnli,fixed_gates,0,down_proj,15,0.999984622001648
stacked_lora,mnli,fixed_gates,0,down_proj,16,0.9999412298202515
stacked_lora,mnli,fixed_gates,0,down_proj,17,0.9981151223182678
stacked_lora,mnli,fixed_gates,0,down_proj,18,0.9981308579444885
stacked_lora,mnli,fixed_gates,0,down_proj,19,0.9999217987060547
stacked_lora,mnli,fixed_gates,0,down_proj,20,0.9600524306297302
stacked_lora,mnli,fixed_gates,0,down_proj,21,0.9599823951721191
stacked_lora,mnli,fixed_gates,0,down_proj,22,0.9995076060295105
stacked_lora,mnli,fixed_gates,0,down_proj,23,0.9995527267456055
stacked_lora,mnli,fixed_gates,0,down_proj,24,0.9998100996017456
stacked_lora,mnli,fixed_gates,0,down_proj,25,0.9997403025627136
stacked_lora,mnli,fixed_gates,0,down_proj,26,0.9996474981307983
stacked_lora,mnli,fixed_gates,0,down_proj,27,0.9999481439590454
stacked_lora,mnli,fixed_gates,0,down_proj,28,0.9999384880065918
stacked_lora,mnli,fixed_gates,0,down_proj,29,0.9999290108680725
stacked_lora,mnli,fixed_gates,0,down_proj,30,0.9999062418937683
stacked_lora,mnli,fixed_gates,0,down_proj,31,0.9999735951423645
stacked_lora,mnli,fixed_gates,0,down_proj,32,0.9998525977134705
stacked_lora,mnli,fixed_gates,0,down_proj,33,0.999714732170105
stacked_lora,mnli,fixed_gates,0,down_proj,34,0.999907910823822
stacked_lora,mnli,fixed_gates,0,down_proj,35,0.9998912811279297
stacked_lora,mnli,fixed_gates,0,down_proj,36,0.9996475577354431
stacked_lora,mnli,fixed_gates,0,down_proj,37,0.9995948672294617
stacked_lora,mnli,fixed_gates,0,down_proj,38,0.9998438954353333
stacked_lora,mnli,fixed_gates,0,down_proj,39,0.9999260306358337
stacked_lora,mnli,fixed_gates,0,down_proj,40,0.9987936615943909
stacked_lora,mnli,fixed_gates,0,down_proj,41,0.9989018440246582
stacked_lora,mnli,fixed_gates,0,down_proj,42,0.9999502897262573
stacked_lora,mnli,fixed_gates,0,down_proj,43,0.9999462366104126
stacked_lora,mnli,fixed_gates,0,down_proj,44,0.9992872476577759
stacked_lora,mnli,fixed_gates,0,down_proj,45,0.999279797077179
stacked_lora,mnli,fixed_gates,0,down_proj,46,0.9997822046279907
stacked_lora,mnli,fixed_gates,0,down_proj,47,0.999086856842041
stacked_lora,mnli,fixed_gates,0,down_proj,48,0.9990333318710327
stacked_lora,mnli,fixed_gates,0,down_proj,49,0.9999597668647766
stacked_lora,mnli,fixed_gates,0,down_proj,50,0.9984729290008545
stacked_lora,mnli,fixed_gates,8,q_proj,1,0.9999691843986511
stacked_lora,mnli,fixed_gates,8,q_proj,2,0.9999914765357971
stacked_lora,mnli,fixed_gates,8,q_proj,3,0.9999930262565613
stacked_lora,mnli,fixed_gates,8,q_proj,4,0.9999974966049194
stacked_lora,mnli,fixed_gates,8,q_proj,5,0.9999760985374451
stacked_lora,mnli,fixed_gates,8,q_proj,6,0.9999915361404419
stacked_lora,mnli,fixed_gates,8,q_proj,7,0.9999909400939941
stacked_lora,mnli,fixed_gates,8,q_proj,8,0.999770998954773
stacked_lora,mnli,fixed_gates,8,q_proj,9,0.9997940063476562
stacked_lora,mnli,fixed_gates,8,q_proj,10,0.9999828338623047
stacked_lora,mnli,fixed_gates,8,q_proj,11,0.9999959468841553
stacked_lora,mnli,fixed_gates,8,q_proj,12,0.9999943375587463
stacked_lora,mnli,fixed_gates,8,q_proj,13,0.9999394416809082
stacked_lora,mnli,fixed_gates,8,q_proj,14,0.9999462962150574
stacked_lora,mnli,fixed_gates,8,q_proj,15,0.9998512268066406
stacked_lora,mnli,fixed_gates,8,q_proj,16,0.9996415972709656
stacked_lora,mnli,fixed_gates,8,q_proj,17,0.9996381998062134
stacked_lora,mnli,fixed_gates,8,q_proj,18,0.9999942779541016
stacked_lora,mnli,fixed_gates,8,q_proj,19,0.9999439120292664
stacked_lora,mnli,fixed_gates,8,q_proj,20,0.999977707862854
stacked_lora,mnli,fixed_gates,8,q_proj,21,0.9999956488609314
stacked_lora,mnli,fixed_gates,8,q_proj,22,0.9999587535858154
stacked_lora,mnli,fixed_gates,8,q_proj,23,0.9998663663864136
stacked_lora,mnli,fixed_gates,8,q_proj,24,0.9999083280563354
stacked_lora,mnli,fixed_gates,8,q_proj,25,0.9998713731765747
stacked_lora,mnli,fixed_gates,8,q_proj,26,0.9999815821647644
stacked_lora,mnli,fixed_gates,8,q_proj,27,0.9999573230743408
stacked_lora,mnli,fixed_gates,8,q_proj,28,0.9999787211418152
stacked_lora,mnli,fixed_gates,8,q_proj,29,0.9999661445617676
stacked_lora,mnli,fixed_gates,8,q_proj,30,0.9999909400939941
stacked_lora,mnli,fixed_gates,8,q_proj,31,0.999769389629364
stacked_lora,mnli,fixed_gates,8,q_proj,32,0.9997081756591797
stacked_lora,mnli,fixed_gates,8,q_proj,33,0.9998301863670349
stacked_lora,mnli,fixed_gates,8,q_proj,34,0.9998762607574463
stacked_lora,mnli,fixed_gates,8,q_proj,35,0.9998186826705933
stacked_lora,mnli,fixed_gates,8,q_proj,36,0.9998770356178284
stacked_lora,mnli,fixed_gates,8,q_proj,37,0.9996410012245178
stacked_lora,mnli,fixed_gates,8,q_proj,38,0.9989315867424011
stacked_lora,mnli,fixed_gates,8,q_proj,39,0.9989212155342102
stacked_lora,mnli,fixed_gates,8,q_proj,40,0.9993206262588501
stacked_lora,mnli,fixed_gates,8,q_proj,41,0.9999645352363586
stacked_lora,mnli,fixed_gates,8,q_proj,42,0.9998250007629395
stacked_lora,mnli,fixed_gates,8,q_proj,43,0.9997273087501526
stacked_lora,mnli,fixed_gates,8,q_proj,44,0.9998756647109985
stacked_lora,mnli,fixed_gates,8,q_proj,45,0.9997361898422241
stacked_lora,mnli,fixed_gates,8,q_proj,46,0.9999859929084778
stacked_lora,mnli,fixed_gates,8,q_proj,47,0.9999948143959045
stacked_lora,mnli,fixed_gates,8,q_proj,48,0.9999582171440125
stacked_lora,mnli,fixed_gates,8,q_proj,49,0.9999243021011353
stacked_lora,mnli,fixed_gates,8,q_proj,50,0.9999327063560486
stacked_lora,mnli,fixed_gates,8,v_proj,1,0.9937770366668701
stacked_lora,mnli,fixed_gates,8,v_proj,2,0.9940008521080017
stacked_lora,mnli,fixed_gates,8,v_proj,3,0.9998015761375427
stacked_lora,mnli,fixed_gates,8,v_proj,4,0.9997183084487915
stacked_lora,mnli,fixed_gates,8,v_proj,5,0.9990345239639282
stacked_lora,mnli,fixed_gates,8,v_proj,6,0.9964002370834351
stacked_lora,mnli,fixed_gates,8,v_proj,7,0.9963819980621338
stacked_lora,mnli,fixed_gates,8,v_proj,8,0.9971696138381958
stacked_lora,mnli,fixed_gates,8,v_proj,9,0.9971395134925842
stacked_lora,mnli,fixed_gates,8,v_proj,10,0.9984043836593628
stacked_lora,mnli,fixed_gates,8,v_proj,11,0.998500406742096
stacked_lora,mnli,fixed_gates,8,v_proj,12,0.9991045594215393
stacked_lora,mnli,fixed_gates,8,v_proj,13,0.9950571060180664
stacked_lora,mnli,fixed_gates,8,v_proj,14,0.9944711923599243
stacked_lora,mnli,fixed_gates,8,v_proj,15,0.9969936013221741
stacked_lora,mnli,fixed_gates,8,v_proj,16,0.9992581009864807
stacked_lora,mnli,fixed_gates,8,v_proj,17,0.9986883401870728
stacked_lora,mnli,fixed_gates,8,v_proj,18,0.9993080496788025
stacked_lora,mnli,fixed_gates,8,v_proj,19,0.9993048310279846
stacked_lora,mnli,fixed_gates,8,v_proj,20,0.9989703297615051
stacked_lora,mnli,fixed_gates,8,v_proj,21,0.9980558156967163
stacked_lora,mnli,fixed_gates,8,v_proj,22,0.9870384335517883
stacked_lora,mnli,fixed_gates,8,v_proj,23,0.9840844869613647
stacked_lora,mnli,fixed_gates,8,v_proj,24,0.9993781447410583
stacked_lora,mnli,fixed_gates,8,v_proj,25,0.9971092939376831
stacked_lora,mnli,fixed_gates,8,v_proj,26,0.9978131055831909
stacked_lora,mnli,fixed_gates,8,v_proj,27,0.9976195096969604
stacked_lora,mnli,fixed_gates,8,v_proj,28,0.9937149882316589
stacked_lora,mnli,fixed_gates,8,v_proj,29,0.9968444108963013
stacked_lora,mnli,fixed_gates,8,v_proj,30,0.9985746145248413
stacked_lora,mnli,fixed_gates,8,v_proj,31,0.9947651028633118
stacked_lora,mnli,fixed_gates,8,v_proj,32,0.9951909184455872
stacked_lora,mnli,fixed_gates,8,v_proj,33,0.9968563318252563
stacked_lora,mnli,fixed_gates,8,v_proj,34,0.9982789754867554
stacked_lora,mnli,fixed_gates,8,v_proj,35,0.996478259563446
stacked_lora,mnli,fixed_gates,8,v_proj,36,0.9959631562232971
stacked_lora,mnli,fixed_gates,8,v_proj,37,0.9982890486717224
stacked_lora,mnli,fixed_gates,8,v_proj,38,0.9980684518814087
stacked_lora,mnli,fixed_gates,8,v_proj,39,0.9927011132240295
stacked_lora,mnli,fixed_gates,8,v_proj,40,0.9952477216720581
stacked_lora,mnli,fixed_gates,8,v_proj,41,0.9992141723632812
stacked_lora,mnli,fixed_gates,8,v_proj,42,0.9989508986473083
stacked_lora,mnli,fixed_gates,8,v_proj,43,0.9980595111846924
stacked_lora,mnli,fixed_gates,8,v_proj,44,0.9975337386131287
stacked_lora,mnli,fixed_gates,8,v_proj,45,0.9976916313171387
stacked_lora,mnli,fixed_gates,8,v_proj,46,0.997610330581665
stacked_lora,mnli,fixed_gates,8,v_proj,47,0.9972421526908875
stacked_lora,mnli,fixed_gates,8,v_proj,48,0.9974452257156372
stacked_lora,mnli,fixed_gates,8,v_proj,49,0.9006874561309814
stacked_lora,mnli,fixed_gates,8,v_proj,50,0.8975026607513428
stacked_lora,mnli,fixed_gates,8,up_proj,1,0.9999974966049194
stacked_lora,mnli,fixed_gates,8,up_proj,2,0.9999913573265076
stacked_lora,mnli,fixed_gates,8,up_proj,3,0.9999873042106628
stacked_lora,mnli,fixed_gates,8,up_proj,4,0.9999890327453613
stacked_lora,mnli,fixed_gates,8,up_proj,5,0.9999842643737793
stacked_lora,mnli,fixed_gates,8,up_proj,6,0.9999738335609436
stacked_lora,mnli,fixed_gates,8,up_proj,7,0.9999912977218628
stacked_lora,mnli,fixed_gates,8,up_proj,8,0.9999684691429138
stacked_lora,mnli,fixed_gates,8,up_proj,9,0.999946653842926
stacked_lora,mnli,fixed_gates,8,up_proj,10,0.999924898147583
stacked_lora,mnli,fixed_gates,8,up_proj,11,0.9999740719795227
stacked_lora,mnli,fixed_gates,8,up_proj,12,0.9999507665634155
stacked_lora,mnli,fixed_gates,8,up_proj,13,0.9882888793945312
stacked_lora,mnli,fixed_gates,8,up_proj,14,0.9883191585540771
stacked_lora,mnli,fixed_gates,8,up_proj,15,0.9999765157699585
stacked_lora,mnli,fixed_gates,8,up_proj,16,0.999969482421875
stacked_lora,mnli,fixed_gates,8,up_proj,17,0.9999610185623169
stacked_lora,mnli,fixed_gates,8,up_proj,18,0.9999487400054932
stacked_lora,mnli,fixed_gates,8,up_proj,19,0.9998143315315247
stacked_lora,mnli,fixed_gates,8,up_proj,20,0.9996877312660217
stacked_lora,mnli,fixed_gates,8,up_proj,21,0.9998061656951904
stacked_lora,mnli,fixed_gates,8,up_proj,22,0.9997909069061279
stacked_lora,mnli,fixed_gates,8,up_proj,23,0.9952686429023743
stacked_lora,mnli,fixed_gates,8,up_proj,24,0.9952391982078552
stacked_lora,mnli,fixed_gates,8,up_proj,25,0.9999179840087891
stacked_lora,mnli,fixed_gates,8,up_proj,26,0.999688446521759
stacked_lora,mnli,fixed_gates,8,up_proj,27,0.9998179078102112
stacked_lora,mnli,fixed_gates,8,up_proj,28,0.9994725584983826
stacked_lora,mnli,fixed_gates,8,up_proj,29,0.9994528293609619
stacked_lora,mnli,fixed_gates,8,up_proj,30,0.9994074702262878
stacked_lora,mnli,fixed_gates,8,up_proj,31,0.9985391497612
stacked_lora,mnli,fixed_gates,8,up_proj,32,0.998405933380127
stacked_lora,mnli,fixed_gates,8,up_proj,33,0.9990674257278442
stacked_lora,mnli,fixed_gates,8,up_proj,34,0.9995568990707397
stacked_lora,mnli,fixed_gates,8,up_proj,35,0.9996480345726013
stacked_lora,mnli,fixed_gates,8,up_proj,36,0.9994071125984192
stacked_lora,mnli,fixed_gates,8,up_proj,37,0.9995788335800171
stacked_lora,mnli,fixed_gates,8,up_proj,38,0.9992778301239014
stacked_lora,mnli,fixed_gates,8,up_proj,39,0.9994392395019531
stacked_lora,mnli,fixed_gates,8,up_proj,40,0.9994417428970337
stacked_lora,mnli,fixed_gates,8,up_proj,41,0.9987015128135681
stacked_lora,mnli,fixed_gates,8,up_proj,42,0.9973218441009521
stacked_lora,mnli,fixed_gates,8,up_proj,43,0.9977506995201111
stacked_lora,mnli,fixed_gates,8,up_proj,44,0.9993680119514465
stacked_lora,mnli,fixed_gates,8,up_proj,45,0.9996584057807922
stacked_lora,mnli,fixed_gates,8,up_proj,46,0.9995502829551697
stacked_lora,mnli,fixed_gates,8,up_proj,47,0.9986470937728882
stacked_lora,mnli,fixed_gates,8,up_proj,48,0.9979070425033569
stacked_lora,mnli,fixed_gates,8,up_proj,49,0.9976294636726379
stacked_lora,mnli,fixed_gates,8,up_proj,50,0.9976590871810913
stacked_lora,mnli,fixed_gates,8,down_proj,1,0.9999998807907104
stacked_lora,mnli,fixed_gates,8,down_proj,2,1.0000001192092896
stacked_lora,mnli,fixed_gates,8,down_proj,3,1.0000003576278687
stacked_lora,mnli,fixed_gates,8,down_proj,4,1.0000004768371582
stacked_lora,mnli,fixed_gates,8,down_proj,5,0.9999967217445374
stacked_lora,mnli,fixed_gates,8,down_proj,6,0.9999979734420776
stacked_lora,mnli,fixed_gates,8,down_proj,7,0.9999931454658508
stacked_lora,mnli,fixed_gates,8,down_proj,8,0.9999974370002747
stacked_lora,mnli,fixed_gates,8,down_proj,9,0.9999977350234985
stacked_lora,mnli,fixed_gates,8,down_proj,10,0.9999922513961792
stacked_lora,mnli,fixed_gates,8,down_proj,11,0.9999541640281677
stacked_lora,mnli,fixed_gates,8,down_proj,12,0.9999526143074036
stacked_lora,mnli,fixed_gates,8,down_proj,13,0.9999672770500183
stacked_lora,mnli,fixed_gates,8,down_proj,14,0.9999691843986511
stacked_lora,mnli,fixed_gates,8,down_proj,15,0.9999903440475464
stacked_lora,mnli,fixed_gates,8,down_proj,16,0.9999949932098389
stacked_lora,mnli,fixed_gates,8,down_proj,17,0.9999905824661255
stacked_lora,mnli,fixed_gates,8,down_proj,18,0.9999716281890869
stacked_lora,mnli,fixed_gates,8,down_proj,19,0.9997643232345581
stacked_lora,mnli,fixed_gates,8,down_proj,20,0.9997615218162537
stacked_lora,mnli,fixed_gates,8,down_proj,21,0.9999808073043823
stacked_lora,mnli,fixed_gates,8,down_proj,22,0.9999942779541016
stacked_lora,mnli,fixed_gates,8,down_proj,23,0.9999804496765137
stacked_lora,mnli,fixed_gates,8,down_proj,24,0.9999862313270569
stacked_lora,mnli,fixed_gates,8,down_proj,25,0.9999831914901733
stacked_lora,mnli,fixed_gates,8,down_proj,26,0.9996699094772339
stacked_lora,mnli,fixed_gates,8,down_proj,27,0.9996336102485657
stacked_lora,mnli,fixed_gates,8,down_proj,28,0.9999526739120483
stacked_lora,mnli,fixed_gates,8,down_proj,29,0.9999884963035583
stacked_lora,mnli,fixed_gates,8,down_proj,30,0.9999577403068542
stacked_lora,mnli,fixed_gates,8,down_proj,31,0.9998552203178406
stacked_lora,mnli,fixed_gates,8,down_proj,32,0.9998663663864136
stacked_lora,mnli,fixed_gates,8,down_proj,33,0.9999334812164307
stacked_lora,mnli,fixed_gates,8,down_proj,34,0.9999626874923706
stacked_lora,mnli,fixed_gates,8,down_proj,35,0.9999141693115234
stacked_lora,mnli,fixed_gates,8,down_proj,36,0.9999609589576721
stacked_lora,mnli,fixed_gates,8,down_proj,37,0.9999787211418152
stacked_lora,mnli,fixed_gates,8,down_proj,38,0.999958872795105
stacked_lora,mnli,fixed_gates,8,down_proj,39,0.9999669194221497
stacked_lora,mnli,fixed_gates,8,down_proj,40,0.9999424815177917
stacked_lora,mnli,fixed_gates,8,down_proj,41,0.9997955560684204
stacked_lora,mnli,fixed_gates,8,down_proj,42,0.9996037483215332
stacked_lora,mnli,fixed_gates,8,down_proj,43,0.9997660517692566
stacked_lora,mnli,fixed_gates,8,down_proj,44,0.9999897480010986
stacked_lora,mnli,fixed_gates,8,down_proj,45,0.9999796152114868
stacked_lora,mnli,fixed_gates,8,down_proj,46,0.9999784827232361
stacked_lora,mnli,fixed_gates,8,down_proj,47,0.9999249577522278
stacked_lora,mnli,fixed_gates,8,down_proj,48,0.9999562501907349
stacked_lora,mnli,fixed_gates,8,down_proj,49,0.9998626708984375
stacked_lora,mnli,fixed_gates,8,down_proj,50,0.9998193383216858
stacked_lora,mnli,fixed_gates,15,q_proj,1,0.9999992251396179
stacked_lora,mnli,fixed_gates,15,q_proj,2,0.9999991655349731
stacked_lora,mnli,fixed_gates,15,q_proj,3,0.9999960660934448
stacked_lora,mnli,fixed_gates,15,q_proj,4,0.9999971389770508
stacked_lora,mnli,fixed_gates,15,q_proj,5,0.9999986886978149
stacked_lora,mnli,fixed_gates,15,q_proj,6,0.9999983906745911
stacked_lora,mnli,fixed_gates,15,q_proj,7,0.9999991655349731
stacked_lora,mnli,fixed_gates,15,q_proj,8,0.9999990463256836
stacked_lora,mnli,fixed_gates,15,q_proj,9,0.9999893307685852
stacked_lora,mnli,fixed_gates,15,q_proj,10,0.9999892711639404
stacked_lora,mnli,fixed_gates,15,q_proj,11,0.9999982714653015
stacked_lora,mnli,fixed_gates,15,q_proj,12,0.9999961256980896
stacked_lora,mnli,fixed_gates,15,q_proj,13,0.9999960660934448
stacked_lora,mnli,fixed_gates,15,q_proj,14,0.9999987483024597
stacked_lora,mnli,fixed_gates,15,q_proj,15,0.9999925494194031
stacked_lora,mnli,fixed_gates,15,q_proj,16,0.9999957084655762
stacked_lora,mnli,fixed_gates,15,q_proj,17,0.9999984502792358
stacked_lora,mnli,fixed_gates,15,q_proj,18,0.9999966621398926
stacked_lora,mnli,fixed_gates,15,q_proj,19,0.9999984502792358
stacked_lora,mnli,fixed_gates,15,q_proj,20,0.9999980330467224
stacked_lora,mnli,fixed_gates,15,q_proj,21,0.9999935626983643
stacked_lora,mnli,fixed_gates,15,q_proj,22,0.9999926686286926
stacked_lora,mnli,fixed_gates,15,q_proj,23,0.9999979734420776
stacked_lora,mnli,fixed_gates,15,q_proj,24,0.9999978542327881
stacked_lora,mnli,fixed_gates,15,q_proj,25,0.9999960064888
stacked_lora,mnli,fixed_gates,15,q_proj,26,0.9999943375587463
stacked_lora,mnli,fixed_gates,15,q_proj,27,0.9999967813491821
stacked_lora,mnli,fixed_gates,15,q_proj,28,0.9999498724937439
stacked_lora,mnli,fixed_gates,15,q_proj,29,0.9999510049819946
stacked_lora,mnli,fixed_gates,15,q_proj,30,0.9999979734420776
stacked_lora,mnli,fixed_gates,15,q_proj,31,0.9999809265136719
stacked_lora,mnli,fixed_gates,15,q_proj,32,0.9999811053276062
stacked_lora,mnli,fixed_gates,15,q_proj,33,0.9999982118606567
stacked_lora,mnli,fixed_gates,15,q_proj,34,0.9999926090240479
stacked_lora,mnli,fixed_gates,15,q_proj,35,0.999991238117218
stacked_lora,mnli,fixed_gates,15,q_proj,36,0.9999862909317017
stacked_lora,mnli,fixed_gates,15,q_proj,37,0.9999949932098389
stacked_lora,mnli,fixed_gates,15,q_proj,38,0.9999960064888
stacked_lora,mnli,fixed_gates,15,q_proj,39,0.9999932050704956
stacked_lora,mnli,fixed_gates,15,q_proj,40,0.9999949932098389
stacked_lora,mnli,fixed_gates,15,q_proj,41,0.9999967813491821
stacked_lora,mnli,fixed_gates,15,q_proj,42,0.9999854564666748
stacked_lora,mnli,fixed_gates,15,q_proj,43,0.9999881982803345
stacked_lora,mnli,fixed_gates,15,q_proj,44,0.9999626278877258
stacked_lora,mnli,fixed_gates,15,q_proj,45,0.9999695420265198
stacked_lora,mnli,fixed_gates,15,q_proj,46,0.9999956488609314
stacked_lora,mnli,fixed_gates,15,q_proj,47,0.9999935626983643
stacked_lora,mnli,fixed_gates,15,q_proj,48,0.9999910593032837
stacked_lora,mnli,fixed_gates,15,q_proj,49,0.9999898076057434
stacked_lora,mnli,fixed_gates,15,q_proj,50,0.9998472332954407
stacked_lora,mnli,fixed_gates,15,v_proj,1,0.9999959468841553
stacked_lora,mnli,fixed_gates,15,v_proj,2,0.999996542930603
stacked_lora,mnli,fixed_gates,15,v_proj,3,0.9999951124191284
stacked_lora,mnli,fixed_gates,15,v_proj,4,0.9999967217445374
stacked_lora,mnli,fixed_gates,15,v_proj,5,0.999996542930603
stacked_lora,mnli,fixed_gates,15,v_proj,6,0.9999969601631165
stacked_lora,mnli,fixed_gates,15,v_proj,7,0.9999958276748657
stacked_lora,mnli,fixed_gates,15,v_proj,8,0.9999958276748657
stacked_lora,mnli,fixed_gates,15,v_proj,9,0.9999879598617554
stacked_lora,mnli,fixed_gates,15,v_proj,10,0.9999744892120361
stacked_lora,mnli,fixed_gates,15,v_proj,11,0.9999756813049316
stacked_lora,mnli,fixed_gates,15,v_proj,12,0.999954879283905
stacked_lora,mnli,fixed_gates,15,v_proj,13,0.999940812587738
stacked_lora,mnli,fixed_gates,15,v_proj,14,0.9999444484710693
stacked_lora,mnli,fixed_gates,15,v_proj,15,0.9999126195907593
stacked_lora,mnli,fixed_gates,15,v_proj,16,0.9999659061431885
stacked_lora,mnli,fixed_gates,15,v_proj,17,0.9999799132347107
stacked_lora,mnli,fixed_gates,15,v_proj,18,0.9999921321868896
stacked_lora,mnli,fixed_gates,15,v_proj,19,0.9999805092811584
stacked_lora,mnli,fixed_gates,15,v_proj,20,0.9999759793281555
stacked_lora,mnli,fixed_gates,15,v_proj,21,0.9998911619186401
stacked_lora,mnli,fixed_gates,15,v_proj,22,0.9998995065689087
stacked_lora,mnli,fixed_gates,15,v_proj,23,0.9999895095825195
stacked_lora,mnli,fixed_gates,15,v_proj,24,0.9999856948852539
stacked_lora,mnli,fixed_gates,15,v_proj,25,0.9999268651008606
stacked_lora,mnli,fixed_gates,15,v_proj,26,0.9999143481254578
stacked_lora,mnli,fixed_gates,15,v_proj,27,0.9999791979789734
stacked_lora,mnli,fixed_gates,15,v_proj,28,0.9999353885650635
stacked_lora,mnli,fixed_gates,15,v_proj,29,0.999965250492096
stacked_lora,mnli,fixed_gates,15,v_proj,30,0.9999668598175049
stacked_lora,mnli,fixed_gates,15,v_proj,31,0.9999806880950928
stacked_lora,mnli,fixed_gates,15,v_proj,32,0.9999264478683472
stacked_lora,mnli,fixed_gates,15,v_proj,33,0.999914288520813
stacked_lora,mnli,fixed_gates,15,v_proj,34,0.9999611377716064
stacked_lora,mnli,fixed_gates,15,v_proj,35,0.9999392628669739
stacked_lora,mnli,fixed_gates,15,v_proj,36,0.9987633228302002
stacked_lora,mnli,fixed_gates,15,v_proj,37,0.9987314343452454
stacked_lora,mnli,fixed_gates,15,v_proj,38,0.9999356269836426
stacked_lora,mnli,fixed_gates,15,v_proj,39,0.9999510049819946
stacked_lora,mnli,fixed_gates,15,v_proj,40,0.9999475479125977
stacked_lora,mnli,fixed_gates,15,v_proj,41,0.9999551177024841
stacked_lora,mnli,fixed_gates,15,v_proj,42,0.9999434351921082
stacked_lora,mnli,fixed_gates,15,v_proj,43,0.9996816515922546
stacked_lora,mnli,fixed_gates,15,v_proj,44,0.9996883869171143
stacked_lora,mnli,fixed_gates,15,v_proj,45,0.9999618530273438
stacked_lora,mnli,fixed_gates,15,v_proj,46,0.9999629855155945
stacked_lora,mnli,fixed_gates,15,v_proj,47,0.9999492168426514
stacked_lora,mnli,fixed_gates,15,v_proj,48,0.999962329864502
stacked_lora,mnli,fixed_gates,15,v_proj,49,0.9999751448631287
stacked_lora,mnli,fixed_gates,15,v_proj,50,0.9999270439147949
stacked_lora,mnli,fixed_gates,15,up_proj,1,1.0
stacked_lora,mnli,fixed_gates,15,up_proj,2,0.9999998807907104
stacked_lora,mnli,fixed_gates,15,up_proj,3,1.0
stacked_lora,mnli,fixed_gates,15,up_proj,4,0.9999991059303284
stacked_lora,mnli,fixed_gates,15,up_proj,5,0.9999994039535522
stacked_lora,mnli,fixed_gates,15,up_proj,6,0.9999986290931702
stacked_lora,mnli,fixed_gates,15,up_proj,7,1.0
stacked_lora,mnli,fixed_gates,15,up_proj,8,0.9999973773956299
stacked_lora,mnli,fixed_gates,15,up_proj,9,0.9999956488609314
stacked_lora,mnli,fixed_gates,15,up_proj,10,0.9999955892562866
stacked_lora,mnli,fixed_gates,15,up_proj,11,0.9999989867210388
stacked_lora,mnli,fixed_gates,15,up_proj,12,0.9999979734420776
stacked_lora,mnli,fixed_gates,15,up_proj,13,0.9999974370002747
stacked_lora,mnli,fixed_gates,15,up_proj,14,0.9999985694885254
stacked_lora,mnli,fixed_gates,15,up_proj,15,0.9999982118606567
stacked_lora,mnli,fixed_gates,15,up_proj,16,0.9999953508377075
stacked_lora,mnli,fixed_gates,15,up_proj,17,0.9999959468841553
stacked_lora,mnli,fixed_gates,15,up_proj,18,0.9999989867210388
stacked_lora,mnli,fixed_gates,15,up_proj,19,0.9999945163726807
stacked_lora,mnli,fixed_gates,15,up_proj,20,0.9999953508377075
stacked_lora,mnli,fixed_gates,15,up_proj,21,0.9999962449073792
stacked_lora,mnli,fixed_gates,15,up_proj,22,0.999996542930603
stacked_lora,mnli,fixed_gates,15,up_proj,23,0.9999901652336121
stacked_lora,mnli,fixed_gates,15,up_proj,24,0.9999837279319763
stacked_lora,mnli,fixed_gates,15,up_proj,25,0.9999837875366211
stacked_lora,mnli,fixed_gates,15,up_proj,26,0.999987006187439
stacked_lora,mnli,fixed_gates,15,up_proj,27,0.9999920129776001
stacked_lora,mnli,fixed_gates,15,up_proj,28,0.9999892711639404
stacked_lora,mnli,fixed_gates,15,up_proj,29,0.9999821782112122
stacked_lora,mnli,fixed_gates,15,up_proj,30,0.9999866485595703
stacked_lora,mnli,fixed_gates,15,up_proj,31,0.9999947547912598
stacked_lora,mnli,fixed_gates,15,up_proj,32,0.9999931454658508
stacked_lora,mnli,fixed_gates,15,up_proj,33,0.9999797940254211
stacked_lora,mnli,fixed_gates,15,up_proj,34,0.9999760389328003
stacked_lora,mnli,fixed_gates,15,up_proj,35,0.9999924302101135
stacked_lora,mnli,fixed_gates,15,up_proj,36,0.9999720454216003
stacked_lora,mnli,fixed_gates,15,up_proj,37,0.9999542236328125
stacked_lora,mnli,fixed_gates,15,up_proj,38,0.9999801516532898
stacked_lora,mnli,fixed_gates,15,up_proj,39,0.9999908804893494
stacked_lora,mnli,fixed_gates,15,up_proj,40,0.999984622001648
stacked_lora,mnli,fixed_gates,15,up_proj,41,0.9999657273292542
stacked_lora,mnli,fixed_gates,15,up_proj,42,0.9999426007270813
stacked_lora,mnli,fixed_gates,15,up_proj,43,0.9999598264694214
stacked_lora,mnli,fixed_gates,15,up_proj,44,0.999974250793457
stacked_lora,mnli,fixed_gates,15,up_proj,45,0.9999733567237854
stacked_lora,mnli,fixed_gates,15,up_proj,46,0.9999659061431885
stacked_lora,mnli,fixed_gates,15,up_proj,47,0.999962329864502
stacked_lora,mnli,fixed_gates,15,up_proj,48,0.9998745918273926
stacked_lora,mnli,fixed_gates,15,up_proj,49,0.9999011754989624
stacked_lora,mnli,fixed_gates,15,up_proj,50,0.9999754428863525
stacked_lora,mnli,fixed_gates,15,down_proj,1,0.9999999403953552
stacked_lora,mnli,fixed_gates,15,down_proj,2,0.9999992251396179
stacked_lora,mnli,fixed_gates,15,down_proj,3,0.9999997019767761
stacked_lora,mnli,fixed_gates,15,down_proj,4,1.0000001192092896
stacked_lora,mnli,fixed_gates,15,down_proj,5,0.9999998211860657
stacked_lora,mnli,fixed_gates,15,down_proj,6,1.0
stacked_lora,mnli,fixed_gates,15,down_proj,7,0.9999996423721313
stacked_lora,mnli,fixed_gates,15,down_proj,8,0.9999986886978149
stacked_lora,mnli,fixed_gates,15,down_proj,9,0.9999989867210388
stacked_lora,mnli,fixed_gates,15,down_proj,10,0.9999985694885254
stacked_lora,mnli,fixed_gates,15,down_proj,11,0.9999911189079285
stacked_lora,mnli,fixed_gates,15,down_proj,12,0.9999905228614807
stacked_lora,mnli,fixed_gates,15,down_proj,13,0.9999967217445374
stacked_lora,mnli,fixed_gates,15,down_proj,14,0.9999925494194031
stacked_lora,mnli,fixed_gates,15,down_proj,15,0.9999978542327881
stacked_lora,mnli,fixed_gates,15,down_proj,16,0.999993622303009
stacked_lora,mnli,fixed_gates,15,down_proj,17,0.9999898672103882
stacked_lora,mnli,fixed_gates,15,down_proj,18,0.9999945759773254
stacked_lora,mnli,fixed_gates,15,down_proj,19,0.9999812245368958
stacked_lora,mnli,fixed_gates,15,down_proj,20,0.999986469745636
stacked_lora,mnli,fixed_gates,15,down_proj,21,0.9999827742576599
stacked_lora,mnli,fixed_gates,15,down_proj,22,0.9999598264694214
stacked_lora,mnli,fixed_gates,15,down_proj,23,0.9999582767486572
stacked_lora,mnli,fixed_gates,15,down_proj,24,0.9999946355819702
stacked_lora,mnli,fixed_gates,15,down_proj,25,0.9999930262565613
stacked_lora,mnli,fixed_gates,15,down_proj,26,0.9998357892036438
stacked_lora,mnli,fixed_gates,15,down_proj,27,0.9998311996459961
stacked_lora,mnli,fixed_gates,15,down_proj,28,0.9999920129776001
stacked_lora,mnli,fixed_gates,15,down_proj,29,0.9999929070472717
stacked_lora,mnli,fixed_gates,15,down_proj,30,0.9999933242797852
stacked_lora,mnli,fixed_gates,15,down_proj,31,0.999994158744812
stacked_lora,mnli,fixed_gates,15,down_proj,32,0.9999897480010986
stacked_lora,mnli,fixed_gates,15,down_proj,33,0.9999862313270569
stacked_lora,mnli,fixed_gates,15,down_proj,34,0.9999424815177917
stacked_lora,mnli,fixed_gates,15,down_proj,35,0.9999338984489441
stacked_lora,mnli,fixed_gates,15,down_proj,36,0.9995966553688049
stacked_lora,mnli,fixed_gates,15,down_proj,37,0.9995816946029663
stacked_lora,mnli,fixed_gates,15,down_proj,38,0.9999581575393677
stacked_lora,mnli,fixed_gates,15,down_proj,39,0.9995981454849243
stacked_lora,mnli,fixed_gates,15,down_proj,40,0.9995518922805786
stacked_lora,mnli,fixed_gates,15,down_proj,41,0.9998639225959778
stacked_lora,mnli,fixed_gates,15,down_proj,42,0.9999637603759766
stacked_lora,mnli,fixed_gates,15,down_proj,43,0.9999749660491943
stacked_lora,mnli,fixed_gates,15,down_proj,44,0.9999738335609436
stacked_lora,mnli,fixed_gates,15,down_proj,45,0.999983012676239
stacked_lora,mnli,fixed_gates,15,down_proj,46,0.999976634979248
stacked_lora,mnli,fixed_gates,15,down_proj,47,0.9999665021896362
stacked_lora,mnli,fixed_gates,15,down_proj,48,0.9999576210975647
stacked_lora,mnli,fixed_gates,15,down_proj,49,0.9999763369560242
stacked_lora,mnli,fixed_gates,15,down_proj,50,0.9999639987945557
stacked_lora,qqp,fixed_gates,0,q_proj,1,1.0000005960464478
stacked_lora,qqp,fixed_gates,0,q_proj,2,0.9999992847442627
stacked_lora,qqp,fixed_gates,0,q_proj,3,0.9999997615814209
stacked_lora,qqp,fixed_gates,0,q_proj,4,0.9999990463256836
stacked_lora,qqp,fixed_gates,0,q_proj,5,0.9999992847442627
stacked_lora,qqp,fixed_gates,0,q_proj,6,0.9999991655349731
stacked_lora,qqp,fixed_gates,0,q_proj,7,0.9999964833259583
stacked_lora,qqp,fixed_gates,0,q_proj,8,0.9999964833259583
stacked_lora,qqp,fixed_gates,0,q_proj,9,0.9999992847442627
stacked_lora,qqp,fixed_gates,0,q_proj,10,0.9999985694885254
stacked_lora,qqp,fixed_gates,0,q_proj,11,0.9999977946281433
stacked_lora,qqp,fixed_gates,0,q_proj,12,0.9999938011169434
stacked_lora,qqp,fixed_gates,0,q_proj,13,0.9999935030937195
stacked_lora,qqp,fixed_gates,0,q_proj,14,0.9999954700469971
stacked_lora,qqp,fixed_gates,0,q_proj,15,0.9999616742134094
stacked_lora,qqp,fixed_gates,0,q_proj,16,0.9999610781669617
stacked_lora,qqp,fixed_gates,0,q_proj,17,0.9999935030937195
stacked_lora,qqp,fixed_gates,0,q_proj,18,0.9999779462814331
stacked_lora,qqp,fixed_gates,0,q_proj,19,0.99997478723526
stacked_lora,qqp,fixed_gates,0,q_proj,20,0.9999896883964539
stacked_lora,qqp,fixed_gates,0,q_proj,21,0.9999772906303406
stacked_lora,qqp,fixed_gates,0,q_proj,22,0.9999884366989136
stacked_lora,qqp,fixed_gates,0,q_proj,23,0.9999824166297913
stacked_lora,qqp,fixed_gates,0,q_proj,24,0.9999852180480957
stacked_lora,qqp,fixed_gates,0,q_proj,25,0.9999842047691345
stacked_lora,qqp,fixed_gates,0,q_proj,26,0.9999947547912598
stacked_lora,qqp,fixed_gates,0,q_proj,27,0.9999698400497437
stacked_lora,qqp,fixed_gates,0,q_proj,28,0.9999708533287048
stacked_lora,qqp,fixed_gates,0,q_proj,29,0.9999832510948181
stacked_lora,qqp,fixed_gates,0,q_proj,30,0.9999815821647644
stacked_lora,qqp,fixed_gates,0,q_proj,31,0.9999908208847046
stacked_lora,qqp,fixed_gates,0,q_proj,32,0.9999406337738037
stacked_lora,qqp,fixed_gates,0,q_proj,33,0.9999455809593201
stacked_lora,qqp,fixed_gates,0,q_proj,34,0.9999810457229614
stacked_lora,qqp,fixed_gates,0,q_proj,35,0.9999796152114868
stacked_lora,qqp,fixed_gates,0,q_proj,36,0.9999376535415649
stacked_lora,qqp,fixed_gates,0,q_proj,37,0.9999203681945801
stacked_lora,qqp,fixed_gates,0,q_proj,38,0.9999355673789978
stacked_lora,qqp,fixed_gates,0,q_proj,39,0.9999666213989258
stacked_lora,qqp,fixed_gates,0,q_proj,40,0.9999783635139465
stacked_lora,qqp,fixed_gates,0,q_proj,41,0.9999620914459229
stacked_lora,qqp,fixed_gates,0,q_proj,42,0.9999866485595703
stacked_lora,qqp,fixed_gates,0,q_proj,43,0.9999796152114868
stacked_lora,qqp,fixed_gates,0,q_proj,44,0.9999759197235107
stacked_lora,qqp,fixed_gates,0,q_proj,45,0.9999614953994751
stacked_lora,qqp,fixed_gates,0,q_proj,46,0.9999452829360962
stacked_lora,qqp,fixed_gates,0,q_proj,47,0.9999341368675232
stacked_lora,qqp,fixed_gates,0,q_proj,48,0.9999281764030457
stacked_lora,qqp,fixed_gates,0,q_proj,49,0.9999158382415771
stacked_lora,qqp,fixed_gates,0,q_proj,50,0.9999500513076782
stacked_lora,qqp,fixed_gates,0,v_proj,1,0.9999823570251465
stacked_lora,qqp,fixed_gates,0,v_proj,2,0.9992679357528687
stacked_lora,qqp,fixed_gates,0,v_proj,3,0.9993565678596497
stacked_lora,qqp,fixed_gates,0,v_proj,4,0.9999268651008606
stacked_lora,qqp,fixed_gates,0,v_proj,5,0.9998798370361328
stacked_lora,qqp,fixed_gates,0,v_proj,6,0.9995085000991821
stacked_lora,qqp,fixed_gates,0,v_proj,7,0.9996293187141418
stacked_lora,qqp,fixed_gates,0,v_proj,8,0.9995422959327698
stacked_lora,qqp,fixed_gates,0,v_proj,9,0.9996195435523987
stacked_lora,qqp,fixed_gates,0,v_proj,10,0.9995635747909546
stacked_lora,qqp,fixed_gates,0,v_proj,11,0.9818316102027893
stacked_lora,qqp,fixed_gates,0,v_proj,12,0.9814876317977905
stacked_lora,qqp,fixed_gates,0,v_proj,13,0.9996445775032043
stacked_lora,qqp,fixed_gates,0,v_proj,14,0.9996201992034912
stacked_lora,qqp,fixed_gates,0,v_proj,15,0.999494731426239
stacked_lora,qqp,fixed_gates,0,v_proj,16,0.9983071088790894
stacked_lora,qqp,fixed_gates,0,v_proj,17,0.9965006113052368
stacked_lora,qqp,fixed_gates,0,v_proj,18,0.9980722665786743
stacked_lora,qqp,fixed_gates,0,v_proj,19,0.9976097345352173
stacked_lora,qqp,fixed_gates,0,v_proj,20,0.9987497329711914
stacked_lora,qqp,fixed_gates,0,v_proj,21,0.9966288208961487
stacked_lora,qqp,fixed_gates,0,v_proj,22,0.9973257780075073
stacked_lora,qqp,fixed_gates,0,v_proj,23,0.9959718585014343
stacked_lora,qqp,fixed_gates,0,v_proj,24,0.9970020055770874
stacked_lora,qqp,fixed_gates,0,v_proj,25,0.9959585070610046
stacked_lora,qqp,fixed_gates,0,v_proj,26,0.9966246485710144
stacked_lora,qqp,fixed_gates,0,v_proj,27,0.9864141941070557
stacked_lora,qqp,fixed_gates,0,v_proj,28,0.9941414594650269
stacked_lora,qqp,fixed_gates,0,v_proj,29,0.9856672883033752
stacked_lora,qqp,fixed_gates,0,v_proj,30,0.9850497245788574
stacked_lora,qqp,fixed_gates,0,v_proj,31,0.9925913214683533
stacked_lora,qqp,fixed_gates,0,v_proj,32,0.9896902441978455
stacked_lora,qqp,fixed_gates,0,v_proj,33,0.9972620010375977
stacked_lora,qqp,fixed_gates,0,v_proj,34,0.9963750839233398
stacked_lora,qqp,fixed_gates,0,v_proj,35,0.9938920736312866
stacked_lora,qqp,fixed_gates,0,v_proj,36,0.9943333864212036
stacked_lora,qqp,fixed_gates,0,v_proj,37,0.991625189781189
stacked_lora,qqp,fixed_gates,0,v_proj,38,0.7528094053268433
stacked_lora,qqp,fixed_gates,0,v_proj,39,0.7642136812210083
stacked_lora,qqp,fixed_gates,0,v_proj,40,0.9938291311264038
stacked_lora,qqp,fixed_gates,0,v_proj,41,0.990727424621582
stacked_lora,qqp,fixed_gates,0,v_proj,42,0.9938246011734009
stacked_lora,qqp,fixed_gates,0,v_proj,43,0.9855831861495972
stacked_lora,qqp,fixed_gates,0,v_proj,44,0.9822202920913696
stacked_lora,qqp,fixed_gates,0,v_proj,45,0.9902318120002747
stacked_lora,qqp,fixed_gates,0,v_proj,46,0.9945690035820007
stacked_lora,qqp,fixed_gates,0,v_proj,47,0.995088517665863
stacked_lora,qqp,fixed_gates,0,v_proj,48,0.9943047165870667
stacked_lora,qqp,fixed_gates,0,v_proj,49,0.9889854788780212
stacked_lora,qqp,fixed_gates,0,v_proj,50,0.9928720593452454
stacked_lora,qqp,fixed_gates,0,up_proj,1,0.9999850988388062
stacked_lora,qqp,fixed_gates,0,up_proj,2,0.999980092048645
stacked_lora,qqp,fixed_gates,0,up_proj,3,0.9999849796295166
stacked_lora,qqp,fixed_gates,0,up_proj,4,0.9999790787696838
stacked_lora,qqp,fixed_gates,0,up_proj,5,0.9999620318412781
stacked_lora,qqp,fixed_gates,0,up_proj,6,0.9990228414535522
stacked_lora,qqp,fixed_gates,0,up_proj,7,0.9990391731262207
stacked_lora,qqp,fixed_gates,0,up_proj,8,0.9999038577079773
stacked_lora,qqp,fixed_gates,0,up_proj,9,0.9999107122421265
stacked_lora,qqp,fixed_gates,0,up_proj,10,0.9998922944068909
stacked_lora,qqp,fixed_gates,0,up_proj,11,0.9996399879455566
stacked_lora,qqp,fixed_gates,0,up_proj,12,0.9995142221450806
stacked_lora,qqp,fixed_gates,0,up_proj,13,0.9996420741081238
stacked_lora,qqp,fixed_gates,0,up_proj,14,0.999782383441925
stacked_lora,qqp,fixed_gates,0,up_proj,15,0.9998258352279663
stacked_lora,qqp,fixed_gates,0,up_proj,16,0.999472975730896
stacked_lora,qqp,fixed_gates,0,up_proj,17,0.9995704293251038
stacked_lora,qqp,fixed_gates,0,up_proj,18,0.9998340606689453
stacked_lora,qqp,fixed_gates,0,up_proj,19,0.9998965263366699
stacked_lora,qqp,fixed_gates,0,up_proj,20,0.9998438954353333
stacked_lora,qqp,fixed_gates,0,up_proj,21,0.9998048543930054
stacked_lora,qqp,fixed_gates,0,up_proj,22,0.9998463988304138
stacked_lora,qqp,fixed_gates,0,up_proj,23,0.9999349117279053
stacked_lora,qqp,fixed_gates,0,up_proj,24,0.9999613761901855
stacked_lora,qqp,fixed_gates,0,up_proj,25,0.9999542236328125
stacked_lora,qqp,fixed_gates,0,up_proj,26,0.9994746446609497
stacked_lora,qqp,fixed_gates,0,up_proj,27,0.9994044899940491
stacked_lora,qqp,fixed_gates,0,up_proj,28,0.9998140335083008
stacked_lora,qqp,fixed_gates,0,up_proj,29,0.9998509287834167
stacked_lora,qqp,fixed_gates,0,up_proj,30,0.9998526573181152
stacked_lora,qqp,fixed_gates,0,up_proj,31,0.9997383952140808
stacked_lora,qqp,fixed_gates,0,up_proj,32,0.9997693300247192
stacked_lora,qqp,fixed_gates,0,up_proj,33,0.9998391270637512
stacked_lora,qqp,fixed_gates,0,up_proj,34,0.9998513460159302
stacked_lora,qqp,fixed_gates,0,up_proj,35,0.9998860955238342
stacked_lora,qqp,fixed_gates,0,up_proj,36,0.9998669624328613
stacked_lora,qqp,fixed_gates,0,up_proj,37,0.9986070990562439
stacked_lora,qqp,fixed_gates,0,up_proj,38,0.9985334873199463
stacked_lora,qqp,fixed_gates,0,up_proj,39,0.9997332096099854
stacked_lora,qqp,fixed_gates,0,up_proj,40,0.9996866583824158
stacked_lora,qqp,fixed_gates,0,up_proj,41,0.9996927380561829
stacked_lora,qqp,fixed_gates,0,up_proj,42,0.9991868138313293
stacked_lora,qqp,fixed_gates,0,up_proj,43,0.9993150234222412
stacked_lora,qqp,fixed_gates,0,up_proj,44,0.9995096921920776
stacked_lora,qqp,fixed_gates,0,up_proj,45,0.9996606707572937
stacked_lora,qqp,fixed_gates,0,up_proj,46,0.9996605515480042
stacked_lora,qqp,fixed_gates,0,up_proj,47,0.9997750520706177
stacked_lora,qqp,fixed_gates,0,up_proj,48,0.999451756477356
stacked_lora,qqp,fixed_gates,0,up_proj,49,0.9995712637901306
stacked_lora,qqp,fixed_gates,0,up_proj,50,0.9993686676025391
stacked_lora,qqp,fixed_gates,0,down_proj,1,0.9999887943267822
stacked_lora,qqp,fixed_gates,0,down_proj,2,0.9999936819076538
stacked_lora,qqp,fixed_gates,0,down_proj,3,0.9999934434890747
stacked_lora,qqp,fixed_gates,0,down_proj,4,0.9999833106994629
stacked_lora,qqp,fixed_gates,0,down_proj,5,0.9999942183494568
stacked_lora,qqp,fixed_gates,0,down_proj,6,0.9999541640281677
stacked_lora,qqp,fixed_gates,0,down_proj,7,0.9999445676803589
stacked_lora,qqp,fixed_gates,0,down_proj,8,0.9999483823776245
stacked_lora,qqp,fixed_gates,0,down_proj,9,0.9997211694717407
stacked_lora,qqp,fixed_gates,0,down_proj,10,0.9996922016143799
stacked_lora,qqp,fixed_gates,0,down_proj,11,0.9999733567237854
stacked_lora,qqp,fixed_gates,0,down_proj,12,0.9998742938041687
stacked_lora,qqp,fixed_gates,0,down_proj,13,0.9999153017997742
stacked_lora,qqp,fixed_gates,0,down_proj,14,0.9999576210975647
stacked_lora,qqp,fixed_gates,0,down_proj,15,0.9999693036079407
stacked_lora,qqp,fixed_gates,0,down_proj,16,0.9999518394470215
stacked_lora,qqp,fixed_gates,0,down_proj,17,0.9996833205223083
stacked_lora,qqp,fixed_gates,0,down_proj,18,0.9996944069862366
stacked_lora,qqp,fixed_gates,0,down_proj,19,0.9998823404312134
stacked_lora,qqp,fixed_gates,0,down_proj,20,0.9876028299331665
stacked_lora,qqp,fixed_gates,0,down_proj,21,0.9875323176383972
stacked_lora,qqp,fixed_gates,0,down_proj,22,0.9996209740638733
stacked_lora,qqp,fixed_gates,0,down_proj,23,0.9997003078460693
stacked_lora,qqp,fixed_gates,0,down_proj,24,0.9998122453689575
stacked_lora,qqp,fixed_gates,0,down_proj,25,0.9997544288635254
stacked_lora,qqp,fixed_gates,0,down_proj,26,0.9996821284294128
stacked_lora,qqp,fixed_gates,0,down_proj,27,0.9996926784515381
stacked_lora,qqp,fixed_gates,0,down_proj,28,0.9998271465301514
stacked_lora,qqp,fixed_gates,0,down_proj,29,0.9994742274284363
stacked_lora,qqp,fixed_gates,0,down_proj,30,0.9995170831680298
stacked_lora,qqp,fixed_gates,0,down_proj,31,0.9996815919876099
stacked_lora,qqp,fixed_gates,0,down_proj,32,0.999621570110321
stacked_lora,qqp,fixed_gates,0,down_proj,33,0.9682891368865967
stacked_lora,qqp,fixed_gates,0,down_proj,34,0.9690341353416443
stacked_lora,qqp,fixed_gates,0,down_proj,35,0.9998603463172913
stacked_lora,qqp,fixed_gates,0,down_proj,36,0.9997289776802063
stacked_lora,qqp,fixed_gates,0,down_proj,37,0.9998322129249573
stacked_lora,qqp,fixed_gates,0,down_proj,38,0.9998465776443481
stacked_lora,qqp,fixed_gates,0,down_proj,39,0.9998230934143066
stacked_lora,qqp,fixed_gates,0,down_proj,40,0.9995646476745605
stacked_lora,qqp,fixed_gates,0,down_proj,41,0.9994562864303589
stacked_lora,qqp,fixed_gates,0,down_proj,42,0.9997416138648987
stacked_lora,qqp,fixed_gates,0,down_proj,43,0.9994174838066101
stacked_lora,qqp,fixed_gates,0,down_proj,44,0.9995543956756592
stacked_lora,qqp,fixed_gates,0,down_proj,45,0.9991840720176697
stacked_lora,qqp,fixed_gates,0,down_proj,46,0.999616265296936
stacked_lora,qqp,fixed_gates,0,down_proj,47,0.9948140382766724
stacked_lora,qqp,fixed_gates,0,down_proj,48,0.9947211146354675
stacked_lora,qqp,fixed_gates,0,down_proj,49,0.9992778301239014
stacked_lora,qqp,fixed_gates,0,down_proj,50,0.9971216320991516
stacked_lora,qqp,fixed_gates,8,q_proj,1,0.9999682903289795
stacked_lora,qqp,fixed_gates,8,q_proj,2,0.9999925494194031
stacked_lora,qqp,fixed_gates,8,q_proj,3,0.9999955892562866
stacked_lora,qqp,fixed_gates,8,q_proj,4,0.999994158744812
stacked_lora,qqp,fixed_gates,8,q_proj,5,0.999971866607666
stacked_lora,qqp,fixed_gates,8,q_proj,6,0.9999927878379822
stacked_lora,qqp,fixed_gates,8,q_proj,7,0.9999861717224121
stacked_lora,qqp,fixed_gates,8,q_proj,8,0.9996306896209717
stacked_lora,qqp,fixed_gates,8,q_proj,9,0.9996662735939026
stacked_lora,qqp,fixed_gates,8,q_proj,10,0.9999727606773376
stacked_lora,qqp,fixed_gates,8,q_proj,11,0.9999918937683105
stacked_lora,qqp,fixed_gates,8,q_proj,12,0.9999890327453613
stacked_lora,qqp,fixed_gates,8,q_proj,13,0.9999136924743652
stacked_lora,qqp,fixed_gates,8,q_proj,14,0.9999523758888245
stacked_lora,qqp,fixed_gates,8,q_proj,15,0.9998549222946167
stacked_lora,qqp,fixed_gates,8,q_proj,16,0.999659538269043
stacked_lora,qqp,fixed_gates,8,q_proj,17,0.9996040463447571
stacked_lora,qqp,fixed_gates,8,q_proj,18,0.999993085861206
stacked_lora,qqp,fixed_gates,8,q_proj,19,0.9999479055404663
stacked_lora,qqp,fixed_gates,8,q_proj,20,0.9999780654907227
stacked_lora,qqp,fixed_gates,8,q_proj,21,0.999992847442627
stacked_lora,qqp,fixed_gates,8,q_proj,22,0.9999640583992004
stacked_lora,qqp,fixed_gates,8,q_proj,23,0.9998883605003357
stacked_lora,qqp,fixed_gates,8,q_proj,24,0.9999196529388428
stacked_lora,qqp,fixed_gates,8,q_proj,25,0.9998390674591064
stacked_lora,qqp,fixed_gates,8,q_proj,26,0.9999780058860779
stacked_lora,qqp,fixed_gates,8,q_proj,27,0.9999258518218994
stacked_lora,qqp,fixed_gates,8,q_proj,28,0.9999671578407288
stacked_lora,qqp,fixed_gates,8,q_proj,29,0.9999603033065796
stacked_lora,qqp,fixed_gates,8,q_proj,30,0.9999892711639404
stacked_lora,qqp,fixed_gates,8,q_proj,31,0.9997212886810303
stacked_lora,qqp,fixed_gates,8,q_proj,32,0.999699056148529
stacked_lora,qqp,fixed_gates,8,q_proj,33,0.999879002571106
stacked_lora,qqp,fixed_gates,8,q_proj,34,0.9998680353164673
stacked_lora,qqp,fixed_gates,8,q_proj,35,0.9998237490653992
stacked_lora,qqp,fixed_gates,8,q_proj,36,0.9998868107795715
stacked_lora,qqp,fixed_gates,8,q_proj,37,0.9996211528778076
stacked_lora,qqp,fixed_gates,8,q_proj,38,0.9987565279006958
stacked_lora,qqp,fixed_gates,8,q_proj,39,0.9988588690757751
stacked_lora,qqp,fixed_gates,8,q_proj,40,0.9992649555206299
stacked_lora,qqp,fixed_gates,8,q_proj,41,0.9999389052391052
stacked_lora,qqp,fixed_gates,8,q_proj,42,0.9998185634613037
stacked_lora,qqp,fixed_gates,8,q_proj,43,0.9997262954711914
stacked_lora,qqp,fixed_gates,8,q_proj,44,0.9997941255569458
stacked_lora,qqp,fixed_gates,8,q_proj,45,0.9997249841690063
stacked_lora,qqp,fixed_gates,8,q_proj,46,0.9999587535858154
stacked_lora,qqp,fixed_gates,8,q_proj,47,0.9999340176582336
stacked_lora,qqp,fixed_gates,8,q_proj,48,0.9998974204063416
stacked_lora,qqp,fixed_gates,8,q_proj,49,0.9998407363891602
stacked_lora,qqp,fixed_gates,8,q_proj,50,0.9999133348464966
stacked_lora,qqp,fixed_gates,8,v_proj,1,0.993754506111145
stacked_lora,qqp,fixed_gates,8,v_proj,2,0.9938070178031921
stacked_lora,qqp,fixed_gates,8,v_proj,3,0.9995400309562683
stacked_lora,qqp,fixed_gates,8,v_proj,4,0.9990149140357971
stacked_lora,qqp,fixed_gates,8,v_proj,5,0.9985937476158142
stacked_lora,qqp,fixed_gates,8,v_proj,6,0.9950748085975647
stacked_lora,qqp,fixed_gates,8,v_proj,7,0.9954800605773926
stacked_lora,qqp,fixed_gates,8,v_proj,8,0.9983419179916382
stacked_lora,qqp,fixed_gates,8,v_proj,9,0.9978548288345337
stacked_lora,qqp,fixed_gates,8,v_proj,10,0.996353030204773
stacked_lora,qqp,fixed_gates,8,v_proj,11,0.9961960911750793
stacked_lora,qqp,fixed_gates,8,v_proj,12,0.9985986948013306
stacked_lora,qqp,fixed_gates,8,v_proj,13,0.9936325550079346
stacked_lora,qqp,fixed_gates,8,v_proj,14,0.9944278001785278
stacked_lora,qqp,fixed_gates,8,v_proj,15,0.9964125752449036
stacked_lora,qqp,fixed_gates,8,v_proj,16,0.9980297088623047
stacked_lora,qqp,fixed_gates,8,v_proj,17,0.9979114532470703
stacked_lora,qqp,fixed_gates,8,v_proj,18,0.9977837800979614
stacked_lora,qqp,fixed_gates,8,v_proj,19,0.9967788457870483
stacked_lora,qqp,fixed_gates,8,v_proj,20,0.9964819550514221
stacked_lora,qqp,fixed_gates,8,v_proj,21,0.9976927638053894
stacked_lora,qqp,fixed_gates,8,v_proj,22,0.9863969087600708
stacked_lora,qqp,fixed_gates,8,v_proj,23,0.9837402701377869
stacked_lora,qqp,fixed_gates,8,v_proj,24,0.9991269111633301
stacked_lora,qqp,fixed_gates,8,v_proj,25,0.9963109493255615
stacked_lora,qqp,fixed_gates,8,v_proj,26,0.9966046810150146
stacked_lora,qqp,fixed_gates,8,v_proj,27,0.9971504807472229
stacked_lora,qqp,fixed_gates,8,v_proj,28,0.9896039962768555
stacked_lora,qqp,fixed_gates,8,v_proj,29,0.9840205311775208
stacked_lora,qqp,fixed_gates,8,v_proj,30,0.9894016981124878
stacked_lora,qqp,fixed_gates,8,v_proj,31,0.9961831569671631
stacked_lora,qqp,fixed_gates,8,v_proj,32,0.9963847994804382
stacked_lora,qqp,fixed_gates,8,v_proj,33,0.9949197769165039
stacked_lora,qqp,fixed_gates,8,v_proj,34,0.9944918155670166
stacked_lora,qqp,fixed_gates,8,v_proj,35,0.9954691529273987
stacked_lora,qqp,fixed_gates,8,v_proj,36,0.9924734234809875
stacked_lora,qqp,fixed_gates,8,v_proj,37,0.9970025420188904
stacked_lora,qqp,fixed_gates,8,v_proj,38,0.9947333931922913
stacked_lora,qqp,fixed_gates,8,v_proj,39,0.9914517402648926
stacked_lora,qqp,fixed_gates,8,v_proj,40,0.9966416954994202
stacked_lora,qqp,fixed_gates,8,v_proj,41,0.9988912343978882
stacked_lora,qqp,fixed_gates,8,v_proj,42,0.9982196092605591
stacked_lora,qqp,fixed_gates,8,v_proj,43,0.9942466616630554
stacked_lora,qqp,fixed_gates,8,v_proj,44,0.9932806491851807
stacked_lora,qqp,fixed_gates,8,v_proj,45,0.9970641136169434
stacked_lora,qqp,fixed_gates,8,v_proj,46,0.987395167350769
stacked_lora,qqp,fixed_gates,8,v_proj,47,0.9866116642951965
stacked_lora,qqp,fixed_gates,8,v_proj,48,0.997109055519104
stacked_lora,qqp,fixed_gates,8,v_proj,49,0.9970133304595947
stacked_lora,qqp,fixed_gates,8,v_proj,50,0.9957287907600403
stacked_lora,qqp,fixed_gates,8,up_proj,1,0.9999935626983643
stacked_lora,qqp,fixed_gates,8,up_proj,2,0.9999871850013733
stacked_lora,qqp,fixed_gates,8,up_proj,3,0.9999834895133972
stacked_lora,qqp,fixed_gates,8,up_proj,4,0.9999797344207764
stacked_lora,qqp,fixed_gates,8,up_proj,5,0.9999722242355347
stacked_lora,qqp,fixed_gates,8,up_proj,6,0.9999675750732422
stacked_lora,qqp,fixed_gates,8,up_proj,7,0.9999802112579346
stacked_lora,qqp,fixed_gates,8,up_proj,8,0.9999474287033081
stacked_lora,qqp,fixed_gates,8,up_proj,9,0.9998961687088013
stacked_lora,qqp,fixed_gates,8,up_proj,10,0.9999070763587952
stacked_lora,qqp,fixed_gates,8,up_proj,11,0.9999450445175171
stacked_lora,qqp,fixed_gates,8,up_proj,12,0.9998669028282166
stacked_lora,qqp,fixed_gates,8,up_proj,13,0.9825641512870789
stacked_lora,qqp,fixed_gates,8,up_proj,14,0.9826030731201172
stacked_lora,qqp,fixed_gates,8,up_proj,15,0.9999592304229736
stacked_lora,qqp,fixed_gates,8,up_proj,16,0.9999462366104126
stacked_lora,qqp,fixed_gates,8,up_proj,17,0.9999483227729797
stacked_lora,qqp,fixed_gates,8,up_proj,18,0.9999367594718933
stacked_lora,qqp,fixed_gates,8,up_proj,19,0.9998249411582947
stacked_lora,qqp,fixed_gates,8,up_proj,20,0.9998950958251953
stacked_lora,qqp,fixed_gates,8,up_proj,21,0.9997936487197876
stacked_lora,qqp,fixed_gates,8,up_proj,22,0.9997939467430115
stacked_lora,qqp,fixed_gates,8,up_proj,23,0.9972725510597229
stacked_lora,qqp,fixed_gates,8,up_proj,24,0.9972527027130127
stacked_lora,qqp,fixed_gates,8,up_proj,25,0.999893069267273
stacked_lora,qqp,fixed_gates,8,up_proj,26,0.9995974898338318
stacked_lora,qqp,fixed_gates,8,up_proj,27,0.9995385408401489
stacked_lora,qqp,fixed_gates,8,up_proj,28,0.9991645216941833
stacked_lora,qqp,fixed_gates,8,up_proj,29,0.9989689588546753
stacked_lora,qqp,fixed_gates,8,up_proj,30,0.9984238743782043
stacked_lora,qqp,fixed_gates,8,up_proj,31,0.9992570281028748
stacked_lora,qqp,fixed_gates,8,up_proj,32,0.9981547594070435
stacked_lora,qqp,fixed_gates,8,up_proj,33,0.9986013174057007
stacked_lora,qqp,fixed_gates,8,up_proj,34,0.9995739459991455
stacked_lora,qqp,fixed_gates,8,up_proj,35,0.9996088743209839
stacked_lora,qqp,fixed_gates,8,up_proj,36,0.9992066025733948
stacked_lora,qqp,fixed_gates,8,up_proj,37,0.9995970129966736
stacked_lora,qqp,fixed_gates,8,up_proj,38,0.9993186593055725
stacked_lora,qqp,fixed_gates,8,up_proj,39,0.9994606375694275
stacked_lora,qqp,fixed_gates,8,up_proj,40,0.9994829297065735
stacked_lora,qqp,fixed_gates,8,up_proj,41,0.9989649057388306
stacked_lora,qqp,fixed_gates,8,up_proj,42,0.9979287385940552
stacked_lora,qqp,fixed_gates,8,up_proj,43,0.9973728656768799
stacked_lora,qqp,fixed_gates,8,up_proj,44,0.9990469217300415
stacked_lora,qqp,fixed_gates,8,up_proj,45,0.999612033367157
stacked_lora,qqp,fixed_gates,8,up_proj,46,0.9989349246025085
stacked_lora,qqp,fixed_gates,8,up_proj,47,0.9986964464187622
stacked_lora,qqp,fixed_gates,8,up_proj,48,0.9973312616348267
stacked_lora,qqp,fixed_gates,8,up_proj,49,0.9954832196235657
stacked_lora,qqp,fixed_gates,8,up_proj,50,0.9951572418212891
stacked_lora,qqp,fixed_gates,8,down_proj,1,0.9999997615814209
stacked_lora,qqp,fixed_gates,8,down_proj,2,0.9999990463256836
stacked_lora,qqp,fixed_gates,8,down_proj,3,0.9999996423721313
stacked_lora,qqp,fixed_gates,8,down_proj,4,0.9999985694885254
stacked_lora,qqp,fixed_gates,8,down_proj,5,0.999998152256012
stacked_lora,qqp,fixed_gates,8,down_proj,6,0.9999961853027344
stacked_lora,qqp,fixed_gates,8,down_proj,7,0.9999903440475464
stacked_lora,qqp,fixed_gates,8,down_proj,8,0.9999945163726807
stacked_lora,qqp,fixed_gates,8,down_proj,9,0.9999970197677612
stacked_lora,qqp,fixed_gates,8,down_proj,10,0.9999909400939941
stacked_lora,qqp,fixed_gates,8,down_proj,11,0.9998847246170044
stacked_lora,qqp,fixed_gates,8,down_proj,12,0.9998850226402283
stacked_lora,qqp,fixed_gates,8,down_proj,13,0.9999723434448242
stacked_lora,qqp,fixed_gates,8,down_proj,14,0.9999457597732544
stacked_lora,qqp,fixed_gates,8,down_proj,15,0.9999471306800842
stacked_lora,qqp,fixed_gates,8,down_proj,16,0.999992311000824
stacked_lora,qqp,fixed_gates,8,down_proj,17,0.9999889135360718
stacked_lora,qqp,fixed_gates,8,down_proj,18,0.9999637007713318
stacked_lora,qqp,fixed_gates,8,down_proj,19,0.9988424181938171
stacked_lora,qqp,fixed_gates,8,down_proj,20,0.9987960457801819
stacked_lora,qqp,fixed_gates,8,down_proj,21,0.9999619722366333
stacked_lora,qqp,fixed_gates,8,down_proj,22,0.9999671578407288
stacked_lora,qqp,fixed_gates,8,down_proj,23,0.999960720539093
stacked_lora,qqp,fixed_gates,8,down_proj,24,0.9999872446060181
stacked_lora,qqp,fixed_gates,8,down_proj,25,0.9999819993972778
stacked_lora,qqp,fixed_gates,8,down_proj,26,0.999875545501709
stacked_lora,qqp,fixed_gates,8,down_proj,27,0.9998437166213989
stacked_lora,qqp,fixed_gates,8,down_proj,28,0.9999503493309021
stacked_lora,qqp,fixed_gates,8,down_proj,29,0.9999786615371704
stacked_lora,qqp,fixed_gates,8,down_proj,30,0.9999858140945435
stacked_lora,qqp,fixed_gates,8,down_proj,31,0.9998992085456848
stacked_lora,qqp,fixed_gates,8,down_proj,32,0.9998815655708313
stacked_lora,qqp,fixed_gates,8,down_proj,33,0.9999383687973022
stacked_lora,qqp,fixed_gates,8,down_proj,34,0.999984085559845
stacked_lora,qqp,fixed_gates,8,down_proj,35,0.9999426007270813
stacked_lora,qqp,fixed_gates,8,down_proj,36,0.9999390244483948
stacked_lora,qqp,fixed_gates,8,down_proj,37,0.999952495098114
stacked_lora,qqp,fixed_gates,8,down_proj,38,0.9999274611473083
stacked_lora,qqp,fixed_gates,8,down_proj,39,0.999967098236084
stacked_lora,qqp,fixed_gates,8,down_proj,40,0.9999253749847412
stacked_lora,qqp,fixed_gates,8,down_proj,41,0.9994776844978333
stacked_lora,qqp,fixed_gates,8,down_proj,42,0.9987468719482422
stacked_lora,qqp,fixed_gates,8,down_proj,43,0.9992422461509705
stacked_lora,qqp,fixed_gates,8,down_proj,44,0.9999862909317017
stacked_lora,qqp,fixed_gates,8,down_proj,45,0.9999681711196899
stacked_lora,qqp,fixed_gates,8,down_proj,46,0.999888002872467
stacked_lora,qqp,fixed_gates,8,down_proj,47,0.9998589754104614
stacked_lora,qqp,fixed_gates,8,down_proj,48,0.9998425245285034
stacked_lora,qqp,fixed_gates,8,down_proj,49,0.9997010231018066
stacked_lora,qqp,fixed_gates,8,down_proj,50,0.9998064041137695
stacked_lora,qqp,fixed_gates,15,q_proj,1,0.999998927116394
stacked_lora,qqp,fixed_gates,15,q_proj,2,0.9999994039535522
stacked_lora,qqp,fixed_gates,15,q_proj,3,0.9999967813491821
stacked_lora,qqp,fixed_gates,15,q_proj,4,0.9999844431877136
stacked_lora,qqp,fixed_gates,15,q_proj,5,0.99998539686203
stacked_lora,qqp,fixed_gates,15,q_proj,6,0.999998927116394
stacked_lora,qqp,fixed_gates,15,q_proj,7,0.9999977946281433
stacked_lora,qqp,fixed_gates,15,q_proj,8,0.9999951124191284
stacked_lora,qqp,fixed_gates,15,q_proj,9,0.999994695186615
stacked_lora,qqp,fixed_gates,15,q_proj,10,0.9999920725822449
stacked_lora,qqp,fixed_gates,15,q_proj,11,0.9999966025352478
stacked_lora,qqp,fixed_gates,15,q_proj,12,0.9999964237213135
stacked_lora,qqp,fixed_gates,15,q_proj,13,0.9999964237213135
stacked_lora,qqp,fixed_gates,15,q_proj,14,0.9999966621398926
stacked_lora,qqp,fixed_gates,15,q_proj,15,0.9999865293502808
stacked_lora,qqp,fixed_gates,15,q_proj,16,0.9999921321868896
stacked_lora,qqp,fixed_gates,15,q_proj,17,0.9999964833259583
stacked_lora,qqp,fixed_gates,15,q_proj,18,0.9999949932098389
stacked_lora,qqp,fixed_gates,15,q_proj,19,0.9999967813491821
stacked_lora,qqp,fixed_gates,15,q_proj,20,0.9999938011169434
stacked_lora,qqp,fixed_gates,15,q_proj,21,0.9999568462371826
stacked_lora,qqp,fixed_gates,15,q_proj,22,0.9999563694000244
stacked_lora,qqp,fixed_gates,15,q_proj,23,0.999995231628418
stacked_lora,qqp,fixed_gates,15,q_proj,24,0.9999967813491821
stacked_lora,qqp,fixed_gates,15,q_proj,25,0.9999973177909851
stacked_lora,qqp,fixed_gates,15,q_proj,26,0.9999947547912598
stacked_lora,qqp,fixed_gates,15,q_proj,27,0.9999963045120239
stacked_lora,qqp,fixed_gates,15,q_proj,28,0.9999780058860779
stacked_lora,qqp,fixed_gates,15,q_proj,29,0.9999788999557495
stacked_lora,qqp,fixed_gates,15,q_proj,30,0.9999967217445374
stacked_lora,qqp,fixed_gates,15,q_proj,31,0.9999951720237732
stacked_lora,qqp,fixed_gates,15,q_proj,32,0.9999970197677612
stacked_lora,qqp,fixed_gates,15,q_proj,33,0.9999961853027344
stacked_lora,qqp,fixed_gates,15,q_proj,34,0.9999917149543762
stacked_lora,qqp,fixed_gates,15,q_proj,35,0.9999908804893494
stacked_lora,qqp,fixed_gates,15,q_proj,36,0.9999790787696838
stacked_lora,qqp,fixed_gates,15,q_proj,37,0.9999875426292419
stacked_lora,qqp,fixed_gates,15,q_proj,38,0.9999920129776001
stacked_lora,qqp,fixed_gates,15,q_proj,39,0.9999807476997375
stacked_lora,qqp,fixed_gates,15,q_proj,40,0.9999854564666748
stacked_lora,qqp,fixed_gates,15,q_proj,41,0.9999918937683105
stacked_lora,qqp,fixed_gates,15,q_proj,42,0.9999690651893616
stacked_lora,qqp,fixed_gates,15,q_proj,43,0.9999808073043823
stacked_lora,qqp,fixed_gates,15,q_proj,44,0.9999814629554749
stacked_lora,qqp,fixed_gates,15,q_proj,45,0.9999876618385315
stacked_lora,qqp,fixed_gates,15,q_proj,46,0.9999881386756897
stacked_lora,qqp,fixed_gates,15,q_proj,47,0.9999856352806091
stacked_lora,qqp,fixed_gates,15,q_proj,48,0.9999855756759644
stacked_lora,qqp,fixed_gates,15,q_proj,49,0.999987006187439
stacked_lora,qqp,fixed_gates,15,q_proj,50,0.9995407462120056
stacked_lora,qqp,fixed_gates,15,v_proj,1,0.9999898672103882
stacked_lora,qqp,fixed_gates,15,v_proj,2,0.9999435544013977
stacked_lora,qqp,fixed_gates,15,v_proj,3,0.9999520182609558
stacked_lora,qqp,fixed_gates,15,v_proj,4,0.9999977350234985
stacked_lora,qqp,fixed_gates,15,v_proj,5,0.9999924898147583
stacked_lora,qqp,fixed_gates,15,v_proj,6,0.9999929666519165
stacked_lora,qqp,fixed_gates,15,v_proj,7,0.9999793767929077
stacked_lora,qqp,fixed_gates,15,v_proj,8,0.999981164932251
stacked_lora,qqp,fixed_gates,15,v_proj,9,0.9999836087226868
stacked_lora,qqp,fixed_gates,15,v_proj,10,0.9999698996543884
stacked_lora,qqp,fixed_gates,15,v_proj,11,0.9999433755874634
stacked_lora,qqp,fixed_gates,15,v_proj,12,0.9998926520347595
stacked_lora,qqp,fixed_gates,15,v_proj,13,0.9998749494552612
stacked_lora,qqp,fixed_gates,15,v_proj,14,0.9999435544013977
stacked_lora,qqp,fixed_gates,15,v_proj,15,0.9998860359191895
stacked_lora,qqp,fixed_gates,15,v_proj,16,0.9999884366989136
stacked_lora,qqp,fixed_gates,15,v_proj,17,0.9999316930770874
stacked_lora,qqp,fixed_gates,15,v_proj,18,0.9999834299087524
stacked_lora,qqp,fixed_gates,15,v_proj,19,0.9999528527259827
stacked_lora,qqp,fixed_gates,15,v_proj,20,0.9999598860740662
stacked_lora,qqp,fixed_gates,15,v_proj,21,0.9999186992645264
stacked_lora,qqp,fixed_gates,15,v_proj,22,0.999936580657959
stacked_lora,qqp,fixed_gates,15,v_proj,23,0.9999637007713318
stacked_lora,qqp,fixed_gates,15,v_proj,24,0.9999645948410034
stacked_lora,qqp,fixed_gates,15,v_proj,25,0.9999462366104126
stacked_lora,qqp,fixed_gates,15,v_proj,26,0.9999579191207886
stacked_lora,qqp,fixed_gates,15,v_proj,27,0.9999552369117737
stacked_lora,qqp,fixed_gates,15,v_proj,28,0.9999150037765503
stacked_lora,qqp,fixed_gates,15,v_proj,29,0.999947726726532
stacked_lora,qqp,fixed_gates,15,v_proj,30,0.999936580657959
stacked_lora,qqp,fixed_gates,15,v_proj,31,0.9999769926071167
stacked_lora,qqp,fixed_gates,15,v_proj,32,0.9999085664749146
stacked_lora,qqp,fixed_gates,15,v_proj,33,0.9997841119766235
stacked_lora,qqp,fixed_gates,15,v_proj,34,0.9999183416366577
stacked_lora,qqp,fixed_gates,15,v_proj,35,0.9998427629470825
stacked_lora,qqp,fixed_gates,15,v_proj,36,0.9987794160842896
stacked_lora,qqp,fixed_gates,15,v_proj,37,0.9986628890037537
stacked_lora,qqp,fixed_gates,15,v_proj,38,0.9998695254325867
stacked_lora,qqp,fixed_gates,15,v_proj,39,0.9999213218688965
stacked_lora,qqp,fixed_gates,15,v_proj,40,0.999929666519165
stacked_lora,qqp,fixed_gates,15,v_proj,41,0.9999539852142334
stacked_lora,qqp,fixed_gates,15,v_proj,42,0.9999642372131348
stacked_lora,qqp,fixed_gates,15,v_proj,43,0.9991682767868042
stacked_lora,qqp,fixed_gates,15,v_proj,44,0.9991087913513184
stacked_lora,qqp,fixed_gates,15,v_proj,45,0.9996501207351685
stacked_lora,qqp,fixed_gates,15,v_proj,46,0.9997555017471313
stacked_lora,qqp,fixed_gates,15,v_proj,47,0.9999195337295532
stacked_lora,qqp,fixed_gates,15,v_proj,48,0.9999594688415527
stacked_lora,qqp,fixed_gates,15,v_proj,49,0.9999756813049316
stacked_lora,qqp,fixed_gates,15,v_proj,50,0.9999452233314514
stacked_lora,qqp,fixed_gates,15,up_proj,1,1.0000007152557373
stacked_lora,qqp,fixed_gates,15,up_proj,2,1.0000008344650269
stacked_lora,qqp,fixed_gates,15,up_proj,3,1.0000004768371582
stacked_lora,qqp,fixed_gates,15,up_proj,4,0.9999986290931702
stacked_lora,qqp,fixed_gates,15,up_proj,5,0.9999987483024597
stacked_lora,qqp,fixed_gates,15,up_proj,6,0.9999980330467224
stacked_lora,qqp,fixed_gates,15,up_proj,7,0.9999985694885254
stacked_lora,qqp,fixed_gates,15,up_proj,8,0.9999949932098389
stacked_lora,qqp,fixed_gates,15,up_proj,9,0.9999918341636658
stacked_lora,qqp,fixed_gates,15,up_proj,10,0.9999933242797852
stacked_lora,qqp,fixed_gates,15,up_proj,11,0.9999967217445374
stacked_lora,qqp,fixed_gates,15,up_proj,12,0.9999963641166687
stacked_lora,qqp,fixed_gates,15,up_proj,13,0.9999762177467346
stacked_lora,qqp,fixed_gates,15,up_proj,14,0.9999793767929077
stacked_lora,qqp,fixed_gates,15,up_proj,15,0.9999964237213135
stacked_lora,qqp,fixed_gates,15,up_proj,16,0.9999943971633911
stacked_lora,qqp,fixed_gates,15,up_proj,17,0.9999945759773254
stacked_lora,qqp,fixed_gates,15,up_proj,18,0.9999969005584717
stacked_lora,qqp,fixed_gates,15,up_proj,19,0.9999836087226868
stacked_lora,qqp,fixed_gates,15,up_proj,20,0.9999853372573853
stacked_lora,qqp,fixed_gates,15,up_proj,21,0.9999939799308777
stacked_lora,qqp,fixed_gates,15,up_proj,22,0.9999932050704956
stacked_lora,qqp,fixed_gates,15,up_proj,23,0.9999887943267822
stacked_lora,qqp,fixed_gates,15,up_proj,24,0.9999780058860779
stacked_lora,qqp,fixed_gates,15,up_proj,25,0.9999775290489197
stacked_lora,qqp,fixed_gates,15,up_proj,26,0.9999824166297913
stacked_lora,qqp,fixed_gates,15,up_proj,27,0.9999861121177673
stacked_lora,qqp,fixed_gates,15,up_proj,28,0.9999744892120361
stacked_lora,qqp,fixed_gates,15,up_proj,29,0.9999628663063049
stacked_lora,qqp,fixed_gates,15,up_proj,30,0.9999703764915466
stacked_lora,qqp,fixed_gates,15,up_proj,31,0.9999775886535645
stacked_lora,qqp,fixed_gates,15,up_proj,32,0.9999648332595825
stacked_lora,qqp,fixed_gates,15,up_proj,33,0.9999648332595825
stacked_lora,qqp,fixed_gates,15,up_proj,34,0.9999690651893616
stacked_lora,qqp,fixed_gates,15,up_proj,35,0.9999778866767883
stacked_lora,qqp,fixed_gates,15,up_proj,36,0.9998632073402405
stacked_lora,qqp,fixed_gates,15,up_proj,37,0.9998849034309387
stacked_lora,qqp,fixed_gates,15,up_proj,38,0.9999589920043945
stacked_lora,qqp,fixed_gates,15,up_proj,39,0.9999830722808838
stacked_lora,qqp,fixed_gates,15,up_proj,40,0.9999717473983765
stacked_lora,qqp,fixed_gates,15,up_proj,41,0.9999068975448608
stacked_lora,qqp,fixed_gates,15,up_proj,42,0.9999130964279175
stacked_lora,qqp,fixed_gates,15,up_proj,43,0.9999627470970154
stacked_lora,qqp,fixed_gates,15,up_proj,44,0.9998740553855896
stacked_lora,qqp,fixed_gates,15,up_proj,45,0.9998683333396912
stacked_lora,qqp,fixed_gates,15,up_proj,46,0.9999765753746033
stacked_lora,qqp,fixed_gates,15,up_proj,47,0.9998476505279541
stacked_lora,qqp,fixed_gates,15,up_proj,48,0.9998204708099365
stacked_lora,qqp,fixed_gates,15,up_proj,49,0.9998984932899475
stacked_lora,qqp,fixed_gates,15,up_proj,50,0.9999417066574097
stacked_lora,qqp,fixed_gates,15,down_proj,1,0.9999998807907104
stacked_lora,qqp,fixed_gates,15,down_proj,2,0.9999995231628418
stacked_lora,qqp,fixed_gates,15,down_proj,3,0.9999996423721313
stacked_lora,qqp,fixed_gates,15,down_proj,4,0.9999999403953552
stacked_lora,qqp,fixed_gates,15,down_proj,5,0.9999998211860657
stacked_lora,qqp,fixed_gates,15,down_proj,6,0.9999998211860657
stacked_lora,qqp,fixed_gates,15,down_proj,7,0.9999989867210388
stacked_lora,qqp,fixed_gates,15,down_proj,8,0.9999971985816956
stacked_lora,qqp,fixed_gates,15,down_proj,9,0.9999982714653015
stacked_lora,qqp,fixed_gates,15,down_proj,10,0.9999972581863403
stacked_lora,qqp,fixed_gates,15,down_proj,11,0.9999895095825195
stacked_lora,qqp,fixed_gates,15,down_proj,12,0.9999854564666748
stacked_lora,qqp,fixed_gates,15,down_proj,13,0.9999890923500061
stacked_lora,qqp,fixed_gates,15,down_proj,14,0.9999791979789734
stacked_lora,qqp,fixed_gates,15,down_proj,15,0.9999974370002747
stacked_lora,qqp,fixed_gates,15,down_proj,16,0.9999931454658508
stacked_lora,qqp,fixed_gates,15,down_proj,17,0.9999918341636658
stacked_lora,qqp,fixed_gates,15,down_proj,18,0.9999949336051941
stacked_lora,qqp,fixed_gates,15,down_proj,19,0.9999755620956421
stacked_lora,qqp,fixed_gates,15,down_proj,20,0.999985933303833
stacked_lora,qqp,fixed_gates,15,down_proj,21,0.9999800324440002
stacked_lora,qqp,fixed_gates,15,down_proj,22,0.9999484419822693
stacked_lora,qqp,fixed_gates,15,down_proj,23,0.9999497532844543
stacked_lora,qqp,fixed_gates,15,down_proj,24,0.9999883770942688
stacked_lora,qqp,fixed_gates,15,down_proj,25,0.9999892711639404
stacked_lora,qqp,fixed_gates,15,down_proj,26,0.9997661113739014
stacked_lora,qqp,fixed_gates,15,down_proj,27,0.9997581839561462
stacked_lora,qqp,fixed_gates,15,down_proj,28,0.9999917149543762
stacked_lora,qqp,fixed_gates,15,down_proj,29,0.9999939203262329
stacked_lora,qqp,fixed_gates,15,down_proj,30,0.9999894499778748
stacked_lora,qqp,fixed_gates,15,down_proj,31,0.9999896287918091
stacked_lora,qqp,fixed_gates,15,down_proj,32,0.9999845027923584
stacked_lora,qqp,fixed_gates,15,down_proj,33,0.9999813437461853
stacked_lora,qqp,fixed_gates,15,down_proj,34,0.9998980760574341
stacked_lora,qqp,fixed_gates,15,down_proj,35,0.999894917011261
stacked_lora,qqp,fixed_gates,15,down_proj,36,0.9996604919433594
stacked_lora,qqp,fixed_gates,15,down_proj,37,0.9996488690376282
stacked_lora,qqp,fixed_gates,15,down_proj,38,0.9999579787254333
stacked_lora,qqp,fixed_gates,15,down_proj,39,0.9995740056037903
stacked_lora,qqp,fixed_gates,15,down_proj,40,0.9994521141052246
stacked_lora,qqp,fixed_gates,15,down_proj,41,0.9998114705085754
stacked_lora,qqp,fixed_gates,15,down_proj,42,0.9999801516532898
stacked_lora,qqp,fixed_gates,15,down_proj,43,0.9999889731407166
stacked_lora,qqp,fixed_gates,15,down_proj,44,0.9999760389328003
stacked_lora,qqp,fixed_gates,15,down_proj,45,0.9999831318855286
stacked_lora,qqp,fixed_gates,15,down_proj,46,0.9999763369560242
stacked_lora,qqp,fixed_gates,15,down_proj,47,0.9999610185623169
stacked_lora,qqp,fixed_gates,15,down_proj,48,0.9999356865882874
stacked_lora,qqp,fixed_gates,15,down_proj,49,0.9999598860740662
stacked_lora,qqp,fixed_gates,15,down_proj,50,0.9999610185623169
stacked_lora,siqa,fixed_gates,0,q_proj,1,1.0
stacked_lora,siqa,fixed_gates,0,q_proj,2,0.9999983310699463
stacked_lora,siqa,fixed_gates,0,q_proj,3,0.9999991059303284
stacked_lora,siqa,fixed_gates,0,q_proj,4,0.9999912977218628
stacked_lora,siqa,fixed_gates,0,q_proj,5,0.999995231628418
stacked_lora,siqa,fixed_gates,0,q_proj,6,0.9999976754188538
stacked_lora,siqa,fixed_gates,0,q_proj,7,0.999997079372406
stacked_lora,siqa,fixed_gates,0,q_proj,8,0.9999969005584717
stacked_lora,siqa,fixed_gates,0,q_proj,9,0.9999915361404419
stacked_lora,siqa,fixed_gates,0,q_proj,10,0.9999976754188538
stacked_lora,siqa,fixed_gates,0,q_proj,11,0.9999942779541016
stacked_lora,siqa,fixed_gates,0,q_proj,12,0.9999857544898987
stacked_lora,siqa,fixed_gates,0,q_proj,13,0.9999933242797852
stacked_lora,siqa,fixed_gates,0,q_proj,14,0.9999867081642151
stacked_lora,siqa,fixed_gates,0,q_proj,15,0.9999336004257202
stacked_lora,siqa,fixed_gates,0,q_proj,16,0.9999091625213623
stacked_lora,siqa,fixed_gates,0,q_proj,17,0.999991238117218
stacked_lora,siqa,fixed_gates,0,q_proj,18,0.9999724626541138
stacked_lora,siqa,fixed_gates,0,q_proj,19,0.9999513030052185
stacked_lora,siqa,fixed_gates,0,q_proj,20,0.9999679923057556
stacked_lora,siqa,fixed_gates,0,q_proj,21,0.9999785423278809
stacked_lora,siqa,fixed_gates,0,q_proj,22,0.9999887943267822
stacked_lora,siqa,fixed_gates,0,q_proj,23,0.9999890327453613
stacked_lora,siqa,fixed_gates,0,q_proj,24,0.9999752044677734
stacked_lora,siqa,fixed_gates,0,q_proj,25,0.9999691843986511
stacked_lora,siqa,fixed_gates,0,q_proj,26,0.9999809265136719
stacked_lora,siqa,fixed_gates,0,q_proj,27,0.998974084854126
stacked_lora,siqa,fixed_gates,0,q_proj,28,0.9989641904830933
stacked_lora,siqa,fixed_gates,0,q_proj,29,0.9999520778656006
stacked_lora,siqa,fixed_gates,0,q_proj,30,0.999962329864502
stacked_lora,siqa,fixed_gates,0,q_proj,31,0.9999574422836304
stacked_lora,siqa,fixed_gates,0,q_proj,32,0.9998680353164673
stacked_lora,siqa,fixed_gates,0,q_proj,33,0.9998813271522522
stacked_lora,siqa,fixed_gates,0,q_proj,34,0.9999610781669617
stacked_lora,siqa,fixed_gates,0,q_proj,35,0.9999574422836304
stacked_lora,siqa,fixed_gates,0,q_proj,36,0.9998005628585815
stacked_lora,siqa,fixed_gates,0,q_proj,37,0.9997861385345459
stacked_lora,siqa,fixed_gates,0,q_proj,38,0.999908983707428
stacked_lora,siqa,fixed_gates,0,q_proj,39,0.9999305605888367
stacked_lora,siqa,fixed_gates,0,q_proj,40,0.9998307824134827
stacked_lora,siqa,fixed_gates,0,q_proj,41,0.9998161196708679
stacked_lora,siqa,fixed_gates,0,q_proj,42,0.9999520778656006
stacked_lora,siqa,fixed_gates,0,q_proj,43,0.9999313950538635
stacked_lora,siqa,fixed_gates,0,q_proj,44,0.9998469948768616
stacked_lora,siqa,fixed_gates,0,q_proj,45,0.999822199344635
stacked_lora,siqa,fixed_gates,0,q_proj,46,0.9997155070304871
stacked_lora,siqa,fixed_gates,0,q_proj,47,0.9997754693031311
stacked_lora,siqa,fixed_gates,0,q_proj,48,0.9999052286148071
stacked_lora,siqa,fixed_gates,0,q_proj,49,0.9999125599861145
stacked_lora,siqa,fixed_gates,0,q_proj,50,0.9992251396179199
stacked_lora,siqa,fixed_gates,0,v_proj,1,0.9999518990516663
stacked_lora,siqa,fixed_gates,0,v_proj,2,0.9992057085037231
stacked_lora,siqa,fixed_gates,0,v_proj,3,0.9994999170303345
stacked_lora,siqa,fixed_gates,0,v_proj,4,0.9997959136962891
stacked_lora,siqa,fixed_gates,0,v_proj,5,0.9994946718215942
stacked_lora,siqa,fixed_gates,0,v_proj,6,0.9988698959350586
stacked_lora,siqa,fixed_gates,0,v_proj,7,0.9989486932754517
stacked_lora,siqa,fixed_gates,0,v_proj,8,0.9994827508926392
stacked_lora,siqa,fixed_gates,0,v_proj,9,0.9989277720451355
stacked_lora,siqa,fixed_gates,0,v_proj,10,0.9994767904281616
stacked_lora,siqa,fixed_gates,0,v_proj,11,0.9818907380104065
stacked_lora,siqa,fixed_gates,0,v_proj,12,0.9818345308303833
stacked_lora,siqa,fixed_gates,0,v_proj,13,0.990880012512207
stacked_lora,siqa,fixed_gates,0,v_proj,14,0.9909678101539612
stacked_lora,siqa,fixed_gates,0,v_proj,15,0.9985495805740356
stacked_lora,siqa,fixed_gates,0,v_proj,16,0.9972019791603088
stacked_lora,siqa,fixed_gates,0,v_proj,17,0.9920414090156555
stacked_lora,siqa,fixed_gates,0,v_proj,18,0.9940701723098755
stacked_lora,siqa,fixed_gates,0,v_proj,19,0.988368809223175
stacked_lora,siqa,fixed_gates,0,v_proj,20,0.9971082210540771
stacked_lora,siqa,fixed_gates,0,v_proj,21,0.991193413734436
stacked_lora,siqa,fixed_gates,0,v_proj,22,0.992537260055542
stacked_lora,siqa,fixed_gates,0,v_proj,23,0.9964271187782288
stacked_lora,siqa,fixed_gates,0,v_proj,24,0.984527587890625
stacked_lora,siqa,fixed_gates,0,v_proj,25,0.9837493896484375
stacked_lora,siqa,fixed_gates,0,v_proj,26,0.9906189441680908
stacked_lora,siqa,fixed_gates,0,v_proj,27,0.965229868888855
stacked_lora,siqa,fixed_gates,0,v_proj,28,0.9763392210006714
stacked_lora,siqa,fixed_gates,0,v_proj,29,0.9197854995727539
stacked_lora,siqa,fixed_gates,0,v_proj,30,0.9234595894813538
stacked_lora,siqa,fixed_gates,0,v_proj,31,0.9708677530288696
stacked_lora,siqa,fixed_gates,0,v_proj,32,0.964577317237854
stacked_lora,siqa,fixed_gates,0,v_proj,33,0.9940493106842041
stacked_lora,siqa,fixed_gates,0,v_proj,34,0.9874432682991028
stacked_lora,siqa,fixed_gates,0,v_proj,35,0.9786354303359985
stacked_lora,siqa,fixed_gates,0,v_proj,36,0.986501932144165
stacked_lora,siqa,fixed_gates,0,v_proj,37,0.9884473085403442
stacked_lora,siqa,fixed_gates,0,v_proj,38,0.9150285124778748
stacked_lora,siqa,fixed_gates,0,v_proj,39,0.9269826412200928
stacked_lora,siqa,fixed_gates,0,v_proj,40,0.9789371490478516
stacked_lora,siqa,fixed_gates,0,v_proj,41,0.985456109046936
stacked_lora,siqa,fixed_gates,0,v_proj,42,0.9854249954223633
stacked_lora,siqa,fixed_gates,0,v_proj,43,0.9874973893165588
stacked_lora,siqa,fixed_gates,0,v_proj,44,0.9467940330505371
stacked_lora,siqa,fixed_gates,0,v_proj,45,0.9507322311401367
stacked_lora,siqa,fixed_gates,0,v_proj,46,0.9946210384368896
stacked_lora,siqa,fixed_gates,0,v_proj,47,0.9945107102394104
stacked_lora,siqa,fixed_gates,0,v_proj,48,0.990418553352356
stacked_lora,siqa,fixed_gates,0,v_proj,49,0.9857733249664307
stacked_lora,siqa,fixed_gates,0,v_proj,50,0.9796615839004517
stacked_lora,siqa,fixed_gates,0,up_proj,1,0.9999601244926453
stacked_lora,siqa,fixed_gates,0,up_proj,2,0.9999415278434753
stacked_lora,siqa,fixed_gates,0,up_proj,3,0.9999664425849915
stacked_lora,siqa,fixed_gates,0,up_proj,4,0.9999443292617798
stacked_lora,siqa,fixed_gates,0,up_proj,5,0.999927282333374
stacked_lora,siqa,fixed_gates,0,up_proj,6,0.9966715574264526
stacked_lora,siqa,fixed_gates,0,up_proj,7,0.9966650009155273
stacked_lora,siqa,fixed_gates,0,up_proj,8,0.9998362064361572
stacked_lora,siqa,fixed_gates,0,up_proj,9,0.9996410608291626
stacked_lora,siqa,fixed_gates,0,up_proj,10,0.999767541885376
stacked_lora,siqa,fixed_gates,0,up_proj,11,0.9988507032394409
stacked_lora,siqa,fixed_gates,0,up_proj,12,0.9986226558685303
stacked_lora,siqa,fixed_gates,0,up_proj,13,0.9991946220397949
stacked_lora,siqa,fixed_gates,0,up_proj,14,0.9995304346084595
stacked_lora,siqa,fixed_gates,0,up_proj,15,0.9996381402015686
stacked_lora,siqa,fixed_gates,0,up_proj,16,0.9984137415885925
stacked_lora,siqa,fixed_gates,0,up_proj,17,0.9986551403999329
stacked_lora,siqa,fixed_gates,0,up_proj,18,0.9990803599357605
stacked_lora,siqa,fixed_gates,0,up_proj,19,0.9997649788856506
stacked_lora,siqa,fixed_gates,0,up_proj,20,0.9998143315315247
stacked_lora,siqa,fixed_gates,0,up_proj,21,0.999570369720459
stacked_lora,siqa,fixed_gates,0,up_proj,22,0.9996024370193481
stacked_lora,siqa,fixed_gates,0,up_proj,23,0.9998638033866882
stacked_lora,siqa,fixed_gates,0,up_proj,24,0.9997142553329468
stacked_lora,siqa,fixed_gates,0,up_proj,25,0.9997743964195251
stacked_lora,siqa,fixed_gates,0,up_proj,26,0.9985216856002808
stacked_lora,siqa,fixed_gates,0,up_proj,27,0.9990189671516418
stacked_lora,siqa,fixed_gates,0,up_proj,28,0.9992735385894775
stacked_lora,siqa,fixed_gates,0,up_proj,29,0.9996311664581299
stacked_lora,siqa,fixed_gates,0,up_proj,30,0.9995908737182617
stacked_lora,siqa,fixed_gates,0,up_proj,31,0.9997494220733643
stacked_lora,siqa,fixed_gates,0,up_proj,32,0.9996750950813293
stacked_lora,siqa,fixed_gates,0,up_proj,33,0.9997016191482544
stacked_lora,siqa,fixed_gates,0,up_proj,34,0.9996644854545593
stacked_lora,siqa,fixed_gates,0,up_proj,35,0.9997258186340332
stacked_lora,siqa,fixed_gates,0,up_proj,36,0.9996476769447327
stacked_lora,siqa,fixed_gates,0,up_proj,37,0.9992097020149231
stacked_lora,siqa,fixed_gates,0,up_proj,38,0.9991821050643921
stacked_lora,siqa,fixed_gates,0,up_proj,39,0.9997013807296753
stacked_lora,siqa,fixed_gates,0,up_proj,40,0.9996660947799683
stacked_lora,siqa,fixed_gates,0,up_proj,41,0.9995741844177246
stacked_lora,siqa,fixed_gates,0,up_proj,42,0.9975877404212952
stacked_lora,siqa,fixed_gates,0,up_proj,43,0.9975912570953369
stacked_lora,siqa,fixed_gates,0,up_proj,44,0.9990124106407166
stacked_lora,siqa,fixed_gates,0,up_proj,45,0.9981144666671753
stacked_lora,siqa,fixed_gates,0,up_proj,46,0.9985801577568054
stacked_lora,siqa,fixed_gates,0,up_proj,47,0.99909508228302
stacked_lora,siqa,fixed_gates,0,up_proj,48,0.9986768364906311
stacked_lora,siqa,fixed_gates,0,up_proj,49,0.9995821118354797
stacked_lora,siqa,fixed_gates,0,up_proj,50,0.9988811016082764
stacked_lora,siqa,fixed_gates,0,down_proj,1,0.9999887943267822
stacked_lora,siqa,fixed_gates,0,down_proj,2,0.9999923706054688
stacked_lora,siqa,fixed_gates,0,down_proj,3,0.99998939037323
stacked_lora,siqa,fixed_gates,0,down_proj,4,0.9999747276306152
stacked_lora,siqa,fixed_gates,0,down_proj,5,0.9999898076057434
stacked_lora,siqa,fixed_gates,0,down_proj,6,0.999949038028717
stacked_lora,siqa,fixed_gates,0,down_proj,7,0.9999377131462097
stacked_lora,siqa,fixed_gates,0,down_proj,8,0.9999295473098755
stacked_lora,siqa,fixed_gates,0,down_proj,9,0.9996960163116455
stacked_lora,siqa,fixed_gates,0,down_proj,10,0.9996512532234192
stacked_lora,siqa,fixed_gates,0,down_proj,11,0.9999023079872131
stacked_lora,siqa,fixed_gates,0,down_proj,12,0.9998795390129089
stacked_lora,siqa,fixed_gates,0,down_proj,13,0.9998976588249207
stacked_lora,siqa,fixed_gates,0,down_proj,14,0.9998984336853027
stacked_lora,siqa,fixed_gates,0,down_proj,15,0.9999479651451111
stacked_lora,siqa,fixed_gates,0,down_proj,16,0.9999160170555115
stacked_lora,siqa,fixed_gates,0,down_proj,17,0.9991297721862793
stacked_lora,siqa,fixed_gates,0,down_proj,18,0.9991304874420166
stacked_lora,siqa,fixed_gates,0,down_proj,19,0.9998334646224976
stacked_lora,siqa,fixed_gates,0,down_proj,20,0.9973617196083069
stacked_lora,siqa,fixed_gates,0,down_proj,21,0.997177004814148
stacked_lora,siqa,fixed_gates,0,down_proj,22,0.9974943995475769
stacked_lora,siqa,fixed_gates,0,down_proj,23,0.9975565671920776
stacked_lora,siqa,fixed_gates,0,down_proj,24,0.9995499849319458
stacked_lora,siqa,fixed_gates,0,down_proj,25,0.99953693151474
stacked_lora,siqa,fixed_gates,0,down_proj,26,0.9994505047798157
stacked_lora,siqa,fixed_gates,0,down_proj,27,0.9993196129798889
stacked_lora,siqa,fixed_gates,0,down_proj,28,0.999405562877655
stacked_lora,siqa,fixed_gates,0,down_proj,29,0.9993451833724976
stacked_lora,siqa,fixed_gates,0,down_proj,30,0.9985688328742981
stacked_lora,siqa,fixed_gates,0,down_proj,31,0.9988572597503662
stacked_lora,siqa,fixed_gates,0,down_proj,32,0.9997228384017944
stacked_lora,siqa,fixed_gates,0,down_proj,33,0.9876881837844849
stacked_lora,siqa,fixed_gates,0,down_proj,34,0.9888441562652588
stacked_lora,siqa,fixed_gates,0,down_proj,35,0.9986778497695923
stacked_lora,siqa,fixed_gates,0,down_proj,36,0.9982799887657166
stacked_lora,siqa,fixed_gates,0,down_proj,37,0.9986547827720642
stacked_lora,siqa,fixed_gates,0,down_proj,38,0.9991797208786011
stacked_lora,siqa,fixed_gates,0,down_proj,39,0.9996155500411987
stacked_lora,siqa,fixed_gates,0,down_proj,40,0.9996505379676819
stacked_lora,siqa,fixed_gates,0,down_proj,41,0.9994766116142273
stacked_lora,siqa,fixed_gates,0,down_proj,42,0.9994685649871826
stacked_lora,siqa,fixed_gates,0,down_proj,43,0.9991014003753662
stacked_lora,siqa,fixed_gates,0,down_proj,44,0.9990067481994629
stacked_lora,siqa,fixed_gates,0,down_proj,45,0.9992197751998901
stacked_lora,siqa,fixed_gates,0,down_proj,46,0.9995715618133545
stacked_lora,siqa,fixed_gates,0,down_proj,47,0.9787803888320923
stacked_lora,siqa,fixed_gates,0,down_proj,48,0.9785344004631042
stacked_lora,siqa,fixed_gates,0,down_proj,49,0.9993476867675781
stacked_lora,siqa,fixed_gates,0,down_proj,50,0.8313789367675781
stacked_lora,siqa,fixed_gates,8,q_proj,1,0.9999659061431885
stacked_lora,siqa,fixed_gates,8,q_proj,2,0.9999904036521912
stacked_lora,siqa,fixed_gates,8,q_proj,3,0.9999966621398926
stacked_lora,siqa,fixed_gates,8,q_proj,4,0.9999902844429016
stacked_lora,siqa,fixed_gates,8,q_proj,5,0.9999690055847168
stacked_lora,siqa,fixed_gates,8,q_proj,6,0.9999925494194031
stacked_lora,siqa,fixed_gates,8,q_proj,7,0.9999828934669495
stacked_lora,siqa,fixed_gates,8,q_proj,8,0.999770998954773
stacked_lora,siqa,fixed_gates,8,q_proj,9,0.9997924566268921
stacked_lora,siqa,fixed_gates,8,q_proj,10,0.9999639391899109
stacked_lora,siqa,fixed_gates,8,q_proj,11,0.9999887943267822
stacked_lora,siqa,fixed_gates,8,q_proj,12,0.9999862313270569
stacked_lora,siqa,fixed_gates,8,q_proj,13,0.9999222755432129
stacked_lora,siqa,fixed_gates,8,q_proj,14,0.9999313950538635
stacked_lora,siqa,fixed_gates,8,q_proj,15,0.9997905492782593
stacked_lora,siqa,fixed_gates,8,q_proj,16,0.9995517730712891
stacked_lora,siqa,fixed_gates,8,q_proj,17,0.9994901418685913
stacked_lora,siqa,fixed_gates,8,q_proj,18,0.9999911189079285
stacked_lora,siqa,fixed_gates,8,q_proj,19,0.9999273419380188
stacked_lora,siqa,fixed_gates,8,q_proj,20,0.999961256980896
stacked_lora,siqa,fixed_gates,8,q_proj,21,0.999946117401123
stacked_lora,siqa,fixed_gates,8,q_proj,22,0.9999066591262817
stacked_lora,siqa,fixed_gates,8,q_proj,23,0.9999134540557861
stacked_lora,siqa,fixed_gates,8,q_proj,24,0.9999143481254578
stacked_lora,siqa,fixed_gates,8,q_proj,25,0.9998794794082642
stacked_lora,siqa,fixed_gates,8,q_proj,26,0.9999555349349976
stacked_lora,siqa,fixed_gates,8,q_proj,27,0.9998829960823059
stacked_lora,siqa,fixed_gates,8,q_proj,28,0.9999379515647888
stacked_lora,siqa,fixed_gates,8,q_proj,29,0.9999260306358337
stacked_lora,siqa,fixed_gates,8,q_proj,30,0.9999514818191528
stacked_lora,siqa,fixed_gates,8,q_proj,31,0.9995515942573547
stacked_lora,siqa,fixed_gates,8,q_proj,32,0.9995269179344177
stacked_lora,siqa,fixed_gates,8,q_proj,33,0.9998693466186523
stacked_lora,siqa,fixed_gates,8,q_proj,34,0.9998563528060913
stacked_lora,siqa,fixed_gates,8,q_proj,35,0.9998456239700317
stacked_lora,siqa,fixed_gates,8,q_proj,36,0.9998980164527893
stacked_lora,siqa,fixed_gates,8,q_proj,37,0.9996403455734253
stacked_lora,siqa,fixed_gates,8,q_proj,38,0.9985719919204712
stacked_lora,siqa,fixed_gates,8,q_proj,39,0.9989515542984009
stacked_lora,siqa,fixed_gates,8,q_proj,40,0.9996116161346436
stacked_lora,siqa,fixed_gates,8,q_proj,41,0.9999102354049683
stacked_lora,siqa,fixed_gates,8,q_proj,42,0.9998288750648499
stacked_lora,siqa,fixed_gates,8,q_proj,43,0.9993473291397095
stacked_lora,siqa,fixed_gates,8,q_proj,44,0.9990216493606567
stacked_lora,siqa,fixed_gates,8,q_proj,45,0.9995083212852478
stacked_lora,siqa,fixed_gates,8,q_proj,46,0.9999313950538635
stacked_lora,siqa,fixed_gates,8,q_proj,47,0.9998647570610046
stacked_lora,siqa,fixed_gates,8,q_proj,48,0.9998478293418884
stacked_lora,siqa,fixed_gates,8,q_proj,49,0.999812662601471
stacked_lora,siqa,fixed_gates,8,q_proj,50,0.9998886585235596
stacked_lora,siqa,fixed_gates,8,v_proj,1,0.9942059516906738
stacked_lora,siqa,fixed_gates,8,v_proj,2,0.9941984415054321
stacked_lora,siqa,fixed_gates,8,v_proj,3,0.998796284198761
stacked_lora,siqa,fixed_gates,8,v_proj,4,0.9944472908973694
stacked_lora,siqa,fixed_gates,8,v_proj,5,0.9938948154449463
stacked_lora,siqa,fixed_gates,8,v_proj,6,0.9882846474647522
stacked_lora,siqa,fixed_gates,8,v_proj,7,0.9932289719581604
stacked_lora,siqa,fixed_gates,8,v_proj,8,0.9979105591773987
stacked_lora,siqa,fixed_gates,8,v_proj,9,0.9987316131591797
stacked_lora,siqa,fixed_gates,8,v_proj,10,0.9975930452346802
stacked_lora,siqa,fixed_gates,8,v_proj,11,0.9975820779800415
stacked_lora,siqa,fixed_gates,8,v_proj,12,0.9986205697059631
stacked_lora,siqa,fixed_gates,8,v_proj,13,0.9934200048446655
stacked_lora,siqa,fixed_gates,8,v_proj,14,0.9942244291305542
stacked_lora,siqa,fixed_gates,8,v_proj,15,0.9957177639007568
stacked_lora,siqa,fixed_gates,8,v_proj,16,0.9891653656959534
stacked_lora,siqa,fixed_gates,8,v_proj,17,0.9894540309906006
stacked_lora,siqa,fixed_gates,8,v_proj,18,0.9878857731819153
stacked_lora,siqa,fixed_gates,8,v_proj,19,0.9873025417327881
stacked_lora,siqa,fixed_gates,8,v_proj,20,0.9967039823532104
stacked_lora,siqa,fixed_gates,8,v_proj,21,0.9948042035102844
stacked_lora,siqa,fixed_gates,8,v_proj,22,0.996200442314148
stacked_lora,siqa,fixed_gates,8,v_proj,23,0.9932585954666138
stacked_lora,siqa,fixed_gates,8,v_proj,24,0.9984074234962463
stacked_lora,siqa,fixed_gates,8,v_proj,25,0.9941234588623047
stacked_lora,siqa,fixed_gates,8,v_proj,26,0.9948946237564087
stacked_lora,siqa,fixed_gates,8,v_proj,27,0.9915517568588257
stacked_lora,siqa,fixed_gates,8,v_proj,28,0.9660895466804504
stacked_lora,siqa,fixed_gates,8,v_proj,29,0.9628718495368958
stacked_lora,siqa,fixed_gates,8,v_proj,30,0.9828168749809265
stacked_lora,siqa,fixed_gates,8,v_proj,31,0.9934983849525452
stacked_lora,siqa,fixed_gates,8,v_proj,32,0.9958140254020691
stacked_lora,siqa,fixed_gates,8,v_proj,33,0.994783878326416
stacked_lora,siqa,fixed_gates,8,v_proj,34,0.9957684874534607
stacked_lora,siqa,fixed_gates,8,v_proj,35,0.9418769478797913
stacked_lora,siqa,fixed_gates,8,v_proj,36,0.9402682781219482
stacked_lora,siqa,fixed_gates,8,v_proj,37,0.9928936958312988
stacked_lora,siqa,fixed_gates,8,v_proj,38,0.9873141050338745
stacked_lora,siqa,fixed_gates,8,v_proj,39,0.9872462153434753
stacked_lora,siqa,fixed_gates,8,v_proj,40,0.9973481297492981
stacked_lora,siqa,fixed_gates,8,v_proj,41,0.9960774183273315
stacked_lora,siqa,fixed_gates,8,v_proj,42,0.9967042207717896
stacked_lora,siqa,fixed_gates,8,v_proj,43,0.994057297706604
stacked_lora,siqa,fixed_gates,8,v_proj,44,0.9909669160842896
stacked_lora,siqa,fixed_gates,8,v_proj,45,0.993870735168457
stacked_lora,siqa,fixed_gates,8,v_proj,46,0.9035511016845703
stacked_lora,siqa,fixed_gates,8,v_proj,47,0.9001798629760742
stacked_lora,siqa,fixed_gates,8,v_proj,48,0.9911525845527649
stacked_lora,siqa,fixed_gates,8,v_proj,49,0.9960970878601074
stacked_lora,siqa,fixed_gates,8,v_proj,50,0.9944695830345154
stacked_lora,siqa,fixed_gates,8,up_proj,1,0.9999889731407166
stacked_lora,siqa,fixed_gates,8,up_proj,2,0.9999712109565735
stacked_lora,siqa,fixed_gates,8,up_proj,3,0.9999692440032959
stacked_lora,siqa,fixed_gates,8,up_proj,4,0.9999683499336243
stacked_lora,siqa,fixed_gates,8,up_proj,5,0.9999548196792603
stacked_lora,siqa,fixed_gates,8,up_proj,6,0.9999344944953918
stacked_lora,siqa,fixed_gates,8,up_proj,7,0.999930739402771
stacked_lora,siqa,fixed_gates,8,up_proj,8,0.999905526638031
stacked_lora,siqa,fixed_gates,8,up_proj,9,0.9998669624328613
stacked_lora,siqa,fixed_gates,8,up_proj,10,0.999842643737793
stacked_lora,siqa,fixed_gates,8,up_proj,11,0.9998691082000732
stacked_lora,siqa,fixed_gates,8,up_proj,12,0.9998785257339478
stacked_lora,siqa,fixed_gates,8,up_proj,13,0.9120121598243713
stacked_lora,siqa,fixed_gates,8,up_proj,14,0.9119210243225098
stacked_lora,siqa,fixed_gates,8,up_proj,15,0.9998807311058044
stacked_lora,siqa,fixed_gates,8,up_proj,16,0.9999245405197144
stacked_lora,siqa,fixed_gates,8,up_proj,17,0.9999130368232727
stacked_lora,siqa,fixed_gates,8,up_proj,18,0.9997356534004211
stacked_lora,siqa,fixed_gates,8,up_proj,19,0.9995771646499634
stacked_lora,siqa,fixed_gates,8,up_proj,20,0.9998205900192261
stacked_lora,siqa,fixed_gates,8,up_proj,21,0.9996298551559448
stacked_lora,siqa,fixed_gates,8,up_proj,22,0.9995694756507874
stacked_lora,siqa,fixed_gates,8,up_proj,23,0.9825403690338135
stacked_lora,siqa,fixed_gates,8,up_proj,24,0.9824848771095276
stacked_lora,siqa,fixed_gates,8,up_proj,25,0.9997501969337463
stacked_lora,siqa,fixed_gates,8,up_proj,26,0.9984651803970337
stacked_lora,siqa,fixed_gates,8,up_proj,27,0.998258113861084
stacked_lora,siqa,fixed_gates,8,up_proj,28,0.9994685649871826
stacked_lora,siqa,fixed_gates,8,up_proj,29,0.9995779395103455
stacked_lora,siqa,fixed_gates,8,up_proj,30,0.9991862177848816
stacked_lora,siqa,fixed_gates,8,up_proj,31,0.9995539784431458
stacked_lora,siqa,fixed_gates,8,up_proj,32,0.9980394840240479
stacked_lora,siqa,fixed_gates,8,up_proj,33,0.998521625995636
stacked_lora,siqa,fixed_gates,8,up_proj,34,0.9985466003417969
stacked_lora,siqa,fixed_gates,8,up_proj,35,0.9988098740577698
stacked_lora,siqa,fixed_gates,8,up_proj,36,0.9993876218795776
stacked_lora,siqa,fixed_gates,8,up_proj,37,0.9960409998893738
stacked_lora,siqa,fixed_gates,8,up_proj,38,0.9964052438735962
stacked_lora,siqa,fixed_gates,8,up_proj,39,0.9968275427818298
stacked_lora,siqa,fixed_gates,8,up_proj,40,0.9973430633544922
stacked_lora,siqa,fixed_gates,8,up_proj,41,0.9981604218482971
stacked_lora,siqa,fixed_gates,8,up_proj,42,0.996487557888031
stacked_lora,siqa,fixed_gates,8,up_proj,43,0.9970133304595947
stacked_lora,siqa,fixed_gates,8,up_proj,44,0.9988416433334351
stacked_lora,siqa,fixed_gates,8,up_proj,45,0.9988343119621277
stacked_lora,siqa,fixed_gates,8,up_proj,46,0.9973458647727966
stacked_lora,siqa,fixed_gates,8,up_proj,47,0.9969255328178406
stacked_lora,siqa,fixed_gates,8,up_proj,48,0.9970449805259705
stacked_lora,siqa,fixed_gates,8,up_proj,49,0.990965723991394
stacked_lora,siqa,fixed_gates,8,up_proj,50,0.9901909828186035
stacked_lora,siqa,fixed_gates,8,down_proj,1,0.9999991655349731
stacked_lora,siqa,fixed_gates,8,down_proj,2,0.9999914765357971
stacked_lora,siqa,fixed_gates,8,down_proj,3,0.9999998211860657
stacked_lora,siqa,fixed_gates,8,down_proj,4,0.9999927282333374
stacked_lora,siqa,fixed_gates,8,down_proj,5,0.9999513030052185
stacked_lora,siqa,fixed_gates,8,down_proj,6,0.9999521374702454
stacked_lora,siqa,fixed_gates,8,down_proj,7,0.9999831318855286
stacked_lora,siqa,fixed_gates,8,down_proj,8,0.9999820590019226
stacked_lora,siqa,fixed_gates,8,down_proj,9,0.9999856948852539
stacked_lora,siqa,fixed_gates,8,down_proj,10,0.999972939491272
stacked_lora,siqa,fixed_gates,8,down_proj,11,0.9996423125267029
stacked_lora,siqa,fixed_gates,8,down_proj,12,0.9996123313903809
stacked_lora,siqa,fixed_gates,8,down_proj,13,0.9999209046363831
stacked_lora,siqa,fixed_gates,8,down_proj,14,0.9999229311943054
stacked_lora,siqa,fixed_gates,8,down_proj,15,0.9999687075614929
stacked_lora,siqa,fixed_gates,8,down_proj,16,0.9999696016311646
stacked_lora,siqa,fixed_gates,8,down_proj,17,0.9999473690986633
stacked_lora,siqa,fixed_gates,8,down_proj,18,0.999965250492096
stacked_lora,siqa,fixed_gates,8,down_proj,19,0.9896806478500366
stacked_lora,siqa,fixed_gates,8,down_proj,20,0.9896417260169983
stacked_lora,siqa,fixed_gates,8,down_proj,21,0.9999085068702698
stacked_lora,siqa,fixed_gates,8,down_proj,22,0.9999823570251465
stacked_lora,siqa,fixed_gates,8,down_proj,23,0.999963641166687
stacked_lora,siqa,fixed_gates,8,down_proj,24,0.9999752044677734
stacked_lora,siqa,fixed_gates,8,down_proj,25,0.9999338984489441
stacked_lora,siqa,fixed_gates,8,down_proj,26,0.9999231100082397
stacked_lora,siqa,fixed_gates,8,down_proj,27,0.9999462366104126
stacked_lora,siqa,fixed_gates,8,down_proj,28,0.9999306201934814
stacked_lora,siqa,fixed_gates,8,down_proj,29,0.9999648928642273
stacked_lora,siqa,fixed_gates,8,down_proj,30,0.9995653033256531
stacked_lora,siqa,fixed_gates,8,down_proj,31,0.9993675351142883
stacked_lora,siqa,fixed_gates,8,down_proj,32,0.9995321035385132
stacked_lora,siqa,fixed_gates,8,down_proj,33,0.99969881772995
stacked_lora,siqa,fixed_gates,8,down_proj,34,0.999835729598999
stacked_lora,siqa,fixed_gates,8,down_proj,35,0.9998273253440857
stacked_lora,siqa,fixed_gates,8,down_proj,36,0.9998871684074402
stacked_lora,siqa,fixed_gates,8,down_proj,37,0.99992835521698
stacked_lora,siqa,fixed_gates,8,down_proj,38,0.9998778104782104
stacked_lora,siqa,fixed_gates,8,down_proj,39,0.9999348521232605
stacked_lora,siqa,fixed_gates,8,down_proj,40,0.9999260902404785
stacked_lora,siqa,fixed_gates,8,down_proj,41,0.9962625503540039
stacked_lora,siqa,fixed_gates,8,down_proj,42,0.996363639831543
stacked_lora,siqa,fixed_gates,8,down_proj,43,0.9995332956314087
stacked_lora,siqa,fixed_gates,8,down_proj,44,0.9997868537902832
stacked_lora,siqa,fixed_gates,8,down_proj,45,0.9998835325241089
stacked_lora,siqa,fixed_gates,8,down_proj,46,0.9996622204780579
stacked_lora,siqa,fixed_gates,8,down_proj,47,0.9996604919433594
stacked_lora,siqa,fixed_gates,8,down_proj,48,0.9997707605361938
stacked_lora,siqa,fixed_gates,8,down_proj,49,0.9997110366821289
stacked_lora,siqa,fixed_gates,8,down_proj,50,0.9996922612190247
stacked_lora,siqa,fixed_gates,15,q_proj,1,0.9999988079071045
stacked_lora,siqa,fixed_gates,15,q_proj,2,0.9999977946281433
stacked_lora,siqa,fixed_gates,15,q_proj,3,0.9999948143959045
stacked_lora,siqa,fixed_gates,15,q_proj,4,0.9999845623970032
stacked_lora,siqa,fixed_gates,15,q_proj,5,0.9999848008155823
stacked_lora,siqa,fixed_gates,15,q_proj,6,0.9999932646751404
stacked_lora,siqa,fixed_gates,15,q_proj,7,0.9999942779541016
stacked_lora,siqa,fixed_gates,15,q_proj,8,0.9999940991401672
stacked_lora,siqa,fixed_gates,15,q_proj,9,0.9999927878379822
stacked_lora,siqa,fixed_gates,15,q_proj,10,0.9999879598617554
stacked_lora,siqa,fixed_gates,15,q_proj,11,0.9999908208847046
stacked_lora,siqa,fixed_gates,15,q_proj,12,0.9999921321868896
stacked_lora,siqa,fixed_gates,15,q_proj,13,0.999979555606842
stacked_lora,siqa,fixed_gates,15,q_proj,14,0.9999594688415527
stacked_lora,siqa,fixed_gates,15,q_proj,15,0.9999589920043945
stacked_lora,siqa,fixed_gates,15,q_proj,16,0.9999916553497314
stacked_lora,siqa,fixed_gates,15,q_proj,17,0.9999952912330627
stacked_lora,siqa,fixed_gates,15,q_proj,18,0.9999687671661377
stacked_lora,siqa,fixed_gates,15,q_proj,19,0.9999529123306274
stacked_lora,siqa,fixed_gates,15,q_proj,20,0.9999818801879883
stacked_lora,siqa,fixed_gates,15,q_proj,21,0.9999024868011475
stacked_lora,siqa,fixed_gates,15,q_proj,22,0.999893069267273
stacked_lora,siqa,fixed_gates,15,q_proj,23,0.9999282956123352
stacked_lora,siqa,fixed_gates,15,q_proj,24,0.999994695186615
stacked_lora,siqa,fixed_gates,15,q_proj,25,0.99998939037323
stacked_lora,siqa,fixed_gates,15,q_proj,26,0.9999924898147583
stacked_lora,siqa,fixed_gates,15,q_proj,27,0.999991238117218
stacked_lora,siqa,fixed_gates,15,q_proj,28,0.9999595284461975
stacked_lora,siqa,fixed_gates,15,q_proj,29,0.9999542236328125
stacked_lora,siqa,fixed_gates,15,q_proj,30,0.9999911785125732
stacked_lora,siqa,fixed_gates,15,q_proj,31,0.9997562170028687
stacked_lora,siqa,fixed_gates,15,q_proj,32,0.9997525811195374
stacked_lora,siqa,fixed_gates,15,q_proj,33,0.9999920129776001
stacked_lora,siqa,fixed_gates,15,q_proj,34,0.9999841451644897
stacked_lora,siqa,fixed_gates,15,q_proj,35,0.9999436140060425
stacked_lora,siqa,fixed_gates,15,q_proj,36,0.9999592900276184
stacked_lora,siqa,fixed_gates,15,q_proj,37,0.9999748468399048
stacked_lora,siqa,fixed_gates,15,q_proj,38,0.9999854564666748
stacked_lora,siqa,fixed_gates,15,q_proj,39,0.9999591112136841
stacked_lora,siqa,fixed_gates,15,q_proj,40,0.9998828768730164
stacked_lora,siqa,fixed_gates,15,q_proj,41,0.9998807907104492
stacked_lora,siqa,fixed_gates,15,q_proj,42,0.9999412894248962
stacked_lora,siqa,fixed_gates,15,q_proj,43,0.9999400973320007
stacked_lora,siqa,fixed_gates,15,q_proj,44,0.9999607801437378
stacked_lora,siqa,fixed_gates,15,q_proj,45,0.9999775886535645
stacked_lora,siqa,fixed_gates,15,q_proj,46,0.9999189376831055
stacked_lora,siqa,fixed_gates,15,q_proj,47,0.999959409236908
stacked_lora,siqa,fixed_gates,15,q_proj,48,0.9999514222145081
stacked_lora,siqa,fixed_gates,15,q_proj,49,0.9999592304229736
stacked_lora,siqa,fixed_gates,15,q_proj,50,0.9999670386314392
stacked_lora,siqa,fixed_gates,15,v_proj,1,0.9999880790710449
stacked_lora,siqa,fixed_gates,15,v_proj,2,0.999858021736145
stacked_lora,siqa,fixed_gates,15,v_proj,3,0.9998638033866882
stacked_lora,siqa,fixed_gates,15,v_proj,4,0.9999961853027344
stacked_lora,siqa,fixed_gates,15,v_proj,5,0.9999804496765137
stacked_lora,siqa,fixed_gates,15,v_proj,6,0.9999805688858032
stacked_lora,siqa,fixed_gates,15,v_proj,7,0.9999834299087524
stacked_lora,siqa,fixed_gates,15,v_proj,8,0.9999864101409912
stacked_lora,siqa,fixed_gates,15,v_proj,9,0.9999704360961914
stacked_lora,siqa,fixed_gates,15,v_proj,10,0.9999595880508423
stacked_lora,siqa,fixed_gates,15,v_proj,11,0.9999456405639648
stacked_lora,siqa,fixed_gates,15,v_proj,12,0.9999347925186157
stacked_lora,siqa,fixed_gates,15,v_proj,13,0.9998829960823059
stacked_lora,siqa,fixed_gates,15,v_proj,14,0.9999531507492065
stacked_lora,siqa,fixed_gates,15,v_proj,15,0.9998396635055542
stacked_lora,siqa,fixed_gates,15,v_proj,16,0.9999692440032959
stacked_lora,siqa,fixed_gates,15,v_proj,17,0.9998306035995483
stacked_lora,siqa,fixed_gates,15,v_proj,18,0.9999551773071289
stacked_lora,siqa,fixed_gates,15,v_proj,19,0.9999529123306274
stacked_lora,siqa,fixed_gates,15,v_proj,20,0.9999009370803833
stacked_lora,siqa,fixed_gates,15,v_proj,21,0.999832272529602
stacked_lora,siqa,fixed_gates,15,v_proj,22,0.9997755289077759
stacked_lora,siqa,fixed_gates,15,v_proj,23,0.9999180436134338
stacked_lora,siqa,fixed_gates,15,v_proj,24,0.9999417662620544
stacked_lora,siqa,fixed_gates,15,v_proj,25,0.9998441934585571
stacked_lora,siqa,fixed_gates,15,v_proj,26,0.9998739957809448
stacked_lora,siqa,fixed_gates,15,v_proj,27,0.9999328255653381
stacked_lora,siqa,fixed_gates,15,v_proj,28,0.9998897314071655
stacked_lora,siqa,fixed_gates,15,v_proj,29,0.9998968243598938
stacked_lora,siqa,fixed_gates,15,v_proj,30,0.9999046325683594
stacked_lora,siqa,fixed_gates,15,v_proj,31,0.9998849630355835
stacked_lora,siqa,fixed_gates,15,v_proj,32,0.9998117685317993
stacked_lora,siqa,fixed_gates,15,v_proj,33,0.999515950679779
stacked_lora,siqa,fixed_gates,15,v_proj,34,0.9995788335800171
stacked_lora,siqa,fixed_gates,15,v_proj,35,0.9997987151145935
stacked_lora,siqa,fixed_gates,15,v_proj,36,0.9975453615188599
stacked_lora,siqa,fixed_gates,15,v_proj,37,0.9974992871284485
stacked_lora,siqa,fixed_gates,15,v_proj,38,0.9999121427536011
stacked_lora,siqa,fixed_gates,15,v_proj,39,0.9999582767486572
stacked_lora,siqa,fixed_gates,15,v_proj,40,0.9999436140060425
stacked_lora,siqa,fixed_gates,15,v_proj,41,0.9999092817306519
stacked_lora,siqa,fixed_gates,15,v_proj,42,0.9998176097869873
stacked_lora,siqa,fixed_gates,15,v_proj,43,0.9989533424377441
stacked_lora,siqa,fixed_gates,15,v_proj,44,0.9990020990371704
stacked_lora,siqa,fixed_gates,15,v_proj,45,0.9996026754379272
stacked_lora,siqa,fixed_gates,15,v_proj,46,0.9996230602264404
stacked_lora,siqa,fixed_gates,15,v_proj,47,0.9999194145202637
stacked_lora,siqa,fixed_gates,15,v_proj,48,0.999943196773529
stacked_lora,siqa,fixed_gates,15,v_proj,49,0.9999362230300903
stacked_lora,siqa,fixed_gates,15,v_proj,50,0.9999702572822571
stacked_lora,siqa,fixed_gates,15,up_proj,1,1.0000001192092896
stacked_lora,siqa,fixed_gates,15,up_proj,2,1.000000238418579
stacked_lora,siqa,fixed_gates,15,up_proj,3,1.0
stacked_lora,siqa,fixed_gates,15,up_proj,4,0.9999977350234985
stacked_lora,siqa,fixed_gates,15,up_proj,5,0.9999960064888
stacked_lora,siqa,fixed_gates,15,up_proj,6,0.999995231628418
stacked_lora,siqa,fixed_gates,15,up_proj,7,0.9999967813491821
stacked_lora,siqa,fixed_gates,15,up_proj,8,0.9999934434890747
stacked_lora,siqa,fixed_gates,15,up_proj,9,0.999993085861206
stacked_lora,siqa,fixed_gates,15,up_proj,10,0.9999927878379822
stacked_lora,siqa,fixed_gates,15,up_proj,11,0.9999938607215881
stacked_lora,siqa,fixed_gates,15,up_proj,12,0.999993085861206
stacked_lora,siqa,fixed_gates,15,up_proj,13,0.9998928308486938
stacked_lora,siqa,fixed_gates,15,up_proj,14,0.9998975396156311
stacked_lora,siqa,fixed_gates,15,up_proj,15,0.9999931454658508
stacked_lora,siqa,fixed_gates,15,up_proj,16,0.9999887347221375
stacked_lora,siqa,fixed_gates,15,up_proj,17,0.9999917149543762
stacked_lora,siqa,fixed_gates,15,up_proj,18,0.9999938011169434
stacked_lora,siqa,fixed_gates,15,up_proj,19,0.9999664425849915
stacked_lora,siqa,fixed_gates,15,up_proj,20,0.9999696016311646
stacked_lora,siqa,fixed_gates,15,up_proj,21,0.9999911189079285
stacked_lora,siqa,fixed_gates,15,up_proj,22,0.999992847442627
stacked_lora,siqa,fixed_gates,15,up_proj,23,0.9999829530715942
stacked_lora,siqa,fixed_gates,15,up_proj,24,0.9999499320983887
stacked_lora,siqa,fixed_gates,15,up_proj,25,0.9999538660049438
stacked_lora,siqa,fixed_gates,15,up_proj,26,0.9999678730964661
stacked_lora,siqa,fixed_gates,15,up_proj,27,0.9999904036521912
stacked_lora,siqa,fixed_gates,15,up_proj,28,0.9999614953994751
stacked_lora,siqa,fixed_gates,15,up_proj,29,0.9999679327011108
stacked_lora,siqa,fixed_gates,15,up_proj,30,0.9999727010726929
stacked_lora,siqa,fixed_gates,15,up_proj,31,0.9999284148216248
stacked_lora,siqa,fixed_gates,15,up_proj,32,0.9999175667762756
stacked_lora,siqa,fixed_gates,15,up_proj,33,0.9999428391456604
stacked_lora,siqa,fixed_gates,15,up_proj,34,0.9999151229858398
stacked_lora,siqa,fixed_gates,15,up_proj,35,0.9999169111251831
stacked_lora,siqa,fixed_gates,15,up_proj,36,0.9998887181282043
stacked_lora,siqa,fixed_gates,15,up_proj,37,0.9999197721481323
stacked_lora,siqa,fixed_gates,15,up_proj,38,0.9999209046363831
stacked_lora,siqa,fixed_gates,15,up_proj,39,0.9992788434028625
stacked_lora,siqa,fixed_gates,15,up_proj,40,0.9992755055427551
stacked_lora,siqa,fixed_gates,15,up_proj,41,0.9999297857284546
stacked_lora,siqa,fixed_gates,15,up_proj,42,0.9998341202735901
stacked_lora,siqa,fixed_gates,15,up_proj,43,0.9998835325241089
stacked_lora,siqa,fixed_gates,15,up_proj,44,0.9997867345809937
stacked_lora,siqa,fixed_gates,15,up_proj,45,0.9997145533561707
stacked_lora,siqa,fixed_gates,15,up_proj,46,0.9998972415924072
stacked_lora,siqa,fixed_gates,15,up_proj,47,0.9997846484184265
stacked_lora,siqa,fixed_gates,15,up_proj,48,0.9997760057449341
stacked_lora,siqa,fixed_gates,15,up_proj,49,0.9999197721481323
stacked_lora,siqa,fixed_gates,15,up_proj,50,0.9999392032623291
stacked_lora,siqa,fixed_gates,15,down_proj,1,1.0000001192092896
stacked_lora,siqa,fixed_gates,15,down_proj,2,0.9999986886978149
stacked_lora,siqa,fixed_gates,15,down_proj,3,0.999999463558197
stacked_lora,siqa,fixed_gates,15,down_proj,4,0.9999994039535522
stacked_lora,siqa,fixed_gates,15,down_proj,5,0.9999994039535522
stacked_lora,siqa,fixed_gates,15,down_proj,6,0.999998152256012
stacked_lora,siqa,fixed_gates,15,down_proj,7,0.9999974370002747
stacked_lora,siqa,fixed_gates,15,down_proj,8,0.9999953508377075
stacked_lora,siqa,fixed_gates,15,down_proj,9,0.9999949932098389
stacked_lora,siqa,fixed_gates,15,down_proj,10,0.9999967217445374
stacked_lora,siqa,fixed_gates,15,down_proj,11,0.9999840259552002
stacked_lora,siqa,fixed_gates,15,down_proj,12,0.9999873638153076
stacked_lora,siqa,fixed_gates,15,down_proj,13,0.9999914169311523
stacked_lora,siqa,fixed_gates,15,down_proj,14,0.9999867677688599
stacked_lora,siqa,fixed_gates,15,down_proj,15,0.9999961256980896
stacked_lora,siqa,fixed_gates,15,down_proj,16,0.9999831318855286
stacked_lora,siqa,fixed_gates,15,down_proj,17,0.9999856352806091
stacked_lora,siqa,fixed_gates,15,down_proj,18,0.9999780058860779
stacked_lora,siqa,fixed_gates,15,down_proj,19,0.9999577403068542
stacked_lora,siqa,fixed_gates,15,down_proj,20,0.9999538660049438
stacked_lora,siqa,fixed_gates,15,down_proj,21,0.9999721050262451
stacked_lora,siqa,fixed_gates,15,down_proj,22,0.9999628067016602
stacked_lora,siqa,fixed_gates,15,down_proj,23,0.9999538660049438
stacked_lora,siqa,fixed_gates,15,down_proj,24,0.9999818801879883
stacked_lora,siqa,fixed_gates,15,down_proj,25,0.9999865889549255
stacked_lora,siqa,fixed_gates,15,down_proj,26,0.9998561143875122
stacked_lora,siqa,fixed_gates,15,down_proj,27,0.9998464584350586
stacked_lora,siqa,fixed_gates,15,down_proj,28,0.9999784231185913
stacked_lora,siqa,fixed_gates,15,down_proj,29,0.9999779462814331
stacked_lora,siqa,fixed_gates,15,down_proj,30,0.999980092048645
stacked_lora,siqa,fixed_gates,15,down_proj,31,0.9999905228614807
stacked_lora,siqa,fixed_gates,15,down_proj,32,0.9999833106994629
stacked_lora,siqa,fixed_gates,15,down_proj,33,0.9999815821647644
stacked_lora,siqa,fixed_gates,15,down_proj,34,0.9992456436157227
stacked_lora,siqa,fixed_gates,15,down_proj,35,0.9992397427558899
stacked_lora,siqa,fixed_gates,15,down_proj,36,0.9992714524269104
stacked_lora,siqa,fixed_gates,15,down_proj,37,0.9992702603340149
stacked_lora,siqa,fixed_gates,15,down_proj,38,0.9999661445617676
stacked_lora,siqa,fixed_gates,15,down_proj,39,0.999698281288147
stacked_lora,siqa,fixed_gates,15,down_proj,40,0.9990174174308777
stacked_lora,siqa,fixed_gates,15,down_proj,41,0.9992910623550415
stacked_lora,siqa,fixed_gates,15,down_proj,42,0.9999752640724182
stacked_lora,siqa,fixed_gates,15,down_proj,43,0.9999856352806091
stacked_lora,siqa,fixed_gates,15,down_proj,44,0.9999673366546631
stacked_lora,siqa,fixed_gates,15,down_proj,45,0.9999675750732422
stacked_lora,siqa,fixed_gates,15,down_proj,46,0.9999645948410034
stacked_lora,siqa,fixed_gates,15,down_proj,47,0.9999076128005981
stacked_lora,siqa,fixed_gates,15,down_proj,48,0.9998666644096375
stacked_lora,siqa,fixed_gates,15,down_proj,49,0.999962329864502
stacked_lora,siqa,fixed_gates,15,down_proj,50,0.9999682903289795
stacked_lora,sst2,fixed_gates,0,q_proj,1,0.9999997019767761
stacked_lora,sst2,fixed_gates,0,q_proj,2,0.9999991059303284
stacked_lora,sst2,fixed_gates,0,q_proj,3,0.9999993443489075
stacked_lora,sst2,fixed_gates,0,q_proj,4,0.9999975562095642
stacked_lora,sst2,fixed_gates,0,q_proj,5,0.9999986886978149
stacked_lora,sst2,fixed_gates,0,q_proj,6,0.9999982714653015
stacked_lora,sst2,fixed_gates,0,q_proj,7,0.999997079372406
stacked_lora,sst2,fixed_gates,0,q_proj,8,0.999998152256012
stacked_lora,sst2,fixed_gates,0,q_proj,9,0.9999989867210388
stacked_lora,sst2,fixed_gates,0,q_proj,10,0.9999983906745911
stacked_lora,sst2,fixed_gates,0,q_proj,11,0.9999966025352478
stacked_lora,sst2,fixed_gates,0,q_proj,12,0.999992847442627
stacked_lora,sst2,fixed_gates,0,q_proj,13,0.9999929070472717
stacked_lora,sst2,fixed_gates,0,q_proj,14,0.9999927878379822
stacked_lora,sst2,fixed_gates,0,q_proj,15,0.9999904632568359
stacked_lora,sst2,fixed_gates,0,q_proj,16,0.9999866485595703
stacked_lora,sst2,fixed_gates,0,q_proj,17,0.9999954104423523
stacked_lora,sst2,fixed_gates,0,q_proj,18,0.9999658465385437
stacked_lora,sst2,fixed_gates,0,q_proj,19,0.9999611377716064
stacked_lora,sst2,fixed_gates,0,q_proj,20,0.9999845623970032
stacked_lora,sst2,fixed_gates,0,q_proj,21,0.9999790191650391
stacked_lora,sst2,fixed_gates,0,q_proj,22,0.9999911189079285
stacked_lora,sst2,fixed_gates,0,q_proj,23,0.9999855756759644
stacked_lora,sst2,fixed_gates,0,q_proj,24,0.9999853372573853
stacked_lora,sst2,fixed_gates,0,q_proj,25,0.999985933303833
stacked_lora,sst2,fixed_gates,0,q_proj,26,0.9999938011169434
stacked_lora,sst2,fixed_gates,0,q_proj,27,0.9998334050178528
stacked_lora,sst2,fixed_gates,0,q_proj,28,0.9998287558555603
stacked_lora,sst2,fixed_gates,0,q_proj,29,0.9999764561653137
stacked_lora,sst2,fixed_gates,0,q_proj,30,0.9999625086784363
stacked_lora,sst2,fixed_gates,0,q_proj,31,0.9999602437019348
stacked_lora,sst2,fixed_gates,0,q_proj,32,0.9999384880065918
stacked_lora,sst2,fixed_gates,0,q_proj,33,0.9999384880065918
stacked_lora,sst2,fixed_gates,0,q_proj,34,0.999976634979248
stacked_lora,sst2,fixed_gates,0,q_proj,35,0.9999750852584839
stacked_lora,sst2,fixed_gates,0,q_proj,36,0.999839723110199
stacked_lora,sst2,fixed_gates,0,q_proj,37,0.9998520612716675
stacked_lora,sst2,fixed_gates,0,q_proj,38,0.9999405741691589
stacked_lora,sst2,fixed_gates,0,q_proj,39,0.9999663829803467
stacked_lora,sst2,fixed_gates,0,q_proj,40,0.9999699592590332
stacked_lora,sst2,fixed_gates,0,q_proj,41,0.9999417662620544
stacked_lora,sst2,fixed_gates,0,q_proj,42,0.9999568462371826
stacked_lora,sst2,fixed_gates,0,q_proj,43,0.9999496936798096
stacked_lora,sst2,fixed_gates,0,q_proj,44,0.9999144673347473
stacked_lora,sst2,fixed_gates,0,q_proj,45,0.9998852014541626
stacked_lora,sst2,fixed_gates,0,q_proj,46,0.9999353885650635
stacked_lora,sst2,fixed_gates,0,q_proj,47,0.9999386668205261
stacked_lora,sst2,fixed_gates,0,q_proj,48,0.9999145865440369
stacked_lora,sst2,fixed_gates,0,q_proj,49,0.9999253749847412
stacked_lora,sst2,fixed_gates,0,q_proj,50,0.9994393587112427
stacked_lora,sst2,fixed_gates,0,v_proj,1,0.9999794363975525
stacked_lora,sst2,fixed_gates,0,v_proj,2,0.9992415904998779
stacked_lora,sst2,fixed_gates,0,v_proj,3,0.9993541240692139
stacked_lora,sst2,fixed_gates,0,v_proj,4,0.9998955130577087
stacked_lora,sst2,fixed_gates,0,v_proj,5,0.9998693466186523
stacked_lora,sst2,fixed_gates,0,v_proj,6,0.9992872476577759
stacked_lora,sst2,fixed_gates,0,v_proj,7,0.9995359778404236
stacked_lora,sst2,fixed_gates,0,v_proj,8,0.9993069171905518
stacked_lora,sst2,fixed_gates,0,v_proj,9,0.9991937875747681
stacked_lora,sst2,fixed_gates,0,v_proj,10,0.9993447065353394
stacked_lora,sst2,fixed_gates,0,v_proj,11,0.9842568635940552
stacked_lora,sst2,fixed_gates,0,v_proj,12,0.9839916229248047
stacked_lora,sst2,fixed_gates,0,v_proj,13,0.9990007281303406
stacked_lora,sst2,fixed_gates,0,v_proj,14,0.9993248581886292
stacked_lora,sst2,fixed_gates,0,v_proj,15,0.9991433024406433
stacked_lora,sst2,fixed_gates,0,v_proj,16,0.997961163520813
stacked_lora,sst2,fixed_gates,0,v_proj,17,0.9956979155540466
stacked_lora,sst2,fixed_gates,0,v_proj,18,0.9963751435279846
stacked_lora,sst2,fixed_gates,0,v_proj,19,0.9971171617507935
stacked_lora,sst2,fixed_gates,0,v_proj,20,0.9983547925949097
stacked_lora,sst2,fixed_gates,0,v_proj,21,0.9958127737045288
stacked_lora,sst2,fixed_gates,0,v_proj,22,0.9955611228942871
stacked_lora,sst2,fixed_gates,0,v_proj,23,0.9946166276931763
stacked_lora,sst2,fixed_gates,0,v_proj,24,0.9875363111495972
stacked_lora,sst2,fixed_gates,0,v_proj,25,0.988496720790863
stacked_lora,sst2,fixed_gates,0,v_proj,26,0.9907645583152771
stacked_lora,sst2,fixed_gates,0,v_proj,27,0.9800650477409363
stacked_lora,sst2,fixed_gates,0,v_proj,28,0.9890409708023071
stacked_lora,sst2,fixed_gates,0,v_proj,29,0.9846642017364502
stacked_lora,sst2,fixed_gates,0,v_proj,30,0.9863780736923218
stacked_lora,sst2,fixed_gates,0,v_proj,31,0.9718769788742065
stacked_lora,sst2,fixed_gates,0,v_proj,32,0.9566057920455933
stacked_lora,sst2,fixed_gates,0,v_proj,33,0.9859757423400879
stacked_lora,sst2,fixed_gates,0,v_proj,34,0.9941132068634033
stacked_lora,sst2,fixed_gates,0,v_proj,35,0.985651969909668
stacked_lora,sst2,fixed_gates,0,v_proj,36,0.9879764318466187
stacked_lora,sst2,fixed_gates,0,v_proj,37,0.9913939237594604
stacked_lora,sst2,fixed_gates,0,v_proj,38,0.8918220400810242
stacked_lora,sst2,fixed_gates,0,v_proj,39,0.8978005051612854
stacked_lora,sst2,fixed_gates,0,v_proj,40,0.9936606287956238
stacked_lora,sst2,fixed_gates,0,v_proj,41,0.9895460605621338
stacked_lora,sst2,fixed_gates,0,v_proj,42,0.9878610372543335
stacked_lora,sst2,fixed_gates,0,v_proj,43,0.9806225299835205
stacked_lora,sst2,fixed_gates,0,v_proj,44,0.9502229690551758
stacked_lora,sst2,fixed_gates,0,v_proj,45,0.958755373954773
stacked_lora,sst2,fixed_gates,0,v_proj,46,0.9778783321380615
stacked_lora,sst2,fixed_gates,0,v_proj,47,0.9793167114257812
stacked_lora,sst2,fixed_gates,0,v_proj,48,0.9956799745559692
stacked_lora,sst2,fixed_gates,0,v_proj,49,0.9905233383178711
stacked_lora,sst2,fixed_gates,0,v_proj,50,0.9850329160690308
stacked_lora,sst2,fixed_gates,0,up_proj,1,0.999980092048645
stacked_lora,sst2,fixed_gates,0,up_proj,2,0.9999738335609436
stacked_lora,sst2,fixed_gates,0,up_proj,3,0.9999786019325256
stacked_lora,sst2,fixed_gates,0,up_proj,4,0.9999693036079407
stacked_lora,sst2,fixed_gates,0,up_proj,5,0.9999562501907349
stacked_lora,sst2,fixed_gates,0,up_proj,6,0.9983399510383606
stacked_lora,sst2,fixed_gates,0,up_proj,7,0.9983566403388977
stacked_lora,sst2,fixed_gates,0,up_proj,8,0.9998785853385925
stacked_lora,sst2,fixed_gates,0,up_proj,9,0.999849259853363
stacked_lora,sst2,fixed_gates,0,up_proj,10,0.9998504519462585
stacked_lora,sst2,fixed_gates,0,up_proj,11,0.9992800354957581
stacked_lora,sst2,fixed_gates,0,up_proj,12,0.9991958737373352
stacked_lora,sst2,fixed_gates,0,up_proj,13,0.9994367957115173
stacked_lora,sst2,fixed_gates,0,up_proj,14,0.9995185136795044
stacked_lora,sst2,fixed_gates,0,up_proj,15,0.999822199344635
stacked_lora,sst2,fixed_gates,0,up_proj,16,0.9991464614868164
stacked_lora,sst2,fixed_gates,0,up_proj,17,0.9991668462753296
stacked_lora,sst2,fixed_gates,0,up_proj,18,0.9994760155677795
stacked_lora,sst2,fixed_gates,0,up_proj,19,0.9998760223388672
stacked_lora,sst2,fixed_gates,0,up_proj,20,0.9998581409454346
stacked_lora,sst2,fixed_gates,0,up_proj,21,0.9997997283935547
stacked_lora,sst2,fixed_gates,0,up_proj,22,0.9998016357421875
stacked_lora,sst2,fixed_gates,0,up_proj,23,0.9998881816864014
stacked_lora,sst2,fixed_gates,0,up_proj,24,0.9999318718910217
stacked_lora,sst2,fixed_gates,0,up_proj,25,0.9999366402626038
stacked_lora,sst2,fixed_gates,0,up_proj,26,0.9998431205749512
stacked_lora,sst2,fixed_gates,0,up_proj,27,0.9999086856842041
stacked_lora,sst2,fixed_gates,0,up_proj,28,0.9997528195381165
stacked_lora,sst2,fixed_gates,0,up_proj,29,0.9998027086257935
stacked_lora,sst2,fixed_gates,0,up_proj,30,0.9998130202293396
stacked_lora,sst2,fixed_gates,0,up_proj,31,0.9997369647026062
stacked_lora,sst2,fixed_gates,0,up_proj,32,0.9998165369033813
stacked_lora,sst2,fixed_gates,0,up_proj,33,0.9998735189437866
stacked_lora,sst2,fixed_gates,0,up_proj,34,0.9998481273651123
stacked_lora,sst2,fixed_gates,0,up_proj,35,0.9998772144317627
stacked_lora,sst2,fixed_gates,0,up_proj,36,0.9998013377189636
stacked_lora,sst2,fixed_gates,0,up_proj,37,0.9990534782409668
stacked_lora,sst2,fixed_gates,0,up_proj,38,0.9990740418434143
stacked_lora,sst2,fixed_gates,0,up_proj,39,0.9997159242630005
stacked_lora,sst2,fixed_gates,0,up_proj,40,0.9996737837791443
stacked_lora,sst2,fixed_gates,0,up_proj,41,0.9997206926345825
stacked_lora,sst2,fixed_gates,0,up_proj,42,0.9982790350914001
stacked_lora,sst2,fixed_gates,0,up_proj,43,0.9981324076652527
stacked_lora,sst2,fixed_gates,0,up_proj,44,0.9993383288383484
stacked_lora,sst2,fixed_gates,0,up_proj,45,0.9995257258415222
stacked_lora,sst2,fixed_gates,0,up_proj,46,0.9994209408760071
stacked_lora,sst2,fixed_gates,0,up_proj,47,0.9996730089187622
stacked_lora,sst2,fixed_gates,0,up_proj,48,0.9996569156646729
stacked_lora,sst2,fixed_gates,0,up_proj,49,0.9996259212493896
stacked_lora,sst2,fixed_gates,0,up_proj,50,0.9991369247436523
stacked_lora,sst2,fixed_gates,0,down_proj,1,0.999988853931427
stacked_lora,sst2,fixed_gates,0,down_proj,2,0.9999934434890747
stacked_lora,sst2,fixed_gates,0,down_proj,3,0.9999940395355225
stacked_lora,sst2,fixed_gates,0,down_proj,4,0.9999808073043823
stacked_lora,sst2,fixed_gates,0,down_proj,5,0.9999929070472717
stacked_lora,sst2,fixed_gates,0,down_proj,6,0.9999586939811707
stacked_lora,sst2,fixed_gates,0,down_proj,7,0.9999499917030334
stacked_lora,sst2,fixed_gates,0,down_proj,8,0.9999603033065796
stacked_lora,sst2,fixed_gates,0,down_proj,9,0.9996368885040283
stacked_lora,sst2,fixed_gates,0,down_proj,10,0.9996369481086731
stacked_lora,sst2,fixed_gates,0,down_proj,11,0.9999784827232361
stacked_lora,sst2,fixed_gates,0,down_proj,12,0.9999040961265564
stacked_lora,sst2,fixed_gates,0,down_proj,13,0.9999516010284424
stacked_lora,sst2,fixed_gates,0,down_proj,14,0.9999690055847168
stacked_lora,sst2,fixed_gates,0,down_proj,15,0.999971866607666
stacked_lora,sst2,fixed_gates,0,down_proj,16,0.9999483823776245
stacked_lora,sst2,fixed_gates,0,down_proj,17,0.9997938275337219
stacked_lora,sst2,fixed_gates,0,down_proj,18,0.9998380541801453
stacked_lora,sst2,fixed_gates,0,down_proj,19,0.9999083280563354
stacked_lora,sst2,fixed_gates,0,down_proj,20,0.9970911145210266
stacked_lora,sst2,fixed_gates,0,down_proj,21,0.9969766736030579
stacked_lora,sst2,fixed_gates,0,down_proj,22,0.999135434627533
stacked_lora,sst2,fixed_gates,0,down_proj,23,0.9992209672927856
stacked_lora,sst2,fixed_gates,0,down_proj,24,0.9997842311859131
stacked_lora,sst2,fixed_gates,0,down_proj,25,0.9997536540031433
stacked_lora,sst2,fixed_gates,0,down_proj,26,0.9997161626815796
stacked_lora,sst2,fixed_gates,0,down_proj,27,0.9996575713157654
stacked_lora,sst2,fixed_gates,0,down_proj,28,0.9997023344039917
stacked_lora,sst2,fixed_gates,0,down_proj,29,0.9994173049926758
stacked_lora,sst2,fixed_gates,0,down_proj,30,0.999314546585083
stacked_lora,sst2,fixed_gates,0,down_proj,31,0.999514102935791
stacked_lora,sst2,fixed_gates,0,down_proj,32,0.9997031688690186
stacked_lora,sst2,fixed_gates,0,down_proj,33,0.957824170589447
stacked_lora,sst2,fixed_gates,0,down_proj,34,0.9585222005844116
stacked_lora,sst2,fixed_gates,0,down_proj,35,0.9997273087501526
stacked_lora,sst2,fixed_gates,0,down_proj,36,0.9996265172958374
stacked_lora,sst2,fixed_gates,0,down_proj,37,0.9998098611831665
stacked_lora,sst2,fixed_gates,0,down_proj,38,0.9997779130935669
stacked_lora,sst2,fixed_gates,0,down_proj,39,0.9997358322143555
stacked_lora,sst2,fixed_gates,0,down_proj,40,0.9997782111167908
stacked_lora,sst2,fixed_gates,0,down_proj,41,0.9996953010559082
stacked_lora,sst2,fixed_gates,0,down_proj,42,0.9966541528701782
stacked_lora,sst2,fixed_gates,0,down_proj,43,0.9962453246116638
stacked_lora,sst2,fixed_gates,0,down_proj,44,0.9987397193908691
stacked_lora,sst2,fixed_gates,0,down_proj,45,0.9984886646270752
stacked_lora,sst2,fixed_gates,0,down_proj,46,0.9992875456809998
stacked_lora,sst2,fixed_gates,0,down_proj,47,0.9948965311050415
stacked_lora,sst2,fixed_gates,0,down_proj,48,0.9948700666427612
stacked_lora,sst2,fixed_gates,0,down_proj,49,0.9995473623275757
stacked_lora,sst2,fixed_gates,0,down_proj,50,0.9992495775222778
stacked_lora,sst2,fixed_gates,8,q_proj,1,0.9999687075614929
stacked_lora,sst2,fixed_gates,8,q_proj,2,0.9999942183494568
stacked_lora,sst2,fixed_gates,8,q_proj,3,0.999996542930603
stacked_lora,sst2,fixed_gates,8,q_proj,4,0.9999951124191284
stacked_lora,sst2,fixed_gates,8,q_proj,5,0.999972939491272
stacked_lora,sst2,fixed_gates,8,q_proj,6,0.9999917149543762
stacked_lora,sst2,fixed_gates,8,q_proj,7,0.9999856948852539
stacked_lora,sst2,fixed_gates,8,q_proj,8,0.9995854496955872
stacked_lora,sst2,fixed_gates,8,q_proj,9,0.9996193051338196
stacked_lora,sst2,fixed_gates,8,q_proj,10,0.9999722242355347
stacked_lora,sst2,fixed_gates,8,q_proj,11,0.9999898672103882
stacked_lora,sst2,fixed_gates,8,q_proj,12,0.9999865889549255
stacked_lora,sst2,fixed_gates,8,q_proj,13,0.9999162554740906
stacked_lora,sst2,fixed_gates,8,q_proj,14,0.9999115467071533
stacked_lora,sst2,fixed_gates,8,q_proj,15,0.9997877478599548
stacked_lora,sst2,fixed_gates,8,q_proj,16,0.9996191263198853
stacked_lora,sst2,fixed_gates,8,q_proj,17,0.9995675086975098
stacked_lora,sst2,fixed_gates,8,q_proj,18,0.9999909400939941
stacked_lora,sst2,fixed_gates,8,q_proj,19,0.9999445676803589
stacked_lora,sst2,fixed_gates,8,q_proj,20,0.9999744892120361
stacked_lora,sst2,fixed_gates,8,q_proj,21,0.9999833106994629
stacked_lora,sst2,fixed_gates,8,q_proj,22,0.9999341368675232
stacked_lora,sst2,fixed_gates,8,q_proj,23,0.9998616576194763
stacked_lora,sst2,fixed_gates,8,q_proj,24,0.9999158978462219
stacked_lora,sst2,fixed_gates,8,q_proj,25,0.9998403191566467
stacked_lora,sst2,fixed_gates,8,q_proj,26,0.9999759197235107
stacked_lora,sst2,fixed_gates,8,q_proj,27,0.9999070167541504
stacked_lora,sst2,fixed_gates,8,q_proj,28,0.9999532699584961
stacked_lora,sst2,fixed_gates,8,q_proj,29,0.9999617338180542
stacked_lora,sst2,fixed_gates,8,q_proj,30,0.9999919533729553
stacked_lora,sst2,fixed_gates,8,q_proj,31,0.9997006058692932
stacked_lora,sst2,fixed_gates,8,q_proj,32,0.9996811747550964
stacked_lora,sst2,fixed_gates,8,q_proj,33,0.9998684525489807
stacked_lora,sst2,fixed_gates,8,q_proj,34,0.9998562335968018
stacked_lora,sst2,fixed_gates,8,q_proj,35,0.9998330473899841
stacked_lora,sst2,fixed_gates,8,q_proj,36,0.9999083876609802
stacked_lora,sst2,fixed_gates,8,q_proj,37,0.9996435642242432
stacked_lora,sst2,fixed_gates,8,q_proj,38,0.9987151026725769
stacked_lora,sst2,fixed_gates,8,q_proj,39,0.998788595199585
stacked_lora,sst2,fixed_gates,8,q_proj,40,0.9993343353271484
stacked_lora,sst2,fixed_gates,8,q_proj,41,0.9999309182167053
stacked_lora,sst2,fixed_gates,8,q_proj,42,0.9998014569282532
stacked_lora,sst2,fixed_gates,8,q_proj,43,0.9997414350509644
stacked_lora,sst2,fixed_gates,8,q_proj,44,0.9998292922973633
stacked_lora,sst2,fixed_gates,8,q_proj,45,0.9996982216835022
stacked_lora,sst2,fixed_gates,8,q_proj,46,0.9999358057975769
stacked_lora,sst2,fixed_gates,8,q_proj,47,0.9999335408210754
stacked_lora,sst2,fixed_gates,8,q_proj,48,0.9999094605445862
stacked_lora,sst2,fixed_gates,8,q_proj,49,0.9998311400413513
stacked_lora,sst2,fixed_gates,8,q_proj,50,0.9999091625213623
stacked_lora,sst2,fixed_gates,8,v_proj,1,0.9961357712745667
stacked_lora,sst2,fixed_gates,8,v_proj,2,0.9962072372436523
stacked_lora,sst2,fixed_gates,8,v_proj,3,0.9993585348129272
stacked_lora,sst2,fixed_gates,8,v_proj,4,0.9985516667366028
stacked_lora,sst2,fixed_gates,8,v_proj,5,0.9982638359069824
stacked_lora,sst2,fixed_gates,8,v_proj,6,0.9942415952682495
stacked_lora,sst2,fixed_gates,8,v_proj,7,0.9952423572540283
stacked_lora,sst2,fixed_gates,8,v_proj,8,0.9984516501426697
stacked_lora,sst2,fixed_gates,8,v_proj,9,0.9976344704627991
stacked_lora,sst2,fixed_gates,8,v_proj,10,0.9963236451148987
stacked_lora,sst2,fixed_gates,8,v_proj,11,0.9968960285186768
stacked_lora,sst2,fixed_gates,8,v_proj,12,0.9976745843887329
stacked_lora,sst2,fixed_gates,8,v_proj,13,0.9951794147491455
stacked_lora,sst2,fixed_gates,8,v_proj,14,0.9965661764144897
stacked_lora,sst2,fixed_gates,8,v_proj,15,0.996601402759552
stacked_lora,sst2,fixed_gates,8,v_proj,16,0.9931122064590454
stacked_lora,sst2,fixed_gates,8,v_proj,17,0.9931139945983887
stacked_lora,sst2,fixed_gates,8,v_proj,18,0.9969505071640015
stacked_lora,sst2,fixed_gates,8,v_proj,19,0.9967822432518005
stacked_lora,sst2,fixed_gates,8,v_proj,20,0.9972714185714722
stacked_lora,sst2,fixed_gates,8,v_proj,21,0.9973708987236023
stacked_lora,sst2,fixed_gates,8,v_proj,22,0.9956645965576172
stacked_lora,sst2,fixed_gates,8,v_proj,23,0.9929071068763733
stacked_lora,sst2,fixed_gates,8,v_proj,24,0.9983486533164978
stacked_lora,sst2,fixed_gates,8,v_proj,25,0.9955419301986694
stacked_lora,sst2,fixed_gates,8,v_proj,26,0.9946090579032898
stacked_lora,sst2,fixed_gates,8,v_proj,27,0.9954112768173218
stacked_lora,sst2,fixed_gates,8,v_proj,28,0.9857680797576904
stacked_lora,sst2,fixed_gates,8,v_proj,29,0.9861875772476196
stacked_lora,sst2,fixed_gates,8,v_proj,30,0.9924029111862183
stacked_lora,sst2,fixed_gates,8,v_proj,31,0.9950291514396667
stacked_lora,sst2,fixed_gates,8,v_proj,32,0.9944874048233032
stacked_lora,sst2,fixed_gates,8,v_proj,33,0.9954589009284973
stacked_lora,sst2,fixed_gates,8,v_proj,34,0.9954946041107178
stacked_lora,sst2,fixed_gates,8,v_proj,35,0.9606840014457703
stacked_lora,sst2,fixed_gates,8,v_proj,36,0.9572982788085938
stacked_lora,sst2,fixed_gates,8,v_proj,37,0.9962056875228882
stacked_lora,sst2,fixed_gates,8,v_proj,38,0.9920946359634399
stacked_lora,sst2,fixed_gates,8,v_proj,39,0.9897585511207581
stacked_lora,sst2,fixed_gates,8,v_proj,40,0.9967274069786072
stacked_lora,sst2,fixed_gates,8,v_proj,41,0.998110830783844
stacked_lora,sst2,fixed_gates,8,v_proj,42,0.9976680874824524
stacked_lora,sst2,fixed_gates,8,v_proj,43,0.9962337017059326
stacked_lora,sst2,fixed_gates,8,v_proj,44,0.9936656951904297
stacked_lora,sst2,fixed_gates,8,v_proj,45,0.9946662187576294
stacked_lora,sst2,fixed_gates,8,v_proj,46,0.9604616165161133
stacked_lora,sst2,fixed_gates,8,v_proj,47,0.9586900472640991
stacked_lora,sst2,fixed_gates,8,v_proj,48,0.994924008846283
stacked_lora,sst2,fixed_gates,8,v_proj,49,0.9942728281021118
stacked_lora,sst2,fixed_gates,8,v_proj,50,0.9934750199317932
stacked_lora,sst2,fixed_gates,8,up_proj,1,0.9999924302101135
stacked_lora,sst2,fixed_gates,8,up_proj,2,0.999985933303833
stacked_lora,sst2,fixed_gates,8,up_proj,3,0.9999812245368958
stacked_lora,sst2,fixed_gates,8,up_proj,4,0.9999797344207764
stacked_lora,sst2,fixed_gates,8,up_proj,5,0.9999735355377197
stacked_lora,sst2,fixed_gates,8,up_proj,6,0.9999679923057556
stacked_lora,sst2,fixed_gates,8,up_proj,7,0.9999773502349854
stacked_lora,sst2,fixed_gates,8,up_proj,8,0.9999446868896484
stacked_lora,sst2,fixed_gates,8,up_proj,9,0.999871015548706
stacked_lora,sst2,fixed_gates,8,up_proj,10,0.999890148639679
stacked_lora,sst2,fixed_gates,8,up_proj,11,0.9999485015869141
stacked_lora,sst2,fixed_gates,8,up_proj,12,0.9998323321342468
stacked_lora,sst2,fixed_gates,8,up_proj,13,0.909856379032135
stacked_lora,sst2,fixed_gates,8,up_proj,14,0.9099575281143188
stacked_lora,sst2,fixed_gates,8,up_proj,15,0.9999307990074158
stacked_lora,sst2,fixed_gates,8,up_proj,16,0.9999372959136963
stacked_lora,sst2,fixed_gates,8,up_proj,17,0.9999339580535889
stacked_lora,sst2,fixed_gates,8,up_proj,18,0.999884307384491
stacked_lora,sst2,fixed_gates,8,up_proj,19,0.9997954964637756
stacked_lora,sst2,fixed_gates,8,up_proj,20,0.9997916221618652
stacked_lora,sst2,fixed_gates,8,up_proj,21,0.9996945261955261
stacked_lora,sst2,fixed_gates,8,up_proj,22,0.999736487865448
stacked_lora,sst2,fixed_gates,8,up_proj,23,0.9994525909423828
stacked_lora,sst2,fixed_gates,8,up_proj,24,0.9994178414344788
stacked_lora,sst2,fixed_gates,8,up_proj,25,0.9998961091041565
stacked_lora,sst2,fixed_gates,8,up_proj,26,0.9995934963226318
stacked_lora,sst2,fixed_gates,8,up_proj,27,0.999319851398468
stacked_lora,sst2,fixed_gates,8,up_proj,28,0.9992557168006897
stacked_lora,sst2,fixed_gates,8,up_proj,29,0.9993233680725098
stacked_lora,sst2,fixed_gates,8,up_proj,30,0.9988029599189758
stacked_lora,sst2,fixed_gates,8,up_proj,31,0.9992560148239136
stacked_lora,sst2,fixed_gates,8,up_proj,32,0.9978245496749878
stacked_lora,sst2,fixed_gates,8,up_proj,33,0.9976997375488281
stacked_lora,sst2,fixed_gates,8,up_proj,34,0.9995139241218567
stacked_lora,sst2,fixed_gates,8,up_proj,35,0.9995920062065125
stacked_lora,sst2,fixed_gates,8,up_proj,36,0.9995012283325195
stacked_lora,sst2,fixed_gates,8,up_proj,37,0.9997138381004333
stacked_lora,sst2,fixed_gates,8,up_proj,38,0.9997072219848633
stacked_lora,sst2,fixed_gates,8,up_proj,39,0.9961080551147461
stacked_lora,sst2,fixed_gates,8,up_proj,40,0.9962449669837952
stacked_lora,sst2,fixed_gates,8,up_proj,41,0.998755931854248
stacked_lora,sst2,fixed_gates,8,up_proj,42,0.997831404209137
stacked_lora,sst2,fixed_gates,8,up_proj,43,0.9967974424362183
stacked_lora,sst2,fixed_gates,8,up_proj,44,0.9985434412956238
stacked_lora,sst2,fixed_gates,8,up_proj,45,0.9993650317192078
stacked_lora,sst2,fixed_gates,8,up_proj,46,0.9988366961479187
stacked_lora,sst2,fixed_gates,8,up_proj,47,0.998146116733551
stacked_lora,sst2,fixed_gates,8,up_proj,48,0.9970307946205139
stacked_lora,sst2,fixed_gates,8,up_proj,49,0.9981629252433777
stacked_lora,sst2,fixed_gates,8,up_proj,50,0.9973397850990295
stacked_lora,sst2,fixed_gates,8,down_proj,1,0.9999995231628418
stacked_lora,sst2,fixed_gates,8,down_proj,2,0.9999989867210388
stacked_lora,sst2,fixed_gates,8,down_proj,3,0.9999997615814209
stacked_lora,sst2,fixed_gates,8,down_proj,4,0.9999986290931702
stacked_lora,sst2,fixed_gates,8,down_proj,5,0.9999983906745911
stacked_lora,sst2,fixed_gates,8,down_proj,6,0.9999971389770508
stacked_lora,sst2,fixed_gates,8,down_proj,7,0.9999917149543762
stacked_lora,sst2,fixed_gates,8,down_proj,8,0.9999945759773254
stacked_lora,sst2,fixed_gates,8,down_proj,9,0.9999969005584717
stacked_lora,sst2,fixed_gates,8,down_proj,10,0.9999880194664001
stacked_lora,sst2,fixed_gates,8,down_proj,11,0.9998784065246582
stacked_lora,sst2,fixed_gates,8,down_proj,12,0.9998816251754761
stacked_lora,sst2,fixed_gates,8,down_proj,13,0.9999731779098511
stacked_lora,sst2,fixed_gates,8,down_proj,14,0.9999275803565979
stacked_lora,sst2,fixed_gates,8,down_proj,15,0.9999284744262695
stacked_lora,sst2,fixed_gates,8,down_proj,16,0.9999933242797852
stacked_lora,sst2,fixed_gates,8,down_proj,17,0.9999909996986389
stacked_lora,sst2,fixed_gates,8,down_proj,18,0.9999653697013855
stacked_lora,sst2,fixed_gates,8,down_proj,19,0.9984630346298218
stacked_lora,sst2,fixed_gates,8,down_proj,20,0.9984328150749207
stacked_lora,sst2,fixed_gates,8,down_proj,21,0.9999691843986511
stacked_lora,sst2,fixed_gates,8,down_proj,22,0.9999898076057434
stacked_lora,sst2,fixed_gates,8,down_proj,23,0.9999794960021973
stacked_lora,sst2,fixed_gates,8,down_proj,24,0.9999868869781494
stacked_lora,sst2,fixed_gates,8,down_proj,25,0.9999668002128601
stacked_lora,sst2,fixed_gates,8,down_proj,26,0.9998685121536255
stacked_lora,sst2,fixed_gates,8,down_proj,27,0.9998279809951782
stacked_lora,sst2,fixed_gates,8,down_proj,28,0.999942421913147
stacked_lora,sst2,fixed_gates,8,down_proj,29,0.9999735355377197
stacked_lora,sst2,fixed_gates,8,down_proj,30,0.9998672008514404
stacked_lora,sst2,fixed_gates,8,down_proj,31,0.9997513294219971
stacked_lora,sst2,fixed_gates,8,down_proj,32,0.9998407363891602
stacked_lora,sst2,fixed_gates,8,down_proj,33,0.9998895525932312
stacked_lora,sst2,fixed_gates,8,down_proj,34,0.9999712705612183
stacked_lora,sst2,fixed_gates,8,down_proj,35,0.9999498128890991
stacked_lora,sst2,fixed_gates,8,down_proj,36,0.9999070167541504
stacked_lora,sst2,fixed_gates,8,down_proj,37,0.9998495578765869
stacked_lora,sst2,fixed_gates,8,down_proj,38,0.9998651146888733
stacked_lora,sst2,fixed_gates,8,down_proj,39,0.9999627470970154
stacked_lora,sst2,fixed_gates,8,down_proj,40,0.9999343752861023
stacked_lora,sst2,fixed_gates,8,down_proj,41,0.9991946220397949
stacked_lora,sst2,fixed_gates,8,down_proj,42,0.9983570575714111
stacked_lora,sst2,fixed_gates,8,down_proj,43,0.9991121888160706
stacked_lora,sst2,fixed_gates,8,down_proj,44,0.9999762177467346
stacked_lora,sst2,fixed_gates,8,down_proj,45,0.999958336353302
stacked_lora,sst2,fixed_gates,8,down_proj,46,0.9997592568397522
stacked_lora,sst2,fixed_gates,8,down_proj,47,0.9997522830963135
stacked_lora,sst2,fixed_gates,8,down_proj,48,0.999740481376648
stacked_lora,sst2,fixed_gates,8,down_proj,49,0.9996901750564575
stacked_lora,sst2,fixed_gates,8,down_proj,50,0.9997854232788086
stacked_lora,sst2,fixed_gates,15,q_proj,1,0.9999998211860657
stacked_lora,sst2,fixed_gates,15,q_proj,2,0.9999995231628418
stacked_lora,sst2,fixed_gates,15,q_proj,3,0.9999966621398926
stacked_lora,sst2,fixed_gates,15,q_proj,4,0.999984085559845
stacked_lora,sst2,fixed_gates,15,q_proj,5,0.999985933303833
stacked_lora,sst2,fixed_gates,15,q_proj,6,0.9999986886978149
stacked_lora,sst2,fixed_gates,15,q_proj,7,0.9999974966049194
stacked_lora,sst2,fixed_gates,15,q_proj,8,0.9999949932098389
stacked_lora,sst2,fixed_gates,15,q_proj,9,0.9999936819076538
stacked_lora,sst2,fixed_gates,15,q_proj,10,0.9999927282333374
stacked_lora,sst2,fixed_gates,15,q_proj,11,0.9999971389770508
stacked_lora,sst2,fixed_gates,15,q_proj,12,0.9999952912330627
stacked_lora,sst2,fixed_gates,15,q_proj,13,0.999995231628418
stacked_lora,sst2,fixed_gates,15,q_proj,14,0.9999929070472717
stacked_lora,sst2,fixed_gates,15,q_proj,15,0.9999849796295166
stacked_lora,sst2,fixed_gates,15,q_proj,16,0.9999935626983643
stacked_lora,sst2,fixed_gates,15,q_proj,17,0.9999961256980896
stacked_lora,sst2,fixed_gates,15,q_proj,18,0.999985933303833
stacked_lora,sst2,fixed_gates,15,q_proj,19,0.9999867677688599
stacked_lora,sst2,fixed_gates,15,q_proj,20,0.9999905228614807
stacked_lora,sst2,fixed_gates,15,q_proj,21,0.999925434589386
stacked_lora,sst2,fixed_gates,15,q_proj,22,0.9999256730079651
stacked_lora,sst2,fixed_gates,15,q_proj,23,0.9999889135360718
stacked_lora,sst2,fixed_gates,15,q_proj,24,0.9999967813491821
stacked_lora,sst2,fixed_gates,15,q_proj,25,0.9999977350234985
stacked_lora,sst2,fixed_gates,15,q_proj,26,0.9999923706054688
stacked_lora,sst2,fixed_gates,15,q_proj,27,0.9999917149543762
stacked_lora,sst2,fixed_gates,15,q_proj,28,0.9999503493309021
stacked_lora,sst2,fixed_gates,15,q_proj,29,0.9999499320983887
stacked_lora,sst2,fixed_gates,15,q_proj,30,0.9999943375587463
stacked_lora,sst2,fixed_gates,15,q_proj,31,0.9999932050704956
stacked_lora,sst2,fixed_gates,15,q_proj,32,0.9999948740005493
stacked_lora,sst2,fixed_gates,15,q_proj,33,0.999995768070221
stacked_lora,sst2,fixed_gates,15,q_proj,34,0.9999866485595703
stacked_lora,sst2,fixed_gates,15,q_proj,35,0.9999807476997375
stacked_lora,sst2,fixed_gates,15,q_proj,36,0.9999653100967407
stacked_lora,sst2,fixed_gates,15,q_proj,37,0.9999810457229614
stacked_lora,sst2,fixed_gates,15,q_proj,38,0.9999906420707703
stacked_lora,sst2,fixed_gates,15,q_proj,39,0.9999789595603943
stacked_lora,sst2,fixed_gates,15,q_proj,40,0.9999688267707825
stacked_lora,sst2,fixed_gates,15,q_proj,41,0.9999807476997375
stacked_lora,sst2,fixed_gates,15,q_proj,42,0.9999670386314392
stacked_lora,sst2,fixed_gates,15,q_proj,43,0.9999758005142212
stacked_lora,sst2,fixed_gates,15,q_proj,44,0.9999820590019226
stacked_lora,sst2,fixed_gates,15,q_proj,45,0.9999871253967285
stacked_lora,sst2,fixed_gates,15,q_proj,46,0.9999829530715942
stacked_lora,sst2,fixed_gates,15,q_proj,47,0.9999797344207764
stacked_lora,sst2,fixed_gates,15,q_proj,48,0.9999809861183167
stacked_lora,sst2,fixed_gates,15,q_proj,49,0.9999756217002869
stacked_lora,sst2,fixed_gates,15,q_proj,50,0.9995274543762207
stacked_lora,sst2,fixed_gates,15,v_proj,1,0.9999933242797852
stacked_lora,sst2,fixed_gates,15,v_proj,2,0.9998692274093628
stacked_lora,sst2,fixed_gates,15,v_proj,3,0.9998731017112732
stacked_lora,sst2,fixed_gates,15,v_proj,4,0.9999978542327881
stacked_lora,sst2,fixed_gates,15,v_proj,5,0.9999910593032837
stacked_lora,sst2,fixed_gates,15,v_proj,6,0.9999927282333374
stacked_lora,sst2,fixed_gates,15,v_proj,7,0.9999846816062927
stacked_lora,sst2,fixed_gates,15,v_proj,8,0.9999873042106628
stacked_lora,sst2,fixed_gates,15,v_proj,9,0.9999734163284302
stacked_lora,sst2,fixed_gates,15,v_proj,10,0.9999549388885498
stacked_lora,sst2,fixed_gates,15,v_proj,11,0.9999251365661621
stacked_lora,sst2,fixed_gates,15,v_proj,12,0.9998437166213989
stacked_lora,sst2,fixed_gates,15,v_proj,13,0.9998047351837158
stacked_lora,sst2,fixed_gates,15,v_proj,14,0.9999244809150696
stacked_lora,sst2,fixed_gates,15,v_proj,15,0.9998942613601685
stacked_lora,sst2,fixed_gates,15,v_proj,16,0.9999715089797974
stacked_lora,sst2,fixed_gates,15,v_proj,17,0.9999238848686218
stacked_lora,sst2,fixed_gates,15,v_proj,18,0.9999660849571228
stacked_lora,sst2,fixed_gates,15,v_proj,19,0.9999591708183289
stacked_lora,sst2,fixed_gates,15,v_proj,20,0.9999366998672485
stacked_lora,sst2,fixed_gates,15,v_proj,21,0.9999306797981262
stacked_lora,sst2,fixed_gates,15,v_proj,22,0.9998939037322998
stacked_lora,sst2,fixed_gates,15,v_proj,23,0.9999196529388428
stacked_lora,sst2,fixed_gates,15,v_proj,24,0.9999423623085022
stacked_lora,sst2,fixed_gates,15,v_proj,25,0.9998478889465332
stacked_lora,sst2,fixed_gates,15,v_proj,26,0.9998864531517029
stacked_lora,sst2,fixed_gates,15,v_proj,27,0.9999319314956665
stacked_lora,sst2,fixed_gates,15,v_proj,28,0.999858021736145
stacked_lora,sst2,fixed_gates,15,v_proj,29,0.999886691570282
stacked_lora,sst2,fixed_gates,15,v_proj,30,0.9999440908432007
stacked_lora,sst2,fixed_gates,15,v_proj,31,0.9999405741691589
stacked_lora,sst2,fixed_gates,15,v_proj,32,0.9998660683631897
stacked_lora,sst2,fixed_gates,15,v_proj,33,0.9996923208236694
stacked_lora,sst2,fixed_gates,15,v_proj,34,0.9998071193695068
stacked_lora,sst2,fixed_gates,15,v_proj,35,0.999821662902832
stacked_lora,sst2,fixed_gates,15,v_proj,36,0.9990048408508301
stacked_lora,sst2,fixed_gates,15,v_proj,37,0.9989790320396423
stacked_lora,sst2,fixed_gates,15,v_proj,38,0.999914288520813
stacked_lora,sst2,fixed_gates,15,v_proj,39,0.9999536275863647
stacked_lora,sst2,fixed_gates,15,v_proj,40,0.9999480247497559
stacked_lora,sst2,fixed_gates,15,v_proj,41,0.9999618530273438
stacked_lora,sst2,fixed_gates,15,v_proj,42,0.9999247789382935
stacked_lora,sst2,fixed_gates,15,v_proj,43,0.9991245269775391
stacked_lora,sst2,fixed_gates,15,v_proj,44,0.9991247653961182
stacked_lora,sst2,fixed_gates,15,v_proj,45,0.9998186826705933
stacked_lora,sst2,fixed_gates,15,v_proj,46,0.9998613595962524
stacked_lora,sst2,fixed_gates,15,v_proj,47,0.9999303817749023
stacked_lora,sst2,fixed_gates,15,v_proj,48,0.9999522566795349
stacked_lora,sst2,fixed_gates,15,v_proj,49,0.9999651312828064
stacked_lora,sst2,fixed_gates,15,v_proj,50,0.9999555349349976
stacked_lora,sst2,fixed_gates,15,up_proj,1,1.0000001192092896
stacked_lora,sst2,fixed_gates,15,up_proj,2,1.000000238418579
stacked_lora,sst2,fixed_gates,15,up_proj,3,0.9999997615814209
stacked_lora,sst2,fixed_gates,15,up_proj,4,0.999998152256012
stacked_lora,sst2,fixed_gates,15,up_proj,5,0.9999978542327881
stacked_lora,sst2,fixed_gates,15,up_proj,6,0.9999971985816956
stacked_lora,sst2,fixed_gates,15,up_proj,7,0.9999978542327881
stacked_lora,sst2,fixed_gates,15,up_proj,8,0.9999958276748657
stacked_lora,sst2,fixed_gates,15,up_proj,9,0.9999930262565613
stacked_lora,sst2,fixed_gates,15,up_proj,10,0.9999924898147583
stacked_lora,sst2,fixed_gates,15,up_proj,11,0.9999960660934448
stacked_lora,sst2,fixed_gates,15,up_proj,12,0.9999940991401672
stacked_lora,sst2,fixed_gates,15,up_proj,13,0.9999408721923828
stacked_lora,sst2,fixed_gates,15,up_proj,14,0.9999447464942932
stacked_lora,sst2,fixed_gates,15,up_proj,15,0.9999940395355225
stacked_lora,sst2,fixed_gates,15,up_proj,16,0.999991774559021
stacked_lora,sst2,fixed_gates,15,up_proj,17,0.9999926090240479
stacked_lora,sst2,fixed_gates,15,up_proj,18,0.9999947547912598
stacked_lora,sst2,fixed_gates,15,up_proj,19,0.9999827742576599
stacked_lora,sst2,fixed_gates,15,up_proj,20,0.9999864101409912
stacked_lora,sst2,fixed_gates,15,up_proj,21,0.9999915957450867
stacked_lora,sst2,fixed_gates,15,up_proj,22,0.9999944567680359
stacked_lora,sst2,fixed_gates,15,up_proj,23,0.9999872446060181
stacked_lora,sst2,fixed_gates,15,up_proj,24,0.9999876618385315
stacked_lora,sst2,fixed_gates,15,up_proj,25,0.9999858140945435
stacked_lora,sst2,fixed_gates,15,up_proj,26,0.9999770522117615
stacked_lora,sst2,fixed_gates,15,up_proj,27,0.9999917149543762
stacked_lora,sst2,fixed_gates,15,up_proj,28,0.999973475933075
stacked_lora,sst2,fixed_gates,15,up_proj,29,0.9999570250511169
stacked_lora,sst2,fixed_gates,15,up_proj,30,0.9999628663063049
stacked_lora,sst2,fixed_gates,15,up_proj,31,0.9999260306358337
stacked_lora,sst2,fixed_gates,15,up_proj,32,0.9999167919158936
stacked_lora,sst2,fixed_gates,15,up_proj,33,0.9999597668647766
stacked_lora,sst2,fixed_gates,15,up_proj,34,0.9999663233757019
stacked_lora,sst2,fixed_gates,15,up_proj,35,0.9999662041664124
stacked_lora,sst2,fixed_gates,15,up_proj,36,0.9998420476913452
stacked_lora,sst2,fixed_gates,15,up_proj,37,0.999850869178772
stacked_lora,sst2,fixed_gates,15,up_proj,38,0.9999321699142456
stacked_lora,sst2,fixed_gates,15,up_proj,39,0.9999792575836182
stacked_lora,sst2,fixed_gates,15,up_proj,40,0.9999664425849915
stacked_lora,sst2,fixed_gates,15,up_proj,41,0.9998942017555237
stacked_lora,sst2,fixed_gates,15,up_proj,42,0.9997842907905579
stacked_lora,sst2,fixed_gates,15,up_proj,43,0.9998803734779358
stacked_lora,sst2,fixed_gates,15,up_proj,44,0.9997602701187134
stacked_lora,sst2,fixed_gates,15,up_proj,45,0.999739944934845
stacked_lora,sst2,fixed_gates,15,up_proj,46,0.9999700784683228
stacked_lora,sst2,fixed_gates,15,up_proj,47,0.9996854066848755
stacked_lora,sst2,fixed_gates,15,up_proj,48,0.9996650218963623
stacked_lora,sst2,fixed_gates,15,up_proj,49,0.9999203681945801
stacked_lora,sst2,fixed_gates,15,up_proj,50,0.9999520778656006
stacked_lora,sst2,fixed_gates,15,down_proj,1,0.9999998211860657
stacked_lora,sst2,fixed_gates,15,down_proj,2,0.9999991655349731
stacked_lora,sst2,fixed_gates,15,down_proj,3,0.9999994039535522
stacked_lora,sst2,fixed_gates,15,down_proj,4,0.9999999403953552
stacked_lora,sst2,fixed_gates,15,down_proj,5,0.9999995231628418
stacked_lora,sst2,fixed_gates,15,down_proj,6,0.9999989867210388
stacked_lora,sst2,fixed_gates,15,down_proj,7,0.9999985694885254
stacked_lora,sst2,fixed_gates,15,down_proj,8,0.9999935626983643
stacked_lora,sst2,fixed_gates,15,down_proj,9,0.9999976754188538
stacked_lora,sst2,fixed_gates,15,down_proj,10,0.9999945163726807
stacked_lora,sst2,fixed_gates,15,down_proj,11,0.9999940395355225
stacked_lora,sst2,fixed_gates,15,down_proj,12,0.9999933838844299
stacked_lora,sst2,fixed_gates,15,down_proj,13,0.9999755620956421
stacked_lora,sst2,fixed_gates,15,down_proj,14,0.9999715685844421
stacked_lora,sst2,fixed_gates,15,down_proj,15,0.9999973773956299
stacked_lora,sst2,fixed_gates,15,down_proj,16,0.9999930262565613
stacked_lora,sst2,fixed_gates,15,down_proj,17,0.9999913573265076
stacked_lora,sst2,fixed_gates,15,down_proj,18,0.9999746084213257
stacked_lora,sst2,fixed_gates,15,down_proj,19,0.9999445080757141
stacked_lora,sst2,fixed_gates,15,down_proj,20,0.9999579191207886
stacked_lora,sst2,fixed_gates,15,down_proj,21,0.9999831318855286
stacked_lora,sst2,fixed_gates,15,down_proj,22,0.9999367594718933
stacked_lora,sst2,fixed_gates,15,down_proj,23,0.999929666519165
stacked_lora,sst2,fixed_gates,15,down_proj,24,0.9999908804893494
stacked_lora,sst2,fixed_gates,15,down_proj,25,0.999981164932251
stacked_lora,sst2,fixed_gates,15,down_proj,26,0.999835729598999
stacked_lora,sst2,fixed_gates,15,down_proj,27,0.9998348951339722
stacked_lora,sst2,fixed_gates,15,down_proj,28,0.9999779462814331
stacked_lora,sst2,fixed_gates,15,down_proj,29,0.9999821186065674
stacked_lora,sst2,fixed_gates,15,down_proj,30,0.9999769926071167
stacked_lora,sst2,fixed_gates,15,down_proj,31,0.9999767541885376
stacked_lora,sst2,fixed_gates,15,down_proj,32,0.9999799728393555
stacked_lora,sst2,fixed_gates,15,down_proj,33,0.9999786019325256
stacked_lora,sst2,fixed_gates,15,down_proj,34,0.9997643828392029
stacked_lora,sst2,fixed_gates,15,down_proj,35,0.999760627746582
stacked_lora,sst2,fixed_gates,15,down_proj,36,0.9995506405830383
stacked_lora,sst2,fixed_gates,15,down_proj,37,0.9995452761650085
stacked_lora,sst2,fixed_gates,15,down_proj,38,0.9999675154685974
stacked_lora,sst2,fixed_gates,15,down_proj,39,0.9997233152389526
stacked_lora,sst2,fixed_gates,15,down_proj,40,0.999263346195221
stacked_lora,sst2,fixed_gates,15,down_proj,41,0.9994834661483765
stacked_lora,sst2,fixed_gates,15,down_proj,42,0.9999755024909973
stacked_lora,sst2,fixed_gates,15,down_proj,43,0.9999836683273315
stacked_lora,sst2,fixed_gates,15,down_proj,44,0.9999474287033081
stacked_lora,sst2,fixed_gates,15,down_proj,45,0.9999611377716064
stacked_lora,sst2,fixed_gates,15,down_proj,46,0.9999748468399048
stacked_lora,sst2,fixed_gates,15,down_proj,47,0.9999637007713318
stacked_lora,sst2,fixed_gates,15,down_proj,48,0.9999362230300903
stacked_lora,sst2,fixed_gates,15,down_proj,49,0.9999769330024719
stacked_lora,sst2,fixed_gates,15,down_proj,50,0.9999683499336243
stacked_lora,winogrande,fixed_gates,0,q_proj,1,0.9999999403953552
stacked_lora,winogrande,fixed_gates,0,q_proj,2,0.9999977946281433
stacked_lora,winogrande,fixed_gates,0,q_proj,3,0.9999993443489075
stacked_lora,winogrande,fixed_gates,0,q_proj,4,0.9999908208847046
stacked_lora,winogrande,fixed_gates,0,q_proj,5,0.9999951720237732
stacked_lora,winogrande,fixed_gates,0,q_proj,6,0.9999973177909851
stacked_lora,winogrande,fixed_gates,0,q_proj,7,0.9999966621398926
stacked_lora,winogrande,fixed_gates,0,q_proj,8,0.9999967217445374
stacked_lora,winogrande,fixed_gates,0,q_proj,9,0.9999908208847046
stacked_lora,winogrande,fixed_gates,0,q_proj,10,0.9999976754188538
stacked_lora,winogrande,fixed_gates,0,q_proj,11,0.9999926686286926
stacked_lora,winogrande,fixed_gates,0,q_proj,12,0.9999815225601196
stacked_lora,winogrande,fixed_gates,0,q_proj,13,0.9999898076057434
stacked_lora,winogrande,fixed_gates,0,q_proj,14,0.9999871253967285
stacked_lora,winogrande,fixed_gates,0,q_proj,15,0.9999461770057678
stacked_lora,winogrande,fixed_gates,0,q_proj,16,0.9999216794967651
stacked_lora,winogrande,fixed_gates,0,q_proj,17,0.9999895095825195
stacked_lora,winogrande,fixed_gates,0,q_proj,18,0.9999726414680481
stacked_lora,winogrande,fixed_gates,0,q_proj,19,0.9999522566795349
stacked_lora,winogrande,fixed_gates,0,q_proj,20,0.9999610781669617
stacked_lora,winogrande,fixed_gates,0,q_proj,21,0.9999789595603943
stacked_lora,winogrande,fixed_gates,0,q_proj,22,0.9999873042106628
stacked_lora,winogrande,fixed_gates,0,q_proj,23,0.9999873638153076
stacked_lora,winogrande,fixed_gates,0,q_proj,24,0.9999695420265198
stacked_lora,winogrande,fixed_gates,0,q_proj,25,0.9999696612358093
stacked_lora,winogrande,fixed_gates,0,q_proj,26,0.9999737739562988
stacked_lora,winogrande,fixed_gates,0,q_proj,27,0.9987735152244568
stacked_lora,winogrande,fixed_gates,0,q_proj,28,0.998751163482666
stacked_lora,winogrande,fixed_gates,0,q_proj,29,0.9999563694000244
stacked_lora,winogrande,fixed_gates,0,q_proj,30,0.9999547004699707
stacked_lora,winogrande,fixed_gates,0,q_proj,31,0.9999525547027588
stacked_lora,winogrande,fixed_gates,0,q_proj,32,0.9998195171356201
stacked_lora,winogrande,fixed_gates,0,q_proj,33,0.9998366832733154
stacked_lora,winogrande,fixed_gates,0,q_proj,34,0.9999674558639526
stacked_lora,winogrande,fixed_gates,0,q_proj,35,0.9999653697013855
stacked_lora,winogrande,fixed_gates,0,q_proj,36,0.9997869729995728
stacked_lora,winogrande,fixed_gates,0,q_proj,37,0.9997892379760742
stacked_lora,winogrande,fixed_gates,0,q_proj,38,0.999922513961792
stacked_lora,winogrande,fixed_gates,0,q_proj,39,0.9998854398727417
stacked_lora,winogrande,fixed_gates,0,q_proj,40,0.9997903108596802
stacked_lora,winogrande,fixed_gates,0,q_proj,41,0.9998176097869873
stacked_lora,winogrande,fixed_gates,0,q_proj,42,0.9999595880508423
stacked_lora,winogrande,fixed_gates,0,q_proj,43,0.9999433755874634
stacked_lora,winogrande,fixed_gates,0,q_proj,44,0.99982750415802
stacked_lora,winogrande,fixed_gates,0,q_proj,45,0.9998319745063782
stacked_lora,winogrande,fixed_gates,0,q_proj,46,0.9997990727424622
stacked_lora,winogrande,fixed_gates,0,q_proj,47,0.9997889995574951
stacked_lora,winogrande,fixed_gates,0,q_proj,48,0.9998010396957397
stacked_lora,winogrande,fixed_gates,0,q_proj,49,0.9998749494552612
stacked_lora,winogrande,fixed_gates,0,q_proj,50,0.9991357326507568
stacked_lora,winogrande,fixed_gates,0,v_proj,1,0.9999496340751648
stacked_lora,winogrande,fixed_gates,0,v_proj,2,0.9989792704582214
stacked_lora,winogrande,fixed_gates,0,v_proj,3,0.9992619156837463
stacked_lora,winogrande,fixed_gates,0,v_proj,4,0.9998129606246948
stacked_lora,winogrande,fixed_gates,0,v_proj,5,0.9992481470108032
stacked_lora,winogrande,fixed_gates,0,v_proj,6,0.9984716176986694
stacked_lora,winogrande,fixed_gates,0,v_proj,7,0.9988345503807068
stacked_lora,winogrande,fixed_gates,0,v_proj,8,0.9994710683822632
stacked_lora,winogrande,fixed_gates,0,v_proj,9,0.999276876449585
stacked_lora,winogrande,fixed_gates,0,v_proj,10,0.9997110962867737
stacked_lora,winogrande,fixed_gates,0,v_proj,11,0.974486768245697
stacked_lora,winogrande,fixed_gates,0,v_proj,12,0.9743443131446838
stacked_lora,winogrande,fixed_gates,0,v_proj,13,0.9907971024513245
stacked_lora,winogrande,fixed_gates,0,v_proj,14,0.9906973838806152
stacked_lora,winogrande,fixed_gates,0,v_proj,15,0.9983488917350769
stacked_lora,winogrande,fixed_gates,0,v_proj,16,0.9971147775650024
stacked_lora,winogrande,fixed_gates,0,v_proj,17,0.9905170202255249
stacked_lora,winogrande,fixed_gates,0,v_proj,18,0.9937025308609009
stacked_lora,winogrande,fixed_gates,0,v_proj,19,0.988075852394104
stacked_lora,winogrande,fixed_gates,0,v_proj,20,0.997011661529541
stacked_lora,winogrande,fixed_gates,0,v_proj,21,0.9909113645553589
stacked_lora,winogrande,fixed_gates,0,v_proj,22,0.992943286895752
stacked_lora,winogrande,fixed_gates,0,v_proj,23,0.9968174695968628
stacked_lora,winogrande,fixed_gates,0,v_proj,24,0.9880709648132324
stacked_lora,winogrande,fixed_gates,0,v_proj,25,0.9877164363861084
stacked_lora,winogrande,fixed_gates,0,v_proj,26,0.9934847354888916
stacked_lora,winogrande,fixed_gates,0,v_proj,27,0.9512370228767395
stacked_lora,winogrande,fixed_gates,0,v_proj,28,0.9567630290985107
stacked_lora,winogrande,fixed_gates,0,v_proj,29,0.9280803799629211
stacked_lora,winogrande,fixed_gates,0,v_proj,30,0.9272767305374146
stacked_lora,winogrande,fixed_gates,0,v_proj,31,0.9609226584434509
stacked_lora,winogrande,fixed_gates,0,v_proj,32,0.9480232000350952
stacked_lora,winogrande,fixed_gates,0,v_proj,33,0.9891872406005859
stacked_lora,winogrande,fixed_gates,0,v_proj,34,0.9845545291900635
stacked_lora,winogrande,fixed_gates,0,v_proj,35,0.9725469350814819
stacked_lora,winogrande,fixed_gates,0,v_proj,36,0.9869047999382019
stacked_lora,winogrande,fixed_gates,0,v_proj,37,0.9897736310958862
stacked_lora,winogrande,fixed_gates,0,v_proj,38,0.9509381651878357
stacked_lora,winogrande,fixed_gates,0,v_proj,39,0.9694139957427979
stacked_lora,winogrande,fixed_gates,0,v_proj,40,0.9750683307647705
stacked_lora,winogrande,fixed_gates,0,v_proj,41,0.9885887503623962
stacked_lora,winogrande,fixed_gates,0,v_proj,42,0.980870246887207
stacked_lora,winogrande,fixed_gates,0,v_proj,43,0.9839584231376648
stacked_lora,winogrande,fixed_gates,0,v_proj,44,0.9570963978767395
stacked_lora,winogrande,fixed_gates,0,v_proj,45,0.9644733667373657
stacked_lora,winogrande,fixed_gates,0,v_proj,46,0.9907482862472534
stacked_lora,winogrande,fixed_gates,0,v_proj,47,0.9919115304946899
stacked_lora,winogrande,fixed_gates,0,v_proj,48,0.9881776571273804
stacked_lora,winogrande,fixed_gates,0,v_proj,49,0.9864147305488586
stacked_lora,winogrande,fixed_gates,0,v_proj,50,0.9778314828872681
stacked_lora,winogrande,fixed_gates,0,up_proj,1,0.9999571442604065
stacked_lora,winogrande,fixed_gates,0,up_proj,2,0.9999374747276306
stacked_lora,winogrande,fixed_gates,0,up_proj,3,0.9999586939811707
stacked_lora,winogrande,fixed_gates,0,up_proj,4,0.9999382495880127
stacked_lora,winogrande,fixed_gates,0,up_proj,5,0.9999175667762756
stacked_lora,winogrande,fixed_gates,0,up_proj,6,0.9957428574562073
stacked_lora,winogrande,fixed_gates,0,up_proj,7,0.995750367641449
stacked_lora,winogrande,fixed_gates,0,up_proj,8,0.9997772574424744
stacked_lora,winogrande,fixed_gates,0,up_proj,9,0.9994297027587891
stacked_lora,winogrande,fixed_gates,0,up_proj,10,0.9994921088218689
stacked_lora,winogrande,fixed_gates,0,up_proj,11,0.9987703561782837
stacked_lora,winogrande,fixed_gates,0,up_proj,12,0.9986692667007446
stacked_lora,winogrande,fixed_gates,0,up_proj,13,0.999234676361084
stacked_lora,winogrande,fixed_gates,0,up_proj,14,0.9996865391731262
stacked_lora,winogrande,fixed_gates,0,up_proj,15,0.9995901584625244
stacked_lora,winogrande,fixed_gates,0,up_proj,16,0.9983386993408203
stacked_lora,winogrande,fixed_gates,0,up_proj,17,0.9985170960426331
stacked_lora,winogrande,fixed_gates,0,up_proj,18,0.9990861415863037
stacked_lora,winogrande,fixed_gates,0,up_proj,19,0.999816358089447
stacked_lora,winogrande,fixed_gates,0,up_proj,20,0.9998660087585449
stacked_lora,winogrande,fixed_gates,0,up_proj,21,0.9996575713157654
stacked_lora,winogrande,fixed_gates,0,up_proj,22,0.9997054934501648
stacked_lora,winogrande,fixed_gates,0,up_proj,23,0.9998753070831299
stacked_lora,winogrande,fixed_gates,0,up_proj,24,0.9997729659080505
stacked_lora,winogrande,fixed_gates,0,up_proj,25,0.9998272061347961
stacked_lora,winogrande,fixed_gates,0,up_proj,26,0.9983067512512207
stacked_lora,winogrande,fixed_gates,0,up_proj,27,0.9984884858131409
stacked_lora,winogrande,fixed_gates,0,up_proj,28,0.999125599861145
stacked_lora,winogrande,fixed_gates,0,up_proj,29,0.9996041655540466
stacked_lora,winogrande,fixed_gates,0,up_proj,30,0.9994981288909912
stacked_lora,winogrande,fixed_gates,0,up_proj,31,0.9997916221618652
stacked_lora,winogrande,fixed_gates,0,up_proj,32,0.9996164441108704
stacked_lora,winogrande,fixed_gates,0,up_proj,33,0.9996969103813171
stacked_lora,winogrande,fixed_gates,0,up_proj,34,0.9996087551116943
stacked_lora,winogrande,fixed_gates,0,up_proj,35,0.9996259212493896
stacked_lora,winogrande,fixed_gates,0,up_proj,36,0.9995020627975464
stacked_lora,winogrande,fixed_gates,0,up_proj,37,0.9995454549789429
stacked_lora,winogrande,fixed_gates,0,up_proj,38,0.9995926022529602
stacked_lora,winogrande,fixed_gates,0,up_proj,39,0.999645471572876
stacked_lora,winogrande,fixed_gates,0,up_proj,40,0.9996429085731506
stacked_lora,winogrande,fixed_gates,0,up_proj,41,0.9996256828308105
stacked_lora,winogrande,fixed_gates,0,up_proj,42,0.9962593913078308
stacked_lora,winogrande,fixed_gates,0,up_proj,43,0.9962613582611084
stacked_lora,winogrande,fixed_gates,0,up_proj,44,0.9985815286636353
stacked_lora,winogrande,fixed_gates,0,up_proj,45,0.9977350831031799
stacked_lora,winogrande,fixed_gates,0,up_proj,46,0.9986227750778198
stacked_lora,winogrande,fixed_gates,0,up_proj,47,0.9984827637672424
stacked_lora,winogrande,fixed_gates,0,up_proj,48,0.9981785416603088
stacked_lora,winogrande,fixed_gates,0,up_proj,49,0.999239981174469
stacked_lora,winogrande,fixed_gates,0,up_proj,50,0.9982296228408813
stacked_lora,winogrande,fixed_gates,0,down_proj,1,0.9999880790710449
stacked_lora,winogrande,fixed_gates,0,down_proj,2,0.999992311000824
stacked_lora,winogrande,fixed_gates,0,down_proj,3,0.9999892711639404
stacked_lora,winogrande,fixed_gates,0,down_proj,4,0.9999758005142212
stacked_lora,winogrande,fixed_gates,0,down_proj,5,0.9999900460243225
stacked_lora,winogrande,fixed_gates,0,down_proj,6,0.999926745891571
stacked_lora,winogrande,fixed_gates,0,down_proj,7,0.999912679195404
stacked_lora,winogrande,fixed_gates,0,down_proj,8,0.9999313354492188
stacked_lora,winogrande,fixed_gates,0,down_proj,9,0.9995979070663452
stacked_lora,winogrande,fixed_gates,0,down_proj,10,0.9995249509811401
stacked_lora,winogrande,fixed_gates,0,down_proj,11,0.999850332736969
stacked_lora,winogrande,fixed_gates,0,down_proj,12,0.9998944997787476
stacked_lora,winogrande,fixed_gates,0,down_proj,13,0.9999064803123474
stacked_lora,winogrande,fixed_gates,0,down_proj,14,0.999894380569458
stacked_lora,winogrande,fixed_gates,0,down_proj,15,0.9999405145645142
stacked_lora,winogrande,fixed_gates,0,down_proj,16,0.9999208450317383
stacked_lora,winogrande,fixed_gates,0,down_proj,17,0.9991251230239868
stacked_lora,winogrande,fixed_gates,0,down_proj,18,0.9991182684898376
stacked_lora,winogrande,fixed_gates,0,down_proj,19,0.9998552203178406
stacked_lora,winogrande,fixed_gates,0,down_proj,20,0.9992889165878296
stacked_lora,winogrande,fixed_gates,0,down_proj,21,0.9991104602813721
stacked_lora,winogrande,fixed_gates,0,down_proj,22,0.9980213046073914
stacked_lora,winogrande,fixed_gates,0,down_proj,23,0.9980335235595703
stacked_lora,winogrande,fixed_gates,0,down_proj,24,0.9995629191398621
stacked_lora,winogrande,fixed_gates,0,down_proj,25,0.9995143413543701
stacked_lora,winogrande,fixed_gates,0,down_proj,26,0.9993902444839478
stacked_lora,winogrande,fixed_gates,0,down_proj,27,0.999037504196167
stacked_lora,winogrande,fixed_gates,0,down_proj,28,0.9992004632949829
stacked_lora,winogrande,fixed_gates,0,down_proj,29,0.9995301365852356
stacked_lora,winogrande,fixed_gates,0,down_proj,30,0.9987417459487915
stacked_lora,winogrande,fixed_gates,0,down_proj,31,0.9987576007843018
stacked_lora,winogrande,fixed_gates,0,down_proj,32,0.9997538924217224
stacked_lora,winogrande,fixed_gates,0,down_proj,33,0.9836207628250122
stacked_lora,winogrande,fixed_gates,0,down_proj,34,0.9847750067710876
stacked_lora,winogrande,fixed_gates,0,down_proj,35,0.9986695647239685
stacked_lora,winogrande,fixed_gates,0,down_proj,36,0.9978297352790833
stacked_lora,winogrande,fixed_gates,0,down_proj,37,0.9982848763465881
stacked_lora,winogrande,fixed_gates,0,down_proj,38,0.9991776943206787
stacked_lora,winogrande,fixed_gates,0,down_proj,39,0.9996770620346069
stacked_lora,winogrande,fixed_gates,0,down_proj,40,0.999706506729126
stacked_lora,winogrande,fixed_gates,0,down_proj,41,0.9995737671852112
stacked_lora,winogrande,fixed_gates,0,down_proj,42,0.9984995126724243
stacked_lora,winogrande,fixed_gates,0,down_proj,43,0.9979777336120605
stacked_lora,winogrande,fixed_gates,0,down_proj,44,0.9986613988876343
stacked_lora,winogrande,fixed_gates,0,down_proj,45,0.9991591572761536
stacked_lora,winogrande,fixed_gates,0,down_proj,46,0.9994539022445679
stacked_lora,winogrande,fixed_gates,0,down_proj,47,0.9768610000610352
stacked_lora,winogrande,fixed_gates,0,down_proj,48,0.9767383337020874
stacked_lora,winogrande,fixed_gates,0,down_proj,49,0.9994407892227173
stacked_lora,winogrande,fixed_gates,0,down_proj,50,0.9379935264587402
stacked_lora,winogrande,fixed_gates,8,q_proj,1,0.9999653100967407
stacked_lora,winogrande,fixed_gates,8,q_proj,2,0.99998939037323
stacked_lora,winogrande,fixed_gates,8,q_proj,3,0.9999954700469971
stacked_lora,winogrande,fixed_gates,8,q_proj,4,0.9999874830245972
stacked_lora,winogrande,fixed_gates,8,q_proj,5,0.9999665021896362
stacked_lora,winogrande,fixed_gates,8,q_proj,6,0.9999895095825195
stacked_lora,winogrande,fixed_gates,8,q_proj,7,0.9999822378158569
stacked_lora,winogrande,fixed_gates,8,q_proj,8,0.9997442364692688
stacked_lora,winogrande,fixed_gates,8,q_proj,9,0.9997555017471313
stacked_lora,winogrande,fixed_gates,8,q_proj,10,0.9999534487724304
stacked_lora,winogrande,fixed_gates,8,q_proj,11,0.9999844431877136
stacked_lora,winogrande,fixed_gates,8,q_proj,12,0.9999819397926331
stacked_lora,winogrande,fixed_gates,8,q_proj,13,0.9998824000358582
stacked_lora,winogrande,fixed_gates,8,q_proj,14,0.9999121427536011
stacked_lora,winogrande,fixed_gates,8,q_proj,15,0.9997826814651489
stacked_lora,winogrande,fixed_gates,8,q_proj,16,0.9995201826095581
stacked_lora,winogrande,fixed_gates,8,q_proj,17,0.999445915222168
stacked_lora,winogrande,fixed_gates,8,q_proj,18,0.9999840259552002
stacked_lora,winogrande,fixed_gates,8,q_proj,19,0.9999278783798218
stacked_lora,winogrande,fixed_gates,8,q_proj,20,0.999963641166687
stacked_lora,winogrande,fixed_gates,8,q_proj,21,0.9999759793281555
stacked_lora,winogrande,fixed_gates,8,q_proj,22,0.9999431371688843
stacked_lora,winogrande,fixed_gates,8,q_proj,23,0.9998895525932312
stacked_lora,winogrande,fixed_gates,8,q_proj,24,0.9998838901519775
stacked_lora,winogrande,fixed_gates,8,q_proj,25,0.9998741149902344
stacked_lora,winogrande,fixed_gates,8,q_proj,26,0.9999555349349976
stacked_lora,winogrande,fixed_gates,8,q_proj,27,0.9998896718025208
stacked_lora,winogrande,fixed_gates,8,q_proj,28,0.9999421238899231
stacked_lora,winogrande,fixed_gates,8,q_proj,29,0.9999075531959534
stacked_lora,winogrande,fixed_gates,8,q_proj,30,0.9999215602874756
stacked_lora,winogrande,fixed_gates,8,q_proj,31,0.9994310736656189
stacked_lora,winogrande,fixed_gates,8,q_proj,32,0.99941486120224
stacked_lora,winogrande,fixed_gates,8,q_proj,33,0.9998449087142944
stacked_lora,winogrande,fixed_gates,8,q_proj,34,0.9998406171798706
stacked_lora,winogrande,fixed_gates,8,q_proj,35,0.9998522400856018
stacked_lora,winogrande,fixed_gates,8,q_proj,36,0.9998855590820312
stacked_lora,winogrande,fixed_gates,8,q_proj,37,0.999646008014679
stacked_lora,winogrande,fixed_gates,8,q_proj,38,0.9985467195510864
stacked_lora,winogrande,fixed_gates,8,q_proj,39,0.998960018157959
stacked_lora,winogrande,fixed_gates,8,q_proj,40,0.9996381402015686
stacked_lora,winogrande,fixed_gates,8,q_proj,41,0.999887228012085
stacked_lora,winogrande,fixed_gates,8,q_proj,42,0.9997825622558594
stacked_lora,winogrande,fixed_gates,8,q_proj,43,0.9990816116333008
stacked_lora,winogrande,fixed_gates,8,q_proj,44,0.9987643361091614
stacked_lora,winogrande,fixed_gates,8,q_proj,45,0.999505341053009
stacked_lora,winogrande,fixed_gates,8,q_proj,46,0.9998388886451721
stacked_lora,winogrande,fixed_gates,8,q_proj,47,0.9998304843902588
stacked_lora,winogrande,fixed_gates,8,q_proj,48,0.9998829364776611
stacked_lora,winogrande,fixed_gates,8,q_proj,49,0.9997241497039795
stacked_lora,winogrande,fixed_gates,8,q_proj,50,0.999876856803894
stacked_lora,winogrande,fixed_gates,8,v_proj,1,0.9923095703125
stacked_lora,winogrande,fixed_gates,8,v_proj,2,0.9919828772544861
stacked_lora,winogrande,fixed_gates,8,v_proj,3,0.9984743595123291
stacked_lora,winogrande,fixed_gates,8,v_proj,4,0.9938231110572815
stacked_lora,winogrande,fixed_gates,8,v_proj,5,0.9904597997665405
stacked_lora,winogrande,fixed_gates,8,v_proj,6,0.9840363264083862
stacked_lora,winogrande,fixed_gates,8,v_proj,7,0.9926121234893799
stacked_lora,winogrande,fixed_gates,8,v_proj,8,0.9970540404319763
stacked_lora,winogrande,fixed_gates,8,v_proj,9,0.9982465505599976
stacked_lora,winogrande,fixed_gates,8,v_proj,10,0.9921993017196655
stacked_lora,winogrande,fixed_gates,8,v_proj,11,0.9926284551620483
stacked_lora,winogrande,fixed_gates,8,v_proj,12,0.9986960887908936
stacked_lora,winogrande,fixed_gates,8,v_proj,13,0.9932867884635925
stacked_lora,winogrande,fixed_gates,8,v_proj,14,0.9944826364517212
stacked_lora,winogrande,fixed_gates,8,v_proj,15,0.9964303970336914
stacked_lora,winogrande,fixed_gates,8,v_proj,16,0.9864039421081543
stacked_lora,winogrande,fixed_gates,8,v_proj,17,0.9858788847923279
stacked_lora,winogrande,fixed_gates,8,v_proj,18,0.9958012700080872
stacked_lora,winogrande,fixed_gates,8,v_proj,19,0.9951518177986145
stacked_lora,winogrande,fixed_gates,8,v_proj,20,0.9963091015815735
stacked_lora,winogrande,fixed_gates,8,v_proj,21,0.9956923127174377
stacked_lora,winogrande,fixed_gates,8,v_proj,22,0.989133358001709
stacked_lora,winogrande,fixed_gates,8,v_proj,23,0.9873942136764526
stacked_lora,winogrande,fixed_gates,8,v_proj,24,0.9982063174247742
stacked_lora,winogrande,fixed_gates,8,v_proj,25,0.9943791627883911
stacked_lora,winogrande,fixed_gates,8,v_proj,26,0.9959769248962402
stacked_lora,winogrande,fixed_gates,8,v_proj,27,0.9825752377510071
stacked_lora,winogrande,fixed_gates,8,v_proj,28,0.9541077017784119
stacked_lora,winogrande,fixed_gates,8,v_proj,29,0.9632737636566162
stacked_lora,winogrande,fixed_gates,8,v_proj,30,0.9854774475097656
stacked_lora,winogrande,fixed_gates,8,v_proj,31,0.9913261532783508
stacked_lora,winogrande,fixed_gates,8,v_proj,32,0.9956809282302856
stacked_lora,winogrande,fixed_gates,8,v_proj,33,0.9926098585128784
stacked_lora,winogrande,fixed_gates,8,v_proj,34,0.9938883185386658
stacked_lora,winogrande,fixed_gates,8,v_proj,35,0.9050366878509521
stacked_lora,winogrande,fixed_gates,8,v_proj,36,0.9066798686981201
stacked_lora,winogrande,fixed_gates,8,v_proj,37,0.9951527118682861
stacked_lora,winogrande,fixed_gates,8,v_proj,38,0.988751232624054
stacked_lora,winogrande,fixed_gates,8,v_proj,39,0.9887148141860962
stacked_lora,winogrande,fixed_gates,8,v_proj,40,0.9966181516647339
stacked_lora,winogrande,fixed_gates,8,v_proj,41,0.9956914186477661
stacked_lora,winogrande,fixed_gates,8,v_proj,42,0.9965983033180237
stacked_lora,winogrande,fixed_gates,8,v_proj,43,0.9886406660079956
stacked_lora,winogrande,fixed_gates,8,v_proj,44,0.9843146204948425
stacked_lora,winogrande,fixed_gates,8,v_proj,45,0.9928321242332458
stacked_lora,winogrande,fixed_gates,8,v_proj,46,0.9343562126159668
stacked_lora,winogrande,fixed_gates,8,v_proj,47,0.9322559833526611
stacked_lora,winogrande,fixed_gates,8,v_proj,48,0.9914841651916504
stacked_lora,winogrande,fixed_gates,8,v_proj,49,0.9961383938789368
stacked_lora,winogrande,fixed_gates,8,v_proj,50,0.9921004772186279
stacked_lora,winogrande,fixed_gates,8,up_proj,1,0.9999865293502808
stacked_lora,winogrande,fixed_gates,8,up_proj,2,0.9999572038650513
stacked_lora,winogrande,fixed_gates,8,up_proj,3,0.9999561309814453
stacked_lora,winogrande,fixed_gates,8,up_proj,4,0.9999628663063049
stacked_lora,winogrande,fixed_gates,8,up_proj,5,0.9999370574951172
stacked_lora,winogrande,fixed_gates,8,up_proj,6,0.9999274015426636
stacked_lora,winogrande,fixed_gates,8,up_proj,7,0.9999328851699829
stacked_lora,winogrande,fixed_gates,8,up_proj,8,0.9998879432678223
stacked_lora,winogrande,fixed_gates,8,up_proj,9,0.9998030066490173
stacked_lora,winogrande,fixed_gates,8,up_proj,10,0.9997644424438477
stacked_lora,winogrande,fixed_gates,8,up_proj,11,0.9997923970222473
stacked_lora,winogrande,fixed_gates,8,up_proj,12,0.9998462796211243
stacked_lora,winogrande,fixed_gates,8,up_proj,13,0.8085088729858398
stacked_lora,winogrande,fixed_gates,8,up_proj,14,0.8084109425544739
stacked_lora,winogrande,fixed_gates,8,up_proj,15,0.9998452067375183
stacked_lora,winogrande,fixed_gates,8,up_proj,16,0.9999014139175415
stacked_lora,winogrande,fixed_gates,8,up_proj,17,0.9999149441719055
stacked_lora,winogrande,fixed_gates,8,up_proj,18,0.9996453523635864
stacked_lora,winogrande,fixed_gates,8,up_proj,19,0.999409556388855
stacked_lora,winogrande,fixed_gates,8,up_proj,20,0.9996638298034668
stacked_lora,winogrande,fixed_gates,8,up_proj,21,0.9996873140335083
stacked_lora,winogrande,fixed_gates,8,up_proj,22,0.9996049404144287
stacked_lora,winogrande,fixed_gates,8,up_proj,23,0.961584746837616
stacked_lora,winogrande,fixed_gates,8,up_proj,24,0.9616603851318359
stacked_lora,winogrande,fixed_gates,8,up_proj,25,0.999529242515564
stacked_lora,winogrande,fixed_gates,8,up_proj,26,0.9970652461051941
stacked_lora,winogrande,fixed_gates,8,up_proj,27,0.9965494275093079
stacked_lora,winogrande,fixed_gates,8,up_proj,28,0.999245822429657
stacked_lora,winogrande,fixed_gates,8,up_proj,29,0.9996064901351929
stacked_lora,winogrande,fixed_gates,8,up_proj,30,0.9991371035575867
stacked_lora,winogrande,fixed_gates,8,up_proj,31,0.9994142055511475
stacked_lora,winogrande,fixed_gates,8,up_proj,32,0.9987887144088745
stacked_lora,winogrande,fixed_gates,8,up_proj,33,0.9989758133888245
stacked_lora,winogrande,fixed_gates,8,up_proj,34,0.9989551901817322
stacked_lora,winogrande,fixed_gates,8,up_proj,35,0.9984071254730225
stacked_lora,winogrande,fixed_gates,8,up_proj,36,0.9996414184570312
stacked_lora,winogrande,fixed_gates,8,up_proj,37,0.9972220659255981
stacked_lora,winogrande,fixed_gates,8,up_proj,38,0.9974757432937622
stacked_lora,winogrande,fixed_gates,8,up_proj,39,0.9841830134391785
stacked_lora,winogrande,fixed_gates,8,up_proj,40,0.985268771648407
stacked_lora,winogrande,fixed_gates,8,up_proj,41,0.9977028965950012
stacked_lora,winogrande,fixed_gates,8,up_proj,42,0.9979110360145569
stacked_lora,winogrande,fixed_gates,8,up_proj,43,0.998418927192688
stacked_lora,winogrande,fixed_gates,8,up_proj,44,0.9990614652633667
stacked_lora,winogrande,fixed_gates,8,up_proj,45,0.9982616305351257
stacked_lora,winogrande,fixed_gates,8,up_proj,46,0.9970073103904724
stacked_lora,winogrande,fixed_gates,8,up_proj,47,0.9961466789245605
stacked_lora,winogrande,fixed_gates,8,up_proj,48,0.9974076151847839
stacked_lora,winogrande,fixed_gates,8,up_proj,49,0.9878453612327576
stacked_lora,winogrande,fixed_gates,8,up_proj,50,0.9868161678314209
stacked_lora,winogrande,fixed_gates,8,down_proj,1,0.9999995231628418
stacked_lora,winogrande,fixed_gates,8,down_proj,2,0.9999912977218628
stacked_lora,winogrande,fixed_gates,8,down_proj,3,0.9999997019767761
stacked_lora,winogrande,fixed_gates,8,down_proj,4,0.9999924302101135
stacked_lora,winogrande,fixed_gates,8,down_proj,5,0.9999551773071289
stacked_lora,winogrande,fixed_gates,8,down_proj,6,0.9999538064002991
stacked_lora,winogrande,fixed_gates,8,down_proj,7,0.9999821782112122
stacked_lora,winogrande,fixed_gates,8,down_proj,8,0.9999825358390808
stacked_lora,winogrande,fixed_gates,8,down_proj,9,0.9999856948852539
stacked_lora,winogrande,fixed_gates,8,down_proj,10,0.9999741911888123
stacked_lora,winogrande,fixed_gates,8,down_proj,11,0.9996606111526489
stacked_lora,winogrande,fixed_gates,8,down_proj,12,0.9996200203895569
stacked_lora,winogrande,fixed_gates,8,down_proj,13,0.9998967051506042
stacked_lora,winogrande,fixed_gates,8,down_proj,14,0.9999048709869385
stacked_lora,winogrande,fixed_gates,8,down_proj,15,0.9999661445617676
stacked_lora,winogrande,fixed_gates,8,down_proj,16,0.999971866607666
stacked_lora,winogrande,fixed_gates,8,down_proj,17,0.99994295835495
stacked_lora,winogrande,fixed_gates,8,down_proj,18,0.999964714050293
stacked_lora,winogrande,fixed_gates,8,down_proj,19,0.9900448322296143
stacked_lora,winogrande,fixed_gates,8,down_proj,20,0.990019679069519
stacked_lora,winogrande,fixed_gates,8,down_proj,21,0.9998987317085266
stacked_lora,winogrande,fixed_gates,8,down_proj,22,0.9999687671661377
stacked_lora,winogrande,fixed_gates,8,down_proj,23,0.9999592900276184
stacked_lora,winogrande,fixed_gates,8,down_proj,24,0.9999717473983765
stacked_lora,winogrande,fixed_gates,8,down_proj,25,0.999898374080658
stacked_lora,winogrande,fixed_gates,8,down_proj,26,0.9998736381530762
stacked_lora,winogrande,fixed_gates,8,down_proj,27,0.9999497532844543
stacked_lora,winogrande,fixed_gates,8,down_proj,28,0.9999245405197144
stacked_lora,winogrande,fixed_gates,8,down_proj,29,0.9999649524688721
stacked_lora,winogrande,fixed_gates,8,down_proj,30,0.9997374415397644
stacked_lora,winogrande,fixed_gates,8,down_proj,31,0.9994916915893555
stacked_lora,winogrande,fixed_gates,8,down_proj,32,0.9994091391563416
stacked_lora,winogrande,fixed_gates,8,down_proj,33,0.9996176958084106
stacked_lora,winogrande,fixed_gates,8,down_proj,34,0.9998776316642761
stacked_lora,winogrande,fixed_gates,8,down_proj,35,0.9998706579208374
stacked_lora,winogrande,fixed_gates,8,down_proj,36,0.9998869299888611
stacked_lora,winogrande,fixed_gates,8,down_proj,37,0.9999252557754517
stacked_lora,winogrande,fixed_gates,8,down_proj,38,0.9998709559440613
stacked_lora,winogrande,fixed_gates,8,down_proj,39,0.9999140501022339
stacked_lora,winogrande,fixed_gates,8,down_proj,40,0.9999022483825684
stacked_lora,winogrande,fixed_gates,8,down_proj,41,0.9963852763175964
stacked_lora,winogrande,fixed_gates,8,down_proj,42,0.9965108036994934
stacked_lora,winogrande,fixed_gates,8,down_proj,43,0.9994806051254272
stacked_lora,winogrande,fixed_gates,8,down_proj,44,0.9997785091400146
stacked_lora,winogrande,fixed_gates,8,down_proj,45,0.9998813271522522
stacked_lora,winogrande,fixed_gates,8,down_proj,46,0.9996743202209473
stacked_lora,winogrande,fixed_gates,8,down_proj,47,0.999683678150177
stacked_lora,winogrande,fixed_gates,8,down_proj,48,0.9997764229774475
stacked_lora,winogrande,fixed_gates,8,down_proj,49,0.9997236132621765
stacked_lora,winogrande,fixed_gates,8,down_proj,50,0.9997589588165283
stacked_lora,winogrande,fixed_gates,15,q_proj,1,0.9999993443489075
stacked_lora,winogrande,fixed_gates,15,q_proj,2,0.9999970197677612
stacked_lora,winogrande,fixed_gates,15,q_proj,3,0.9999943971633911
stacked_lora,winogrande,fixed_gates,15,q_proj,4,0.999984085559845
stacked_lora,winogrande,fixed_gates,15,q_proj,5,0.9999850392341614
stacked_lora,winogrande,fixed_gates,15,q_proj,6,0.9999935626983643
stacked_lora,winogrande,fixed_gates,15,q_proj,7,0.9999913573265076
stacked_lora,winogrande,fixed_gates,15,q_proj,8,0.9999890923500061
stacked_lora,winogrande,fixed_gates,15,q_proj,9,0.999988853931427
stacked_lora,winogrande,fixed_gates,15,q_proj,10,0.9999840259552002
stacked_lora,winogrande,fixed_gates,15,q_proj,11,0.9999887347221375
stacked_lora,winogrande,fixed_gates,15,q_proj,12,0.9999900460243225
stacked_lora,winogrande,fixed_gates,15,q_proj,13,0.9999768137931824
stacked_lora,winogrande,fixed_gates,15,q_proj,14,0.9999693632125854
stacked_lora,winogrande,fixed_gates,15,q_proj,15,0.9999657869338989
stacked_lora,winogrande,fixed_gates,15,q_proj,16,0.9999874234199524
stacked_lora,winogrande,fixed_gates,15,q_proj,17,0.9999955892562866
stacked_lora,winogrande,fixed_gates,15,q_proj,18,0.9999549984931946
stacked_lora,winogrande,fixed_gates,15,q_proj,19,0.9999144077301025
stacked_lora,winogrande,fixed_gates,15,q_proj,20,0.9999492168426514
stacked_lora,winogrande,fixed_gates,15,q_proj,21,0.9998984336853027
stacked_lora,winogrande,fixed_gates,15,q_proj,22,0.9998853802680969
stacked_lora,winogrande,fixed_gates,15,q_proj,23,0.9999122023582458
stacked_lora,winogrande,fixed_gates,15,q_proj,24,0.9999949336051941
stacked_lora,winogrande,fixed_gates,15,q_proj,25,0.9999897480010986
stacked_lora,winogrande,fixed_gates,15,q_proj,26,0.9999926090240479
stacked_lora,winogrande,fixed_gates,15,q_proj,27,0.9999887943267822
stacked_lora,winogrande,fixed_gates,15,q_proj,28,0.9999304413795471
stacked_lora,winogrande,fixed_gates,15,q_proj,29,0.9999222755432129
stacked_lora,winogrande,fixed_gates,15,q_proj,30,0.9999915957450867
stacked_lora,winogrande,fixed_gates,15,q_proj,31,0.9996198415756226
stacked_lora,winogrande,fixed_gates,15,q_proj,32,0.9996172785758972
stacked_lora,winogrande,fixed_gates,15,q_proj,33,0.9999886155128479
stacked_lora,winogrande,fixed_gates,15,q_proj,34,0.9999765157699585
stacked_lora,winogrande,fixed_gates,15,q_proj,35,0.9999358654022217
stacked_lora,winogrande,fixed_gates,15,q_proj,36,0.9999590516090393
stacked_lora,winogrande,fixed_gates,15,q_proj,37,0.9999703168869019
stacked_lora,winogrande,fixed_gates,15,q_proj,38,0.9999817609786987
stacked_lora,winogrande,fixed_gates,15,q_proj,39,0.9999634027481079
stacked_lora,winogrande,fixed_gates,15,q_proj,40,0.9999028444290161
stacked_lora,winogrande,fixed_gates,15,q_proj,41,0.999897301197052
stacked_lora,winogrande,fixed_gates,15,q_proj,42,0.999945878982544
stacked_lora,winogrande,fixed_gates,15,q_proj,43,0.9999425411224365
stacked_lora,winogrande,fixed_gates,15,q_proj,44,0.9999538064002991
stacked_lora,winogrande,fixed_gates,15,q_proj,45,0.9999715685844421
stacked_lora,winogrande,fixed_gates,15,q_proj,46,0.9999176263809204
stacked_lora,winogrande,fixed_gates,15,q_proj,47,0.9999613165855408
stacked_lora,winogrande,fixed_gates,15,q_proj,48,0.9999579191207886
stacked_lora,winogrande,fixed_gates,15,q_proj,49,0.999961256980896
stacked_lora,winogrande,fixed_gates,15,q_proj,50,0.9999136924743652
stacked_lora,winogrande,fixed_gates,15,v_proj,1,0.9999926686286926
stacked_lora,winogrande,fixed_gates,15,v_proj,2,0.9997812509536743
stacked_lora,winogrande,fixed_gates,15,v_proj,3,0.9997812509536743
stacked_lora,winogrande,fixed_gates,15,v_proj,4,0.999994158744812
stacked_lora,winogrande,fixed_gates,15,v_proj,5,0.999976396560669
stacked_lora,winogrande,fixed_gates,15,v_proj,6,0.9999692440032959
stacked_lora,winogrande,fixed_gates,15,v_proj,7,0.9999696016311646
stacked_lora,winogrande,fixed_gates,15,v_proj,8,0.9999867677688599
stacked_lora,winogrande,fixed_gates,15,v_proj,9,0.9999529719352722
stacked_lora,winogrande,fixed_gates,15,v_proj,10,0.999949038028717
stacked_lora,winogrande,fixed_gates,15,v_proj,11,0.9999091029167175
stacked_lora,winogrande,fixed_gates,15,v_proj,12,0.9999145269393921
stacked_lora,winogrande,fixed_gates,15,v_proj,13,0.9998587369918823
stacked_lora,winogrande,fixed_gates,15,v_proj,14,0.9999608993530273
stacked_lora,winogrande,fixed_gates,15,v_proj,15,0.9998434782028198
stacked_lora,winogrande,fixed_gates,15,v_proj,16,0.9998867511749268
stacked_lora,winogrande,fixed_gates,15,v_proj,17,0.99989253282547
stacked_lora,winogrande,fixed_gates,15,v_proj,18,0.9999430179595947
stacked_lora,winogrande,fixed_gates,15,v_proj,19,0.9999455213546753
stacked_lora,winogrande,fixed_gates,15,v_proj,20,0.9998970627784729
stacked_lora,winogrande,fixed_gates,15,v_proj,21,0.9995146989822388
stacked_lora,winogrande,fixed_gates,15,v_proj,22,0.9994306564331055
stacked_lora,winogrande,fixed_gates,15,v_proj,23,0.9998712539672852
stacked_lora,winogrande,fixed_gates,15,v_proj,24,0.9999099373817444
stacked_lora,winogrande,fixed_gates,15,v_proj,25,0.999885618686676
stacked_lora,winogrande,fixed_gates,15,v_proj,26,0.9998682141304016
stacked_lora,winogrande,fixed_gates,15,v_proj,27,0.9998857975006104
stacked_lora,winogrande,fixed_gates,15,v_proj,28,0.9999170899391174
stacked_lora,winogrande,fixed_gates,15,v_proj,29,0.9999103546142578
stacked_lora,winogrande,fixed_gates,15,v_proj,30,0.9998489022254944
stacked_lora,winogrande,fixed_gates,15,v_proj,31,0.9998289942741394
stacked_lora,winogrande,fixed_gates,15,v_proj,32,0.9998196959495544
stacked_lora,winogrande,fixed_gates,15,v_proj,33,0.9982381463050842
stacked_lora,winogrande,fixed_gates,15,v_proj,34,0.9982896447181702
stacked_lora,winogrande,fixed_gates,15,v_proj,35,0.999636173248291
stacked_lora,winogrande,fixed_gates,15,v_proj,36,0.9985194206237793
stacked_lora,winogrande,fixed_gates,15,v_proj,37,0.9984793663024902
stacked_lora,winogrande,fixed_gates,15,v_proj,38,0.9999120235443115
stacked_lora,winogrande,fixed_gates,15,v_proj,39,0.9999033808708191
stacked_lora,winogrande,fixed_gates,15,v_proj,40,0.9998432397842407
stacked_lora,winogrande,fixed_gates,15,v_proj,41,0.9998679161071777
stacked_lora,winogrande,fixed_gates,15,v_proj,42,0.9997223019599915
stacked_lora,winogrande,fixed_gates,15,v_proj,43,0.9989588856697083
stacked_lora,winogrande,fixed_gates,15,v_proj,44,0.9990294575691223
stacked_lora,winogrande,fixed_gates,15,v_proj,45,0.9994838237762451
stacked_lora,winogrande,fixed_gates,15,v_proj,46,0.9994484186172485
stacked_lora,winogrande,fixed_gates,15,v_proj,47,0.9999321103096008
stacked_lora,winogrande,fixed_gates,15,v_proj,48,0.9999374747276306
stacked_lora,winogrande,fixed_gates,15,v_proj,49,0.9999140501022339
stacked_lora,winogrande,fixed_gates,15,v_proj,50,0.999958336353302
stacked_lora,winogrande,fixed_gates,15,up_proj,1,1.0000001192092896
stacked_lora,winogrande,fixed_gates,15,up_proj,2,1.0
stacked_lora,winogrande,fixed_gates,15,up_proj,3,0.9999991655349731
stacked_lora,winogrande,fixed_gates,15,up_proj,4,0.9999974966049194
stacked_lora,winogrande,fixed_gates,15,up_proj,5,0.9999955892562866
stacked_lora,winogrande,fixed_gates,15,up_proj,6,0.9999934434890747
stacked_lora,winogrande,fixed_gates,15,up_proj,7,0.999995231628418
stacked_lora,winogrande,fixed_gates,15,up_proj,8,0.999993085861206
stacked_lora,winogrande,fixed_gates,15,up_proj,9,0.9999920129776001
stacked_lora,winogrande,fixed_gates,15,up_proj,10,0.999992311000824
stacked_lora,winogrande,fixed_gates,15,up_proj,11,0.9999905228614807
stacked_lora,winogrande,fixed_gates,15,up_proj,12,0.9999908804893494
stacked_lora,winogrande,fixed_gates,15,up_proj,13,0.9998365044593811
stacked_lora,winogrande,fixed_gates,15,up_proj,14,0.9998422861099243
stacked_lora,winogrande,fixed_gates,15,up_proj,15,0.9999912977218628
stacked_lora,winogrande,fixed_gates,15,up_proj,16,0.9999861717224121
stacked_lora,winogrande,fixed_gates,15,up_proj,17,0.9999896883964539
stacked_lora,winogrande,fixed_gates,15,up_proj,18,0.9999890923500061
stacked_lora,winogrande,fixed_gates,15,up_proj,19,0.999971330165863
stacked_lora,winogrande,fixed_gates,15,up_proj,20,0.9999759793281555
stacked_lora,winogrande,fixed_gates,15,up_proj,21,0.9999913573265076
stacked_lora,winogrande,fixed_gates,15,up_proj,22,0.9999921321868896
stacked_lora,winogrande,fixed_gates,15,up_proj,23,0.9999803304672241
stacked_lora,winogrande,fixed_gates,15,up_proj,24,0.999951958656311
stacked_lora,winogrande,fixed_gates,15,up_proj,25,0.9999589920043945
stacked_lora,winogrande,fixed_gates,15,up_proj,26,0.9999711513519287
stacked_lora,winogrande,fixed_gates,15,up_proj,27,0.9999876022338867
stacked_lora,winogrande,fixed_gates,15,up_proj,28,0.9999650120735168
stacked_lora,winogrande,fixed_gates,15,up_proj,29,0.9999660849571228
stacked_lora,winogrande,fixed_gates,15,up_proj,30,0.9999698996543884
stacked_lora,winogrande,fixed_gates,15,up_proj,31,0.9999026656150818
stacked_lora,winogrande,fixed_gates,15,up_proj,32,0.9998964071273804
stacked_lora,winogrande,fixed_gates,15,up_proj,33,0.9999430775642395
stacked_lora,winogrande,fixed_gates,15,up_proj,34,0.9999046325683594
stacked_lora,winogrande,fixed_gates,15,up_proj,35,0.9998925924301147
stacked_lora,winogrande,fixed_gates,15,up_proj,36,0.9998646974563599
stacked_lora,winogrande,fixed_gates,15,up_proj,37,0.9999116659164429
stacked_lora,winogrande,fixed_gates,15,up_proj,38,0.9999271035194397
stacked_lora,winogrande,fixed_gates,15,up_proj,39,0.999702513217926
stacked_lora,winogrande,fixed_gates,15,up_proj,40,0.9997087121009827
stacked_lora,winogrande,fixed_gates,15,up_proj,41,0.9999358057975769
stacked_lora,winogrande,fixed_gates,15,up_proj,42,0.9998111128807068
stacked_lora,winogrande,fixed_gates,15,up_proj,43,0.9998578429222107
stacked_lora,winogrande,fixed_gates,15,up_proj,44,0.9998120665550232
stacked_lora,winogrande,fixed_gates,15,up_proj,45,0.9997504949569702
stacked_lora,winogrande,fixed_gates,15,up_proj,46,0.9999288320541382
stacked_lora,winogrande,fixed_gates,15,up_proj,47,0.9998359084129333
stacked_lora,winogrande,fixed_gates,15,up_proj,48,0.9998455047607422
stacked_lora,winogrande,fixed_gates,15,up_proj,49,0.9999410510063171
stacked_lora,winogrande,fixed_gates,15,up_proj,50,0.9999428987503052
stacked_lora,winogrande,fixed_gates,15,down_proj,1,0.999999463558197
stacked_lora,winogrande,fixed_gates,15,down_proj,2,0.9999992847442627
stacked_lora,winogrande,fixed_gates,15,down_proj,3,0.9999999403953552
stacked_lora,winogrande,fixed_gates,15,down_proj,4,0.9999989867210388
stacked_lora,winogrande,fixed_gates,15,down_proj,5,0.9999991655349731
stacked_lora,winogrande,fixed_gates,15,down_proj,6,0.9999982118606567
stacked_lora,winogrande,fixed_gates,15,down_proj,7,0.9999971985816956
stacked_lora,winogrande,fixed_gates,15,down_proj,8,0.9999955296516418
stacked_lora,winogrande,fixed_gates,15,down_proj,9,0.9999885559082031
stacked_lora,winogrande,fixed_gates,15,down_proj,10,0.9999921321868896
stacked_lora,winogrande,fixed_gates,15,down_proj,11,0.9999822378158569
stacked_lora,winogrande,fixed_gates,15,down_proj,12,0.9999875426292419
stacked_lora,winogrande,fixed_gates,15,down_proj,13,0.9999924898147583
stacked_lora,winogrande,fixed_gates,15,down_proj,14,0.9999857544898987
stacked_lora,winogrande,fixed_gates,15,down_proj,15,0.9999964833259583
stacked_lora,winogrande,fixed_gates,15,down_proj,16,0.9999841451644897
stacked_lora,winogrande,fixed_gates,15,down_proj,17,0.9999855756759644
stacked_lora,winogrande,fixed_gates,15,down_proj,18,0.9999873638153076
stacked_lora,winogrande,fixed_gates,15,down_proj,19,0.9999619722366333
stacked_lora,winogrande,fixed_gates,15,down_proj,20,0.9999500513076782
stacked_lora,winogrande,fixed_gates,15,down_proj,21,0.9999732971191406
stacked_lora,winogrande,fixed_gates,15,down_proj,22,0.9999727606773376
stacked_lora,winogrande,fixed_gates,15,down_proj,23,0.999956488609314
stacked_lora,winogrande,fixed_gates,15,down_proj,24,0.9999769926071167
stacked_lora,winogrande,fixed_gates,15,down_proj,25,0.9999830722808838
stacked_lora,winogrande,fixed_gates,15,down_proj,26,0.999771237373352
stacked_lora,winogrande,fixed_gates,15,down_proj,27,0.9997460842132568
stacked_lora,winogrande,fixed_gates,15,down_proj,28,0.9999700784683228
stacked_lora,winogrande,fixed_gates,15,down_proj,29,0.9999822974205017
stacked_lora,winogrande,fixed_gates,15,down_proj,30,0.9999791979789734
stacked_lora,winogrande,fixed_gates,15,down_proj,31,0.9999904632568359
stacked_lora,winogrande,fixed_gates,15,down_proj,32,0.9999808073043823
stacked_lora,winogrande,fixed_gates,15,down_proj,33,0.9999796748161316
stacked_lora,winogrande,fixed_gates,15,down_proj,34,0.9993498921394348
stacked_lora,winogrande,fixed_gates,15,down_proj,35,0.999343752861023
stacked_lora,winogrande,fixed_gates,15,down_proj,36,0.9994101524353027
stacked_lora,winogrande,fixed_gates,15,down_proj,37,0.999405562877655
stacked_lora,winogrande,fixed_gates,15,down_proj,38,0.9999529719352722
stacked_lora,winogrande,fixed_gates,15,down_proj,39,0.9995667338371277
stacked_lora,winogrande,fixed_gates,15,down_proj,40,0.9992611408233643
stacked_lora,winogrande,fixed_gates,15,down_proj,41,0.9996634721755981
stacked_lora,winogrande,fixed_gates,15,down_proj,42,0.9999709725379944
stacked_lora,winogrande,fixed_gates,15,down_proj,43,0.9999841451644897
stacked_lora,winogrande,fixed_gates,15,down_proj,44,0.9999645948410034
stacked_lora,winogrande,fixed_gates,15,down_proj,45,0.9999643564224243
stacked_lora,winogrande,fixed_gates,15,down_proj,46,0.9999669194221497
stacked_lora,winogrande,fixed_gates,15,down_proj,47,0.9999411702156067
stacked_lora,winogrande,fixed_gates,15,down_proj,48,0.9998981356620789
stacked_lora,winogrande,fixed_gates,15,down_proj,49,0.9999517202377319
stacked_lora,winogrande,fixed_gates,15,down_proj,50,0.9999741911888123
