method,stage,adapter_eval_mode,layer,module,vector_index,max_similarity
full,fever,n/a,0,q_proj,1,1.0000005960464478
full,fever,n/a,0,q_proj,2,0.9999993443489075
full,fever,n/a,0,q_proj,3,1.0000003576278687
full,fever,n/a,0,q_proj,4,0.9999995231628418
full,fever,n/a,0,q_proj,5,0.999999463558197
full,fever,n/a,0,q_proj,6,0.9999998211860657
full,fever,n/a,0,q_proj,7,0.9999992251396179
full,fever,n/a,0,q_proj,8,0.9999994039535522
full,fever,n/a,0,q_proj,9,0.9999989867210388
full,fever,n/a,0,q_proj,10,0.9999993443489075
full,fever,n/a,0,q_proj,11,0.9999994039535522
full,fever,n/a,0,q_proj,12,0.9999988079071045
full,fever,n/a,0,q_proj,13,0.9999985694885254
full,fever,n/a,0,q_proj,14,0.9999984502792358
full,fever,n/a,0,q_proj,15,0.9999325275421143
full,fever,n/a,0,q_proj,16,0.9999327063560486
full,fever,n/a,0,q_proj,17,0.999993085861206
full,fever,n/a,0,q_proj,18,0.999989926815033
full,fever,n/a,0,q_proj,19,0.9999940991401672
full,fever,n/a,0,q_proj,20,0.9999984502792358
full,fever,n/a,0,q_proj,21,0.9999898672103882
full,fever,n/a,0,q_proj,22,0.9999899864196777
full,fever,n/a,0,q_proj,23,0.9999969601631165
full,fever,n/a,0,q_proj,24,0.9999967813491821
full,fever,n/a,0,q_proj,25,0.9999964833259583
full,fever,n/a,0,q_proj,26,0.9999979734420776
full,fever,n/a,0,q_proj,27,0.9999876618385315
full,fever,n/a,0,q_proj,28,0.9999870657920837
full,fever,n/a,0,q_proj,29,0.9999950528144836
full,fever,n/a,0,q_proj,30,0.9999931454658508
full,fever,n/a,0,q_proj,31,0.9999929666519165
full,fever,n/a,0,q_proj,32,0.9999961256980896
full,fever,n/a,0,q_proj,33,0.9999944567680359
full,fever,n/a,0,q_proj,34,0.9999949932098389
full,fever,n/a,0,q_proj,35,0.9999935626983643
full,fever,n/a,0,q_proj,36,0.999983012676239
full,fever,n/a,0,q_proj,37,0.9999849200248718
full,fever,n/a,0,q_proj,38,0.9999711513519287
full,fever,n/a,0,q_proj,39,0.9999606013298035
full,fever,n/a,0,q_proj,40,0.9999772906303406
full,fever,n/a,0,q_proj,41,0.9999933242797852
full,fever,n/a,0,q_proj,42,0.9998753070831299
full,fever,n/a,0,q_proj,43,0.9998753666877747
full,fever,n/a,0,q_proj,44,0.9999876022338867
full,fever,n/a,0,q_proj,45,0.999986469745636
full,fever,n/a,0,q_proj,46,0.9999796748161316
full,fever,n/a,0,q_proj,47,0.9999386072158813
full,fever,n/a,0,q_proj,48,0.9999478459358215
full,fever,n/a,0,q_proj,49,0.9999926090240479
full,fever,n/a,0,q_proj,50,0.9998381733894348
full,fever,n/a,0,v_proj,1,0.9999629855155945
full,fever,n/a,0,v_proj,2,0.9997591972351074
full,fever,n/a,0,v_proj,3,0.9998389482498169
full,fever,n/a,0,v_proj,4,0.9997961521148682
full,fever,n/a,0,v_proj,5,0.9999043345451355
full,fever,n/a,0,v_proj,6,0.9996805191040039
full,fever,n/a,0,v_proj,7,0.9992383718490601
full,fever,n/a,0,v_proj,8,0.9989414215087891
full,fever,n/a,0,v_proj,9,0.9995830059051514
full,fever,n/a,0,v_proj,10,0.9990856051445007
full,fever,n/a,0,v_proj,11,0.9983049631118774
full,fever,n/a,0,v_proj,12,0.9982303977012634
full,fever,n/a,0,v_proj,13,0.9970021843910217
full,fever,n/a,0,v_proj,14,0.9978601932525635
full,fever,n/a,0,v_proj,15,0.9955477118492126
full,fever,n/a,0,v_proj,16,0.9956279397010803
full,fever,n/a,0,v_proj,17,0.9985145330429077
full,fever,n/a,0,v_proj,18,0.9980413913726807
full,fever,n/a,0,v_proj,19,0.9975073933601379
full,fever,n/a,0,v_proj,20,0.9981768131256104
full,fever,n/a,0,v_proj,21,0.9979832768440247
full,fever,n/a,0,v_proj,22,0.9841408729553223
full,fever,n/a,0,v_proj,23,0.9856032729148865
full,fever,n/a,0,v_proj,24,0.9940333366394043
full,fever,n/a,0,v_proj,25,0.997783899307251
full,fever,n/a,0,v_proj,26,0.9956380128860474
full,fever,n/a,0,v_proj,27,0.9935584664344788
full,fever,n/a,0,v_proj,28,0.9939664602279663
full,fever,n/a,0,v_proj,29,0.991782546043396
full,fever,n/a,0,v_proj,30,0.9925136566162109
full,fever,n/a,0,v_proj,31,0.9866523146629333
full,fever,n/a,0,v_proj,32,0.9947482347488403
full,fever,n/a,0,v_proj,33,0.9874380826950073
full,fever,n/a,0,v_proj,34,0.9970217943191528
full,fever,n/a,0,v_proj,35,0.9835056066513062
full,fever,n/a,0,v_proj,36,0.9817500710487366
full,fever,n/a,0,v_proj,37,0.9922323822975159
full,fever,n/a,0,v_proj,38,0.9894315004348755
full,fever,n/a,0,v_proj,39,0.9923073649406433
full,fever,n/a,0,v_proj,40,0.9844567775726318
full,fever,n/a,0,v_proj,41,0.9601969718933105
full,fever,n/a,0,v_proj,42,0.9681467413902283
full,fever,n/a,0,v_proj,43,0.9829864501953125
full,fever,n/a,0,v_proj,44,0.9873446822166443
full,fever,n/a,0,v_proj,45,0.9929108619689941
full,fever,n/a,0,v_proj,46,0.9491170644760132
full,fever,n/a,0,v_proj,47,0.9468202590942383
full,fever,n/a,0,v_proj,48,0.9947222471237183
full,fever,n/a,0,v_proj,49,0.9951571226119995
full,fever,n/a,0,v_proj,50,0.9915510416030884
full,fever,n/a,0,up_proj,1,0.9999837875366211
full,fever,n/a,0,up_proj,2,0.9999802708625793
full,fever,n/a,0,up_proj,3,0.9999846816062927
full,fever,n/a,0,up_proj,4,0.9999754428863525
full,fever,n/a,0,up_proj,5,0.9999710321426392
full,fever,n/a,0,up_proj,6,0.9999662637710571
full,fever,n/a,0,up_proj,7,0.9999626278877258
full,fever,n/a,0,up_proj,8,0.9999532103538513
full,fever,n/a,0,up_proj,9,0.9998300671577454
full,fever,n/a,0,up_proj,10,0.999798595905304
full,fever,n/a,0,up_proj,11,0.9997459053993225
full,fever,n/a,0,up_proj,12,0.9997411370277405
full,fever,n/a,0,up_proj,13,0.9997385144233704
full,fever,n/a,0,up_proj,14,0.9994779825210571
full,fever,n/a,0,up_proj,15,0.9996852874755859
full,fever,n/a,0,up_proj,16,0.9998663663864136
full,fever,n/a,0,up_proj,17,0.9983614087104797
full,fever,n/a,0,up_proj,18,0.9983910918235779
full,fever,n/a,0,up_proj,19,0.9998785257339478
full,fever,n/a,0,up_proj,20,0.9998766183853149
full,fever,n/a,0,up_proj,21,0.9999258518218994
full,fever,n/a,0,up_proj,22,0.9999194741249084
full,fever,n/a,0,up_proj,23,0.999935507774353
full,fever,n/a,0,up_proj,24,0.9998599886894226
full,fever,n/a,0,up_proj,25,0.999871551990509
full,fever,n/a,0,up_proj,26,0.9990482926368713
full,fever,n/a,0,up_proj,27,0.9989647269248962
full,fever,n/a,0,up_proj,28,0.9998689293861389
full,fever,n/a,0,up_proj,29,0.999885082244873
full,fever,n/a,0,up_proj,30,0.9998863339424133
full,fever,n/a,0,up_proj,31,0.9998460412025452
full,fever,n/a,0,up_proj,32,0.9999265670776367
full,fever,n/a,0,up_proj,33,0.9998510479927063
full,fever,n/a,0,up_proj,34,0.9998947381973267
full,fever,n/a,0,up_proj,35,0.9998974800109863
full,fever,n/a,0,up_proj,36,0.9999099373817444
full,fever,n/a,0,up_proj,37,0.9997338056564331
full,fever,n/a,0,up_proj,38,0.9996710419654846
full,fever,n/a,0,up_proj,39,0.9998407363891602
full,fever,n/a,0,up_proj,40,0.9998090267181396
full,fever,n/a,0,up_proj,41,0.9997619986534119
full,fever,n/a,0,up_proj,42,0.9997470378875732
full,fever,n/a,0,up_proj,43,0.9998703002929688
full,fever,n/a,0,up_proj,44,0.9996570348739624
full,fever,n/a,0,up_proj,45,0.9996657371520996
full,fever,n/a,0,up_proj,46,0.999763011932373
full,fever,n/a,0,up_proj,47,0.9996640682220459
full,fever,n/a,0,up_proj,48,0.9987756013870239
full,fever,n/a,0,up_proj,49,0.9986313581466675
full,fever,n/a,0,up_proj,50,0.999459445476532
full,fever,n/a,0,down_proj,1,0.9999966621398926
full,fever,n/a,0,down_proj,2,0.9999967217445374
full,fever,n/a,0,down_proj,3,0.9999947547912598
full,fever,n/a,0,down_proj,4,0.9999948740005493
full,fever,n/a,0,down_proj,5,0.9999914765357971
full,fever,n/a,0,down_proj,6,0.9999760389328003
full,fever,n/a,0,down_proj,7,0.9999747276306152
full,fever,n/a,0,down_proj,8,0.9999765157699585
full,fever,n/a,0,down_proj,9,0.9999801516532898
full,fever,n/a,0,down_proj,10,0.9999753832817078
full,fever,n/a,0,down_proj,11,0.9999769330024719
full,fever,n/a,0,down_proj,12,0.9999712109565735
full,fever,n/a,0,down_proj,13,0.9999356865882874
full,fever,n/a,0,down_proj,14,0.9999202489852905
full,fever,n/a,0,down_proj,15,0.999941885471344
full,fever,n/a,0,down_proj,16,0.9999617338180542
full,fever,n/a,0,down_proj,17,0.9998317956924438
full,fever,n/a,0,down_proj,18,0.999832272529602
full,fever,n/a,0,down_proj,19,0.9999058246612549
full,fever,n/a,0,down_proj,20,0.9415585994720459
full,fever,n/a,0,down_proj,21,0.9414876699447632
full,fever,n/a,0,down_proj,22,0.9996208548545837
full,fever,n/a,0,down_proj,23,0.999554455280304
full,fever,n/a,0,down_proj,24,0.9998957514762878
full,fever,n/a,0,down_proj,25,0.9998889565467834
full,fever,n/a,0,down_proj,26,0.9997650980949402
full,fever,n/a,0,down_proj,27,0.9995300769805908
full,fever,n/a,0,down_proj,28,0.9997598528862
full,fever,n/a,0,down_proj,29,0.9996513724327087
full,fever,n/a,0,down_proj,30,0.9997956156730652
full,fever,n/a,0,down_proj,31,0.9998542666435242
full,fever,n/a,0,down_proj,32,0.999730110168457
full,fever,n/a,0,down_proj,33,0.9955248832702637
full,fever,n/a,0,down_proj,34,0.9955606460571289
full,fever,n/a,0,down_proj,35,0.9990528225898743
full,fever,n/a,0,down_proj,36,0.9993395805358887
full,fever,n/a,0,down_proj,37,0.9990558624267578
full,fever,n/a,0,down_proj,38,0.9997931718826294
full,fever,n/a,0,down_proj,39,0.9996793270111084
full,fever,n/a,0,down_proj,40,0.9992601275444031
full,fever,n/a,0,down_proj,41,0.9994000792503357
full,fever,n/a,0,down_proj,42,0.997812032699585
full,fever,n/a,0,down_proj,43,0.9977940917015076
full,fever,n/a,0,down_proj,44,0.999617874622345
full,fever,n/a,0,down_proj,45,0.9996873140335083
full,fever,n/a,0,down_proj,46,0.9998040795326233
full,fever,n/a,0,down_proj,47,0.9968535900115967
full,fever,n/a,0,down_proj,48,0.9968993663787842
full,fever,n/a,0,down_proj,49,0.9995366334915161
full,fever,n/a,0,down_proj,50,0.9988974332809448
full,fever,n/a,8,q_proj,1,0.9999963641166687
full,fever,n/a,8,q_proj,2,0.9999974966049194
full,fever,n/a,8,q_proj,3,0.9999973177909851
full,fever,n/a,8,q_proj,4,0.9999975562095642
full,fever,n/a,8,q_proj,5,0.9999959468841553
full,fever,n/a,8,q_proj,6,0.9999977350234985
full,fever,n/a,8,q_proj,7,0.9999945163726807
full,fever,n/a,8,q_proj,8,0.999976396560669
full,fever,n/a,8,q_proj,9,0.9999803304672241
full,fever,n/a,8,q_proj,10,0.9999963641166687
full,fever,n/a,8,q_proj,11,0.9999927878379822
full,fever,n/a,8,q_proj,12,0.9999923706054688
full,fever,n/a,8,q_proj,13,0.999970555305481
full,fever,n/a,8,q_proj,14,0.9999422430992126
full,fever,n/a,8,q_proj,15,0.9999430775642395
full,fever,n/a,8,q_proj,16,0.9999775886535645
full,fever,n/a,8,q_proj,17,0.9999912977218628
full,fever,n/a,8,q_proj,18,0.9999943971633911
full,fever,n/a,8,q_proj,19,0.9999905824661255
full,fever,n/a,8,q_proj,20,0.9999900460243225
full,fever,n/a,8,q_proj,21,0.9999794960021973
full,fever,n/a,8,q_proj,22,0.9999808669090271
full,fever,n/a,8,q_proj,23,0.9999657869338989
full,fever,n/a,8,q_proj,24,0.9999680519104004
full,fever,n/a,8,q_proj,25,0.9999891519546509
full,fever,n/a,8,q_proj,26,0.9999900460243225
full,fever,n/a,8,q_proj,27,0.999991774559021
full,fever,n/a,8,q_proj,28,0.9999901056289673
full,fever,n/a,8,q_proj,29,0.999984085559845
full,fever,n/a,8,q_proj,30,0.9999814629554749
full,fever,n/a,8,q_proj,31,0.9999710917472839
full,fever,n/a,8,q_proj,32,0.999955415725708
full,fever,n/a,8,q_proj,33,0.9999654293060303
full,fever,n/a,8,q_proj,34,0.9999752044677734
full,fever,n/a,8,q_proj,35,0.9999735355377197
full,fever,n/a,8,q_proj,36,0.9999841451644897
full,fever,n/a,8,q_proj,37,0.9999884366989136
full,fever,n/a,8,q_proj,38,0.9999754428863525
full,fever,n/a,8,q_proj,39,0.9999603033065796
full,fever,n/a,8,q_proj,40,0.9999503493309021
full,fever,n/a,8,q_proj,41,0.9999814033508301
full,fever,n/a,8,q_proj,42,0.9999892711639404
full,fever,n/a,8,q_proj,43,0.9999798536300659
full,fever,n/a,8,q_proj,44,0.9999829530715942
full,fever,n/a,8,q_proj,45,0.9999717473983765
full,fever,n/a,8,q_proj,46,0.9999866485595703
full,fever,n/a,8,q_proj,47,0.9999068975448608
full,fever,n/a,8,q_proj,48,0.999920666217804
full,fever,n/a,8,q_proj,49,0.9999697208404541
full,fever,n/a,8,q_proj,50,0.9999739527702332
full,fever,n/a,8,v_proj,1,0.9995002746582031
full,fever,n/a,8,v_proj,2,0.999058187007904
full,fever,n/a,8,v_proj,3,0.9991002082824707
full,fever,n/a,8,v_proj,4,0.99778151512146
full,fever,n/a,8,v_proj,5,0.9983881711959839
full,fever,n/a,8,v_proj,6,0.9976279139518738
full,fever,n/a,8,v_proj,7,0.9990279078483582
full,fever,n/a,8,v_proj,8,0.9995459318161011
full,fever,n/a,8,v_proj,9,0.9996025562286377
full,fever,n/a,8,v_proj,10,0.9979036450386047
full,fever,n/a,8,v_proj,11,0.9983230233192444
full,fever,n/a,8,v_proj,12,0.9967737793922424
full,fever,n/a,8,v_proj,13,0.9960229396820068
full,fever,n/a,8,v_proj,14,0.9969656467437744
full,fever,n/a,8,v_proj,15,0.998391330242157
full,fever,n/a,8,v_proj,16,0.9972203969955444
full,fever,n/a,8,v_proj,17,0.9972971081733704
full,fever,n/a,8,v_proj,18,0.9985175132751465
full,fever,n/a,8,v_proj,19,0.9969015121459961
full,fever,n/a,8,v_proj,20,0.9956234097480774
full,fever,n/a,8,v_proj,21,0.9985173344612122
full,fever,n/a,8,v_proj,22,0.9988151788711548
full,fever,n/a,8,v_proj,23,0.9960355758666992
full,fever,n/a,8,v_proj,24,0.9961722493171692
full,fever,n/a,8,v_proj,25,0.9977117776870728
full,fever,n/a,8,v_proj,26,0.9964098334312439
full,fever,n/a,8,v_proj,27,0.9980193376541138
full,fever,n/a,8,v_proj,28,0.9844722747802734
full,fever,n/a,8,v_proj,29,0.9705536365509033
full,fever,n/a,8,v_proj,30,0.9844721555709839
full,fever,n/a,8,v_proj,31,0.9925814867019653
full,fever,n/a,8,v_proj,32,0.992773175239563
full,fever,n/a,8,v_proj,33,0.9964815974235535
full,fever,n/a,8,v_proj,34,0.9917913675308228
full,fever,n/a,8,v_proj,35,0.9947687983512878
full,fever,n/a,8,v_proj,36,0.9953898787498474
full,fever,n/a,8,v_proj,37,0.9945457577705383
full,fever,n/a,8,v_proj,38,0.9977239966392517
full,fever,n/a,8,v_proj,39,0.9946781992912292
full,fever,n/a,8,v_proj,40,0.9971437454223633
full,fever,n/a,8,v_proj,41,0.9929760694503784
full,fever,n/a,8,v_proj,42,0.9880771040916443
full,fever,n/a,8,v_proj,43,0.9917718768119812
full,fever,n/a,8,v_proj,44,0.9983969330787659
full,fever,n/a,8,v_proj,45,0.9959505796432495
full,fever,n/a,8,v_proj,46,0.9796513319015503
full,fever,n/a,8,v_proj,47,0.9771717190742493
full,fever,n/a,8,v_proj,48,0.9909169673919678
full,fever,n/a,8,v_proj,49,0.9620500206947327
full,fever,n/a,8,v_proj,50,0.9661815166473389
full,fever,n/a,8,up_proj,1,0.9999898076057434
full,fever,n/a,8,up_proj,2,0.9999759197235107
full,fever,n/a,8,up_proj,3,0.9999745488166809
full,fever,n/a,8,up_proj,4,0.9999715089797974
full,fever,n/a,8,up_proj,5,0.9999489784240723
full,fever,n/a,8,up_proj,6,0.9999593496322632
full,fever,n/a,8,up_proj,7,0.9999642372131348
full,fever,n/a,8,up_proj,8,0.9999235272407532
full,fever,n/a,8,up_proj,9,0.9999369978904724
full,fever,n/a,8,up_proj,10,0.9999073147773743
full,fever,n/a,8,up_proj,11,0.9999494552612305
full,fever,n/a,8,up_proj,12,0.9998670816421509
full,fever,n/a,8,up_proj,13,0.9996564388275146
full,fever,n/a,8,up_proj,14,0.9996088147163391
full,fever,n/a,8,up_proj,15,0.9999418258666992
full,fever,n/a,8,up_proj,16,0.9999403357505798
full,fever,n/a,8,up_proj,17,0.9999423027038574
full,fever,n/a,8,up_proj,18,0.9997482895851135
full,fever,n/a,8,up_proj,19,0.9997491240501404
full,fever,n/a,8,up_proj,20,0.9998980760574341
full,fever,n/a,8,up_proj,21,0.9999369978904724
full,fever,n/a,8,up_proj,22,0.999871015548706
full,fever,n/a,8,up_proj,23,0.999858021736145
full,fever,n/a,8,up_proj,24,0.9997530579566956
full,fever,n/a,8,up_proj,25,0.9990066289901733
full,fever,n/a,8,up_proj,26,0.9989355206489563
full,fever,n/a,8,up_proj,27,0.9992315173149109
full,fever,n/a,8,up_proj,28,0.9993274807929993
full,fever,n/a,8,up_proj,29,0.9973556399345398
full,fever,n/a,8,up_proj,30,0.9973050951957703
full,fever,n/a,8,up_proj,31,0.9996602535247803
full,fever,n/a,8,up_proj,32,0.9984641075134277
full,fever,n/a,8,up_proj,33,0.998176634311676
full,fever,n/a,8,up_proj,34,0.9990853071212769
full,fever,n/a,8,up_proj,35,0.9997433423995972
full,fever,n/a,8,up_proj,36,0.9985881447792053
full,fever,n/a,8,up_proj,37,0.9992200136184692
full,fever,n/a,8,up_proj,38,0.9987099170684814
full,fever,n/a,8,up_proj,39,0.9948133230209351
full,fever,n/a,8,up_proj,40,0.995039701461792
full,fever,n/a,8,up_proj,41,0.9993207454681396
full,fever,n/a,8,up_proj,42,0.9990837574005127
full,fever,n/a,8,up_proj,43,0.9987229108810425
full,fever,n/a,8,up_proj,44,0.9985576272010803
full,fever,n/a,8,up_proj,45,0.9984095096588135
full,fever,n/a,8,up_proj,46,0.998824417591095
full,fever,n/a,8,up_proj,47,0.9995033740997314
full,fever,n/a,8,up_proj,48,0.9985209107398987
full,fever,n/a,8,up_proj,49,0.9986317753791809
full,fever,n/a,8,up_proj,50,0.9992740750312805
full,fever,n/a,8,down_proj,1,0.999998927116394
full,fever,n/a,8,down_proj,2,0.999997079372406
full,fever,n/a,8,down_proj,3,0.9999966621398926
full,fever,n/a,8,down_proj,4,0.999995231628418
full,fever,n/a,8,down_proj,5,0.9999839067459106
full,fever,n/a,8,down_proj,6,0.9999830722808838
full,fever,n/a,8,down_proj,7,0.999994158744812
full,fever,n/a,8,down_proj,8,0.9999913573265076
full,fever,n/a,8,down_proj,9,0.9999883770942688
full,fever,n/a,8,down_proj,10,0.9999778866767883
full,fever,n/a,8,down_proj,11,0.9999832510948181
full,fever,n/a,8,down_proj,12,0.9999684691429138
full,fever,n/a,8,down_proj,13,0.9999607801437378
full,fever,n/a,8,down_proj,14,0.9997860193252563
full,fever,n/a,8,down_proj,15,0.9997926950454712
full,fever,n/a,8,down_proj,16,0.9999805688858032
full,fever,n/a,8,down_proj,17,0.9999771118164062
full,fever,n/a,8,down_proj,18,0.9999606013298035
full,fever,n/a,8,down_proj,19,0.992808997631073
full,fever,n/a,8,down_proj,20,0.9928050637245178
full,fever,n/a,8,down_proj,21,0.9999541640281677
full,fever,n/a,8,down_proj,22,0.9999527335166931
full,fever,n/a,8,down_proj,23,0.9999266266822815
full,fever,n/a,8,down_proj,24,0.9999377131462097
full,fever,n/a,8,down_proj,25,0.9998852610588074
full,fever,n/a,8,down_proj,26,0.9991135597229004
full,fever,n/a,8,down_proj,27,0.9991234540939331
full,fever,n/a,8,down_proj,28,0.9998365640640259
full,fever,n/a,8,down_proj,29,0.9998379349708557
full,fever,n/a,8,down_proj,30,0.9995641708374023
full,fever,n/a,8,down_proj,31,0.9995514750480652
full,fever,n/a,8,down_proj,32,0.9998756051063538
full,fever,n/a,8,down_proj,33,0.9998392462730408
full,fever,n/a,8,down_proj,34,0.9995083212852478
full,fever,n/a,8,down_proj,35,0.9994761943817139
full,fever,n/a,8,down_proj,36,0.9999339580535889
full,fever,n/a,8,down_proj,37,0.9999119639396667
full,fever,n/a,8,down_proj,38,0.9999156594276428
full,fever,n/a,8,down_proj,39,0.9997883439064026
full,fever,n/a,8,down_proj,40,0.9997900128364563
full,fever,n/a,8,down_proj,41,0.9997468590736389
full,fever,n/a,8,down_proj,42,0.9997400045394897
full,fever,n/a,8,down_proj,43,0.9999206066131592
full,fever,n/a,8,down_proj,44,0.9998788237571716
full,fever,n/a,8,down_proj,45,0.999873161315918
full,fever,n/a,8,down_proj,46,0.9997621774673462
full,fever,n/a,8,down_proj,47,0.9987011551856995
full,fever,n/a,8,down_proj,48,0.9987605214118958
full,fever,n/a,8,down_proj,49,0.999871551990509
full,fever,n/a,8,down_proj,50,0.9996351003646851
full,fever,n/a,15,q_proj,1,0.9999987483024597
full,fever,n/a,15,q_proj,2,0.9999995231628418
full,fever,n/a,15,q_proj,3,0.9999988079071045
full,fever,n/a,15,q_proj,4,0.9999986886978149
full,fever,n/a,15,q_proj,5,0.999998927116394
full,fever,n/a,15,q_proj,6,0.9999977946281433
full,fever,n/a,15,q_proj,7,0.9999988675117493
full,fever,n/a,15,q_proj,8,0.9999985694885254
full,fever,n/a,15,q_proj,9,0.9999983906745911
full,fever,n/a,15,q_proj,10,0.999997079372406
full,fever,n/a,15,q_proj,11,0.9999974370002747
full,fever,n/a,15,q_proj,12,0.9999924302101135
full,fever,n/a,15,q_proj,13,0.9999908804893494
full,fever,n/a,15,q_proj,14,0.999990701675415
full,fever,n/a,15,q_proj,15,0.9999882578849792
full,fever,n/a,15,q_proj,16,0.999998152256012
full,fever,n/a,15,q_proj,17,0.9999972581863403
full,fever,n/a,15,q_proj,18,0.9999951124191284
full,fever,n/a,15,q_proj,19,0.9999913573265076
full,fever,n/a,15,q_proj,20,0.9999939799308777
full,fever,n/a,15,q_proj,21,0.9999924302101135
full,fever,n/a,15,q_proj,22,0.9999935626983643
full,fever,n/a,15,q_proj,23,0.9999881386756897
full,fever,n/a,15,q_proj,24,0.9999977350234985
full,fever,n/a,15,q_proj,25,0.9999964237213135
full,fever,n/a,15,q_proj,26,0.9999960660934448
full,fever,n/a,15,q_proj,27,0.999996542930603
full,fever,n/a,15,q_proj,28,0.9999948143959045
full,fever,n/a,15,q_proj,29,0.9999891519546509
full,fever,n/a,15,q_proj,30,0.9999903440475464
full,fever,n/a,15,q_proj,31,0.999988317489624
full,fever,n/a,15,q_proj,32,0.9999889135360718
full,fever,n/a,15,q_proj,33,0.9999924302101135
full,fever,n/a,15,q_proj,34,0.9999969005584717
full,fever,n/a,15,q_proj,35,0.9999901056289673
full,fever,n/a,15,q_proj,36,0.9999483823776245
full,fever,n/a,15,q_proj,37,0.9999513626098633
full,fever,n/a,15,q_proj,38,0.9999901652336121
full,fever,n/a,15,q_proj,39,0.9999862313270569
full,fever,n/a,15,q_proj,40,0.9999898672103882
full,fever,n/a,15,q_proj,41,0.999985933303833
full,fever,n/a,15,q_proj,42,0.99998939037323
full,fever,n/a,15,q_proj,43,0.999994695186615
full,fever,n/a,15,q_proj,44,0.9999558329582214
full,fever,n/a,15,q_proj,45,0.9999576210975647
full,fever,n/a,15,q_proj,46,0.999994158744812
full,fever,n/a,15,q_proj,47,0.9999958872795105
full,fever,n/a,15,q_proj,48,0.9999922513961792
full,fever,n/a,15,q_proj,49,0.9999881982803345
full,fever,n/a,15,q_proj,50,0.9997471570968628
full,fever,n/a,15,v_proj,1,0.9999947547912598
full,fever,n/a,15,v_proj,2,0.9999946355819702
full,fever,n/a,15,v_proj,3,0.9999908208847046
full,fever,n/a,15,v_proj,4,0.9999902248382568
full,fever,n/a,15,v_proj,5,0.9999667406082153
full,fever,n/a,15,v_proj,6,0.9999693036079407
full,fever,n/a,15,v_proj,7,0.9999862313270569
full,fever,n/a,15,v_proj,8,0.9999881982803345
full,fever,n/a,15,v_proj,9,0.9999904632568359
full,fever,n/a,15,v_proj,10,0.9999852180480957
full,fever,n/a,15,v_proj,11,0.9999842047691345
full,fever,n/a,15,v_proj,12,0.999972939491272
full,fever,n/a,15,v_proj,13,0.999961793422699
full,fever,n/a,15,v_proj,14,0.9998942613601685
full,fever,n/a,15,v_proj,15,0.9997739791870117
full,fever,n/a,15,v_proj,16,0.999845027923584
full,fever,n/a,15,v_proj,17,0.9999557733535767
full,fever,n/a,15,v_proj,18,0.9999858140945435
full,fever,n/a,15,v_proj,19,0.9999198913574219
full,fever,n/a,15,v_proj,20,0.9999251365661621
full,fever,n/a,15,v_proj,21,0.9999673366546631
full,fever,n/a,15,v_proj,22,0.9999574422836304
full,fever,n/a,15,v_proj,23,0.9999731183052063
full,fever,n/a,15,v_proj,24,0.9999368190765381
full,fever,n/a,15,v_proj,25,0.9999285936355591
full,fever,n/a,15,v_proj,26,0.9999209642410278
full,fever,n/a,15,v_proj,27,0.9999759793281555
full,fever,n/a,15,v_proj,28,0.9998323321342468
full,fever,n/a,15,v_proj,29,0.9998608827590942
full,fever,n/a,15,v_proj,30,0.9999561905860901
full,fever,n/a,15,v_proj,31,0.9999644160270691
full,fever,n/a,15,v_proj,32,0.99996018409729
full,fever,n/a,15,v_proj,33,0.9999666213989258
full,fever,n/a,15,v_proj,34,0.9996397495269775
full,fever,n/a,15,v_proj,35,0.9996501207351685
full,fever,n/a,15,v_proj,36,0.9998281002044678
full,fever,n/a,15,v_proj,37,0.9998455047607422
full,fever,n/a,15,v_proj,38,0.9999527931213379
full,fever,n/a,15,v_proj,39,0.9999338388442993
full,fever,n/a,15,v_proj,40,0.9999681115150452
full,fever,n/a,15,v_proj,41,0.999972403049469
full,fever,n/a,15,v_proj,42,0.9999264478683472
full,fever,n/a,15,v_proj,43,0.9998445510864258
full,fever,n/a,15,v_proj,44,0.9998998641967773
full,fever,n/a,15,v_proj,45,0.999922513961792
full,fever,n/a,15,v_proj,46,0.9995909333229065
full,fever,n/a,15,v_proj,47,0.9996069669723511
full,fever,n/a,15,v_proj,48,0.9999138712882996
full,fever,n/a,15,v_proj,49,0.9999690055847168
full,fever,n/a,15,v_proj,50,0.9999402761459351
full,fever,n/a,15,up_proj,1,0.9999979734420776
full,fever,n/a,15,up_proj,2,0.9999996423721313
full,fever,n/a,15,up_proj,3,0.9999979734420776
full,fever,n/a,15,up_proj,4,0.9999968409538269
full,fever,n/a,15,up_proj,5,0.9999961853027344
full,fever,n/a,15,up_proj,6,0.9999954700469971
full,fever,n/a,15,up_proj,7,0.999995231628418
full,fever,n/a,15,up_proj,8,0.9999939799308777
full,fever,n/a,15,up_proj,9,0.9999945759773254
full,fever,n/a,15,up_proj,10,0.999996542930603
full,fever,n/a,15,up_proj,11,0.9999926090240479
full,fever,n/a,15,up_proj,12,0.9999908208847046
full,fever,n/a,15,up_proj,13,0.9999495148658752
full,fever,n/a,15,up_proj,14,0.999952495098114
full,fever,n/a,15,up_proj,15,0.999994158744812
full,fever,n/a,15,up_proj,16,0.9999949336051941
full,fever,n/a,15,up_proj,17,0.9999931454658508
full,fever,n/a,15,up_proj,18,0.9999905228614807
full,fever,n/a,15,up_proj,19,0.9999908208847046
full,fever,n/a,15,up_proj,20,0.9999834895133972
full,fever,n/a,15,up_proj,21,0.9999834895133972
full,fever,n/a,15,up_proj,22,0.999991774559021
full,fever,n/a,15,up_proj,23,0.9999914765357971
full,fever,n/a,15,up_proj,24,0.9998971223831177
full,fever,n/a,15,up_proj,25,0.9998948574066162
full,fever,n/a,15,up_proj,26,0.9999917149543762
full,fever,n/a,15,up_proj,27,0.9999859929084778
full,fever,n/a,15,up_proj,28,0.9999890327453613
full,fever,n/a,15,up_proj,29,0.9999861121177673
full,fever,n/a,15,up_proj,30,0.9999827146530151
full,fever,n/a,15,up_proj,31,0.9999772310256958
full,fever,n/a,15,up_proj,32,0.9999794363975525
full,fever,n/a,15,up_proj,33,0.9999703764915466
full,fever,n/a,15,up_proj,34,0.9999702572822571
full,fever,n/a,15,up_proj,35,0.999937891960144
full,fever,n/a,15,up_proj,36,0.9998709559440613
full,fever,n/a,15,up_proj,37,0.9999041557312012
full,fever,n/a,15,up_proj,38,0.9999443888664246
full,fever,n/a,15,up_proj,39,0.9997617602348328
full,fever,n/a,15,up_proj,40,0.9997424483299255
full,fever,n/a,15,up_proj,41,0.9997147917747498
full,fever,n/a,15,up_proj,42,0.9997052550315857
full,fever,n/a,15,up_proj,43,0.9999511241912842
full,fever,n/a,15,up_proj,44,0.9998331665992737
full,fever,n/a,15,up_proj,45,0.9998149275779724
full,fever,n/a,15,up_proj,46,0.9999422430992126
full,fever,n/a,15,up_proj,47,0.9999375939369202
full,fever,n/a,15,up_proj,48,0.999938428401947
full,fever,n/a,15,up_proj,49,0.9999048709869385
full,fever,n/a,15,up_proj,50,0.9998815059661865
full,fever,n/a,15,down_proj,1,0.9999967813491821
full,fever,n/a,15,down_proj,2,0.99998539686203
full,fever,n/a,15,down_proj,3,0.9999805092811584
full,fever,n/a,15,down_proj,4,0.9999499320983887
full,fever,n/a,15,down_proj,5,0.9999872446060181
full,fever,n/a,15,down_proj,6,0.9999853372573853
full,fever,n/a,15,down_proj,7,0.9999794363975525
full,fever,n/a,15,down_proj,8,0.9999759793281555
full,fever,n/a,15,down_proj,9,0.998515248298645
full,fever,n/a,15,down_proj,10,0.9984999299049377
full,fever,n/a,15,down_proj,11,0.9999054670333862
full,fever,n/a,15,down_proj,12,0.9996895790100098
full,fever,n/a,15,down_proj,13,0.9987119436264038
full,fever,n/a,15,down_proj,14,0.9987401366233826
full,fever,n/a,15,down_proj,15,0.9998828768730164
full,fever,n/a,15,down_proj,16,0.9998707175254822
full,fever,n/a,15,down_proj,17,0.9997842907905579
full,fever,n/a,15,down_proj,18,0.9997729659080505
full,fever,n/a,15,down_proj,19,0.9996669888496399
full,fever,n/a,15,down_proj,20,0.9998782277107239
full,fever,n/a,15,down_proj,21,0.9998437166213989
full,fever,n/a,15,down_proj,22,0.9996504783630371
full,fever,n/a,15,down_proj,23,0.9997463226318359
full,fever,n/a,15,down_proj,24,0.9997791051864624
full,fever,n/a,15,down_proj,25,0.9997768402099609
full,fever,n/a,15,down_proj,26,0.9983581304550171
full,fever,n/a,15,down_proj,27,0.9991076588630676
full,fever,n/a,15,down_proj,28,0.9983706474304199
full,fever,n/a,15,down_proj,29,0.9990460276603699
full,fever,n/a,15,down_proj,30,0.9987379312515259
full,fever,n/a,15,down_proj,31,0.9989496469497681
full,fever,n/a,15,down_proj,32,0.9996594190597534
full,fever,n/a,15,down_proj,33,0.9996599555015564
full,fever,n/a,15,down_proj,34,0.9993448257446289
full,fever,n/a,15,down_proj,35,0.9995701313018799
full,fever,n/a,15,down_proj,36,0.9949551224708557
full,fever,n/a,15,down_proj,37,0.9941419363021851
full,fever,n/a,15,down_proj,38,0.9989874958992004
full,fever,n/a,15,down_proj,39,0.9992340207099915
full,fever,n/a,15,down_proj,40,0.9991321563720703
full,fever,n/a,15,down_proj,41,0.9979627728462219
full,fever,n/a,15,down_proj,42,0.9980669021606445
full,fever,n/a,15,down_proj,43,0.998508095741272
full,fever,n/a,15,down_proj,44,0.9994502663612366
full,fever,n/a,15,down_proj,45,0.9995129108428955
full,fever,n/a,15,down_proj,46,0.9997265934944153
full,fever,n/a,15,down_proj,47,0.9989941120147705
full,fever,n/a,15,down_proj,48,0.9984990358352661
full,fever,n/a,15,down_proj,49,0.9984762668609619
full,fever,n/a,15,down_proj,50,0.9984878301620483
full,mnli,n/a,0,q_proj,1,1.0000008344650269
full,mnli,n/a,0,q_proj,2,0.9999998807907104
full,mnli,n/a,0,q_proj,3,1.0
full,mnli,n/a,0,q_proj,4,1.0000004768371582
full,mnli,n/a,0,q_proj,5,0.9999998211860657
full,mnli,n/a,0,q_proj,6,1.0000001192092896
full,mnli,n/a,0,q_proj,7,0.9999996423721313
full,mnli,n/a,0,q_proj,8,0.9999997615814209
full,mnli,n/a,0,q_proj,9,0.9999994039535522
full,mnli,n/a,0,q_proj,10,0.9999997615814209
full,mnli,n/a,0,q_proj,11,0.9999997615814209
full,mnli,n/a,0,q_proj,12,0.9999995231628418
full,mnli,n/a,0,q_proj,13,0.9999991059303284
full,mnli,n/a,0,q_proj,14,0.9999993443489075
full,mnli,n/a,0,q_proj,15,0.9999832510948181
full,mnli,n/a,0,q_proj,16,0.999983012676239
full,mnli,n/a,0,q_proj,17,0.9999993443489075
full,mnli,n/a,0,q_proj,18,0.9999990463256836
full,mnli,n/a,0,q_proj,19,0.9999995827674866
full,mnli,n/a,0,q_proj,20,0.9999993443489075
full,mnli,n/a,0,q_proj,21,0.9999934434890747
full,mnli,n/a,0,q_proj,22,0.9999920129776001
full,mnli,n/a,0,q_proj,23,0.9999980926513672
full,mnli,n/a,0,q_proj,24,0.9999989867210388
full,mnli,n/a,0,q_proj,25,0.9999979734420776
full,mnli,n/a,0,q_proj,26,0.9999991655349731
full,mnli,n/a,0,q_proj,27,0.9999921917915344
full,mnli,n/a,0,q_proj,28,0.9999883770942688
full,mnli,n/a,0,q_proj,29,0.9999944567680359
full,mnli,n/a,0,q_proj,30,0.9999979734420776
full,mnli,n/a,0,q_proj,31,0.9999982118606567
full,mnli,n/a,0,q_proj,32,0.9999969005584717
full,mnli,n/a,0,q_proj,33,0.9999969005584717
full,mnli,n/a,0,q_proj,34,0.9999987483024597
full,mnli,n/a,0,q_proj,35,0.9999985694885254
full,mnli,n/a,0,q_proj,36,0.9999974966049194
full,mnli,n/a,0,q_proj,37,0.9999973773956299
full,mnli,n/a,0,q_proj,38,0.9999982118606567
full,mnli,n/a,0,q_proj,39,0.9999961256980896
full,mnli,n/a,0,q_proj,40,0.9999978542327881
full,mnli,n/a,0,q_proj,41,0.9999967813491821
full,mnli,n/a,0,q_proj,42,0.9999936819076538
full,mnli,n/a,0,q_proj,43,0.9999925494194031
full,mnli,n/a,0,q_proj,44,0.9999986290931702
full,mnli,n/a,0,q_proj,45,0.9999938011169434
full,mnli,n/a,0,q_proj,46,0.9999974966049194
full,mnli,n/a,0,q_proj,47,0.9999898672103882
full,mnli,n/a,0,q_proj,48,0.9999895691871643
full,mnli,n/a,0,q_proj,49,0.9999982118606567
full,mnli,n/a,0,q_proj,50,0.99998939037323
full,mnli,n/a,0,v_proj,1,0.9999936819076538
full,mnli,n/a,0,v_proj,2,0.9999449253082275
full,mnli,n/a,0,v_proj,3,0.9999613761901855
full,mnli,n/a,0,v_proj,4,0.9999648928642273
full,mnli,n/a,0,v_proj,5,0.9999704360961914
full,mnli,n/a,0,v_proj,6,0.9997290372848511
full,mnli,n/a,0,v_proj,7,0.9996771216392517
full,mnli,n/a,0,v_proj,8,0.9998923540115356
full,mnli,n/a,0,v_proj,9,0.9999175071716309
full,mnli,n/a,0,v_proj,10,0.9998976588249207
full,mnli,n/a,0,v_proj,11,0.9999181032180786
full,mnli,n/a,0,v_proj,12,0.9997460246086121
full,mnli,n/a,0,v_proj,13,0.9990977644920349
full,mnli,n/a,0,v_proj,14,0.999103307723999
full,mnli,n/a,0,v_proj,15,0.9994306564331055
full,mnli,n/a,0,v_proj,16,0.9994350671768188
full,mnli,n/a,0,v_proj,17,0.9992564916610718
full,mnli,n/a,0,v_proj,18,0.9988893270492554
full,mnli,n/a,0,v_proj,19,0.9992409944534302
full,mnli,n/a,0,v_proj,20,0.9996930360794067
full,mnli,n/a,0,v_proj,21,0.9996377825737
full,mnli,n/a,0,v_proj,22,0.9983231425285339
full,mnli,n/a,0,v_proj,23,0.9960290193557739
full,mnli,n/a,0,v_proj,24,0.9974626302719116
full,mnli,n/a,0,v_proj,25,0.999515175819397
full,mnli,n/a,0,v_proj,26,0.9994597434997559
full,mnli,n/a,0,v_proj,27,0.9990013241767883
full,mnli,n/a,0,v_proj,28,0.9990900754928589
full,mnli,n/a,0,v_proj,29,0.9990394711494446
full,mnli,n/a,0,v_proj,30,0.999335527420044
full,mnli,n/a,0,v_proj,31,0.9989334940910339
full,mnli,n/a,0,v_proj,32,0.9983993768692017
full,mnli,n/a,0,v_proj,33,0.9979287385940552
full,mnli,n/a,0,v_proj,34,0.9978091716766357
full,mnli,n/a,0,v_proj,35,0.9965940117835999
full,mnli,n/a,0,v_proj,36,0.9980707764625549
full,mnli,n/a,0,v_proj,37,0.9992595911026001
full,mnli,n/a,0,v_proj,38,0.9990853071212769
full,mnli,n/a,0,v_proj,39,0.9990561008453369
full,mnli,n/a,0,v_proj,40,0.9974116683006287
full,mnli,n/a,0,v_proj,41,0.9955529570579529
full,mnli,n/a,0,v_proj,42,0.9973092079162598
full,mnli,n/a,0,v_proj,43,0.9948670864105225
full,mnli,n/a,0,v_proj,44,0.9944817423820496
full,mnli,n/a,0,v_proj,45,0.9984521865844727
full,mnli,n/a,0,v_proj,46,0.9919524192810059
full,mnli,n/a,0,v_proj,47,0.9914617538452148
full,mnli,n/a,0,v_proj,48,0.9994199275970459
full,mnli,n/a,0,v_proj,49,0.9994267225265503
full,mnli,n/a,0,v_proj,50,0.9990983009338379
full,mnli,n/a,0,up_proj,1,0.999997615814209
full,mnli,n/a,0,up_proj,2,0.9999966025352478
full,mnli,n/a,0,up_proj,3,0.9999983310699463
full,mnli,n/a,0,up_proj,4,0.9999967217445374
full,mnli,n/a,0,up_proj,5,0.9999959468841553
full,mnli,n/a,0,up_proj,6,0.999991238117218
full,mnli,n/a,0,up_proj,7,0.9999881386756897
full,mnli,n/a,0,up_proj,8,0.9999940395355225
full,mnli,n/a,0,up_proj,9,0.9999914765357971
full,mnli,n/a,0,up_proj,10,0.9999926686286926
full,mnli,n/a,0,up_proj,11,0.9999895691871643
full,mnli,n/a,0,up_proj,12,0.9999926090240479
full,mnli,n/a,0,up_proj,13,0.9999886155128479
full,mnli,n/a,0,up_proj,14,0.999976396560669
full,mnli,n/a,0,up_proj,15,0.9999738931655884
full,mnli,n/a,0,up_proj,16,0.9999568462371826
full,mnli,n/a,0,up_proj,17,0.9999566078186035
full,mnli,n/a,0,up_proj,18,0.9999663233757019
full,mnli,n/a,0,up_proj,19,0.9999557733535767
full,mnli,n/a,0,up_proj,20,0.9999788403511047
full,mnli,n/a,0,up_proj,21,0.9999901056289673
full,mnli,n/a,0,up_proj,22,0.9999799728393555
full,mnli,n/a,0,up_proj,23,0.9999788999557495
full,mnli,n/a,0,up_proj,24,0.999985933303833
full,mnli,n/a,0,up_proj,25,0.999982476234436
full,mnli,n/a,0,up_proj,26,0.9998070597648621
full,mnli,n/a,0,up_proj,27,0.9997978806495667
full,mnli,n/a,0,up_proj,28,0.99993896484375
full,mnli,n/a,0,up_proj,29,0.9999768733978271
full,mnli,n/a,0,up_proj,30,0.9999774098396301
full,mnli,n/a,0,up_proj,31,0.9999753832817078
full,mnli,n/a,0,up_proj,32,0.9999809861183167
full,mnli,n/a,0,up_proj,33,0.9999826550483704
full,mnli,n/a,0,up_proj,34,0.9999794960021973
full,mnli,n/a,0,up_proj,35,0.9999807476997375
full,mnli,n/a,0,up_proj,36,0.9999861121177673
full,mnli,n/a,0,up_proj,37,0.9999385476112366
full,mnli,n/a,0,up_proj,38,0.9999492168426514
full,mnli,n/a,0,up_proj,39,0.9999730587005615
full,mnli,n/a,0,up_proj,40,0.9999721646308899
full,mnli,n/a,0,up_proj,41,0.9999402761459351
full,mnli,n/a,0,up_proj,42,0.9998512268066406
full,mnli,n/a,0,up_proj,43,0.9998278021812439
full,mnli,n/a,0,up_proj,44,0.9999529123306274
full,mnli,n/a,0,up_proj,45,0.9999629259109497
full,mnli,n/a,0,up_proj,46,0.9999564290046692
full,mnli,n/a,0,up_proj,47,0.9999412894248962
full,mnli,n/a,0,up_proj,48,0.9999428391456604
full,mnli,n/a,0,up_proj,49,0.99995356798172
full,mnli,n/a,0,up_proj,50,0.9999446868896484
full,mnli,n/a,0,down_proj,1,0.9999996423721313
full,mnli,n/a,0,down_proj,2,1.0
full,mnli,n/a,0,down_proj,3,0.9999987483024597
full,mnli,n/a,0,down_proj,4,0.9999989867210388
full,mnli,n/a,0,down_proj,5,0.999998927116394
full,mnli,n/a,0,down_proj,6,0.9999971389770508
full,mnli,n/a,0,down_proj,7,0.9999979734420776
full,mnli,n/a,0,down_proj,8,0.9999960660934448
full,mnli,n/a,0,down_proj,9,0.9999962449073792
full,mnli,n/a,0,down_proj,10,0.9999921917915344
full,mnli,n/a,0,down_proj,11,0.9999925494194031
full,mnli,n/a,0,down_proj,12,0.9999966025352478
full,mnli,n/a,0,down_proj,13,0.9999951720237732
full,mnli,n/a,0,down_proj,14,0.9999953508377075
full,mnli,n/a,0,down_proj,15,0.9999960660934448
full,mnli,n/a,0,down_proj,16,0.9999967217445374
full,mnli,n/a,0,down_proj,17,0.9999935030937195
full,mnli,n/a,0,down_proj,18,0.9999897480010986
full,mnli,n/a,0,down_proj,19,0.9999734163284302
full,mnli,n/a,0,down_proj,20,0.9999464750289917
full,mnli,n/a,0,down_proj,21,0.9999447464942932
full,mnli,n/a,0,down_proj,22,0.9999035000801086
full,mnli,n/a,0,down_proj,23,0.9999080896377563
full,mnli,n/a,0,down_proj,24,0.9999862909317017
full,mnli,n/a,0,down_proj,25,0.9999810457229614
full,mnli,n/a,0,down_proj,26,0.9999698400497437
full,mnli,n/a,0,down_proj,27,0.9999756813049316
full,mnli,n/a,0,down_proj,28,0.9999439120292664
full,mnli,n/a,0,down_proj,29,0.9999356865882874
full,mnli,n/a,0,down_proj,30,0.9999610185623169
full,mnli,n/a,0,down_proj,31,0.9999585747718811
full,mnli,n/a,0,down_proj,32,0.9999650716781616
full,mnli,n/a,0,down_proj,33,0.9954322576522827
full,mnli,n/a,0,down_proj,34,0.9954205751419067
full,mnli,n/a,0,down_proj,35,0.9999644160270691
full,mnli,n/a,0,down_proj,36,0.9999590516090393
full,mnli,n/a,0,down_proj,37,0.9999411106109619
full,mnli,n/a,0,down_proj,38,0.9999701380729675
full,mnli,n/a,0,down_proj,39,0.9999522566795349
full,mnli,n/a,0,down_proj,40,0.9999513030052185
full,mnli,n/a,0,down_proj,41,0.9999539256095886
full,mnli,n/a,0,down_proj,42,0.9996339678764343
full,mnli,n/a,0,down_proj,43,0.9996144771575928
full,mnli,n/a,0,down_proj,44,0.99993896484375
full,mnli,n/a,0,down_proj,45,0.9999078512191772
full,mnli,n/a,0,down_proj,46,0.9999374747276306
full,mnli,n/a,0,down_proj,47,0.9993790984153748
full,mnli,n/a,0,down_proj,48,0.999383807182312
full,mnli,n/a,0,down_proj,49,0.9999144077301025
full,mnli,n/a,0,down_proj,50,0.9977692365646362
full,mnli,n/a,8,q_proj,1,0.9999995827674866
full,mnli,n/a,8,q_proj,2,1.0000001192092896
full,mnli,n/a,8,q_proj,3,0.9999998211860657
full,mnli,n/a,8,q_proj,4,0.9999996423721313
full,mnli,n/a,8,q_proj,5,1.0
full,mnli,n/a,8,q_proj,6,0.9999997615814209
full,mnli,n/a,8,q_proj,7,0.9999997615814209
full,mnli,n/a,8,q_proj,8,0.9999942183494568
full,mnli,n/a,8,q_proj,9,0.9999938607215881
full,mnli,n/a,8,q_proj,10,0.9999998807907104
full,mnli,n/a,8,q_proj,11,0.9999991059303284
full,mnli,n/a,8,q_proj,12,0.9999990463256836
full,mnli,n/a,8,q_proj,13,0.9999903440475464
full,mnli,n/a,8,q_proj,14,0.9999865889549255
full,mnli,n/a,8,q_proj,15,0.9999972581863403
full,mnli,n/a,8,q_proj,16,0.9999921321868896
full,mnli,n/a,8,q_proj,17,0.9999982118606567
full,mnli,n/a,8,q_proj,18,0.9999979734420776
full,mnli,n/a,8,q_proj,19,0.9999967813491821
full,mnli,n/a,8,q_proj,20,0.9999987483024597
full,mnli,n/a,8,q_proj,21,0.9999942779541016
full,mnli,n/a,8,q_proj,22,0.9999938011169434
full,mnli,n/a,8,q_proj,23,0.9999972581863403
full,mnli,n/a,8,q_proj,24,0.9999922513961792
full,mnli,n/a,8,q_proj,25,0.9999933242797852
full,mnli,n/a,8,q_proj,26,0.9999973177909851
full,mnli,n/a,8,q_proj,27,0.9999961853027344
full,mnli,n/a,8,q_proj,28,0.9999973773956299
full,mnli,n/a,8,q_proj,29,0.9999979138374329
full,mnli,n/a,8,q_proj,30,0.9999968409538269
full,mnli,n/a,8,q_proj,31,0.9999943375587463
full,mnli,n/a,8,q_proj,32,0.9999975562095642
full,mnli,n/a,8,q_proj,33,0.9999958276748657
full,mnli,n/a,8,q_proj,34,0.999996542930603
full,mnli,n/a,8,q_proj,35,0.9999980330467224
full,mnli,n/a,8,q_proj,36,0.9999971389770508
full,mnli,n/a,8,q_proj,37,0.9999971389770508
full,mnli,n/a,8,q_proj,38,0.9999691843986511
full,mnli,n/a,8,q_proj,39,0.999954104423523
full,mnli,n/a,8,q_proj,40,0.9999622702598572
full,mnli,n/a,8,q_proj,41,0.9999921321868896
full,mnli,n/a,8,q_proj,42,0.999993622303009
full,mnli,n/a,8,q_proj,43,0.9999927282333374
full,mnli,n/a,8,q_proj,44,0.9999935626983643
full,mnli,n/a,8,q_proj,45,0.9999953508377075
full,mnli,n/a,8,q_proj,46,0.9999908208847046
full,mnli,n/a,8,q_proj,47,0.9999890923500061
full,mnli,n/a,8,q_proj,48,0.9999938011169434
full,mnli,n/a,8,q_proj,49,0.9999969601631165
full,mnli,n/a,8,q_proj,50,0.9999954104423523
full,mnli,n/a,8,v_proj,1,0.9999344944953918
full,mnli,n/a,8,v_proj,2,0.9999200701713562
full,mnli,n/a,8,v_proj,3,0.9999330043792725
full,mnli,n/a,8,v_proj,4,0.9995310306549072
full,mnli,n/a,8,v_proj,5,0.9998793601989746
full,mnli,n/a,8,v_proj,6,0.9995784759521484
full,mnli,n/a,8,v_proj,7,0.9995959997177124
full,mnli,n/a,8,v_proj,8,0.9996805191040039
full,mnli,n/a,8,v_proj,9,0.9997621774673462
full,mnli,n/a,8,v_proj,10,0.9964883327484131
full,mnli,n/a,8,v_proj,11,0.9969560503959656
full,mnli,n/a,8,v_proj,12,0.9994530081748962
full,mnli,n/a,8,v_proj,13,0.9990023374557495
full,mnli,n/a,8,v_proj,14,0.9989421367645264
full,mnli,n/a,8,v_proj,15,0.9997999668121338
full,mnli,n/a,8,v_proj,16,0.9992429614067078
full,mnli,n/a,8,v_proj,17,0.9991406202316284
full,mnli,n/a,8,v_proj,18,0.99979567527771
full,mnli,n/a,8,v_proj,19,0.9993665218353271
full,mnli,n/a,8,v_proj,20,0.99925696849823
full,mnli,n/a,8,v_proj,21,0.9990005493164062
full,mnli,n/a,8,v_proj,22,0.9996716380119324
full,mnli,n/a,8,v_proj,23,0.9978235363960266
full,mnli,n/a,8,v_proj,24,0.9984947443008423
full,mnli,n/a,8,v_proj,25,0.9995712041854858
full,mnli,n/a,8,v_proj,26,0.999580442905426
full,mnli,n/a,8,v_proj,27,0.9991984963417053
full,mnli,n/a,8,v_proj,28,0.9993929862976074
full,mnli,n/a,8,v_proj,29,0.9992518424987793
full,mnli,n/a,8,v_proj,30,0.9984635710716248
full,mnli,n/a,8,v_proj,31,0.9988284707069397
full,mnli,n/a,8,v_proj,32,0.9988135695457458
full,mnli,n/a,8,v_proj,33,0.9992762207984924
full,mnli,n/a,8,v_proj,34,0.9992232918739319
full,mnli,n/a,8,v_proj,35,0.9993693828582764
full,mnli,n/a,8,v_proj,36,0.9992347955703735
full,mnli,n/a,8,v_proj,37,0.9988858699798584
full,mnli,n/a,8,v_proj,38,0.999523401260376
full,mnli,n/a,8,v_proj,39,0.9986801147460938
full,mnli,n/a,8,v_proj,40,0.9997806549072266
full,mnli,n/a,8,v_proj,41,0.9998298287391663
full,mnli,n/a,8,v_proj,42,0.9997676610946655
full,mnli,n/a,8,v_proj,43,0.9995771050453186
full,mnli,n/a,8,v_proj,44,0.9993048906326294
full,mnli,n/a,8,v_proj,45,0.9987602829933167
full,mnli,n/a,8,v_proj,46,0.9944637417793274
full,mnli,n/a,8,v_proj,47,0.9936678409576416
full,mnli,n/a,8,v_proj,48,0.9986013770103455
full,mnli,n/a,8,v_proj,49,0.9832648038864136
full,mnli,n/a,8,v_proj,50,0.9831066131591797
full,mnli,n/a,8,up_proj,1,0.9999975562095642
full,mnli,n/a,8,up_proj,2,0.9999960660934448
full,mnli,n/a,8,up_proj,3,0.9999948740005493
full,mnli,n/a,8,up_proj,4,0.9999954104423523
full,mnli,n/a,8,up_proj,5,0.9999797940254211
full,mnli,n/a,8,up_proj,6,0.9999821782112122
full,mnli,n/a,8,up_proj,7,0.9999926090240479
full,mnli,n/a,8,up_proj,8,0.9999864101409912
full,mnli,n/a,8,up_proj,9,0.9999882578849792
full,mnli,n/a,8,up_proj,10,0.9999856948852539
full,mnli,n/a,8,up_proj,11,0.9999780654907227
full,mnli,n/a,8,up_proj,12,0.9999703764915466
full,mnli,n/a,8,up_proj,13,0.9250792860984802
full,mnli,n/a,8,up_proj,14,0.9250746965408325
full,mnli,n/a,8,up_proj,15,0.9999819397926331
full,mnli,n/a,8,up_proj,16,0.9999861717224121
full,mnli,n/a,8,up_proj,17,0.9999874830245972
full,mnli,n/a,8,up_proj,18,0.9999828338623047
full,mnli,n/a,8,up_proj,19,0.9999836087226868
full,mnli,n/a,8,up_proj,20,0.9999504685401917
full,mnli,n/a,8,up_proj,21,0.9999458193778992
full,mnli,n/a,8,up_proj,22,0.9999817609786987
full,mnli,n/a,8,up_proj,23,0.9989268779754639
full,mnli,n/a,8,up_proj,24,0.9989054203033447
full,mnli,n/a,8,up_proj,25,0.9998997449874878
full,mnli,n/a,8,up_proj,26,0.9998877048492432
full,mnli,n/a,8,up_proj,27,0.9998975992202759
full,mnli,n/a,8,up_proj,28,0.9999040365219116
full,mnli,n/a,8,up_proj,29,0.9999651312828064
full,mnli,n/a,8,up_proj,30,0.9999615550041199
full,mnli,n/a,8,up_proj,31,0.9998481273651123
full,mnli,n/a,8,up_proj,32,0.9997350573539734
full,mnli,n/a,8,up_proj,33,0.9997403025627136
full,mnli,n/a,8,up_proj,34,0.9998577833175659
full,mnli,n/a,8,up_proj,35,0.9999776482582092
full,mnli,n/a,8,up_proj,36,0.9999322891235352
full,mnli,n/a,8,up_proj,37,0.9991243481636047
full,mnli,n/a,8,up_proj,38,0.9990999102592468
full,mnli,n/a,8,up_proj,39,0.957126796245575
full,mnli,n/a,8,up_proj,40,0.9571300148963928
full,mnli,n/a,8,up_proj,41,0.9998934864997864
full,mnli,n/a,8,up_proj,42,0.9998825192451477
full,mnli,n/a,8,up_proj,43,0.9999309182167053
full,mnli,n/a,8,up_proj,44,0.9998863339424133
full,mnli,n/a,8,up_proj,45,0.9998295903205872
full,mnli,n/a,8,up_proj,46,0.9993735551834106
full,mnli,n/a,8,up_proj,47,0.9994245767593384
full,mnli,n/a,8,up_proj,48,0.9999144077301025
full,mnli,n/a,8,up_proj,49,0.9996237754821777
full,mnli,n/a,8,up_proj,50,0.9996018409729004
full,mnli,n/a,8,down_proj,1,0.9999998807907104
full,mnli,n/a,8,down_proj,2,0.9999995231628418
full,mnli,n/a,8,down_proj,3,0.9999994039535522
full,mnli,n/a,8,down_proj,4,0.999998927116394
full,mnli,n/a,8,down_proj,5,0.9999985694885254
full,mnli,n/a,8,down_proj,6,0.9999983906745911
full,mnli,n/a,8,down_proj,7,0.9999980926513672
full,mnli,n/a,8,down_proj,8,0.9999988079071045
full,mnli,n/a,8,down_proj,9,0.9999986886978149
full,mnli,n/a,8,down_proj,10,0.9999839067459106
full,mnli,n/a,8,down_proj,11,0.9999731779098511
full,mnli,n/a,8,down_proj,12,0.9999833106994629
full,mnli,n/a,8,down_proj,13,0.9999932646751404
full,mnli,n/a,8,down_proj,14,0.9999484419822693
full,mnli,n/a,8,down_proj,15,0.9999493956565857
full,mnli,n/a,8,down_proj,16,0.9999954700469971
full,mnli,n/a,8,down_proj,17,0.9999968409538269
full,mnli,n/a,8,down_proj,18,0.9999929070472717
full,mnli,n/a,8,down_proj,19,0.9996287822723389
full,mnli,n/a,8,down_proj,20,0.9996433854103088
full,mnli,n/a,8,down_proj,21,0.9999711513519287
full,mnli,n/a,8,down_proj,22,0.9998787641525269
full,mnli,n/a,8,down_proj,23,0.9998776316642761
full,mnli,n/a,8,down_proj,24,0.9999827146530151
full,mnli,n/a,8,down_proj,25,0.9999852180480957
full,mnli,n/a,8,down_proj,26,0.9999908208847046
full,mnli,n/a,8,down_proj,27,0.9999836683273315
full,mnli,n/a,8,down_proj,28,0.9999698996543884
full,mnli,n/a,8,down_proj,29,0.9999720454216003
full,mnli,n/a,8,down_proj,30,0.9999036192893982
full,mnli,n/a,8,down_proj,31,0.9999078512191772
full,mnli,n/a,8,down_proj,32,0.9999786615371704
full,mnli,n/a,8,down_proj,33,0.9999485015869141
full,mnli,n/a,8,down_proj,34,0.9998912811279297
full,mnli,n/a,8,down_proj,35,0.9999094009399414
full,mnli,n/a,8,down_proj,36,0.9999728202819824
full,mnli,n/a,8,down_proj,37,0.9999651312828064
full,mnli,n/a,8,down_proj,38,0.9999690651893616
full,mnli,n/a,8,down_proj,39,0.9999885559082031
full,mnli,n/a,8,down_proj,40,0.9999874830245972
full,mnli,n/a,8,down_proj,41,0.999988853931427
full,mnli,n/a,8,down_proj,42,0.9999803304672241
full,mnli,n/a,8,down_proj,43,0.9999752640724182
full,mnli,n/a,8,down_proj,44,0.999962568283081
full,mnli,n/a,8,down_proj,45,0.9999522566795349
full,mnli,n/a,8,down_proj,46,0.9999553561210632
full,mnli,n/a,8,down_proj,47,0.9999183416366577
full,mnli,n/a,8,down_proj,48,0.9999392032623291
full,mnli,n/a,8,down_proj,49,0.9999617338180542
full,mnli,n/a,8,down_proj,50,0.9999271631240845
full,mnli,n/a,15,q_proj,1,0.9999997615814209
full,mnli,n/a,15,q_proj,2,1.0000004768371582
full,mnli,n/a,15,q_proj,3,1.0
full,mnli,n/a,15,q_proj,4,0.999998152256012
full,mnli,n/a,15,q_proj,5,0.9999980926513672
full,mnli,n/a,15,q_proj,6,0.9999989867210388
full,mnli,n/a,15,q_proj,7,0.9999992847442627
full,mnli,n/a,15,q_proj,8,0.9999995231628418
full,mnli,n/a,15,q_proj,9,0.9999996423721313
full,mnli,n/a,15,q_proj,10,0.9999992847442627
full,mnli,n/a,15,q_proj,11,0.9999977946281433
full,mnli,n/a,15,q_proj,12,0.9999982118606567
full,mnli,n/a,15,q_proj,13,0.9999996423721313
full,mnli,n/a,15,q_proj,14,0.9999996423721313
full,mnli,n/a,15,q_proj,15,0.9999996423721313
full,mnli,n/a,15,q_proj,16,0.9999998807907104
full,mnli,n/a,15,q_proj,17,0.9999995231628418
full,mnli,n/a,15,q_proj,18,0.9999986886978149
full,mnli,n/a,15,q_proj,19,0.9999979138374329
full,mnli,n/a,15,q_proj,20,0.9999979138374329
full,mnli,n/a,15,q_proj,21,0.9999986290931702
full,mnli,n/a,15,q_proj,22,0.9999986290931702
full,mnli,n/a,15,q_proj,23,0.9999975562095642
full,mnli,n/a,15,q_proj,24,0.9999995231628418
full,mnli,n/a,15,q_proj,25,0.9999995827674866
full,mnli,n/a,15,q_proj,26,0.9999992847442627
full,mnli,n/a,15,q_proj,27,0.9999994039535522
full,mnli,n/a,15,q_proj,28,0.9999995231628418
full,mnli,n/a,15,q_proj,29,0.999999463558197
full,mnli,n/a,15,q_proj,30,0.9999986886978149
full,mnli,n/a,15,q_proj,31,0.9999984502792358
full,mnli,n/a,15,q_proj,32,0.9999982714653015
full,mnli,n/a,15,q_proj,33,0.9999993443489075
full,mnli,n/a,15,q_proj,34,0.9999989867210388
full,mnli,n/a,15,q_proj,35,0.999999463558197
full,mnli,n/a,15,q_proj,36,0.999998927116394
full,mnli,n/a,15,q_proj,37,0.999998927116394
full,mnli,n/a,15,q_proj,38,0.9999991059303284
full,mnli,n/a,15,q_proj,39,0.9999992847442627
full,mnli,n/a,15,q_proj,40,0.9999988079071045
full,mnli,n/a,15,q_proj,41,0.9999962449073792
full,mnli,n/a,15,q_proj,42,0.999996542930603
full,mnli,n/a,15,q_proj,43,0.9999973773956299
full,mnli,n/a,15,q_proj,44,0.9999967217445374
full,mnli,n/a,15,q_proj,45,0.9999980926513672
full,mnli,n/a,15,q_proj,46,0.9999982714653015
full,mnli,n/a,15,q_proj,47,0.9999974370002747
full,mnli,n/a,15,q_proj,48,0.9999971985816956
full,mnli,n/a,15,q_proj,49,0.9999985098838806
full,mnli,n/a,15,q_proj,50,0.9999945759773254
full,mnli,n/a,15,v_proj,1,0.9999995231628418
full,mnli,n/a,15,v_proj,2,0.9999986886978149
full,mnli,n/a,15,v_proj,3,0.9999983310699463
full,mnli,n/a,15,v_proj,4,0.999997615814209
full,mnli,n/a,15,v_proj,5,0.9999971389770508
full,mnli,n/a,15,v_proj,6,0.9999955296516418
full,mnli,n/a,15,v_proj,7,0.9999972581863403
full,mnli,n/a,15,v_proj,8,0.9999985694885254
full,mnli,n/a,15,v_proj,9,0.9999979734420776
full,mnli,n/a,15,v_proj,10,0.9999804496765137
full,mnli,n/a,15,v_proj,11,0.999980092048645
full,mnli,n/a,15,v_proj,12,0.9999791383743286
full,mnli,n/a,15,v_proj,13,0.999976396560669
full,mnli,n/a,15,v_proj,14,0.999976634979248
full,mnli,n/a,15,v_proj,15,0.999970555305481
full,mnli,n/a,15,v_proj,16,0.9999760389328003
full,mnli,n/a,15,v_proj,17,0.9999818801879883
full,mnli,n/a,15,v_proj,18,0.9999971389770508
full,mnli,n/a,15,v_proj,19,0.9999955892562866
full,mnli,n/a,15,v_proj,20,0.9999896287918091
full,mnli,n/a,15,v_proj,21,0.9999769926071167
full,mnli,n/a,15,v_proj,22,0.9999857544898987
full,mnli,n/a,15,v_proj,23,0.9999862909317017
full,mnli,n/a,15,v_proj,24,0.9999837875366211
full,mnli,n/a,15,v_proj,25,0.9999761581420898
full,mnli,n/a,15,v_proj,26,0.9999930262565613
full,mnli,n/a,15,v_proj,27,0.9999856352806091
full,mnli,n/a,15,v_proj,28,0.9999935626983643
full,mnli,n/a,15,v_proj,29,0.9999903440475464
full,mnli,n/a,15,v_proj,30,0.9999904632568359
full,mnli,n/a,15,v_proj,31,0.9999917149543762
full,mnli,n/a,15,v_proj,32,0.9999915361404419
full,mnli,n/a,15,v_proj,33,0.9999572038650513
full,mnli,n/a,15,v_proj,34,0.9999264478683472
full,mnli,n/a,15,v_proj,35,0.9999550580978394
full,mnli,n/a,15,v_proj,36,0.9998582601547241
full,mnli,n/a,15,v_proj,37,0.9998650550842285
full,mnli,n/a,15,v_proj,38,0.9999873638153076
full,mnli,n/a,15,v_proj,39,0.9999885559082031
full,mnli,n/a,15,v_proj,40,0.9999826550483704
full,mnli,n/a,15,v_proj,41,0.9999890923500061
full,mnli,n/a,15,v_proj,42,0.9999881982803345
full,mnli,n/a,15,v_proj,43,0.9999918341636658
full,mnli,n/a,15,v_proj,44,0.9999825954437256
full,mnli,n/a,15,v_proj,45,0.9999890327453613
full,mnli,n/a,15,v_proj,46,0.9999907612800598
full,mnli,n/a,15,v_proj,47,0.999987006187439
full,mnli,n/a,15,v_proj,48,0.9999917149543762
full,mnli,n/a,15,v_proj,49,0.999993622303009
full,mnli,n/a,15,v_proj,50,0.9999937415122986
full,mnli,n/a,15,up_proj,1,0.9999998211860657
full,mnli,n/a,15,up_proj,2,1.0000008344650269
full,mnli,n/a,15,up_proj,3,1.000000238418579
full,mnli,n/a,15,up_proj,4,1.0000005960464478
full,mnli,n/a,15,up_proj,5,0.9999991655349731
full,mnli,n/a,15,up_proj,6,0.9999993443489075
full,mnli,n/a,15,up_proj,7,0.9999997615814209
full,mnli,n/a,15,up_proj,8,0.9999998211860657
full,mnli,n/a,15,up_proj,9,0.9999991059303284
full,mnli,n/a,15,up_proj,10,0.9999993443489075
full,mnli,n/a,15,up_proj,11,0.9999993443489075
full,mnli,n/a,15,up_proj,12,0.9999995231628418
full,mnli,n/a,15,up_proj,13,0.9999968409538269
full,mnli,n/a,15,up_proj,14,0.9999967217445374
full,mnli,n/a,15,up_proj,15,0.9999991059303284
full,mnli,n/a,15,up_proj,16,0.9999990463256836
full,mnli,n/a,15,up_proj,17,0.9999992847442627
full,mnli,n/a,15,up_proj,18,0.9999983310699463
full,mnli,n/a,15,up_proj,19,0.9999975562095642
full,mnli,n/a,15,up_proj,20,0.9999982714653015
full,mnli,n/a,15,up_proj,21,0.9999980926513672
full,mnli,n/a,15,up_proj,22,0.9999982714653015
full,mnli,n/a,15,up_proj,23,0.9999987483024597
full,mnli,n/a,15,up_proj,24,0.999998152256012
full,mnli,n/a,15,up_proj,25,0.9999969601631165
full,mnli,n/a,15,up_proj,26,0.9999961853027344
full,mnli,n/a,15,up_proj,27,0.9999969005584717
full,mnli,n/a,15,up_proj,28,0.9999967813491821
full,mnli,n/a,15,up_proj,29,0.9999957084655762
full,mnli,n/a,15,up_proj,30,0.9999955892562866
full,mnli,n/a,15,up_proj,31,0.9999960064888
full,mnli,n/a,15,up_proj,32,0.9999974966049194
full,mnli,n/a,15,up_proj,33,0.9999948143959045
full,mnli,n/a,15,up_proj,34,0.9999925494194031
full,mnli,n/a,15,up_proj,35,0.9999938011169434
full,mnli,n/a,15,up_proj,36,0.999994695186615
full,mnli,n/a,15,up_proj,37,0.9999895691871643
full,mnli,n/a,15,up_proj,38,0.9999902248382568
full,mnli,n/a,15,up_proj,39,0.999984860420227
full,mnli,n/a,15,up_proj,40,0.9999832510948181
full,mnli,n/a,15,up_proj,41,0.999987781047821
full,mnli,n/a,15,up_proj,42,0.9999925494194031
full,mnli,n/a,15,up_proj,43,0.9999853372573853
full,mnli,n/a,15,up_proj,44,0.9999922513961792
full,mnli,n/a,15,up_proj,45,0.9999943971633911
full,mnli,n/a,15,up_proj,46,0.9999886751174927
full,mnli,n/a,15,up_proj,47,0.99998939037323
full,mnli,n/a,15,up_proj,48,0.9999954104423523
full,mnli,n/a,15,up_proj,49,0.9999898672103882
full,mnli,n/a,15,up_proj,50,0.9999864101409912
full,mnli,n/a,15,down_proj,1,0.9999996423721313
full,mnli,n/a,15,down_proj,2,0.9999986886978149
full,mnli,n/a,15,down_proj,3,0.9999977350234985
full,mnli,n/a,15,down_proj,4,0.9999927282333374
full,mnli,n/a,15,down_proj,5,0.9999984502792358
full,mnli,n/a,15,down_proj,6,0.9999966025352478
full,mnli,n/a,15,down_proj,7,0.9999957084655762
full,mnli,n/a,15,down_proj,8,0.9999889135360718
full,mnli,n/a,15,down_proj,9,0.9999417066574097
full,mnli,n/a,15,down_proj,10,0.9999331831932068
full,mnli,n/a,15,down_proj,11,0.9999822378158569
full,mnli,n/a,15,down_proj,12,0.9999887347221375
full,mnli,n/a,15,down_proj,13,0.9995622038841248
full,mnli,n/a,15,down_proj,14,0.9995572566986084
full,mnli,n/a,15,down_proj,15,0.999988317489624
full,mnli,n/a,15,down_proj,16,0.9999590516090393
full,mnli,n/a,15,down_proj,17,0.9999693632125854
full,mnli,n/a,15,down_proj,18,0.9999182820320129
full,mnli,n/a,15,down_proj,19,0.9998989105224609
full,mnli,n/a,15,down_proj,20,0.9999738931655884
full,mnli,n/a,15,down_proj,21,0.9999735355377197
full,mnli,n/a,15,down_proj,22,0.9999014735221863
full,mnli,n/a,15,down_proj,23,0.9998841881752014
full,mnli,n/a,15,down_proj,24,0.9998716115951538
full,mnli,n/a,15,down_proj,25,0.999935507774353
full,mnli,n/a,15,down_proj,26,0.9996538162231445
full,mnli,n/a,15,down_proj,27,0.9996321797370911
full,mnli,n/a,15,down_proj,28,0.9999105930328369
full,mnli,n/a,15,down_proj,29,0.9998562335968018
full,mnli,n/a,15,down_proj,30,0.9996737837791443
full,mnli,n/a,15,down_proj,31,0.9996158480644226
full,mnli,n/a,15,down_proj,32,0.9996936321258545
full,mnli,n/a,15,down_proj,33,0.9997026324272156
full,mnli,n/a,15,down_proj,34,0.9991297125816345
full,mnli,n/a,15,down_proj,35,0.9991411566734314
full,mnli,n/a,15,down_proj,36,0.9996365904808044
full,mnli,n/a,15,down_proj,37,0.9996064901351929
full,mnli,n/a,15,down_proj,38,0.9998646974563599
full,mnli,n/a,15,down_proj,39,0.9996527433395386
full,mnli,n/a,15,down_proj,40,0.9997190833091736
full,mnli,n/a,15,down_proj,41,0.9997965693473816
full,mnli,n/a,15,down_proj,42,0.9998793005943298
full,mnli,n/a,15,down_proj,43,0.9998167753219604
full,mnli,n/a,15,down_proj,44,0.9997456073760986
full,mnli,n/a,15,down_proj,45,0.9997515678405762
full,mnli,n/a,15,down_proj,46,0.9999191761016846
full,mnli,n/a,15,down_proj,47,0.9998957514762878
full,mnli,n/a,15,down_proj,48,0.9999364018440247
full,mnli,n/a,15,down_proj,49,0.9999377727508545
full,mnli,n/a,15,down_proj,50,0.9999086856842041
full,qqp,n/a,0,q_proj,1,1.0000005960464478
full,qqp,n/a,0,q_proj,2,0.9999996423721313
full,qqp,n/a,0,q_proj,3,1.0000004768371582
full,qqp,n/a,0,q_proj,4,1.0000003576278687
full,qqp,n/a,0,q_proj,5,1.0
full,qqp,n/a,0,q_proj,6,1.000001072883606
full,qqp,n/a,0,q_proj,7,1.0000001192092896
full,qqp,n/a,0,q_proj,8,1.0000004768371582
full,qqp,n/a,0,q_proj,9,0.9999997615814209
full,qqp,n/a,0,q_proj,10,0.9999998211860657
full,qqp,n/a,0,q_proj,11,0.9999998807907104
full,qqp,n/a,0,q_proj,12,0.999999463558197
full,qqp,n/a,0,q_proj,13,0.9999988079071045
full,qqp,n/a,0,q_proj,14,0.9999986290931702
full,qqp,n/a,0,q_proj,15,0.9999630451202393
full,qqp,n/a,0,q_proj,16,0.9999632239341736
full,qqp,n/a,0,q_proj,17,0.9999988675117493
full,qqp,n/a,0,q_proj,18,0.9999983310699463
full,qqp,n/a,0,q_proj,19,0.9999991655349731
full,qqp,n/a,0,q_proj,20,0.9999994039535522
full,qqp,n/a,0,q_proj,21,0.9999977350234985
full,qqp,n/a,0,q_proj,22,0.9999979734420776
full,qqp,n/a,0,q_proj,23,0.9999983906745911
full,qqp,n/a,0,q_proj,24,0.9999995827674866
full,qqp,n/a,0,q_proj,25,0.9999986290931702
full,qqp,n/a,0,q_proj,26,0.9999995231628418
full,qqp,n/a,0,q_proj,27,0.9999951720237732
full,qqp,n/a,0,q_proj,28,0.9999892711639404
full,qqp,n/a,0,q_proj,29,0.9999914169311523
full,qqp,n/a,0,q_proj,30,0.9999979734420776
full,qqp,n/a,0,q_proj,31,0.9999982118606567
full,qqp,n/a,0,q_proj,32,0.999997079372406
full,qqp,n/a,0,q_proj,33,0.9999966621398926
full,qqp,n/a,0,q_proj,34,0.9999983310699463
full,qqp,n/a,0,q_proj,35,0.999997615814209
full,qqp,n/a,0,q_proj,36,0.9999963641166687
full,qqp,n/a,0,q_proj,37,0.9999969005584717
full,qqp,n/a,0,q_proj,38,0.9999831318855286
full,qqp,n/a,0,q_proj,39,0.9999793767929077
full,qqp,n/a,0,q_proj,40,0.9999945163726807
full,qqp,n/a,0,q_proj,41,0.9999950528144836
full,qqp,n/a,0,q_proj,42,0.9999427795410156
full,qqp,n/a,0,q_proj,43,0.9999415874481201
full,qqp,n/a,0,q_proj,44,0.9999975562095642
full,qqp,n/a,0,q_proj,45,0.9999942779541016
full,qqp,n/a,0,q_proj,46,0.999994695186615
full,qqp,n/a,0,q_proj,47,0.9999548196792603
full,qqp,n/a,0,q_proj,48,0.9999561905860901
full,qqp,n/a,0,q_proj,49,0.999997615814209
full,qqp,n/a,0,q_proj,50,0.9999959468841553
full,qqp,n/a,0,v_proj,1,0.9999908208847046
full,qqp,n/a,0,v_proj,2,0.9999463558197021
full,qqp,n/a,0,v_proj,3,0.999962329864502
full,qqp,n/a,0,v_proj,4,0.99994957447052
full,qqp,n/a,0,v_proj,5,0.9999523758888245
full,qqp,n/a,0,v_proj,6,0.999690055847168
full,qqp,n/a,0,v_proj,7,0.9996689558029175
full,qqp,n/a,0,v_proj,8,0.9998992085456848
full,qqp,n/a,0,v_proj,9,0.9998948574066162
full,qqp,n/a,0,v_proj,10,0.9998140335083008
full,qqp,n/a,0,v_proj,11,0.9998421669006348
full,qqp,n/a,0,v_proj,12,0.9989962577819824
full,qqp,n/a,0,v_proj,13,0.9987970590591431
full,qqp,n/a,0,v_proj,14,0.9994291067123413
full,qqp,n/a,0,v_proj,15,0.9992201328277588
full,qqp,n/a,0,v_proj,16,0.9992212653160095
full,qqp,n/a,0,v_proj,17,0.9997413158416748
full,qqp,n/a,0,v_proj,18,0.999582052230835
full,qqp,n/a,0,v_proj,19,0.9994356632232666
full,qqp,n/a,0,v_proj,20,0.9995429515838623
full,qqp,n/a,0,v_proj,21,0.9993818998336792
full,qqp,n/a,0,v_proj,22,0.9973959922790527
full,qqp,n/a,0,v_proj,23,0.9934829473495483
full,qqp,n/a,0,v_proj,24,0.9942980408668518
full,qqp,n/a,0,v_proj,25,0.998890221118927
full,qqp,n/a,0,v_proj,26,0.998794436454773
full,qqp,n/a,0,v_proj,27,0.9985712766647339
full,qqp,n/a,0,v_proj,28,0.997718334197998
full,qqp,n/a,0,v_proj,29,0.9981149435043335
full,qqp,n/a,0,v_proj,30,0.998187780380249
full,qqp,n/a,0,v_proj,31,0.9965015649795532
full,qqp,n/a,0,v_proj,32,0.9936999082565308
full,qqp,n/a,0,v_proj,33,0.9943393468856812
full,qqp,n/a,0,v_proj,34,0.9976709485054016
full,qqp,n/a,0,v_proj,35,0.9952956438064575
full,qqp,n/a,0,v_proj,36,0.9967736005783081
full,qqp,n/a,0,v_proj,37,0.9985439777374268
full,qqp,n/a,0,v_proj,38,0.9978732466697693
full,qqp,n/a,0,v_proj,39,0.9981387257575989
full,qqp,n/a,0,v_proj,40,0.994146466255188
full,qqp,n/a,0,v_proj,41,0.9942978024482727
full,qqp,n/a,0,v_proj,42,0.999077320098877
full,qqp,n/a,0,v_proj,43,0.9951719045639038
full,qqp,n/a,0,v_proj,44,0.9941519498825073
full,qqp,n/a,0,v_proj,45,0.998065710067749
full,qqp,n/a,0,v_proj,46,0.9982120394706726
full,qqp,n/a,0,v_proj,47,0.9983704090118408
full,qqp,n/a,0,v_proj,48,0.9984570741653442
full,qqp,n/a,0,v_proj,49,0.99815833568573
full,qqp,n/a,0,v_proj,50,0.9972056150436401
full,qqp,n/a,0,up_proj,1,0.9999963641166687
full,qqp,n/a,0,up_proj,2,0.9999942183494568
full,qqp,n/a,0,up_proj,3,0.9999952912330627
full,qqp,n/a,0,up_proj,4,0.9999931454658508
full,qqp,n/a,0,up_proj,5,0.999989926815033
full,qqp,n/a,0,up_proj,6,0.9998486638069153
full,qqp,n/a,0,up_proj,7,0.9998467564582825
full,qqp,n/a,0,up_proj,8,0.9999900460243225
full,qqp,n/a,0,up_proj,9,0.9999611377716064
full,qqp,n/a,0,up_proj,10,0.9999619126319885
full,qqp,n/a,0,up_proj,11,0.9999632835388184
full,qqp,n/a,0,up_proj,12,0.9999717473983765
full,qqp,n/a,0,up_proj,13,0.9999847412109375
full,qqp,n/a,0,up_proj,14,0.9995846748352051
full,qqp,n/a,0,up_proj,15,0.9995965361595154
full,qqp,n/a,0,up_proj,16,0.9998754858970642
full,qqp,n/a,0,up_proj,17,0.9999191761016846
full,qqp,n/a,0,up_proj,18,0.9998756647109985
full,qqp,n/a,0,up_proj,19,0.9999387264251709
full,qqp,n/a,0,up_proj,20,0.9999477863311768
full,qqp,n/a,0,up_proj,21,0.9999760985374451
full,qqp,n/a,0,up_proj,22,0.9999656081199646
full,qqp,n/a,0,up_proj,23,0.99997878074646
full,qqp,n/a,0,up_proj,24,0.9999394416809082
full,qqp,n/a,0,up_proj,25,0.9999375939369202
full,qqp,n/a,0,up_proj,26,0.9993705153465271
full,qqp,n/a,0,up_proj,27,0.9992848038673401
full,qqp,n/a,0,up_proj,28,0.9998989701271057
full,qqp,n/a,0,up_proj,29,0.9999813437461853
full,qqp,n/a,0,up_proj,30,0.9999658465385437
full,qqp,n/a,0,up_proj,31,0.9999731183052063
full,qqp,n/a,0,up_proj,32,0.9998949766159058
full,qqp,n/a,0,up_proj,33,0.9999088048934937
full,qqp,n/a,0,up_proj,34,0.9999734163284302
full,qqp,n/a,0,up_proj,35,0.9999566674232483
full,qqp,n/a,0,up_proj,36,0.9999521970748901
full,qqp,n/a,0,up_proj,37,0.9999620914459229
full,qqp,n/a,0,up_proj,38,0.9999377727508545
full,qqp,n/a,0,up_proj,39,0.9999439716339111
full,qqp,n/a,0,up_proj,40,0.9999593496322632
full,qqp,n/a,0,up_proj,41,0.9999577403068542
full,qqp,n/a,0,up_proj,42,0.9997953176498413
full,qqp,n/a,0,up_proj,43,0.9997684359550476
full,qqp,n/a,0,up_proj,44,0.9999285340309143
full,qqp,n/a,0,up_proj,45,0.9999443292617798
full,qqp,n/a,0,up_proj,46,0.9999475479125977
full,qqp,n/a,0,up_proj,47,0.9998855590820312
full,qqp,n/a,0,up_proj,48,0.9994243383407593
full,qqp,n/a,0,up_proj,49,0.9993295669555664
full,qqp,n/a,0,up_proj,50,0.9997656345367432
full,qqp,n/a,0,down_proj,1,0.9999990463256836
full,qqp,n/a,0,down_proj,2,0.9999992251396179
full,qqp,n/a,0,down_proj,3,0.9999980330467224
full,qqp,n/a,0,down_proj,4,0.9999974966049194
full,qqp,n/a,0,down_proj,5,0.9999977946281433
full,qqp,n/a,0,down_proj,6,0.9999963045120239
full,qqp,n/a,0,down_proj,7,0.9999957084655762
full,qqp,n/a,0,down_proj,8,0.9999932646751404
full,qqp,n/a,0,down_proj,9,0.9999940395355225
full,qqp,n/a,0,down_proj,10,0.9999879002571106
full,qqp,n/a,0,down_proj,11,0.9999866485595703
full,qqp,n/a,0,down_proj,12,0.9999932050704956
full,qqp,n/a,0,down_proj,13,0.9999829530715942
full,qqp,n/a,0,down_proj,14,0.9999842047691345
full,qqp,n/a,0,down_proj,15,0.9999933242797852
full,qqp,n/a,0,down_proj,16,0.9999926686286926
full,qqp,n/a,0,down_proj,17,0.999842643737793
full,qqp,n/a,0,down_proj,18,0.999835729598999
full,qqp,n/a,0,down_proj,19,0.999967634677887
full,qqp,n/a,0,down_proj,20,0.9734610319137573
full,qqp,n/a,0,down_proj,21,0.9734612107276917
full,qqp,n/a,0,down_proj,22,0.9997496008872986
full,qqp,n/a,0,down_proj,23,0.9997504949569702
full,qqp,n/a,0,down_proj,24,0.9999815821647644
full,qqp,n/a,0,down_proj,25,0.9999709725379944
full,qqp,n/a,0,down_proj,26,0.9999239444732666
full,qqp,n/a,0,down_proj,27,0.9997166395187378
full,qqp,n/a,0,down_proj,28,0.9995529651641846
full,qqp,n/a,0,down_proj,29,0.9996558427810669
full,qqp,n/a,0,down_proj,30,0.9999030828475952
full,qqp,n/a,0,down_proj,31,0.9999228119850159
full,qqp,n/a,0,down_proj,32,0.9998822808265686
full,qqp,n/a,0,down_proj,33,0.9873425960540771
full,qqp,n/a,0,down_proj,34,0.9873948693275452
full,qqp,n/a,0,down_proj,35,0.9999447464942932
full,qqp,n/a,0,down_proj,36,0.9992573857307434
full,qqp,n/a,0,down_proj,37,0.9992526173591614
full,qqp,n/a,0,down_proj,38,0.9999291300773621
full,qqp,n/a,0,down_proj,39,0.9999387264251709
full,qqp,n/a,0,down_proj,40,0.9999111294746399
full,qqp,n/a,0,down_proj,41,0.9998912215232849
full,qqp,n/a,0,down_proj,42,0.9990493059158325
full,qqp,n/a,0,down_proj,43,0.9990317225456238
full,qqp,n/a,0,down_proj,44,0.9999006986618042
full,qqp,n/a,0,down_proj,45,0.9998820424079895
full,qqp,n/a,0,down_proj,46,0.999961256980896
full,qqp,n/a,0,down_proj,47,0.9990264773368835
full,qqp,n/a,0,down_proj,48,0.9990655779838562
full,qqp,n/a,0,down_proj,49,0.9999021291732788
full,qqp,n/a,0,down_proj,50,0.9909155368804932
full,qqp,n/a,8,q_proj,1,0.9999980330467224
full,qqp,n/a,8,q_proj,2,0.9999988675117493
full,qqp,n/a,8,q_proj,3,0.9999989867210388
full,qqp,n/a,8,q_proj,4,0.9999988675117493
full,qqp,n/a,8,q_proj,5,0.9999988079071045
full,qqp,n/a,8,q_proj,6,0.9999995231628418
full,qqp,n/a,8,q_proj,7,0.9999991059303284
full,qqp,n/a,8,q_proj,8,0.9999889135360718
full,qqp,n/a,8,q_proj,9,0.9999892115592957
full,qqp,n/a,8,q_proj,10,0.9999993443489075
full,qqp,n/a,8,q_proj,11,0.9999985694885254
full,qqp,n/a,8,q_proj,12,0.999998927116394
full,qqp,n/a,8,q_proj,13,0.9999803304672241
full,qqp,n/a,8,q_proj,14,0.9999771118164062
full,qqp,n/a,8,q_proj,15,0.9999963045120239
full,qqp,n/a,8,q_proj,16,0.9999935626983643
full,qqp,n/a,8,q_proj,17,0.9999955892562866
full,qqp,n/a,8,q_proj,18,0.9999954700469971
full,qqp,n/a,8,q_proj,19,0.9999954104423523
full,qqp,n/a,8,q_proj,20,0.9999984502792358
full,qqp,n/a,8,q_proj,21,0.9999939799308777
full,qqp,n/a,8,q_proj,22,0.9999930262565613
full,qqp,n/a,8,q_proj,23,0.9999918937683105
full,qqp,n/a,8,q_proj,24,0.9999915957450867
full,qqp,n/a,8,q_proj,25,0.9999927282333374
full,qqp,n/a,8,q_proj,26,0.9999951124191284
full,qqp,n/a,8,q_proj,27,0.9999960064888
full,qqp,n/a,8,q_proj,28,0.999996542930603
full,qqp,n/a,8,q_proj,29,0.9999938607215881
full,qqp,n/a,8,q_proj,30,0.9999960660934448
full,qqp,n/a,8,q_proj,31,0.9999951124191284
full,qqp,n/a,8,q_proj,32,0.9999900460243225
full,qqp,n/a,8,q_proj,33,0.9999889731407166
full,qqp,n/a,8,q_proj,34,0.9999963641166687
full,qqp,n/a,8,q_proj,35,0.9999973773956299
full,qqp,n/a,8,q_proj,36,0.9999959468841553
full,qqp,n/a,8,q_proj,37,0.9999963641166687
full,qqp,n/a,8,q_proj,38,0.9999593496322632
full,qqp,n/a,8,q_proj,39,0.9999299645423889
full,qqp,n/a,8,q_proj,40,0.9999434947967529
full,qqp,n/a,8,q_proj,41,0.9999911189079285
full,qqp,n/a,8,q_proj,42,0.9999908804893494
full,qqp,n/a,8,q_proj,43,0.9999940991401672
full,qqp,n/a,8,q_proj,44,0.9999920725822449
full,qqp,n/a,8,q_proj,45,0.9999929070472717
full,qqp,n/a,8,q_proj,46,0.999990701675415
full,qqp,n/a,8,q_proj,47,0.9999900460243225
full,qqp,n/a,8,q_proj,48,0.999995231628418
full,qqp,n/a,8,q_proj,49,0.9999935626983643
full,qqp,n/a,8,q_proj,50,0.9999940395355225
full,qqp,n/a,8,v_proj,1,0.9998798370361328
full,qqp,n/a,8,v_proj,2,0.9998940229415894
full,qqp,n/a,8,v_proj,3,0.9998825192451477
full,qqp,n/a,8,v_proj,4,0.9989441633224487
full,qqp,n/a,8,v_proj,5,0.999716579914093
full,qqp,n/a,8,v_proj,6,0.9990149736404419
full,qqp,n/a,8,v_proj,7,0.9995507001876831
full,qqp,n/a,8,v_proj,8,0.9989869594573975
full,qqp,n/a,8,v_proj,9,0.9990244507789612
full,qqp,n/a,8,v_proj,10,0.9964190125465393
full,qqp,n/a,8,v_proj,11,0.9964336156845093
full,qqp,n/a,8,v_proj,12,0.9989540576934814
full,qqp,n/a,8,v_proj,13,0.9989160299301147
full,qqp,n/a,8,v_proj,14,0.998945951461792
full,qqp,n/a,8,v_proj,15,0.9997417330741882
full,qqp,n/a,8,v_proj,16,0.9985148310661316
full,qqp,n/a,8,v_proj,17,0.9980289340019226
full,qqp,n/a,8,v_proj,18,0.9992285370826721
full,qqp,n/a,8,v_proj,19,0.9982805848121643
full,qqp,n/a,8,v_proj,20,0.9984480142593384
full,qqp,n/a,8,v_proj,21,0.9990383386611938
full,qqp,n/a,8,v_proj,22,0.9994354844093323
full,qqp,n/a,8,v_proj,23,0.9971346855163574
full,qqp,n/a,8,v_proj,24,0.9982161521911621
full,qqp,n/a,8,v_proj,25,0.9987760186195374
full,qqp,n/a,8,v_proj,26,0.9991682767868042
full,qqp,n/a,8,v_proj,27,0.9989878535270691
full,qqp,n/a,8,v_proj,28,0.9992112517356873
full,qqp,n/a,8,v_proj,29,0.9990765452384949
full,qqp,n/a,8,v_proj,30,0.9984657764434814
full,qqp,n/a,8,v_proj,31,0.9987722635269165
full,qqp,n/a,8,v_proj,32,0.998708188533783
full,qqp,n/a,8,v_proj,33,0.9985677599906921
full,qqp,n/a,8,v_proj,34,0.9989510774612427
full,qqp,n/a,8,v_proj,35,0.9994951486587524
full,qqp,n/a,8,v_proj,36,0.998630166053772
full,qqp,n/a,8,v_proj,37,0.9982293844223022
full,qqp,n/a,8,v_proj,38,0.9983981847763062
full,qqp,n/a,8,v_proj,39,0.9969451427459717
full,qqp,n/a,8,v_proj,40,0.999544084072113
full,qqp,n/a,8,v_proj,41,0.9995339512825012
full,qqp,n/a,8,v_proj,42,0.9995003938674927
full,qqp,n/a,8,v_proj,43,0.9989405274391174
full,qqp,n/a,8,v_proj,44,0.9986557960510254
full,qqp,n/a,8,v_proj,45,0.9982743859291077
full,qqp,n/a,8,v_proj,46,0.9956996440887451
full,qqp,n/a,8,v_proj,47,0.9944647550582886
full,qqp,n/a,8,v_proj,48,0.9978821873664856
full,qqp,n/a,8,v_proj,49,0.9934449195861816
full,qqp,n/a,8,v_proj,50,0.9952532052993774
full,qqp,n/a,8,up_proj,1,0.9999964833259583
full,qqp,n/a,8,up_proj,2,0.9999918341636658
full,qqp,n/a,8,up_proj,3,0.9999918937683105
full,qqp,n/a,8,up_proj,4,0.9999915957450867
full,qqp,n/a,8,up_proj,5,0.9999662637710571
full,qqp,n/a,8,up_proj,6,0.9999703168869019
full,qqp,n/a,8,up_proj,7,0.9999875426292419
full,qqp,n/a,8,up_proj,8,0.9999790191650391
full,qqp,n/a,8,up_proj,9,0.9999755620956421
full,qqp,n/a,8,up_proj,10,0.9999485015869141
full,qqp,n/a,8,up_proj,11,0.9999710321426392
full,qqp,n/a,8,up_proj,12,0.9999421238899231
full,qqp,n/a,8,up_proj,13,0.8675979971885681
full,qqp,n/a,8,up_proj,14,0.8676254153251648
full,qqp,n/a,8,up_proj,15,0.9999691843986511
full,qqp,n/a,8,up_proj,16,0.9999778866767883
full,qqp,n/a,8,up_proj,17,0.999981164932251
full,qqp,n/a,8,up_proj,18,0.9999590516090393
full,qqp,n/a,8,up_proj,19,0.9999628067016602
full,qqp,n/a,8,up_proj,20,0.999973714351654
full,qqp,n/a,8,up_proj,21,0.9999750256538391
full,qqp,n/a,8,up_proj,22,0.9999610185623169
full,qqp,n/a,8,up_proj,23,0.9988443851470947
full,qqp,n/a,8,up_proj,24,0.9988211989402771
full,qqp,n/a,8,up_proj,25,0.9997329115867615
full,qqp,n/a,8,up_proj,26,0.9997003078460693
full,qqp,n/a,8,up_proj,27,0.9998269081115723
full,qqp,n/a,8,up_proj,28,0.99982088804245
full,qqp,n/a,8,up_proj,29,0.9997249841690063
full,qqp,n/a,8,up_proj,30,0.9996950030326843
full,qqp,n/a,8,up_proj,31,0.9998956322669983
full,qqp,n/a,8,up_proj,32,0.9983621835708618
full,qqp,n/a,8,up_proj,33,0.9980720281600952
full,qqp,n/a,8,up_proj,34,0.9996336102485657
full,qqp,n/a,8,up_proj,35,0.9999719858169556
full,qqp,n/a,8,up_proj,36,0.9999327063560486
full,qqp,n/a,8,up_proj,37,0.9989263415336609
full,qqp,n/a,8,up_proj,38,0.9989254474639893
full,qqp,n/a,8,up_proj,39,0.957085907459259
full,qqp,n/a,8,up_proj,40,0.9570967555046082
full,qqp,n/a,8,up_proj,41,0.9998434782028198
full,qqp,n/a,8,up_proj,42,0.999809980392456
full,qqp,n/a,8,up_proj,43,0.999740481376648
full,qqp,n/a,8,up_proj,44,0.999606192111969
full,qqp,n/a,8,up_proj,45,0.9995681643486023
full,qqp,n/a,8,up_proj,46,0.9993459582328796
full,qqp,n/a,8,up_proj,47,0.9994379281997681
full,qqp,n/a,8,up_proj,48,0.9997984170913696
full,qqp,n/a,8,up_proj,49,0.9994394779205322
full,qqp,n/a,8,up_proj,50,0.9996098279953003
full,qqp,n/a,8,down_proj,1,1.0000004768371582
full,qqp,n/a,8,down_proj,2,0.9999991059303284
full,qqp,n/a,8,down_proj,3,0.9999989867210388
full,qqp,n/a,8,down_proj,4,0.9999980926513672
full,qqp,n/a,8,down_proj,5,0.9999979734420776
full,qqp,n/a,8,down_proj,6,0.9999984502792358
full,qqp,n/a,8,down_proj,7,0.9999973773956299
full,qqp,n/a,8,down_proj,8,0.9999977350234985
full,qqp,n/a,8,down_proj,9,0.9999973773956299
full,qqp,n/a,8,down_proj,10,0.999982476234436
full,qqp,n/a,8,down_proj,11,0.9999768733978271
full,qqp,n/a,8,down_proj,12,0.9999871253967285
full,qqp,n/a,8,down_proj,13,0.9999917149543762
full,qqp,n/a,8,down_proj,14,0.9999444484710693
full,qqp,n/a,8,down_proj,15,0.9999444484710693
full,qqp,n/a,8,down_proj,16,0.9999945163726807
full,qqp,n/a,8,down_proj,17,0.999992847442627
full,qqp,n/a,8,down_proj,18,0.9999899864196777
full,qqp,n/a,8,down_proj,19,0.9987673759460449
full,qqp,n/a,8,down_proj,20,0.9987790584564209
full,qqp,n/a,8,down_proj,21,0.9999661445617676
full,qqp,n/a,8,down_proj,22,0.9999180436134338
full,qqp,n/a,8,down_proj,23,0.999926745891571
full,qqp,n/a,8,down_proj,24,0.9999783039093018
full,qqp,n/a,8,down_proj,25,0.9999754428863525
full,qqp,n/a,8,down_proj,26,0.9999518990516663
full,qqp,n/a,8,down_proj,27,0.9999454617500305
full,qqp,n/a,8,down_proj,28,0.9999478459358215
full,qqp,n/a,8,down_proj,29,0.999945342540741
full,qqp,n/a,8,down_proj,30,0.9999646544456482
full,qqp,n/a,8,down_proj,31,0.9999616742134094
full,qqp,n/a,8,down_proj,32,0.9999744296073914
full,qqp,n/a,8,down_proj,33,0.9999416470527649
full,qqp,n/a,8,down_proj,34,0.9998134970664978
full,qqp,n/a,8,down_proj,35,0.9997825622558594
full,qqp,n/a,8,down_proj,36,0.9999751448631287
full,qqp,n/a,8,down_proj,37,0.9999650716781616
full,qqp,n/a,8,down_proj,38,0.999961793422699
full,qqp,n/a,8,down_proj,39,0.9998370409011841
full,qqp,n/a,8,down_proj,40,0.999835729598999
full,qqp,n/a,8,down_proj,41,0.999918520450592
full,qqp,n/a,8,down_proj,42,0.9999305009841919
full,qqp,n/a,8,down_proj,43,0.9999614357948303
full,qqp,n/a,8,down_proj,44,0.9999633431434631
full,qqp,n/a,8,down_proj,45,0.999948263168335
full,qqp,n/a,8,down_proj,46,0.9998806715011597
full,qqp,n/a,8,down_proj,47,0.9997715353965759
full,qqp,n/a,8,down_proj,48,0.9998204112052917
full,qqp,n/a,8,down_proj,49,0.9998633861541748
full,qqp,n/a,8,down_proj,50,0.999917209148407
full,qqp,n/a,15,q_proj,1,0.9999993443489075
full,qqp,n/a,15,q_proj,2,1.0000001192092896
full,qqp,n/a,15,q_proj,3,0.9999996423721313
full,qqp,n/a,15,q_proj,4,0.9999974966049194
full,qqp,n/a,15,q_proj,5,0.9999980330467224
full,qqp,n/a,15,q_proj,6,0.9999989867210388
full,qqp,n/a,15,q_proj,7,0.9999986886978149
full,qqp,n/a,15,q_proj,8,0.9999989867210388
full,qqp,n/a,15,q_proj,9,0.9999994039535522
full,qqp,n/a,15,q_proj,10,0.9999983310699463
full,qqp,n/a,15,q_proj,11,0.9999987483024597
full,qqp,n/a,15,q_proj,12,0.9999985694885254
full,qqp,n/a,15,q_proj,13,0.9999988079071045
full,qqp,n/a,15,q_proj,14,0.9999994039535522
full,qqp,n/a,15,q_proj,15,0.9999991655349731
full,qqp,n/a,15,q_proj,16,0.9999992847442627
full,qqp,n/a,15,q_proj,17,0.9999991655349731
full,qqp,n/a,15,q_proj,18,0.9999970197677612
full,qqp,n/a,15,q_proj,19,0.9999958276748657
full,qqp,n/a,15,q_proj,20,0.9999977350234985
full,qqp,n/a,15,q_proj,21,0.9999971985816956
full,qqp,n/a,15,q_proj,22,0.9999967813491821
full,qqp,n/a,15,q_proj,23,0.9999969005584717
full,qqp,n/a,15,q_proj,24,0.9999991059303284
full,qqp,n/a,15,q_proj,25,0.9999990463256836
full,qqp,n/a,15,q_proj,26,0.999999463558197
full,qqp,n/a,15,q_proj,27,0.9999987483024597
full,qqp,n/a,15,q_proj,28,0.9999983906745911
full,qqp,n/a,15,q_proj,29,0.9999988675117493
full,qqp,n/a,15,q_proj,30,0.9999973773956299
full,qqp,n/a,15,q_proj,31,0.9999985098838806
full,qqp,n/a,15,q_proj,32,0.9999978542327881
full,qqp,n/a,15,q_proj,33,0.9999982714653015
full,qqp,n/a,15,q_proj,34,0.9999980926513672
full,qqp,n/a,15,q_proj,35,0.9999991655349731
full,qqp,n/a,15,q_proj,36,0.999998927116394
full,qqp,n/a,15,q_proj,37,0.9999984502792358
full,qqp,n/a,15,q_proj,38,0.9999980926513672
full,qqp,n/a,15,q_proj,39,0.9999986886978149
full,qqp,n/a,15,q_proj,40,0.9999972581863403
full,qqp,n/a,15,q_proj,41,0.9999954700469971
full,qqp,n/a,15,q_proj,42,0.9999964237213135
full,qqp,n/a,15,q_proj,43,0.9999960064888
full,qqp,n/a,15,q_proj,44,0.9999844431877136
full,qqp,n/a,15,q_proj,45,0.9999832510948181
full,qqp,n/a,15,q_proj,46,0.9999969005584717
full,qqp,n/a,15,q_proj,47,0.9999958872795105
full,qqp,n/a,15,q_proj,48,0.9999935626983643
full,qqp,n/a,15,q_proj,49,0.9999933838844299
full,qqp,n/a,15,q_proj,50,0.9999752640724182
full,qqp,n/a,15,v_proj,1,0.9999995827674866
full,qqp,n/a,15,v_proj,2,0.9999973773956299
full,qqp,n/a,15,v_proj,3,0.9999967813491821
full,qqp,n/a,15,v_proj,4,0.9999949336051941
full,qqp,n/a,15,v_proj,5,0.9999844431877136
full,qqp,n/a,15,v_proj,6,0.9999861717224121
full,qqp,n/a,15,v_proj,7,0.9999946355819702
full,qqp,n/a,15,v_proj,8,0.9999988675117493
full,qqp,n/a,15,v_proj,9,0.999995768070221
full,qqp,n/a,15,v_proj,10,0.9999971985816956
full,qqp,n/a,15,v_proj,11,0.9999893307685852
full,qqp,n/a,15,v_proj,12,0.9999779462814331
full,qqp,n/a,15,v_proj,13,0.9999753832817078
full,qqp,n/a,15,v_proj,14,0.9999237656593323
full,qqp,n/a,15,v_proj,15,0.9999209642410278
full,qqp,n/a,15,v_proj,16,0.9999903440475464
full,qqp,n/a,15,v_proj,17,0.9999918341636658
full,qqp,n/a,15,v_proj,18,0.9999880790710449
full,qqp,n/a,15,v_proj,19,0.9999814033508301
full,qqp,n/a,15,v_proj,20,0.9999720454216003
full,qqp,n/a,15,v_proj,21,0.9999755620956421
full,qqp,n/a,15,v_proj,22,0.9999850988388062
full,qqp,n/a,15,v_proj,23,0.9999790787696838
full,qqp,n/a,15,v_proj,24,0.9999879002571106
full,qqp,n/a,15,v_proj,25,0.9996042847633362
full,qqp,n/a,15,v_proj,26,0.9996135234832764
full,qqp,n/a,15,v_proj,27,0.9999786615371704
full,qqp,n/a,15,v_proj,28,0.999972403049469
full,qqp,n/a,15,v_proj,29,0.999981164932251
full,qqp,n/a,15,v_proj,30,0.9999831318855286
full,qqp,n/a,15,v_proj,31,0.9999898076057434
full,qqp,n/a,15,v_proj,32,0.9999916553497314
full,qqp,n/a,15,v_proj,33,0.999977707862854
full,qqp,n/a,15,v_proj,34,0.999820351600647
full,qqp,n/a,15,v_proj,35,0.9998013377189636
full,qqp,n/a,15,v_proj,36,0.999937891960144
full,qqp,n/a,15,v_proj,37,0.9999328851699829
full,qqp,n/a,15,v_proj,38,0.9999854564666748
full,qqp,n/a,15,v_proj,39,0.9999874830245972
full,qqp,n/a,15,v_proj,40,0.9999796152114868
full,qqp,n/a,15,v_proj,41,0.9999827146530151
full,qqp,n/a,15,v_proj,42,0.9999852180480957
full,qqp,n/a,15,v_proj,43,0.9999892115592957
full,qqp,n/a,15,v_proj,44,0.9999767541885376
full,qqp,n/a,15,v_proj,45,0.9999792575836182
full,qqp,n/a,15,v_proj,46,0.9999879598617554
full,qqp,n/a,15,v_proj,47,0.9999814033508301
full,qqp,n/a,15,v_proj,48,0.9999908208847046
full,qqp,n/a,15,v_proj,49,0.9999861121177673
full,qqp,n/a,15,v_proj,50,0.9999867081642151
full,qqp,n/a,15,up_proj,1,1.0000001192092896
full,qqp,n/a,15,up_proj,2,1.0000011920928955
full,qqp,n/a,15,up_proj,3,1.000000238418579
full,qqp,n/a,15,up_proj,4,0.9999998211860657
full,qqp,n/a,15,up_proj,5,0.9999988675117493
full,qqp,n/a,15,up_proj,6,0.9999991655349731
full,qqp,n/a,15,up_proj,7,0.9999989867210388
full,qqp,n/a,15,up_proj,8,0.9999988079071045
full,qqp,n/a,15,up_proj,9,0.9999986886978149
full,qqp,n/a,15,up_proj,10,0.9999986886978149
full,qqp,n/a,15,up_proj,11,0.9999986290931702
full,qqp,n/a,15,up_proj,12,0.9999988079071045
full,qqp,n/a,15,up_proj,13,0.9999984502792358
full,qqp,n/a,15,up_proj,14,0.9999983906745911
full,qqp,n/a,15,up_proj,15,0.9999985098838806
full,qqp,n/a,15,up_proj,16,0.9999983310699463
full,qqp,n/a,15,up_proj,17,0.9999986290931702
full,qqp,n/a,15,up_proj,18,0.9999969601631165
full,qqp,n/a,15,up_proj,19,0.9999958872795105
full,qqp,n/a,15,up_proj,20,0.9999960660934448
full,qqp,n/a,15,up_proj,21,0.9999955296516418
full,qqp,n/a,15,up_proj,22,0.9999975562095642
full,qqp,n/a,15,up_proj,23,0.999998152256012
full,qqp,n/a,15,up_proj,24,0.9999861717224121
full,qqp,n/a,15,up_proj,25,0.9999831914901733
full,qqp,n/a,15,up_proj,26,0.9999902844429016
full,qqp,n/a,15,up_proj,27,0.999994695186615
full,qqp,n/a,15,up_proj,28,0.9999923706054688
full,qqp,n/a,15,up_proj,29,0.9999954104423523
full,qqp,n/a,15,up_proj,30,0.9999937415122986
full,qqp,n/a,15,up_proj,31,0.999993085861206
full,qqp,n/a,15,up_proj,32,0.9999971985816956
full,qqp,n/a,15,up_proj,33,0.9999931454658508
full,qqp,n/a,15,up_proj,34,0.9999863505363464
full,qqp,n/a,15,up_proj,35,0.9999808073043823
full,qqp,n/a,15,up_proj,36,0.9999812841415405
full,qqp,n/a,15,up_proj,37,0.9999677538871765
full,qqp,n/a,15,up_proj,38,0.9999765753746033
full,qqp,n/a,15,up_proj,39,0.9999500513076782
full,qqp,n/a,15,up_proj,40,0.9999444484710693
full,qqp,n/a,15,up_proj,41,0.9999590516090393
full,qqp,n/a,15,up_proj,42,0.9999573230743408
full,qqp,n/a,15,up_proj,43,0.9999732375144958
full,qqp,n/a,15,up_proj,44,0.9999935030937195
full,qqp,n/a,15,up_proj,45,0.9999821782112122
full,qqp,n/a,15,up_proj,46,0.9999752640724182
full,qqp,n/a,15,up_proj,47,0.9999576807022095
full,qqp,n/a,15,up_proj,48,0.9999673366546631
full,qqp,n/a,15,up_proj,49,0.9999857544898987
full,qqp,n/a,15,up_proj,50,0.9999804496765137
full,qqp,n/a,15,down_proj,1,0.9999997019767761
full,qqp,n/a,15,down_proj,2,0.9999964237213135
full,qqp,n/a,15,down_proj,3,0.9999932646751404
full,qqp,n/a,15,down_proj,4,0.999981701374054
full,qqp,n/a,15,down_proj,5,0.9999966025352478
full,qqp,n/a,15,down_proj,6,0.9999955892562866
full,qqp,n/a,15,down_proj,7,0.9999914169311523
full,qqp,n/a,15,down_proj,8,0.9999825954437256
full,qqp,n/a,15,down_proj,9,0.9999299049377441
full,qqp,n/a,15,down_proj,10,0.9999193549156189
full,qqp,n/a,15,down_proj,11,0.9999784231185913
full,qqp,n/a,15,down_proj,12,0.9999769330024719
full,qqp,n/a,15,down_proj,13,0.9996823668479919
full,qqp,n/a,15,down_proj,14,0.9996867179870605
full,qqp,n/a,15,down_proj,15,0.9999839663505554
full,qqp,n/a,15,down_proj,16,0.9999492168426514
full,qqp,n/a,15,down_proj,17,0.9999210834503174
full,qqp,n/a,15,down_proj,18,0.9998636245727539
full,qqp,n/a,15,down_proj,19,0.9998171925544739
full,qqp,n/a,15,down_proj,20,0.9999256134033203
full,qqp,n/a,15,down_proj,21,0.9999802708625793
full,qqp,n/a,15,down_proj,22,0.9998575448989868
full,qqp,n/a,15,down_proj,23,0.9997947216033936
full,qqp,n/a,15,down_proj,24,0.9998511672019958
full,qqp,n/a,15,down_proj,25,0.9999027848243713
full,qqp,n/a,15,down_proj,26,0.9996514320373535
full,qqp,n/a,15,down_proj,27,0.9995964765548706
full,qqp,n/a,15,down_proj,28,0.9998857975006104
full,qqp,n/a,15,down_proj,29,0.9997771978378296
full,qqp,n/a,15,down_proj,30,0.9987825155258179
full,qqp,n/a,15,down_proj,31,0.9987069964408875
full,qqp,n/a,15,down_proj,32,0.9999446272850037
full,qqp,n/a,15,down_proj,33,0.9999392628669739
full,qqp,n/a,15,down_proj,34,0.9996519684791565
full,qqp,n/a,15,down_proj,35,0.9997607469558716
full,qqp,n/a,15,down_proj,36,0.9997739195823669
full,qqp,n/a,15,down_proj,37,0.9996771812438965
full,qqp,n/a,15,down_proj,38,0.9997473359107971
full,qqp,n/a,15,down_proj,39,0.9997703433036804
full,qqp,n/a,15,down_proj,40,0.9995938539505005
full,qqp,n/a,15,down_proj,41,0.9995124936103821
full,qqp,n/a,15,down_proj,42,0.9997910857200623
full,qqp,n/a,15,down_proj,43,0.9997093677520752
full,qqp,n/a,15,down_proj,44,0.9998534917831421
full,qqp,n/a,15,down_proj,45,0.9998679757118225
full,qqp,n/a,15,down_proj,46,0.999923050403595
full,qqp,n/a,15,down_proj,47,0.9996138215065002
full,qqp,n/a,15,down_proj,48,0.999625027179718
full,qqp,n/a,15,down_proj,49,0.9999091029167175
full,qqp,n/a,15,down_proj,50,0.9999063611030579
full,siqa,n/a,0,q_proj,1,1.0
full,siqa,n/a,0,q_proj,2,0.9999996423721313
full,siqa,n/a,0,q_proj,3,1.0000007152557373
full,siqa,n/a,0,q_proj,4,0.9999992847442627
full,siqa,n/a,0,q_proj,5,0.9999996423721313
full,siqa,n/a,0,q_proj,6,0.999999463558197
full,siqa,n/a,0,q_proj,7,0.9999991655349731
full,siqa,n/a,0,q_proj,8,0.9999996423721313
full,siqa,n/a,0,q_proj,9,0.9999988675117493
full,siqa,n/a,0,q_proj,10,0.999999463558197
full,siqa,n/a,0,q_proj,11,0.9999997615814209
full,siqa,n/a,0,q_proj,12,0.999998927116394
full,siqa,n/a,0,q_proj,13,0.9999987483024597
full,siqa,n/a,0,q_proj,14,0.9999986290931702
full,siqa,n/a,0,q_proj,15,0.9999114274978638
full,siqa,n/a,0,q_proj,16,0.9999113082885742
full,siqa,n/a,0,q_proj,17,0.9999954700469971
full,siqa,n/a,0,q_proj,18,0.9999938011169434
full,siqa,n/a,0,q_proj,19,0.9999966621398926
full,siqa,n/a,0,q_proj,20,0.9999984502792358
full,siqa,n/a,0,q_proj,21,0.9999844431877136
full,siqa,n/a,0,q_proj,22,0.9999841451644897
full,siqa,n/a,0,q_proj,23,0.9999974966049194
full,siqa,n/a,0,q_proj,24,0.999997615814209
full,siqa,n/a,0,q_proj,25,0.9999969005584717
full,siqa,n/a,0,q_proj,26,0.9999988675117493
full,siqa,n/a,0,q_proj,27,0.9999716281890869
full,siqa,n/a,0,q_proj,28,0.9999712705612183
full,siqa,n/a,0,q_proj,29,0.9999951720237732
full,siqa,n/a,0,q_proj,30,0.9999932646751404
full,siqa,n/a,0,q_proj,31,0.9999915957450867
full,siqa,n/a,0,q_proj,32,0.999995231628418
full,siqa,n/a,0,q_proj,33,0.9999948143959045
full,siqa,n/a,0,q_proj,34,0.9999918937683105
full,siqa,n/a,0,q_proj,35,0.9999900460243225
full,siqa,n/a,0,q_proj,36,0.9999784231185913
full,siqa,n/a,0,q_proj,37,0.9999791383743286
full,siqa,n/a,0,q_proj,38,0.9999735951423645
full,siqa,n/a,0,q_proj,39,0.9999658465385437
full,siqa,n/a,0,q_proj,40,0.9999845623970032
full,siqa,n/a,0,q_proj,41,0.9999921917915344
full,siqa,n/a,0,q_proj,42,0.9998754858970642
full,siqa,n/a,0,q_proj,43,0.9998720288276672
full,siqa,n/a,0,q_proj,44,0.9999944567680359
full,siqa,n/a,0,q_proj,45,0.999990701675415
full,siqa,n/a,0,q_proj,46,0.9999855756759644
full,siqa,n/a,0,q_proj,47,0.999883234500885
full,siqa,n/a,0,q_proj,48,0.999890923500061
full,siqa,n/a,0,q_proj,49,0.9999927878379822
full,siqa,n/a,0,q_proj,50,0.9999346733093262
full,siqa,n/a,0,v_proj,1,0.9999675750732422
full,siqa,n/a,0,v_proj,2,0.9997929334640503
full,siqa,n/a,0,v_proj,3,0.9998103380203247
full,siqa,n/a,0,v_proj,4,0.9997495412826538
full,siqa,n/a,0,v_proj,5,0.9999271631240845
full,siqa,n/a,0,v_proj,6,0.9998036623001099
full,siqa,n/a,0,v_proj,7,0.9994627833366394
full,siqa,n/a,0,v_proj,8,0.9993342161178589
full,siqa,n/a,0,v_proj,9,0.9996464252471924
full,siqa,n/a,0,v_proj,10,0.9996182918548584
full,siqa,n/a,0,v_proj,11,0.9994170665740967
full,siqa,n/a,0,v_proj,12,0.9980380535125732
full,siqa,n/a,0,v_proj,13,0.9969584941864014
full,siqa,n/a,0,v_proj,14,0.9985989332199097
full,siqa,n/a,0,v_proj,15,0.9976133108139038
full,siqa,n/a,0,v_proj,16,0.9976506233215332
full,siqa,n/a,0,v_proj,17,0.9991759061813354
full,siqa,n/a,0,v_proj,18,0.9987547993659973
full,siqa,n/a,0,v_proj,19,0.9982839226722717
full,siqa,n/a,0,v_proj,20,0.9986289143562317
full,siqa,n/a,0,v_proj,21,0.9982739090919495
full,siqa,n/a,0,v_proj,22,0.9908347129821777
full,siqa,n/a,0,v_proj,23,0.9862849116325378
full,siqa,n/a,0,v_proj,24,0.9901732206344604
full,siqa,n/a,0,v_proj,25,0.9969829320907593
full,siqa,n/a,0,v_proj,26,0.9967477321624756
full,siqa,n/a,0,v_proj,27,0.9970805644989014
full,siqa,n/a,0,v_proj,28,0.9955344200134277
full,siqa,n/a,0,v_proj,29,0.9897918701171875
full,siqa,n/a,0,v_proj,30,0.9903000593185425
full,siqa,n/a,0,v_proj,31,0.9954187273979187
full,siqa,n/a,0,v_proj,32,0.9871935844421387
full,siqa,n/a,0,v_proj,33,0.9867701530456543
full,siqa,n/a,0,v_proj,34,0.9976439476013184
full,siqa,n/a,0,v_proj,35,0.9919308423995972
full,siqa,n/a,0,v_proj,36,0.9906734824180603
full,siqa,n/a,0,v_proj,37,0.9952719211578369
full,siqa,n/a,0,v_proj,38,0.9957976341247559
full,siqa,n/a,0,v_proj,39,0.9978160858154297
full,siqa,n/a,0,v_proj,40,0.9915034770965576
full,siqa,n/a,0,v_proj,41,0.9801888465881348
full,siqa,n/a,0,v_proj,42,0.9844590425491333
full,siqa,n/a,0,v_proj,43,0.9853795766830444
full,siqa,n/a,0,v_proj,44,0.9789421558380127
full,siqa,n/a,0,v_proj,45,0.9938443899154663
full,siqa,n/a,0,v_proj,46,0.9862294793128967
full,siqa,n/a,0,v_proj,47,0.9865842461585999
full,siqa,n/a,0,v_proj,48,0.9976238012313843
full,siqa,n/a,0,v_proj,49,0.99739670753479
full,siqa,n/a,0,v_proj,50,0.9951877593994141
full,siqa,n/a,0,up_proj,1,0.9999879598617554
full,siqa,n/a,0,up_proj,2,0.999984860420227
full,siqa,n/a,0,up_proj,3,0.9999891519546509
full,siqa,n/a,0,up_proj,4,0.9999821782112122
full,siqa,n/a,0,up_proj,5,0.9999796748161316
full,siqa,n/a,0,up_proj,6,0.9999716281890869
full,siqa,n/a,0,up_proj,7,0.9999639391899109
full,siqa,n/a,0,up_proj,8,0.999968409538269
full,siqa,n/a,0,up_proj,9,0.9999266266822815
full,siqa,n/a,0,up_proj,10,0.999926745891571
full,siqa,n/a,0,up_proj,11,0.9999575018882751
full,siqa,n/a,0,up_proj,12,0.9999589323997498
full,siqa,n/a,0,up_proj,13,0.999798059463501
full,siqa,n/a,0,up_proj,14,0.9996278285980225
full,siqa,n/a,0,up_proj,15,0.9998096823692322
full,siqa,n/a,0,up_proj,16,0.999921977519989
full,siqa,n/a,0,up_proj,17,0.9997235536575317
full,siqa,n/a,0,up_proj,18,0.999729573726654
full,siqa,n/a,0,up_proj,19,0.9999460577964783
full,siqa,n/a,0,up_proj,20,0.9999188780784607
full,siqa,n/a,0,up_proj,21,0.999891996383667
full,siqa,n/a,0,up_proj,22,0.9998704195022583
full,siqa,n/a,0,up_proj,23,0.999953031539917
full,siqa,n/a,0,up_proj,24,0.9999255537986755
full,siqa,n/a,0,up_proj,25,0.9999321699142456
full,siqa,n/a,0,up_proj,26,0.9988117814064026
full,siqa,n/a,0,up_proj,27,0.9987892508506775
full,siqa,n/a,0,up_proj,28,0.9999402165412903
full,siqa,n/a,0,up_proj,29,0.9999352693557739
full,siqa,n/a,0,up_proj,30,0.9998911023139954
full,siqa,n/a,0,up_proj,31,0.9999154806137085
full,siqa,n/a,0,up_proj,32,0.9999285936355591
full,siqa,n/a,0,up_proj,33,0.9999200105667114
full,siqa,n/a,0,up_proj,34,0.9999430179595947
full,siqa,n/a,0,up_proj,35,0.9999309182167053
full,siqa,n/a,0,up_proj,36,0.9999145865440369
full,siqa,n/a,0,up_proj,37,0.9999296069145203
full,siqa,n/a,0,up_proj,38,0.9998478293418884
full,siqa,n/a,0,up_proj,39,0.9998546838760376
full,siqa,n/a,0,up_proj,40,0.9998865127563477
full,siqa,n/a,0,up_proj,41,0.999826967716217
full,siqa,n/a,0,up_proj,42,0.999824583530426
full,siqa,n/a,0,up_proj,43,0.9998853802680969
full,siqa,n/a,0,up_proj,44,0.9998815059661865
full,siqa,n/a,0,up_proj,45,0.9998723268508911
full,siqa,n/a,0,up_proj,46,0.9998303055763245
full,siqa,n/a,0,up_proj,47,0.9997715950012207
full,siqa,n/a,0,up_proj,48,0.9988521337509155
full,siqa,n/a,0,up_proj,49,0.9988993406295776
full,siqa,n/a,0,up_proj,50,0.9996507167816162
full,siqa,n/a,0,down_proj,1,0.9999977350234985
full,siqa,n/a,0,down_proj,2,0.9999974370002747
full,siqa,n/a,0,down_proj,3,0.9999964237213135
full,siqa,n/a,0,down_proj,4,0.999995768070221
full,siqa,n/a,0,down_proj,5,0.9999942779541016
full,siqa,n/a,0,down_proj,6,0.9999894499778748
full,siqa,n/a,0,down_proj,7,0.9999894499778748
full,siqa,n/a,0,down_proj,8,0.9999852776527405
full,siqa,n/a,0,down_proj,9,0.9999865293502808
full,siqa,n/a,0,down_proj,10,0.9999759793281555
full,siqa,n/a,0,down_proj,11,0.9999703168869019
full,siqa,n/a,0,down_proj,12,0.999968409538269
full,siqa,n/a,0,down_proj,13,0.9999579787254333
full,siqa,n/a,0,down_proj,14,0.9999305009841919
full,siqa,n/a,0,down_proj,15,0.9999378323554993
full,siqa,n/a,0,down_proj,16,0.999971866607666
full,siqa,n/a,0,down_proj,17,0.9994933605194092
full,siqa,n/a,0,down_proj,18,0.999484658241272
full,siqa,n/a,0,down_proj,19,0.9999648332595825
full,siqa,n/a,0,down_proj,20,0.9285198450088501
full,siqa,n/a,0,down_proj,21,0.9285128712654114
full,siqa,n/a,0,down_proj,22,0.9995297789573669
full,siqa,n/a,0,down_proj,23,0.999541163444519
full,siqa,n/a,0,down_proj,24,0.9999250769615173
full,siqa,n/a,0,down_proj,25,0.9999507069587708
full,siqa,n/a,0,down_proj,26,0.9998565912246704
full,siqa,n/a,0,down_proj,27,0.9997245669364929
full,siqa,n/a,0,down_proj,28,0.9998204708099365
full,siqa,n/a,0,down_proj,29,0.9997905492782593
full,siqa,n/a,0,down_proj,30,0.9998518228530884
full,siqa,n/a,0,down_proj,31,0.9999208450317383
full,siqa,n/a,0,down_proj,32,0.9997884035110474
full,siqa,n/a,0,down_proj,33,0.9899235367774963
full,siqa,n/a,0,down_proj,34,0.989920437335968
full,siqa,n/a,0,down_proj,35,0.9992668628692627
full,siqa,n/a,0,down_proj,36,0.9996136426925659
full,siqa,n/a,0,down_proj,37,0.999497652053833
full,siqa,n/a,0,down_proj,38,0.9998274445533752
full,siqa,n/a,0,down_proj,39,0.9998111128807068
full,siqa,n/a,0,down_proj,40,0.9998156428337097
full,siqa,n/a,0,down_proj,41,0.9998559355735779
full,siqa,n/a,0,down_proj,42,0.9962403178215027
full,siqa,n/a,0,down_proj,43,0.9961473941802979
full,siqa,n/a,0,down_proj,44,0.9997285008430481
full,siqa,n/a,0,down_proj,45,0.9997890591621399
full,siqa,n/a,0,down_proj,46,0.9998109936714172
full,siqa,n/a,0,down_proj,47,0.9980358481407166
full,siqa,n/a,0,down_proj,48,0.9983158707618713
full,siqa,n/a,0,down_proj,49,0.999722957611084
full,siqa,n/a,0,down_proj,50,0.9954613447189331
full,siqa,n/a,8,q_proj,1,0.9999969005584717
full,siqa,n/a,8,q_proj,2,0.9999969601631165
full,siqa,n/a,8,q_proj,3,0.9999979734420776
full,siqa,n/a,8,q_proj,4,0.9999971389770508
full,siqa,n/a,8,q_proj,5,0.9999975562095642
full,siqa,n/a,8,q_proj,6,0.999998927116394
full,siqa,n/a,8,q_proj,7,0.9999979734420776
full,siqa,n/a,8,q_proj,8,0.9999829530715942
full,siqa,n/a,8,q_proj,9,0.9999828338623047
full,siqa,n/a,8,q_proj,10,0.9999973773956299
full,siqa,n/a,8,q_proj,11,0.9999946355819702
full,siqa,n/a,8,q_proj,12,0.9999960660934448
full,siqa,n/a,8,q_proj,13,0.9999819397926331
full,siqa,n/a,8,q_proj,14,0.9999735355377197
full,siqa,n/a,8,q_proj,15,0.9999861717224121
full,siqa,n/a,8,q_proj,16,0.9999915361404419
full,siqa,n/a,8,q_proj,17,0.9999932646751404
full,siqa,n/a,8,q_proj,18,0.9999947547912598
full,siqa,n/a,8,q_proj,19,0.9999920725822449
full,siqa,n/a,8,q_proj,20,0.9999950528144836
full,siqa,n/a,8,q_proj,21,0.9999808669090271
full,siqa,n/a,8,q_proj,22,0.999981701374054
full,siqa,n/a,8,q_proj,23,0.9999872446060181
full,siqa,n/a,8,q_proj,24,0.9999838471412659
full,siqa,n/a,8,q_proj,25,0.9999905824661255
full,siqa,n/a,8,q_proj,26,0.9999915361404419
full,siqa,n/a,8,q_proj,27,0.9999869465827942
full,siqa,n/a,8,q_proj,28,0.9999861121177673
full,siqa,n/a,8,q_proj,29,0.999989926815033
full,siqa,n/a,8,q_proj,30,0.9999885559082031
full,siqa,n/a,8,q_proj,31,0.9999868273735046
full,siqa,n/a,8,q_proj,32,0.9999832510948181
full,siqa,n/a,8,q_proj,33,0.9999887943267822
full,siqa,n/a,8,q_proj,34,0.9999808073043823
full,siqa,n/a,8,q_proj,35,0.9999827742576599
full,siqa,n/a,8,q_proj,36,0.9999880194664001
full,siqa,n/a,8,q_proj,37,0.9999914169311523
full,siqa,n/a,8,q_proj,38,0.9999723434448242
full,siqa,n/a,8,q_proj,39,0.999945878982544
full,siqa,n/a,8,q_proj,40,0.9999374747276306
full,siqa,n/a,8,q_proj,41,0.9999856948852539
full,siqa,n/a,8,q_proj,42,0.9999917149543762
full,siqa,n/a,8,q_proj,43,0.999969482421875
full,siqa,n/a,8,q_proj,44,0.9999521374702454
full,siqa,n/a,8,q_proj,45,0.9999784827232361
full,siqa,n/a,8,q_proj,46,0.9999905824661255
full,siqa,n/a,8,q_proj,47,0.9999624490737915
full,siqa,n/a,8,q_proj,48,0.9999598860740662
full,siqa,n/a,8,q_proj,49,0.9999889135360718
full,siqa,n/a,8,q_proj,50,0.9999837279319763
full,siqa,n/a,8,v_proj,1,0.9997369050979614
full,siqa,n/a,8,v_proj,2,0.9994978308677673
full,siqa,n/a,8,v_proj,3,0.9995196461677551
full,siqa,n/a,8,v_proj,4,0.9969740509986877
full,siqa,n/a,8,v_proj,5,0.9970470070838928
full,siqa,n/a,8,v_proj,6,0.997877836227417
full,siqa,n/a,8,v_proj,7,0.9993627071380615
full,siqa,n/a,8,v_proj,8,0.998021125793457
full,siqa,n/a,8,v_proj,9,0.9980316162109375
full,siqa,n/a,8,v_proj,10,0.9925658702850342
full,siqa,n/a,8,v_proj,11,0.9926416277885437
full,siqa,n/a,8,v_proj,12,0.9969956874847412
full,siqa,n/a,8,v_proj,13,0.9973219633102417
full,siqa,n/a,8,v_proj,14,0.9981768131256104
full,siqa,n/a,8,v_proj,15,0.9988402128219604
full,siqa,n/a,8,v_proj,16,0.9979631304740906
full,siqa,n/a,8,v_proj,17,0.997795045375824
full,siqa,n/a,8,v_proj,18,0.998985767364502
full,siqa,n/a,8,v_proj,19,0.998763918876648
full,siqa,n/a,8,v_proj,20,0.9981627464294434
full,siqa,n/a,8,v_proj,21,0.9981898665428162
full,siqa,n/a,8,v_proj,22,0.9990401268005371
full,siqa,n/a,8,v_proj,23,0.9961678981781006
full,siqa,n/a,8,v_proj,24,0.9966596364974976
full,siqa,n/a,8,v_proj,25,0.997881293296814
full,siqa,n/a,8,v_proj,26,0.9976268410682678
full,siqa,n/a,8,v_proj,27,0.99889075756073
full,siqa,n/a,8,v_proj,28,0.983820378780365
full,siqa,n/a,8,v_proj,29,0.9756977558135986
full,siqa,n/a,8,v_proj,30,0.9886096119880676
full,siqa,n/a,8,v_proj,31,0.9963189959526062
full,siqa,n/a,8,v_proj,32,0.9954922199249268
full,siqa,n/a,8,v_proj,33,0.9978742599487305
full,siqa,n/a,8,v_proj,34,0.9965475797653198
full,siqa,n/a,8,v_proj,35,0.9978443384170532
full,siqa,n/a,8,v_proj,36,0.9967169165611267
full,siqa,n/a,8,v_proj,37,0.9938994646072388
full,siqa,n/a,8,v_proj,38,0.9989823698997498
full,siqa,n/a,8,v_proj,39,0.9941456317901611
full,siqa,n/a,8,v_proj,40,0.9983946084976196
full,siqa,n/a,8,v_proj,41,0.9977687001228333
full,siqa,n/a,8,v_proj,42,0.994831383228302
full,siqa,n/a,8,v_proj,43,0.9954596161842346
full,siqa,n/a,8,v_proj,44,0.9983686208724976
full,siqa,n/a,8,v_proj,45,0.9970771670341492
full,siqa,n/a,8,v_proj,46,0.9800673723220825
full,siqa,n/a,8,v_proj,47,0.9791679978370667
full,siqa,n/a,8,v_proj,48,0.9928524494171143
full,siqa,n/a,8,v_proj,49,0.9882103800773621
full,siqa,n/a,8,v_proj,50,0.990624189376831
full,siqa,n/a,8,up_proj,1,0.9999919533729553
full,siqa,n/a,8,up_proj,2,0.999983549118042
full,siqa,n/a,8,up_proj,3,0.9999827146530151
full,siqa,n/a,8,up_proj,4,0.9999802112579346
full,siqa,n/a,8,up_proj,5,0.9999520182609558
full,siqa,n/a,8,up_proj,6,0.9999594688415527
full,siqa,n/a,8,up_proj,7,0.9999739527702332
full,siqa,n/a,8,up_proj,8,0.9999293684959412
full,siqa,n/a,8,up_proj,9,0.9999032020568848
full,siqa,n/a,8,up_proj,10,0.9999058842658997
full,siqa,n/a,8,up_proj,11,0.9999651908874512
full,siqa,n/a,8,up_proj,12,0.999916136264801
full,siqa,n/a,8,up_proj,13,0.9978874325752258
full,siqa,n/a,8,up_proj,14,0.997879683971405
full,siqa,n/a,8,up_proj,15,0.9999486804008484
full,siqa,n/a,8,up_proj,16,0.9999442100524902
full,siqa,n/a,8,up_proj,17,0.9999530911445618
full,siqa,n/a,8,up_proj,18,0.9999357461929321
full,siqa,n/a,8,up_proj,19,0.999912440776825
full,siqa,n/a,8,up_proj,20,0.9999477863311768
full,siqa,n/a,8,up_proj,21,0.9999499917030334
full,siqa,n/a,8,up_proj,22,0.9999384880065918
full,siqa,n/a,8,up_proj,23,0.9997464418411255
full,siqa,n/a,8,up_proj,24,0.999705970287323
full,siqa,n/a,8,up_proj,25,0.9995874762535095
full,siqa,n/a,8,up_proj,26,0.9996777772903442
full,siqa,n/a,8,up_proj,27,0.9996025562286377
full,siqa,n/a,8,up_proj,28,0.9994895458221436
full,siqa,n/a,8,up_proj,29,0.998393714427948
full,siqa,n/a,8,up_proj,30,0.998396098613739
full,siqa,n/a,8,up_proj,31,0.9993243217468262
full,siqa,n/a,8,up_proj,32,0.9970892071723938
full,siqa,n/a,8,up_proj,33,0.9971209764480591
full,siqa,n/a,8,up_proj,34,0.9993054866790771
full,siqa,n/a,8,up_proj,35,0.9998437762260437
full,siqa,n/a,8,up_proj,36,0.9995996356010437
full,siqa,n/a,8,up_proj,37,0.9988664388656616
full,siqa,n/a,8,up_proj,38,0.9986926913261414
full,siqa,n/a,8,up_proj,39,0.9813675880432129
full,siqa,n/a,8,up_proj,40,0.9814501404762268
full,siqa,n/a,8,up_proj,41,0.9994832873344421
full,siqa,n/a,8,up_proj,42,0.9992731809616089
full,siqa,n/a,8,up_proj,43,0.998659610748291
full,siqa,n/a,8,up_proj,44,0.9984675049781799
full,siqa,n/a,8,up_proj,45,0.9992562532424927
full,siqa,n/a,8,up_proj,46,0.9996205568313599
full,siqa,n/a,8,up_proj,47,0.9997820258140564
full,siqa,n/a,8,up_proj,48,0.9988653063774109
full,siqa,n/a,8,up_proj,49,0.9985101222991943
full,siqa,n/a,8,up_proj,50,0.9995005130767822
full,siqa,n/a,8,down_proj,1,0.9999991655349731
full,siqa,n/a,8,down_proj,2,0.9999975562095642
full,siqa,n/a,8,down_proj,3,0.9999970197677612
full,siqa,n/a,8,down_proj,4,0.9999961853027344
full,siqa,n/a,8,down_proj,5,0.999983549118042
full,siqa,n/a,8,down_proj,6,0.9999839067459106
full,siqa,n/a,8,down_proj,7,0.9999962449073792
full,siqa,n/a,8,down_proj,8,0.9999943971633911
full,siqa,n/a,8,down_proj,9,0.9999934434890747
full,siqa,n/a,8,down_proj,10,0.999969482421875
full,siqa,n/a,8,down_proj,11,0.9999599456787109
full,siqa,n/a,8,down_proj,12,0.9999741315841675
full,siqa,n/a,8,down_proj,13,0.9999871253967285
full,siqa,n/a,8,down_proj,14,0.9998234510421753
full,siqa,n/a,8,down_proj,15,0.999822735786438
full,siqa,n/a,8,down_proj,16,0.9999863505363464
full,siqa,n/a,8,down_proj,17,0.9999853372573853
full,siqa,n/a,8,down_proj,18,0.9999789595603943
full,siqa,n/a,8,down_proj,19,0.9903551936149597
full,siqa,n/a,8,down_proj,20,0.9903644919395447
full,siqa,n/a,8,down_proj,21,0.9999467730522156
full,siqa,n/a,8,down_proj,22,0.9999116659164429
full,siqa,n/a,8,down_proj,23,0.9999131560325623
full,siqa,n/a,8,down_proj,24,0.9999620318412781
full,siqa,n/a,8,down_proj,25,0.9999266266822815
full,siqa,n/a,8,down_proj,26,0.9996280074119568
full,siqa,n/a,8,down_proj,27,0.9996204376220703
full,siqa,n/a,8,down_proj,28,0.999907374382019
full,siqa,n/a,8,down_proj,29,0.9998942613601685
full,siqa,n/a,8,down_proj,30,0.9999051690101624
full,siqa,n/a,8,down_proj,31,0.9998968243598938
full,siqa,n/a,8,down_proj,32,0.99992835521698
full,siqa,n/a,8,down_proj,33,0.9998317360877991
full,siqa,n/a,8,down_proj,34,0.9996405839920044
full,siqa,n/a,8,down_proj,35,0.9996330142021179
full,siqa,n/a,8,down_proj,36,0.9999392628669739
full,siqa,n/a,8,down_proj,37,0.9999257922172546
full,siqa,n/a,8,down_proj,38,0.9999294877052307
full,siqa,n/a,8,down_proj,39,0.9997114539146423
full,siqa,n/a,8,down_proj,40,0.9997101426124573
full,siqa,n/a,8,down_proj,41,0.9997107982635498
full,siqa,n/a,8,down_proj,42,0.9996588230133057
full,siqa,n/a,8,down_proj,43,0.9998748302459717
full,siqa,n/a,8,down_proj,44,0.9998788237571716
full,siqa,n/a,8,down_proj,45,0.9999021291732788
full,siqa,n/a,8,down_proj,46,0.999742329120636
full,siqa,n/a,8,down_proj,47,0.9993425607681274
full,siqa,n/a,8,down_proj,48,0.9993612170219421
full,siqa,n/a,8,down_proj,49,0.9998956918716431
full,siqa,n/a,8,down_proj,50,0.9997544884681702
full,siqa,n/a,15,q_proj,1,0.9999987483024597
full,siqa,n/a,15,q_proj,2,0.999999463558197
full,siqa,n/a,15,q_proj,3,0.9999992251396179
full,siqa,n/a,15,q_proj,4,0.9999955892562866
full,siqa,n/a,15,q_proj,5,0.9999958276748657
full,siqa,n/a,15,q_proj,6,0.9999986886978149
full,siqa,n/a,15,q_proj,7,0.9999977946281433
full,siqa,n/a,15,q_proj,8,0.9999977350234985
full,siqa,n/a,15,q_proj,9,0.9999938011169434
full,siqa,n/a,15,q_proj,10,0.9999955892562866
full,siqa,n/a,15,q_proj,11,0.9999980330467224
full,siqa,n/a,15,q_proj,12,0.9999951720237732
full,siqa,n/a,15,q_proj,13,0.9999954700469971
full,siqa,n/a,15,q_proj,14,0.999991774559021
full,siqa,n/a,15,q_proj,15,0.9999905228614807
full,siqa,n/a,15,q_proj,16,0.9999978542327881
full,siqa,n/a,15,q_proj,17,0.9999984502792358
full,siqa,n/a,15,q_proj,18,0.9999978542327881
full,siqa,n/a,15,q_proj,19,0.9999968409538269
full,siqa,n/a,15,q_proj,20,0.9999980330467224
full,siqa,n/a,15,q_proj,21,0.9999908208847046
full,siqa,n/a,15,q_proj,22,0.9999912977218628
full,siqa,n/a,15,q_proj,23,0.9999937415122986
full,siqa,n/a,15,q_proj,24,0.9999983906745911
full,siqa,n/a,15,q_proj,25,0.9999974966049194
full,siqa,n/a,15,q_proj,26,0.9999975562095642
full,siqa,n/a,15,q_proj,27,0.9999980926513672
full,siqa,n/a,15,q_proj,28,0.9999973177909851
full,siqa,n/a,15,q_proj,29,0.9999948740005493
full,siqa,n/a,15,q_proj,30,0.9999945163726807
full,siqa,n/a,15,q_proj,31,0.9999861121177673
full,siqa,n/a,15,q_proj,32,0.9999871850013733
full,siqa,n/a,15,q_proj,33,0.9999948740005493
full,siqa,n/a,15,q_proj,34,0.9999967813491821
full,siqa,n/a,15,q_proj,35,0.9999931454658508
full,siqa,n/a,15,q_proj,36,0.9999887943267822
full,siqa,n/a,15,q_proj,37,0.9999897480010986
full,siqa,n/a,15,q_proj,38,0.9999944567680359
full,siqa,n/a,15,q_proj,39,0.999992311000824
full,siqa,n/a,15,q_proj,40,0.9999951720237732
full,siqa,n/a,15,q_proj,41,0.9999897480010986
full,siqa,n/a,15,q_proj,42,0.9999902248382568
full,siqa,n/a,15,q_proj,43,0.9999960064888
full,siqa,n/a,15,q_proj,44,0.9999716281890869
full,siqa,n/a,15,q_proj,45,0.9999685883522034
full,siqa,n/a,15,q_proj,46,0.9999937415122986
full,siqa,n/a,15,q_proj,47,0.999997079372406
full,siqa,n/a,15,q_proj,48,0.9999932050704956
full,siqa,n/a,15,q_proj,49,0.9999909996986389
full,siqa,n/a,15,q_proj,50,0.9999627470970154
full,siqa,n/a,15,v_proj,1,0.9999966621398926
full,siqa,n/a,15,v_proj,2,0.9999966621398926
full,siqa,n/a,15,v_proj,3,0.999996542930603
full,siqa,n/a,15,v_proj,4,0.9999978542327881
full,siqa,n/a,15,v_proj,5,0.9999832510948181
full,siqa,n/a,15,v_proj,6,0.9999810457229614
full,siqa,n/a,15,v_proj,7,0.9999884366989136
full,siqa,n/a,15,v_proj,8,0.9999902248382568
full,siqa,n/a,15,v_proj,9,0.999993085861206
full,siqa,n/a,15,v_proj,10,0.9999896883964539
full,siqa,n/a,15,v_proj,11,0.9999872446060181
full,siqa,n/a,15,v_proj,12,0.9999920129776001
full,siqa,n/a,15,v_proj,13,0.9999663829803467
full,siqa,n/a,15,v_proj,14,0.9998217821121216
full,siqa,n/a,15,v_proj,15,0.9998027086257935
full,siqa,n/a,15,v_proj,16,0.9999644756317139
full,siqa,n/a,15,v_proj,17,0.9999761581420898
full,siqa,n/a,15,v_proj,18,0.9999864101409912
full,siqa,n/a,15,v_proj,19,0.999969482421875
full,siqa,n/a,15,v_proj,20,0.9999606013298035
full,siqa,n/a,15,v_proj,21,0.9999784231185913
full,siqa,n/a,15,v_proj,22,0.9999630451202393
full,siqa,n/a,15,v_proj,23,0.999965250492096
full,siqa,n/a,15,v_proj,24,0.9999468326568604
full,siqa,n/a,15,v_proj,25,0.9998538494110107
full,siqa,n/a,15,v_proj,26,0.9998501539230347
full,siqa,n/a,15,v_proj,27,0.9999918937683105
full,siqa,n/a,15,v_proj,28,0.999963641166687
full,siqa,n/a,15,v_proj,29,0.9999788999557495
full,siqa,n/a,15,v_proj,30,0.9999828338623047
full,siqa,n/a,15,v_proj,31,0.9999831914901733
full,siqa,n/a,15,v_proj,32,0.9999784231185913
full,siqa,n/a,15,v_proj,33,0.9999624490737915
full,siqa,n/a,15,v_proj,34,0.9996849298477173
full,siqa,n/a,15,v_proj,35,0.9997026920318604
full,siqa,n/a,15,v_proj,36,0.9996340274810791
full,siqa,n/a,15,v_proj,37,0.999616801738739
full,siqa,n/a,15,v_proj,38,0.9999537467956543
full,siqa,n/a,15,v_proj,39,0.9999592304229736
full,siqa,n/a,15,v_proj,40,0.9999635219573975
full,siqa,n/a,15,v_proj,41,0.9999771118164062
full,siqa,n/a,15,v_proj,42,0.9999653100967407
full,siqa,n/a,15,v_proj,43,0.999936044216156
full,siqa,n/a,15,v_proj,44,0.9999510049819946
full,siqa,n/a,15,v_proj,45,0.9998509883880615
full,siqa,n/a,15,v_proj,46,0.9998805522918701
full,siqa,n/a,15,v_proj,47,0.9999353885650635
full,siqa,n/a,15,v_proj,48,0.999961256980896
full,siqa,n/a,15,v_proj,49,0.9999800324440002
full,siqa,n/a,15,v_proj,50,0.9999382495880127
full,siqa,n/a,15,up_proj,1,0.9999991059303284
full,siqa,n/a,15,up_proj,2,0.9999996423721313
full,siqa,n/a,15,up_proj,3,0.9999988079071045
full,siqa,n/a,15,up_proj,4,0.9999979734420776
full,siqa,n/a,15,up_proj,5,0.9999976754188538
full,siqa,n/a,15,up_proj,6,0.9999972581863403
full,siqa,n/a,15,up_proj,7,0.9999961853027344
full,siqa,n/a,15,up_proj,8,0.9999955892562866
full,siqa,n/a,15,up_proj,9,0.999995768070221
full,siqa,n/a,15,up_proj,10,0.9999979734420776
full,siqa,n/a,15,up_proj,11,0.9999969005584717
full,siqa,n/a,15,up_proj,12,0.9999961853027344
full,siqa,n/a,15,up_proj,13,0.99998939037323
full,siqa,n/a,15,up_proj,14,0.9999898672103882
full,siqa,n/a,15,up_proj,15,0.9999954700469971
full,siqa,n/a,15,up_proj,16,0.9999959468841553
full,siqa,n/a,15,up_proj,17,0.9999948143959045
full,siqa,n/a,15,up_proj,18,0.999986469745636
full,siqa,n/a,15,up_proj,19,0.9999821186065674
full,siqa,n/a,15,up_proj,20,0.99998939037323
full,siqa,n/a,15,up_proj,21,0.9999898076057434
full,siqa,n/a,15,up_proj,22,0.9999947547912598
full,siqa,n/a,15,up_proj,23,0.9999937415122986
full,siqa,n/a,15,up_proj,24,0.9999233484268188
full,siqa,n/a,15,up_proj,25,0.9999219179153442
full,siqa,n/a,15,up_proj,26,0.9999858736991882
full,siqa,n/a,15,up_proj,27,0.9999822378158569
full,siqa,n/a,15,up_proj,28,0.9999854564666748
full,siqa,n/a,15,up_proj,29,0.9999915361404419
full,siqa,n/a,15,up_proj,30,0.9999907612800598
full,siqa,n/a,15,up_proj,31,0.9999685287475586
full,siqa,n/a,15,up_proj,32,0.9999682903289795
full,siqa,n/a,15,up_proj,33,0.9999786019325256
full,siqa,n/a,15,up_proj,34,0.9999793767929077
full,siqa,n/a,15,up_proj,35,0.9999536275863647
full,siqa,n/a,15,up_proj,36,0.9999188780784607
full,siqa,n/a,15,up_proj,37,0.9999197721481323
full,siqa,n/a,15,up_proj,38,0.99994957447052
full,siqa,n/a,15,up_proj,39,0.9999377727508545
full,siqa,n/a,15,up_proj,40,0.9999256134033203
full,siqa,n/a,15,up_proj,41,0.9998225569725037
full,siqa,n/a,15,up_proj,42,0.9997962713241577
full,siqa,n/a,15,up_proj,43,0.9999139904975891
full,siqa,n/a,15,up_proj,44,0.99990314245224
full,siqa,n/a,15,up_proj,45,0.9999001622200012
full,siqa,n/a,15,up_proj,46,0.999975323677063
full,siqa,n/a,15,up_proj,47,0.9999622106552124
full,siqa,n/a,15,up_proj,48,0.9999544024467468
full,siqa,n/a,15,up_proj,49,0.9999433755874634
full,siqa,n/a,15,up_proj,50,0.9999337792396545
full,siqa,n/a,15,down_proj,1,0.9999987483024597
full,siqa,n/a,15,down_proj,2,0.9999922513961792
full,siqa,n/a,15,down_proj,3,0.9999850988388062
full,siqa,n/a,15,down_proj,4,0.9999691843986511
full,siqa,n/a,15,down_proj,5,0.999992847442627
full,siqa,n/a,15,down_proj,6,0.9999914169311523
full,siqa,n/a,15,down_proj,7,0.9999857544898987
full,siqa,n/a,15,down_proj,8,0.9999786615371704
full,siqa,n/a,15,down_proj,9,0.9997807741165161
full,siqa,n/a,15,down_proj,10,0.9997739791870117
full,siqa,n/a,15,down_proj,11,0.999924898147583
full,siqa,n/a,15,down_proj,12,0.9999011754989624
full,siqa,n/a,15,down_proj,13,0.9998975992202759
full,siqa,n/a,15,down_proj,14,0.9999033212661743
full,siqa,n/a,15,down_proj,15,0.9999599456787109
full,siqa,n/a,15,down_proj,16,0.9999138116836548
full,siqa,n/a,15,down_proj,17,0.9997420907020569
full,siqa,n/a,15,down_proj,18,0.9997169375419617
full,siqa,n/a,15,down_proj,19,0.9997168779373169
full,siqa,n/a,15,down_proj,20,0.9998863935470581
full,siqa,n/a,15,down_proj,21,0.9998254179954529
full,siqa,n/a,15,down_proj,22,0.9995566010475159
full,siqa,n/a,15,down_proj,23,0.9996165037155151
full,siqa,n/a,15,down_proj,24,0.9998475909233093
full,siqa,n/a,15,down_proj,25,0.999842643737793
full,siqa,n/a,15,down_proj,26,0.998156726360321
full,siqa,n/a,15,down_proj,27,0.9982843399047852
full,siqa,n/a,15,down_proj,28,0.9990484118461609
full,siqa,n/a,15,down_proj,29,0.9992153644561768
full,siqa,n/a,15,down_proj,30,0.9986421465873718
full,siqa,n/a,15,down_proj,31,0.9985958337783813
full,siqa,n/a,15,down_proj,32,0.9995760917663574
full,siqa,n/a,15,down_proj,33,0.9995929002761841
full,siqa,n/a,15,down_proj,34,0.9995962381362915
full,siqa,n/a,15,down_proj,35,0.9996752738952637
full,siqa,n/a,15,down_proj,36,0.998201847076416
full,siqa,n/a,15,down_proj,37,0.9980311393737793
full,siqa,n/a,15,down_proj,38,0.9995468854904175
full,siqa,n/a,15,down_proj,39,0.9992420077323914
full,siqa,n/a,15,down_proj,40,0.9996395111083984
full,siqa,n/a,15,down_proj,41,0.9988060593605042
full,siqa,n/a,15,down_proj,42,0.998803973197937
full,siqa,n/a,15,down_proj,43,0.9993500709533691
full,siqa,n/a,15,down_proj,44,0.9989572763442993
full,siqa,n/a,15,down_proj,45,0.9991636872291565
full,siqa,n/a,15,down_proj,46,0.9997973442077637
full,siqa,n/a,15,down_proj,47,0.9991711378097534
full,siqa,n/a,15,down_proj,48,0.9988785982131958
full,siqa,n/a,15,down_proj,49,0.9994496703147888
full,siqa,n/a,15,down_proj,50,0.9994049072265625
full,sst2,n/a,0,q_proj,1,0.9999994039535522
full,sst2,n/a,0,q_proj,2,0.9999996423721313
full,sst2,n/a,0,q_proj,3,0.9999997019767761
full,sst2,n/a,0,q_proj,4,0.9999999403953552
full,sst2,n/a,0,q_proj,5,0.9999997019767761
full,sst2,n/a,0,q_proj,6,1.0000007152557373
full,sst2,n/a,0,q_proj,7,0.9999995231628418
full,sst2,n/a,0,q_proj,8,1.0
full,sst2,n/a,0,q_proj,9,0.9999993443489075
full,sst2,n/a,0,q_proj,10,0.9999997615814209
full,sst2,n/a,0,q_proj,11,0.9999998211860657
full,sst2,n/a,0,q_proj,12,0.9999989867210388
full,sst2,n/a,0,q_proj,13,0.9999991655349731
full,sst2,n/a,0,q_proj,14,0.9999986290931702
full,sst2,n/a,0,q_proj,15,0.999951958656311
full,sst2,n/a,0,q_proj,16,0.9999515414237976
full,sst2,n/a,0,q_proj,17,0.9999964833259583
full,sst2,n/a,0,q_proj,18,0.9999955296516418
full,sst2,n/a,0,q_proj,19,0.9999977946281433
full,sst2,n/a,0,q_proj,20,0.9999992847442627
full,sst2,n/a,0,q_proj,21,0.9999924898147583
full,sst2,n/a,0,q_proj,22,0.9999918937683105
full,sst2,n/a,0,q_proj,23,0.9999980330467224
full,sst2,n/a,0,q_proj,24,0.9999992847442627
full,sst2,n/a,0,q_proj,25,0.9999984502792358
full,sst2,n/a,0,q_proj,26,0.9999988079071045
full,sst2,n/a,0,q_proj,27,0.9999841451644897
full,sst2,n/a,0,q_proj,28,0.9999793767929077
full,sst2,n/a,0,q_proj,29,0.9999929070472717
full,sst2,n/a,0,q_proj,30,0.9999977350234985
full,sst2,n/a,0,q_proj,31,0.9999980330467224
full,sst2,n/a,0,q_proj,32,0.9999973773956299
full,sst2,n/a,0,q_proj,33,0.9999960064888
full,sst2,n/a,0,q_proj,34,0.9999961256980896
full,sst2,n/a,0,q_proj,35,0.9999951720237732
full,sst2,n/a,0,q_proj,36,0.9999882578849792
full,sst2,n/a,0,q_proj,37,0.9999890923500061
full,sst2,n/a,0,q_proj,38,0.9999800324440002
full,sst2,n/a,0,q_proj,39,0.9999773502349854
full,sst2,n/a,0,q_proj,40,0.9999932646751404
full,sst2,n/a,0,q_proj,41,0.9999940991401672
full,sst2,n/a,0,q_proj,42,0.9999583959579468
full,sst2,n/a,0,q_proj,43,0.9999583959579468
full,sst2,n/a,0,q_proj,44,0.9999961853027344
full,sst2,n/a,0,q_proj,45,0.9999932050704956
full,sst2,n/a,0,q_proj,46,0.9999918341636658
full,sst2,n/a,0,q_proj,47,0.9999246597290039
full,sst2,n/a,0,q_proj,48,0.9999305605888367
full,sst2,n/a,0,q_proj,49,0.9999956488609314
full,sst2,n/a,0,q_proj,50,0.9999909996986389
full,sst2,n/a,0,v_proj,1,0.9999800324440002
full,sst2,n/a,0,v_proj,2,0.9998620748519897
full,sst2,n/a,0,v_proj,3,0.9999264478683472
full,sst2,n/a,0,v_proj,4,0.9998304843902588
full,sst2,n/a,0,v_proj,5,0.9999204874038696
full,sst2,n/a,0,v_proj,6,0.9998100996017456
full,sst2,n/a,0,v_proj,7,0.9997026324272156
full,sst2,n/a,0,v_proj,8,0.9996980428695679
full,sst2,n/a,0,v_proj,9,0.9997578859329224
full,sst2,n/a,0,v_proj,10,0.9996223449707031
full,sst2,n/a,0,v_proj,11,0.9994351267814636
full,sst2,n/a,0,v_proj,12,0.9986231923103333
full,sst2,n/a,0,v_proj,13,0.9952648282051086
full,sst2,n/a,0,v_proj,14,0.996465802192688
full,sst2,n/a,0,v_proj,15,0.9989588260650635
full,sst2,n/a,0,v_proj,16,0.998693585395813
full,sst2,n/a,0,v_proj,17,0.9992128014564514
full,sst2,n/a,0,v_proj,18,0.998368501663208
full,sst2,n/a,0,v_proj,19,0.99822598695755
full,sst2,n/a,0,v_proj,20,0.9995008707046509
full,sst2,n/a,0,v_proj,21,0.9985844492912292
full,sst2,n/a,0,v_proj,22,0.9931106567382812
full,sst2,n/a,0,v_proj,23,0.9879839420318604
full,sst2,n/a,0,v_proj,24,0.9910660982131958
full,sst2,n/a,0,v_proj,25,0.9965066909790039
full,sst2,n/a,0,v_proj,26,0.9963898658752441
full,sst2,n/a,0,v_proj,27,0.9954684972763062
full,sst2,n/a,0,v_proj,28,0.9964181184768677
full,sst2,n/a,0,v_proj,29,0.9973881840705872
full,sst2,n/a,0,v_proj,30,0.997355043888092
full,sst2,n/a,0,v_proj,31,0.992759644985199
full,sst2,n/a,0,v_proj,32,0.9912278652191162
full,sst2,n/a,0,v_proj,33,0.9935051202774048
full,sst2,n/a,0,v_proj,34,0.9969162940979004
full,sst2,n/a,0,v_proj,35,0.9933062195777893
full,sst2,n/a,0,v_proj,36,0.9959683418273926
full,sst2,n/a,0,v_proj,37,0.9967337846755981
full,sst2,n/a,0,v_proj,38,0.997732400894165
full,sst2,n/a,0,v_proj,39,0.998957633972168
full,sst2,n/a,0,v_proj,40,0.9939061999320984
full,sst2,n/a,0,v_proj,41,0.9848276376724243
full,sst2,n/a,0,v_proj,42,0.9870973825454712
full,sst2,n/a,0,v_proj,43,0.9944995641708374
full,sst2,n/a,0,v_proj,44,0.9847580790519714
full,sst2,n/a,0,v_proj,45,0.9875617623329163
full,sst2,n/a,0,v_proj,46,0.9922999143600464
full,sst2,n/a,0,v_proj,47,0.9924625158309937
full,sst2,n/a,0,v_proj,48,0.9980128407478333
full,sst2,n/a,0,v_proj,49,0.9970000982284546
full,sst2,n/a,0,v_proj,50,0.9973579049110413
full,sst2,n/a,0,up_proj,1,0.9999927282333374
full,sst2,n/a,0,up_proj,2,0.9999891519546509
full,sst2,n/a,0,up_proj,3,0.9999921917915344
full,sst2,n/a,0,up_proj,4,0.9999876618385315
full,sst2,n/a,0,up_proj,5,0.9999865889549255
full,sst2,n/a,0,up_proj,6,0.9999820590019226
full,sst2,n/a,0,up_proj,7,0.9999808073043823
full,sst2,n/a,0,up_proj,8,0.9999821782112122
full,sst2,n/a,0,up_proj,9,0.9998757243156433
full,sst2,n/a,0,up_proj,10,0.9998750686645508
full,sst2,n/a,0,up_proj,11,0.9999647736549377
full,sst2,n/a,0,up_proj,12,0.9999610781669617
full,sst2,n/a,0,up_proj,13,0.9999034404754639
full,sst2,n/a,0,up_proj,14,0.9996656179428101
full,sst2,n/a,0,up_proj,15,0.9997451901435852
full,sst2,n/a,0,up_proj,16,0.9999009966850281
full,sst2,n/a,0,up_proj,17,0.9998512864112854
full,sst2,n/a,0,up_proj,18,0.9998345971107483
full,sst2,n/a,0,up_proj,19,0.9999622106552124
full,sst2,n/a,0,up_proj,20,0.999954342842102
full,sst2,n/a,0,up_proj,21,0.9999511241912842
full,sst2,n/a,0,up_proj,22,0.9999470114707947
full,sst2,n/a,0,up_proj,23,0.999957263469696
full,sst2,n/a,0,up_proj,24,0.9999703168869019
full,sst2,n/a,0,up_proj,25,0.9999644756317139
full,sst2,n/a,0,up_proj,26,0.9986292719841003
full,sst2,n/a,0,up_proj,27,0.9986115097999573
full,sst2,n/a,0,up_proj,28,0.999944806098938
full,sst2,n/a,0,up_proj,29,0.9999566078186035
full,sst2,n/a,0,up_proj,30,0.9999253153800964
full,sst2,n/a,0,up_proj,31,0.9999585151672363
full,sst2,n/a,0,up_proj,32,0.999848484992981
full,sst2,n/a,0,up_proj,33,0.9998465180397034
full,sst2,n/a,0,up_proj,34,0.9999452829360962
full,sst2,n/a,0,up_proj,35,0.9999467134475708
full,sst2,n/a,0,up_proj,36,0.9999452829360962
full,sst2,n/a,0,up_proj,37,0.999828577041626
full,sst2,n/a,0,up_proj,38,0.9998313784599304
full,sst2,n/a,0,up_proj,39,0.9999197721481323
full,sst2,n/a,0,up_proj,40,0.9999226331710815
full,sst2,n/a,0,up_proj,41,0.9998753666877747
full,sst2,n/a,0,up_proj,42,0.9996960163116455
full,sst2,n/a,0,up_proj,43,0.9996912479400635
full,sst2,n/a,0,up_proj,44,0.9999134540557861
full,sst2,n/a,0,up_proj,45,0.9998910427093506
full,sst2,n/a,0,up_proj,46,0.9998506307601929
full,sst2,n/a,0,up_proj,47,0.9998302459716797
full,sst2,n/a,0,up_proj,48,0.9990987181663513
full,sst2,n/a,0,up_proj,49,0.9989054203033447
full,sst2,n/a,0,up_proj,50,0.9995939135551453
full,sst2,n/a,0,down_proj,1,0.9999986290931702
full,sst2,n/a,0,down_proj,2,0.999998152256012
full,sst2,n/a,0,down_proj,3,0.9999969005584717
full,sst2,n/a,0,down_proj,4,0.999997079372406
full,sst2,n/a,0,down_proj,5,0.9999969005584717
full,sst2,n/a,0,down_proj,6,0.9999890327453613
full,sst2,n/a,0,down_proj,7,0.9999880194664001
full,sst2,n/a,0,down_proj,8,0.9999871850013733
full,sst2,n/a,0,down_proj,9,0.999987781047821
full,sst2,n/a,0,down_proj,10,0.999980628490448
full,sst2,n/a,0,down_proj,11,0.999977707862854
full,sst2,n/a,0,down_proj,12,0.9999803900718689
full,sst2,n/a,0,down_proj,13,0.999981164932251
full,sst2,n/a,0,down_proj,14,0.9999778270721436
full,sst2,n/a,0,down_proj,15,0.9999753832817078
full,sst2,n/a,0,down_proj,16,0.9999803304672241
full,sst2,n/a,0,down_proj,17,0.9999682903289795
full,sst2,n/a,0,down_proj,18,0.9999637007713318
full,sst2,n/a,0,down_proj,19,0.9999748468399048
full,sst2,n/a,0,down_proj,20,0.9718262553215027
full,sst2,n/a,0,down_proj,21,0.9718198776245117
full,sst2,n/a,0,down_proj,22,0.9996264576911926
full,sst2,n/a,0,down_proj,23,0.9996261596679688
full,sst2,n/a,0,down_proj,24,0.999940812587738
full,sst2,n/a,0,down_proj,25,0.9999610781669617
full,sst2,n/a,0,down_proj,26,0.999925434589386
full,sst2,n/a,0,down_proj,27,0.9995203018188477
full,sst2,n/a,0,down_proj,28,0.9994161128997803
full,sst2,n/a,0,down_proj,29,0.9995938539505005
full,sst2,n/a,0,down_proj,30,0.9998610615730286
full,sst2,n/a,0,down_proj,31,0.9999197125434875
full,sst2,n/a,0,down_proj,32,0.9998759031295776
full,sst2,n/a,0,down_proj,33,0.9890164732933044
full,sst2,n/a,0,down_proj,34,0.9889962077140808
full,sst2,n/a,0,down_proj,35,0.9998812079429626
full,sst2,n/a,0,down_proj,36,0.9994609355926514
full,sst2,n/a,0,down_proj,37,0.9994396567344666
full,sst2,n/a,0,down_proj,38,0.9999170303344727
full,sst2,n/a,0,down_proj,39,0.9998583793640137
full,sst2,n/a,0,down_proj,40,0.9998173117637634
full,sst2,n/a,0,down_proj,41,0.9998392462730408
full,sst2,n/a,0,down_proj,42,0.9996956586837769
full,sst2,n/a,0,down_proj,43,0.9997092485427856
full,sst2,n/a,0,down_proj,44,0.999782383441925
full,sst2,n/a,0,down_proj,45,0.9997824430465698
full,sst2,n/a,0,down_proj,46,0.9999027848243713
full,sst2,n/a,0,down_proj,47,0.9992719292640686
full,sst2,n/a,0,down_proj,48,0.9993008375167847
full,sst2,n/a,0,down_proj,49,0.9998219013214111
full,sst2,n/a,0,down_proj,50,0.981982946395874
full,sst2,n/a,8,q_proj,1,0.9999982714653015
full,sst2,n/a,8,q_proj,2,0.9999992251396179
full,sst2,n/a,8,q_proj,3,0.9999988079071045
full,sst2,n/a,8,q_proj,4,0.9999986886978149
full,sst2,n/a,8,q_proj,5,0.999998152256012
full,sst2,n/a,8,q_proj,6,0.9999988675117493
full,sst2,n/a,8,q_proj,7,0.9999979138374329
full,sst2,n/a,8,q_proj,8,0.9999778270721436
full,sst2,n/a,8,q_proj,9,0.9999769330024719
full,sst2,n/a,8,q_proj,10,0.9999982118606567
full,sst2,n/a,8,q_proj,11,0.9999971985816956
full,sst2,n/a,8,q_proj,12,0.9999977946281433
full,sst2,n/a,8,q_proj,13,0.9999738335609436
full,sst2,n/a,8,q_proj,14,0.9999749660491943
full,sst2,n/a,8,q_proj,15,0.9999973773956299
full,sst2,n/a,8,q_proj,16,0.9999963641166687
full,sst2,n/a,8,q_proj,17,0.9999963045120239
full,sst2,n/a,8,q_proj,18,0.9999939799308777
full,sst2,n/a,8,q_proj,19,0.9999924898147583
full,sst2,n/a,8,q_proj,20,0.9999962449073792
full,sst2,n/a,8,q_proj,21,0.9999923706054688
full,sst2,n/a,8,q_proj,22,0.9999923706054688
full,sst2,n/a,8,q_proj,23,0.9999956488609314
full,sst2,n/a,8,q_proj,24,0.9999940395355225
full,sst2,n/a,8,q_proj,25,0.9999933242797852
full,sst2,n/a,8,q_proj,26,0.9999937415122986
full,sst2,n/a,8,q_proj,27,0.9999926090240479
full,sst2,n/a,8,q_proj,28,0.9999920725822449
full,sst2,n/a,8,q_proj,29,0.999988317489624
full,sst2,n/a,8,q_proj,30,0.9999910593032837
full,sst2,n/a,8,q_proj,31,0.999994695186615
full,sst2,n/a,8,q_proj,32,0.9999915361404419
full,sst2,n/a,8,q_proj,33,0.9999922513961792
full,sst2,n/a,8,q_proj,34,0.9999934434890747
full,sst2,n/a,8,q_proj,35,0.9999953508377075
full,sst2,n/a,8,q_proj,36,0.999993622303009
full,sst2,n/a,8,q_proj,37,0.9999940991401672
full,sst2,n/a,8,q_proj,38,0.9999404549598694
full,sst2,n/a,8,q_proj,39,0.9999002814292908
full,sst2,n/a,8,q_proj,40,0.9999256134033203
full,sst2,n/a,8,q_proj,41,0.9999867081642151
full,sst2,n/a,8,q_proj,42,0.9999891519546509
full,sst2,n/a,8,q_proj,43,0.9999787211418152
full,sst2,n/a,8,q_proj,44,0.9999776482582092
full,sst2,n/a,8,q_proj,45,0.9999936819076538
full,sst2,n/a,8,q_proj,46,0.9999809265136719
full,sst2,n/a,8,q_proj,47,0.9999780058860779
full,sst2,n/a,8,q_proj,48,0.9999879002571106
full,sst2,n/a,8,q_proj,49,0.9999933242797852
full,sst2,n/a,8,q_proj,50,0.9999852180480957
full,sst2,n/a,8,v_proj,1,0.9997341632843018
full,sst2,n/a,8,v_proj,2,0.9997536540031433
full,sst2,n/a,8,v_proj,3,0.9998527765274048
full,sst2,n/a,8,v_proj,4,0.9979618787765503
full,sst2,n/a,8,v_proj,5,0.9984360933303833
full,sst2,n/a,8,v_proj,6,0.9991888403892517
full,sst2,n/a,8,v_proj,7,0.9993182420730591
full,sst2,n/a,8,v_proj,8,0.9988945126533508
full,sst2,n/a,8,v_proj,9,0.9989882707595825
full,sst2,n/a,8,v_proj,10,0.9936504364013672
full,sst2,n/a,8,v_proj,11,0.9937336444854736
full,sst2,n/a,8,v_proj,12,0.9990428686141968
full,sst2,n/a,8,v_proj,13,0.9990777373313904
full,sst2,n/a,8,v_proj,14,0.9987207055091858
full,sst2,n/a,8,v_proj,15,0.9992727041244507
full,sst2,n/a,8,v_proj,16,0.9979750514030457
full,sst2,n/a,8,v_proj,17,0.9980872869491577
full,sst2,n/a,8,v_proj,18,0.9993535280227661
full,sst2,n/a,8,v_proj,19,0.9984943866729736
full,sst2,n/a,8,v_proj,20,0.9983597993850708
full,sst2,n/a,8,v_proj,21,0.9970352649688721
full,sst2,n/a,8,v_proj,22,0.9994500875473022
full,sst2,n/a,8,v_proj,23,0.9956509470939636
full,sst2,n/a,8,v_proj,24,0.9973813891410828
full,sst2,n/a,8,v_proj,25,0.9984554648399353
full,sst2,n/a,8,v_proj,26,0.9984935522079468
full,sst2,n/a,8,v_proj,27,0.9988177418708801
full,sst2,n/a,8,v_proj,28,0.9960285425186157
full,sst2,n/a,8,v_proj,29,0.9909213781356812
full,sst2,n/a,8,v_proj,30,0.9934401512145996
full,sst2,n/a,8,v_proj,31,0.999130129814148
full,sst2,n/a,8,v_proj,32,0.9974513649940491
full,sst2,n/a,8,v_proj,33,0.9971789121627808
full,sst2,n/a,8,v_proj,34,0.9976945519447327
full,sst2,n/a,8,v_proj,35,0.998986542224884
full,sst2,n/a,8,v_proj,36,0.997348964214325
full,sst2,n/a,8,v_proj,37,0.9973208904266357
full,sst2,n/a,8,v_proj,38,0.9988019466400146
full,sst2,n/a,8,v_proj,39,0.9968265295028687
full,sst2,n/a,8,v_proj,40,0.9992191195487976
full,sst2,n/a,8,v_proj,41,0.9993478059768677
full,sst2,n/a,8,v_proj,42,0.9980337023735046
full,sst2,n/a,8,v_proj,43,0.998091459274292
full,sst2,n/a,8,v_proj,44,0.9988335371017456
full,sst2,n/a,8,v_proj,45,0.9981117248535156
full,sst2,n/a,8,v_proj,46,0.9935764670372009
full,sst2,n/a,8,v_proj,47,0.9917371273040771
full,sst2,n/a,8,v_proj,48,0.995417594909668
full,sst2,n/a,8,v_proj,49,0.989648699760437
full,sst2,n/a,8,v_proj,50,0.9914698600769043
full,sst2,n/a,8,up_proj,1,0.999994158744812
full,sst2,n/a,8,up_proj,2,0.9999890923500061
full,sst2,n/a,8,up_proj,3,0.9999886751174927
full,sst2,n/a,8,up_proj,4,0.9999890327453613
full,sst2,n/a,8,up_proj,5,0.9999663829803467
full,sst2,n/a,8,up_proj,6,0.9999687671661377
full,sst2,n/a,8,up_proj,7,0.9999828338623047
full,sst2,n/a,8,up_proj,8,0.999973475933075
full,sst2,n/a,8,up_proj,9,0.9999485015869141
full,sst2,n/a,8,up_proj,10,0.9999328255653381
full,sst2,n/a,8,up_proj,11,0.9999745488166809
full,sst2,n/a,8,up_proj,12,0.9998875260353088
full,sst2,n/a,8,up_proj,13,0.994053304195404
full,sst2,n/a,8,up_proj,14,0.9941103458404541
full,sst2,n/a,8,up_proj,15,0.9999691843986511
full,sst2,n/a,8,up_proj,16,0.9999735355377197
full,sst2,n/a,8,up_proj,17,0.9999748468399048
full,sst2,n/a,8,up_proj,18,0.999944269657135
full,sst2,n/a,8,up_proj,19,0.9999456405639648
full,sst2,n/a,8,up_proj,20,0.9999538660049438
full,sst2,n/a,8,up_proj,21,0.9999668598175049
full,sst2,n/a,8,up_proj,22,0.9999628067016602
full,sst2,n/a,8,up_proj,23,0.9999573826789856
full,sst2,n/a,8,up_proj,24,0.9999340772628784
full,sst2,n/a,8,up_proj,25,0.9997660517692566
full,sst2,n/a,8,up_proj,26,0.9994863867759705
full,sst2,n/a,8,up_proj,27,0.9995040893554688
full,sst2,n/a,8,up_proj,28,0.9998356699943542
full,sst2,n/a,8,up_proj,29,0.9973804354667664
full,sst2,n/a,8,up_proj,30,0.9973849058151245
full,sst2,n/a,8,up_proj,31,0.9999020099639893
full,sst2,n/a,8,up_proj,32,0.9977536201477051
full,sst2,n/a,8,up_proj,33,0.997162401676178
full,sst2,n/a,8,up_proj,34,0.9992792010307312
full,sst2,n/a,8,up_proj,35,0.9999411106109619
full,sst2,n/a,8,up_proj,36,0.9999285936355591
full,sst2,n/a,8,up_proj,37,0.9997564554214478
full,sst2,n/a,8,up_proj,38,0.9997533559799194
full,sst2,n/a,8,up_proj,39,0.9832941293716431
full,sst2,n/a,8,up_proj,40,0.9833356142044067
full,sst2,n/a,8,up_proj,41,0.9997931122779846
full,sst2,n/a,8,up_proj,42,0.9996829628944397
full,sst2,n/a,8,up_proj,43,0.999642014503479
full,sst2,n/a,8,up_proj,44,0.9994580745697021
full,sst2,n/a,8,up_proj,45,0.9992889165878296
full,sst2,n/a,8,up_proj,46,0.9992091059684753
full,sst2,n/a,8,up_proj,47,0.9995130300521851
full,sst2,n/a,8,up_proj,48,0.9989379644393921
full,sst2,n/a,8,up_proj,49,0.9989434480667114
full,sst2,n/a,8,up_proj,50,0.999674916267395
full,sst2,n/a,8,down_proj,1,0.9999995827674866
full,sst2,n/a,8,down_proj,2,0.9999983310699463
full,sst2,n/a,8,down_proj,3,0.9999982118606567
full,sst2,n/a,8,down_proj,4,0.9999976754188538
full,sst2,n/a,8,down_proj,5,0.9999962449073792
full,sst2,n/a,8,down_proj,6,0.9999969005584717
full,sst2,n/a,8,down_proj,7,0.9999974966049194
full,sst2,n/a,8,down_proj,8,0.9999970197677612
full,sst2,n/a,8,down_proj,9,0.9999955892562866
full,sst2,n/a,8,down_proj,10,0.9999810457229614
full,sst2,n/a,8,down_proj,11,0.9999781847000122
full,sst2,n/a,8,down_proj,12,0.9999755620956421
full,sst2,n/a,8,down_proj,13,0.9999812245368958
full,sst2,n/a,8,down_proj,14,0.9998607635498047
full,sst2,n/a,8,down_proj,15,0.9998565316200256
full,sst2,n/a,8,down_proj,16,0.9999885559082031
full,sst2,n/a,8,down_proj,17,0.9999840259552002
full,sst2,n/a,8,down_proj,18,0.9999760389328003
full,sst2,n/a,8,down_proj,19,0.997126579284668
full,sst2,n/a,8,down_proj,20,0.9971315860748291
full,sst2,n/a,8,down_proj,21,0.9999546408653259
full,sst2,n/a,8,down_proj,22,0.9999140501022339
full,sst2,n/a,8,down_proj,23,0.999916672706604
full,sst2,n/a,8,down_proj,24,0.9999774694442749
full,sst2,n/a,8,down_proj,25,0.9999594688415527
full,sst2,n/a,8,down_proj,26,0.9997210502624512
full,sst2,n/a,8,down_proj,27,0.9997154474258423
full,sst2,n/a,8,down_proj,28,0.9999285340309143
full,sst2,n/a,8,down_proj,29,0.9999158382415771
full,sst2,n/a,8,down_proj,30,0.9999738335609436
full,sst2,n/a,8,down_proj,31,0.9999712109565735
full,sst2,n/a,8,down_proj,32,0.9999604821205139
full,sst2,n/a,8,down_proj,33,0.9999151825904846
full,sst2,n/a,8,down_proj,34,0.999873697757721
full,sst2,n/a,8,down_proj,35,0.9998375773429871
full,sst2,n/a,8,down_proj,36,0.9999562501907349
full,sst2,n/a,8,down_proj,37,0.999903678894043
full,sst2,n/a,8,down_proj,38,0.9998989701271057
full,sst2,n/a,8,down_proj,39,0.9997590184211731
full,sst2,n/a,8,down_proj,40,0.9997575283050537
full,sst2,n/a,8,down_proj,41,0.9999691247940063
full,sst2,n/a,8,down_proj,42,0.9999476671218872
full,sst2,n/a,8,down_proj,43,0.9999361038208008
full,sst2,n/a,8,down_proj,44,0.9998806715011597
full,sst2,n/a,8,down_proj,45,0.999858021736145
full,sst2,n/a,8,down_proj,46,0.9998188018798828
full,sst2,n/a,8,down_proj,47,0.9996165633201599
full,sst2,n/a,8,down_proj,48,0.9995503425598145
full,sst2,n/a,8,down_proj,49,0.9997711777687073
full,sst2,n/a,8,down_proj,50,0.9998793601989746
full,sst2,n/a,15,q_proj,1,0.9999992847442627
full,sst2,n/a,15,q_proj,2,0.9999999403953552
full,sst2,n/a,15,q_proj,3,0.999999463558197
full,sst2,n/a,15,q_proj,4,0.9999986290931702
full,sst2,n/a,15,q_proj,5,0.9999992251396179
full,sst2,n/a,15,q_proj,6,0.9999996423721313
full,sst2,n/a,15,q_proj,7,0.9999984502792358
full,sst2,n/a,15,q_proj,8,0.9999977946281433
full,sst2,n/a,15,q_proj,9,0.9999979734420776
full,sst2,n/a,15,q_proj,10,0.9999980926513672
full,sst2,n/a,15,q_proj,11,0.9999970197677612
full,sst2,n/a,15,q_proj,12,0.9999951720237732
full,sst2,n/a,15,q_proj,13,0.9999966621398926
full,sst2,n/a,15,q_proj,14,0.9999982118606567
full,sst2,n/a,15,q_proj,15,0.9999980926513672
full,sst2,n/a,15,q_proj,16,0.999999463558197
full,sst2,n/a,15,q_proj,17,0.999998927116394
full,sst2,n/a,15,q_proj,18,0.9999954104423523
full,sst2,n/a,15,q_proj,19,0.9999953508377075
full,sst2,n/a,15,q_proj,20,0.9999982118606567
full,sst2,n/a,15,q_proj,21,0.9999951720237732
full,sst2,n/a,15,q_proj,22,0.9999943375587463
full,sst2,n/a,15,q_proj,23,0.9999962449073792
full,sst2,n/a,15,q_proj,24,0.9999991655349731
full,sst2,n/a,15,q_proj,25,0.9999970197677612
full,sst2,n/a,15,q_proj,26,0.9999978542327881
full,sst2,n/a,15,q_proj,27,0.9999991655349731
full,sst2,n/a,15,q_proj,28,0.9999966025352478
full,sst2,n/a,15,q_proj,29,0.9999979138374329
full,sst2,n/a,15,q_proj,30,0.999995768070221
full,sst2,n/a,15,q_proj,31,0.9999896287918091
full,sst2,n/a,15,q_proj,32,0.9999905824661255
full,sst2,n/a,15,q_proj,33,0.9999985098838806
full,sst2,n/a,15,q_proj,34,0.9999983906745911
full,sst2,n/a,15,q_proj,35,0.9999980330467224
full,sst2,n/a,15,q_proj,36,0.999997615814209
full,sst2,n/a,15,q_proj,37,0.9999970197677612
full,sst2,n/a,15,q_proj,38,0.9999967813491821
full,sst2,n/a,15,q_proj,39,0.9999969005584717
full,sst2,n/a,15,q_proj,40,0.9999963045120239
full,sst2,n/a,15,q_proj,41,0.9999926686286926
full,sst2,n/a,15,q_proj,42,0.9999947547912598
full,sst2,n/a,15,q_proj,43,0.9999953508377075
full,sst2,n/a,15,q_proj,44,0.9999686479568481
full,sst2,n/a,15,q_proj,45,0.9999685883522034
full,sst2,n/a,15,q_proj,46,0.9999954104423523
full,sst2,n/a,15,q_proj,47,0.999998152256012
full,sst2,n/a,15,q_proj,48,0.9999958872795105
full,sst2,n/a,15,q_proj,49,0.9999947547912598
full,sst2,n/a,15,q_proj,50,0.9998960494995117
full,sst2,n/a,15,v_proj,1,0.9999979138374329
full,sst2,n/a,15,v_proj,2,0.9999969005584717
full,sst2,n/a,15,v_proj,3,0.9999978542327881
full,sst2,n/a,15,v_proj,4,0.9999977350234985
full,sst2,n/a,15,v_proj,5,0.9999664425849915
full,sst2,n/a,15,v_proj,6,0.9999634027481079
full,sst2,n/a,15,v_proj,7,0.9999899864196777
full,sst2,n/a,15,v_proj,8,0.999994158744812
full,sst2,n/a,15,v_proj,9,0.9999935626983643
full,sst2,n/a,15,v_proj,10,0.999985933303833
full,sst2,n/a,15,v_proj,11,0.9999776482582092
full,sst2,n/a,15,v_proj,12,0.9999899864196777
full,sst2,n/a,15,v_proj,13,0.9999725818634033
full,sst2,n/a,15,v_proj,14,0.9999013543128967
full,sst2,n/a,15,v_proj,15,0.999854564666748
full,sst2,n/a,15,v_proj,16,0.9999364614486694
full,sst2,n/a,15,v_proj,17,0.9999768733978271
full,sst2,n/a,15,v_proj,18,0.9999879598617554
full,sst2,n/a,15,v_proj,19,0.9999728202819824
full,sst2,n/a,15,v_proj,20,0.9999583959579468
full,sst2,n/a,15,v_proj,21,0.9999447464942932
full,sst2,n/a,15,v_proj,22,0.9999440908432007
full,sst2,n/a,15,v_proj,23,0.9999700784683228
full,sst2,n/a,15,v_proj,24,0.9999681711196899
full,sst2,n/a,15,v_proj,25,0.9995956420898438
full,sst2,n/a,15,v_proj,26,0.9995834231376648
full,sst2,n/a,15,v_proj,27,0.999983012676239
full,sst2,n/a,15,v_proj,28,0.9999741315841675
full,sst2,n/a,15,v_proj,29,0.9999790787696838
full,sst2,n/a,15,v_proj,30,0.9999861717224121
full,sst2,n/a,15,v_proj,31,0.9999865293502808
full,sst2,n/a,15,v_proj,32,0.9999822378158569
full,sst2,n/a,15,v_proj,33,0.9999773502349854
full,sst2,n/a,15,v_proj,34,0.9995294809341431
full,sst2,n/a,15,v_proj,35,0.9995279312133789
full,sst2,n/a,15,v_proj,36,0.9998595714569092
full,sst2,n/a,15,v_proj,37,0.9998584985733032
full,sst2,n/a,15,v_proj,38,0.9999741911888123
full,sst2,n/a,15,v_proj,39,0.9999763369560242
full,sst2,n/a,15,v_proj,40,0.9999748468399048
full,sst2,n/a,15,v_proj,41,0.9999703168869019
full,sst2,n/a,15,v_proj,42,0.9999794363975525
full,sst2,n/a,15,v_proj,43,0.9999761581420898
full,sst2,n/a,15,v_proj,44,0.999978244304657
full,sst2,n/a,15,v_proj,45,0.999968409538269
full,sst2,n/a,15,v_proj,46,0.9999774694442749
full,sst2,n/a,15,v_proj,47,0.9999713897705078
full,sst2,n/a,15,v_proj,48,0.9999864101409912
full,sst2,n/a,15,v_proj,49,0.9999839067459106
full,sst2,n/a,15,v_proj,50,0.9999592900276184
full,sst2,n/a,15,up_proj,1,0.9999994039535522
full,sst2,n/a,15,up_proj,2,1.0000005960464478
full,sst2,n/a,15,up_proj,3,0.9999997019767761
full,sst2,n/a,15,up_proj,4,0.9999985694885254
full,sst2,n/a,15,up_proj,5,0.9999983906745911
full,sst2,n/a,15,up_proj,6,0.999997615814209
full,sst2,n/a,15,up_proj,7,0.9999974966049194
full,sst2,n/a,15,up_proj,8,0.9999958872795105
full,sst2,n/a,15,up_proj,9,0.9999966621398926
full,sst2,n/a,15,up_proj,10,0.9999982714653015
full,sst2,n/a,15,up_proj,11,0.9999975562095642
full,sst2,n/a,15,up_proj,12,0.9999971985816956
full,sst2,n/a,15,up_proj,13,0.9999971985816956
full,sst2,n/a,15,up_proj,14,0.9999974370002747
full,sst2,n/a,15,up_proj,15,0.9999958276748657
full,sst2,n/a,15,up_proj,16,0.9999952912330627
full,sst2,n/a,15,up_proj,17,0.9999955892562866
full,sst2,n/a,15,up_proj,18,0.9999884366989136
full,sst2,n/a,15,up_proj,19,0.999979555606842
full,sst2,n/a,15,up_proj,20,0.999985933303833
full,sst2,n/a,15,up_proj,21,0.9999935030937195
full,sst2,n/a,15,up_proj,22,0.9999945759773254
full,sst2,n/a,15,up_proj,23,0.9999923706054688
full,sst2,n/a,15,up_proj,24,0.9999649524688721
full,sst2,n/a,15,up_proj,25,0.9999655485153198
full,sst2,n/a,15,up_proj,26,0.9999879598617554
full,sst2,n/a,15,up_proj,27,0.9999905824661255
full,sst2,n/a,15,up_proj,28,0.999988317489624
full,sst2,n/a,15,up_proj,29,0.999991774559021
full,sst2,n/a,15,up_proj,30,0.9999929666519165
full,sst2,n/a,15,up_proj,31,0.9999867677688599
full,sst2,n/a,15,up_proj,32,0.9999876618385315
full,sst2,n/a,15,up_proj,33,0.9999840259552002
full,sst2,n/a,15,up_proj,34,0.9999812841415405
full,sst2,n/a,15,up_proj,35,0.9999796152114868
full,sst2,n/a,15,up_proj,36,0.9999367594718933
full,sst2,n/a,15,up_proj,37,0.9999451041221619
full,sst2,n/a,15,up_proj,38,0.9999847412109375
full,sst2,n/a,15,up_proj,39,0.9998939633369446
full,sst2,n/a,15,up_proj,40,0.9998807311058044
full,sst2,n/a,15,up_proj,41,0.9998558759689331
full,sst2,n/a,15,up_proj,42,0.9998499155044556
full,sst2,n/a,15,up_proj,43,0.9999504685401917
full,sst2,n/a,15,up_proj,44,0.9999635815620422
full,sst2,n/a,15,up_proj,45,0.9999633431434631
full,sst2,n/a,15,up_proj,46,0.9999825954437256
full,sst2,n/a,15,up_proj,47,0.9999586343765259
full,sst2,n/a,15,up_proj,48,0.999949038028717
full,sst2,n/a,15,up_proj,49,0.9999518394470215
full,sst2,n/a,15,up_proj,50,0.9999496340751648
full,sst2,n/a,15,down_proj,1,0.999998927116394
full,sst2,n/a,15,down_proj,2,0.9999933838844299
full,sst2,n/a,15,down_proj,3,0.9999901056289673
full,sst2,n/a,15,down_proj,4,0.9999769926071167
full,sst2,n/a,15,down_proj,5,0.9999935030937195
full,sst2,n/a,15,down_proj,6,0.9999921321868896
full,sst2,n/a,15,down_proj,7,0.9999895095825195
full,sst2,n/a,15,down_proj,8,0.9999853372573853
full,sst2,n/a,15,down_proj,9,0.9998749494552612
full,sst2,n/a,15,down_proj,10,0.9998605251312256
full,sst2,n/a,15,down_proj,11,0.9999694228172302
full,sst2,n/a,15,down_proj,12,0.9999744892120361
full,sst2,n/a,15,down_proj,13,0.999569296836853
full,sst2,n/a,15,down_proj,14,0.9995790719985962
full,sst2,n/a,15,down_proj,15,0.9999669194221497
full,sst2,n/a,15,down_proj,16,0.9999040365219116
full,sst2,n/a,15,down_proj,17,0.9999504089355469
full,sst2,n/a,15,down_proj,18,0.9999131560325623
full,sst2,n/a,15,down_proj,19,0.9998584985733032
full,sst2,n/a,15,down_proj,20,0.9999369382858276
full,sst2,n/a,15,down_proj,21,0.9998942017555237
full,sst2,n/a,15,down_proj,22,0.9997099041938782
full,sst2,n/a,15,down_proj,23,0.9996428489685059
full,sst2,n/a,15,down_proj,24,0.9997870326042175
full,sst2,n/a,15,down_proj,25,0.9998342990875244
full,sst2,n/a,15,down_proj,26,0.996404230594635
full,sst2,n/a,15,down_proj,27,0.9964337944984436
full,sst2,n/a,15,down_proj,28,0.9994645118713379
full,sst2,n/a,15,down_proj,29,0.9994021654129028
full,sst2,n/a,15,down_proj,30,0.9995995163917542
full,sst2,n/a,15,down_proj,31,0.9994476437568665
full,sst2,n/a,15,down_proj,32,0.9992853999137878
full,sst2,n/a,15,down_proj,33,0.9993175864219666
full,sst2,n/a,15,down_proj,34,0.999652087688446
full,sst2,n/a,15,down_proj,35,0.9998876452445984
full,sst2,n/a,15,down_proj,36,0.9993807077407837
full,sst2,n/a,15,down_proj,37,0.9991780519485474
full,sst2,n/a,15,down_proj,38,0.9997316598892212
full,sst2,n/a,15,down_proj,39,0.9996970891952515
full,sst2,n/a,15,down_proj,40,0.9997404217720032
full,sst2,n/a,15,down_proj,41,0.9992705583572388
full,sst2,n/a,15,down_proj,42,0.9992033243179321
full,sst2,n/a,15,down_proj,43,0.9993925094604492
full,sst2,n/a,15,down_proj,44,0.9992356896400452
full,sst2,n/a,15,down_proj,45,0.9992170929908752
full,sst2,n/a,15,down_proj,46,0.9997898936271667
full,sst2,n/a,15,down_proj,47,0.9974983334541321
full,sst2,n/a,15,down_proj,48,0.9971885085105896
full,sst2,n/a,15,down_proj,49,0.9996570348739624
full,sst2,n/a,15,down_proj,50,0.9995958805084229
full,winogrande,n/a,0,q_proj,1,1.0000003576278687
full,winogrande,n/a,0,q_proj,2,0.9999998807907104
full,winogrande,n/a,0,q_proj,3,1.0
full,winogrande,n/a,0,q_proj,4,0.9999997615814209
full,winogrande,n/a,0,q_proj,5,0.9999992847442627
full,winogrande,n/a,0,q_proj,6,0.9999999403953552
full,winogrande,n/a,0,q_proj,7,0.999998927116394
full,winogrande,n/a,0,q_proj,8,0.9999991655349731
full,winogrande,n/a,0,q_proj,9,0.9999988675117493
full,winogrande,n/a,0,q_proj,10,0.9999996423721313
full,winogrande,n/a,0,q_proj,11,0.999999463558197
full,winogrande,n/a,0,q_proj,12,0.9999988675117493
full,winogrande,n/a,0,q_proj,13,0.9999985694885254
full,winogrande,n/a,0,q_proj,14,0.9999986290931702
full,winogrande,n/a,0,q_proj,15,0.9999404549598694
full,winogrande,n/a,0,q_proj,16,0.9999406933784485
full,winogrande,n/a,0,q_proj,17,0.9999945163726807
full,winogrande,n/a,0,q_proj,18,0.9999936819076538
full,winogrande,n/a,0,q_proj,19,0.9999971389770508
full,winogrande,n/a,0,q_proj,20,0.9999983310699463
full,winogrande,n/a,0,q_proj,21,0.9999797940254211
full,winogrande,n/a,0,q_proj,22,0.9999785423278809
full,winogrande,n/a,0,q_proj,23,0.9999963045120239
full,winogrande,n/a,0,q_proj,24,0.9999975562095642
full,winogrande,n/a,0,q_proj,25,0.9999962449073792
full,winogrande,n/a,0,q_proj,26,0.9999986886978149
full,winogrande,n/a,0,q_proj,27,0.9999253749847412
full,winogrande,n/a,0,q_proj,28,0.9999261498451233
full,winogrande,n/a,0,q_proj,29,0.9999961256980896
full,winogrande,n/a,0,q_proj,30,0.999994695186615
full,winogrande,n/a,0,q_proj,31,0.9999922513961792
full,winogrande,n/a,0,q_proj,32,0.9999959468841553
full,winogrande,n/a,0,q_proj,33,0.9999948740005493
full,winogrande,n/a,0,q_proj,34,0.999994158744812
full,winogrande,n/a,0,q_proj,35,0.9999923706054688
full,winogrande,n/a,0,q_proj,36,0.9999790191650391
full,winogrande,n/a,0,q_proj,37,0.9999803900718689
full,winogrande,n/a,0,q_proj,38,0.9999752044677734
full,winogrande,n/a,0,q_proj,39,0.9999616146087646
full,winogrande,n/a,0,q_proj,40,0.999977707862854
full,winogrande,n/a,0,q_proj,41,0.9999923706054688
full,winogrande,n/a,0,q_proj,42,0.9998908042907715
full,winogrande,n/a,0,q_proj,43,0.9998877048492432
full,winogrande,n/a,0,q_proj,44,0.9999949336051941
full,winogrande,n/a,0,q_proj,45,0.9999909996986389
full,winogrande,n/a,0,q_proj,46,0.9999784231185913
full,winogrande,n/a,0,q_proj,47,0.9998519420623779
full,winogrande,n/a,0,q_proj,48,0.9998656511306763
full,winogrande,n/a,0,q_proj,49,0.9999921321868896
full,winogrande,n/a,0,q_proj,50,0.9998737573623657
full,winogrande,n/a,0,v_proj,1,0.9999657869338989
full,winogrande,n/a,0,v_proj,2,0.9997851848602295
full,winogrande,n/a,0,v_proj,3,0.99982750415802
full,winogrande,n/a,0,v_proj,4,0.9997395277023315
full,winogrande,n/a,0,v_proj,5,0.9999109506607056
full,winogrande,n/a,0,v_proj,6,0.9997687339782715
full,winogrande,n/a,0,v_proj,7,0.9994275569915771
full,winogrande,n/a,0,v_proj,8,0.999016284942627
full,winogrande,n/a,0,v_proj,9,0.9992997646331787
full,winogrande,n/a,0,v_proj,10,0.9996235370635986
full,winogrande,n/a,0,v_proj,11,0.9986111521720886
full,winogrande,n/a,0,v_proj,12,0.9975047707557678
full,winogrande,n/a,0,v_proj,13,0.9945006370544434
full,winogrande,n/a,0,v_proj,14,0.9959626197814941
full,winogrande,n/a,0,v_proj,15,0.9965050220489502
full,winogrande,n/a,0,v_proj,16,0.996526300907135
full,winogrande,n/a,0,v_proj,17,0.9990546703338623
full,winogrande,n/a,0,v_proj,18,0.9989341497421265
full,winogrande,n/a,0,v_proj,19,0.9981065988540649
full,winogrande,n/a,0,v_proj,20,0.9986212849617004
full,winogrande,n/a,0,v_proj,21,0.9976220726966858
full,winogrande,n/a,0,v_proj,22,0.988739013671875
full,winogrande,n/a,0,v_proj,23,0.9864081144332886
full,winogrande,n/a,0,v_proj,24,0.9920934438705444
full,winogrande,n/a,0,v_proj,25,0.9969755411148071
full,winogrande,n/a,0,v_proj,26,0.9965187311172485
full,winogrande,n/a,0,v_proj,27,0.996135950088501
full,winogrande,n/a,0,v_proj,28,0.9946556091308594
full,winogrande,n/a,0,v_proj,29,0.991042971611023
full,winogrande,n/a,0,v_proj,30,0.9931066036224365
full,winogrande,n/a,0,v_proj,31,0.99440598487854
full,winogrande,n/a,0,v_proj,32,0.9835907220840454
full,winogrande,n/a,0,v_proj,33,0.9818128347396851
full,winogrande,n/a,0,v_proj,34,0.9969056248664856
full,winogrande,n/a,0,v_proj,35,0.9904665946960449
full,winogrande,n/a,0,v_proj,36,0.987614095211029
full,winogrande,n/a,0,v_proj,37,0.9932856559753418
full,winogrande,n/a,0,v_proj,38,0.9949101209640503
full,winogrande,n/a,0,v_proj,39,0.9971393942832947
full,winogrande,n/a,0,v_proj,40,0.9866988658905029
full,winogrande,n/a,0,v_proj,41,0.9765249490737915
full,winogrande,n/a,0,v_proj,42,0.984390139579773
full,winogrande,n/a,0,v_proj,43,0.9788694977760315
full,winogrande,n/a,0,v_proj,44,0.972038984298706
full,winogrande,n/a,0,v_proj,45,0.9905633926391602
full,winogrande,n/a,0,v_proj,46,0.9638442993164062
full,winogrande,n/a,0,v_proj,47,0.9643651843070984
full,winogrande,n/a,0,v_proj,48,0.9973461031913757
full,winogrande,n/a,0,v_proj,49,0.9966393709182739
full,winogrande,n/a,0,v_proj,50,0.9930596351623535
full,winogrande,n/a,0,up_proj,1,0.9999860525131226
full,winogrande,n/a,0,up_proj,2,0.999983549118042
full,winogrande,n/a,0,up_proj,3,0.9999874234199524
full,winogrande,n/a,0,up_proj,4,0.9999797940254211
full,winogrande,n/a,0,up_proj,5,0.9999769330024719
full,winogrande,n/a,0,up_proj,6,0.9999783039093018
full,winogrande,n/a,0,up_proj,7,0.9999697208404541
full,winogrande,n/a,0,up_proj,8,0.9999728798866272
full,winogrande,n/a,0,up_proj,9,0.999882698059082
full,winogrande,n/a,0,up_proj,10,0.999869167804718
full,winogrande,n/a,0,up_proj,11,0.9999576210975647
full,winogrande,n/a,0,up_proj,12,0.9999523758888245
full,winogrande,n/a,0,up_proj,13,0.9997584819793701
full,winogrande,n/a,0,up_proj,14,0.999350368976593
full,winogrande,n/a,0,up_proj,15,0.9995604157447815
full,winogrande,n/a,0,up_proj,16,0.9998981952667236
full,winogrande,n/a,0,up_proj,17,0.999393880367279
full,winogrande,n/a,0,up_proj,18,0.9993984699249268
full,winogrande,n/a,0,up_proj,19,0.999937117099762
full,winogrande,n/a,0,up_proj,20,0.9998984932899475
full,winogrande,n/a,0,up_proj,21,0.9999197721481323
full,winogrande,n/a,0,up_proj,22,0.9999114274978638
full,winogrande,n/a,0,up_proj,23,0.999944269657135
full,winogrande,n/a,0,up_proj,24,0.9999116063117981
full,winogrande,n/a,0,up_proj,25,0.9999122023582458
full,winogrande,n/a,0,up_proj,26,0.9988772869110107
full,winogrande,n/a,0,up_proj,27,0.9988133907318115
full,winogrande,n/a,0,up_proj,28,0.9997885227203369
full,winogrande,n/a,0,up_proj,29,0.9999328851699829
full,winogrande,n/a,0,up_proj,30,0.9999046921730042
full,winogrande,n/a,0,up_proj,31,0.9999063611030579
full,winogrande,n/a,0,up_proj,32,0.9999006390571594
full,winogrande,n/a,0,up_proj,33,0.9998849630355835
full,winogrande,n/a,0,up_proj,34,0.999932050704956
full,winogrande,n/a,0,up_proj,35,0.999912679195404
full,winogrande,n/a,0,up_proj,36,0.9999057650566101
full,winogrande,n/a,0,up_proj,37,0.9999192953109741
full,winogrande,n/a,0,up_proj,38,0.9998586177825928
full,winogrande,n/a,0,up_proj,39,0.9998751282691956
full,winogrande,n/a,0,up_proj,40,0.9998733401298523
full,winogrande,n/a,0,up_proj,41,0.9998316168785095
full,winogrande,n/a,0,up_proj,42,0.9998263716697693
full,winogrande,n/a,0,up_proj,43,0.9998748898506165
full,winogrande,n/a,0,up_proj,44,0.9998144507408142
full,winogrande,n/a,0,up_proj,45,0.9998089671134949
full,winogrande,n/a,0,up_proj,46,0.9998132586479187
full,winogrande,n/a,0,up_proj,47,0.9996968507766724
full,winogrande,n/a,0,up_proj,48,0.9990662336349487
full,winogrande,n/a,0,up_proj,49,0.9988147616386414
full,winogrande,n/a,0,up_proj,50,0.9993008971214294
full,winogrande,n/a,0,down_proj,1,0.9999974370002747
full,winogrande,n/a,0,down_proj,2,0.9999977350234985
full,winogrande,n/a,0,down_proj,3,0.9999961853027344
full,winogrande,n/a,0,down_proj,4,0.9999960660934448
full,winogrande,n/a,0,down_proj,5,0.9999939203262329
full,winogrande,n/a,0,down_proj,6,0.9999896287918091
full,winogrande,n/a,0,down_proj,7,0.9999891519546509
full,winogrande,n/a,0,down_proj,8,0.9999837875366211
full,winogrande,n/a,0,down_proj,9,0.9999844431877136
full,winogrande,n/a,0,down_proj,10,0.9999783039093018
full,winogrande,n/a,0,down_proj,11,0.999976634979248
full,winogrande,n/a,0,down_proj,12,0.9999690651893616
full,winogrande,n/a,0,down_proj,13,0.9999497532844543
full,winogrande,n/a,0,down_proj,14,0.9999257326126099
full,winogrande,n/a,0,down_proj,15,0.9999408721923828
full,winogrande,n/a,0,down_proj,16,0.9999699592590332
full,winogrande,n/a,0,down_proj,17,0.9995420575141907
full,winogrande,n/a,0,down_proj,18,0.9995371699333191
full,winogrande,n/a,0,down_proj,19,0.9999529123306274
full,winogrande,n/a,0,down_proj,20,0.9203348159790039
full,winogrande,n/a,0,down_proj,21,0.920325756072998
full,winogrande,n/a,0,down_proj,22,0.9993840456008911
full,winogrande,n/a,0,down_proj,23,0.999394416809082
full,winogrande,n/a,0,down_proj,24,0.9999139308929443
full,winogrande,n/a,0,down_proj,25,0.9999333024024963
full,winogrande,n/a,0,down_proj,26,0.999765157699585
full,winogrande,n/a,0,down_proj,27,0.9992983341217041
full,winogrande,n/a,0,down_proj,28,0.9995418190956116
full,winogrande,n/a,0,down_proj,29,0.9997321367263794
full,winogrande,n/a,0,down_proj,30,0.9998434782028198
full,winogrande,n/a,0,down_proj,31,0.9998983144760132
full,winogrande,n/a,0,down_proj,32,0.9997816681861877
full,winogrande,n/a,0,down_proj,33,0.9955592751502991
full,winogrande,n/a,0,down_proj,34,0.9956795573234558
full,winogrande,n/a,0,down_proj,35,0.9992603063583374
full,winogrande,n/a,0,down_proj,36,0.9999409317970276
full,winogrande,n/a,0,down_proj,37,0.9998238682746887
full,winogrande,n/a,0,down_proj,38,0.9998478293418884
full,winogrande,n/a,0,down_proj,39,0.9997750520706177
full,winogrande,n/a,0,down_proj,40,0.9998330473899841
full,winogrande,n/a,0,down_proj,41,0.99988853931427
full,winogrande,n/a,0,down_proj,42,0.9974790811538696
full,winogrande,n/a,0,down_proj,43,0.9973814487457275
full,winogrande,n/a,0,down_proj,44,0.9997119307518005
full,winogrande,n/a,0,down_proj,45,0.9998214244842529
full,winogrande,n/a,0,down_proj,46,0.9998036026954651
full,winogrande,n/a,0,down_proj,47,0.9969431161880493
full,winogrande,n/a,0,down_proj,48,0.9970999360084534
full,winogrande,n/a,0,down_proj,49,0.999666154384613
full,winogrande,n/a,0,down_proj,50,0.9942480325698853
full,winogrande,n/a,8,q_proj,1,0.9999972581863403
full,winogrande,n/a,8,q_proj,2,0.999997615814209
full,winogrande,n/a,8,q_proj,3,0.999997615814209
full,winogrande,n/a,8,q_proj,4,0.9999983906745911
full,winogrande,n/a,8,q_proj,5,0.9999971389770508
full,winogrande,n/a,8,q_proj,6,0.999998152256012
full,winogrande,n/a,8,q_proj,7,0.9999967813491821
full,winogrande,n/a,8,q_proj,8,0.9999828934669495
full,winogrande,n/a,8,q_proj,9,0.9999842643737793
full,winogrande,n/a,8,q_proj,10,0.9999967217445374
full,winogrande,n/a,8,q_proj,11,0.9999938607215881
full,winogrande,n/a,8,q_proj,12,0.9999953508377075
full,winogrande,n/a,8,q_proj,13,0.9999848008155823
full,winogrande,n/a,8,q_proj,14,0.9999741911888123
full,winogrande,n/a,8,q_proj,15,0.9999780654907227
full,winogrande,n/a,8,q_proj,16,0.9999831318855286
full,winogrande,n/a,8,q_proj,17,0.9999881982803345
full,winogrande,n/a,8,q_proj,18,0.9999923706054688
full,winogrande,n/a,8,q_proj,19,0.9999895095825195
full,winogrande,n/a,8,q_proj,20,0.9999942779541016
full,winogrande,n/a,8,q_proj,21,0.999976634979248
full,winogrande,n/a,8,q_proj,22,0.9999769926071167
full,winogrande,n/a,8,q_proj,23,0.9999843835830688
full,winogrande,n/a,8,q_proj,24,0.9999842643737793
full,winogrande,n/a,8,q_proj,25,0.9999940395355225
full,winogrande,n/a,8,q_proj,26,0.9999911189079285
full,winogrande,n/a,8,q_proj,27,0.9999887943267822
full,winogrande,n/a,8,q_proj,28,0.999984085559845
full,winogrande,n/a,8,q_proj,29,0.999985933303833
full,winogrande,n/a,8,q_proj,30,0.9999905228614807
full,winogrande,n/a,8,q_proj,31,0.9999856352806091
full,winogrande,n/a,8,q_proj,32,0.9999814033508301
full,winogrande,n/a,8,q_proj,33,0.9999831318855286
full,winogrande,n/a,8,q_proj,34,0.9999764561653137
full,winogrande,n/a,8,q_proj,35,0.9999788999557495
full,winogrande,n/a,8,q_proj,36,0.9999881386756897
full,winogrande,n/a,8,q_proj,37,0.999992311000824
full,winogrande,n/a,8,q_proj,38,0.9999784827232361
full,winogrande,n/a,8,q_proj,39,0.9999704360961914
full,winogrande,n/a,8,q_proj,40,0.9999597072601318
full,winogrande,n/a,8,q_proj,41,0.9999837875366211
full,winogrande,n/a,8,q_proj,42,0.9999895095825195
full,winogrande,n/a,8,q_proj,43,0.9999858140945435
full,winogrande,n/a,8,q_proj,44,0.9999740123748779
full,winogrande,n/a,8,q_proj,45,0.9999793767929077
full,winogrande,n/a,8,q_proj,46,0.9999858140945435
full,winogrande,n/a,8,q_proj,47,0.9999223947525024
full,winogrande,n/a,8,q_proj,48,0.9999274611473083
full,winogrande,n/a,8,q_proj,49,0.9999823570251465
full,winogrande,n/a,8,q_proj,50,0.99997878074646
full,winogrande,n/a,8,v_proj,1,0.9996708631515503
full,winogrande,n/a,8,v_proj,2,0.9993733763694763
full,winogrande,n/a,8,v_proj,3,0.9995179772377014
full,winogrande,n/a,8,v_proj,4,0.9972872138023376
full,winogrande,n/a,8,v_proj,5,0.9980822801589966
full,winogrande,n/a,8,v_proj,6,0.9981560111045837
full,winogrande,n/a,8,v_proj,7,0.9993596076965332
full,winogrande,n/a,8,v_proj,8,0.9993001818656921
full,winogrande,n/a,8,v_proj,9,0.9993290901184082
full,winogrande,n/a,8,v_proj,10,0.9942455291748047
full,winogrande,n/a,8,v_proj,11,0.9945734143257141
full,winogrande,n/a,8,v_proj,12,0.9965212345123291
full,winogrande,n/a,8,v_proj,13,0.9967817664146423
full,winogrande,n/a,8,v_proj,14,0.9973929524421692
full,winogrande,n/a,8,v_proj,15,0.998691737651825
full,winogrande,n/a,8,v_proj,16,0.996567964553833
full,winogrande,n/a,8,v_proj,17,0.9965617060661316
full,winogrande,n/a,8,v_proj,18,0.9988659620285034
full,winogrande,n/a,8,v_proj,19,0.99735426902771
full,winogrande,n/a,8,v_proj,20,0.9969002604484558
full,winogrande,n/a,8,v_proj,21,0.9982038736343384
full,winogrande,n/a,8,v_proj,22,0.9990364909172058
full,winogrande,n/a,8,v_proj,23,0.9970203638076782
full,winogrande,n/a,8,v_proj,24,0.9974220395088196
full,winogrande,n/a,8,v_proj,25,0.997498631477356
full,winogrande,n/a,8,v_proj,26,0.9968727827072144
full,winogrande,n/a,8,v_proj,27,0.9980205297470093
full,winogrande,n/a,8,v_proj,28,0.9798569083213806
full,winogrande,n/a,8,v_proj,29,0.9717837572097778
full,winogrande,n/a,8,v_proj,30,0.9867260456085205
full,winogrande,n/a,8,v_proj,31,0.9949343800544739
full,winogrande,n/a,8,v_proj,32,0.9939911365509033
full,winogrande,n/a,8,v_proj,33,0.9973757863044739
full,winogrande,n/a,8,v_proj,34,0.9956079125404358
full,winogrande,n/a,8,v_proj,35,0.996401846408844
full,winogrande,n/a,8,v_proj,36,0.9969826340675354
full,winogrande,n/a,8,v_proj,37,0.9946597814559937
full,winogrande,n/a,8,v_proj,38,0.9984663724899292
full,winogrande,n/a,8,v_proj,39,0.9948055148124695
full,winogrande,n/a,8,v_proj,40,0.997709333896637
full,winogrande,n/a,8,v_proj,41,0.9948424100875854
full,winogrande,n/a,8,v_proj,42,0.9908146858215332
full,winogrande,n/a,8,v_proj,43,0.9936028122901917
full,winogrande,n/a,8,v_proj,44,0.9984943270683289
full,winogrande,n/a,8,v_proj,45,0.9958388805389404
full,winogrande,n/a,8,v_proj,46,0.9688465595245361
full,winogrande,n/a,8,v_proj,47,0.9688944816589355
full,winogrande,n/a,8,v_proj,48,0.9933762550354004
full,winogrande,n/a,8,v_proj,49,0.9911421537399292
full,winogrande,n/a,8,v_proj,50,0.9930412173271179
full,winogrande,n/a,8,up_proj,1,0.9999915361404419
full,winogrande,n/a,8,up_proj,2,0.9999818205833435
full,winogrande,n/a,8,up_proj,3,0.9999800324440002
full,winogrande,n/a,8,up_proj,4,0.9999791979789734
full,winogrande,n/a,8,up_proj,5,0.9999548196792603
full,winogrande,n/a,8,up_proj,6,0.9999617338180542
full,winogrande,n/a,8,up_proj,7,0.9999709129333496
full,winogrande,n/a,8,up_proj,8,0.9999179244041443
full,winogrande,n/a,8,up_proj,9,0.9999204874038696
full,winogrande,n/a,8,up_proj,10,0.9999139904975891
full,winogrande,n/a,8,up_proj,11,0.999954342842102
full,winogrande,n/a,8,up_proj,12,0.999878466129303
full,winogrande,n/a,8,up_proj,13,0.9963874816894531
full,winogrande,n/a,8,up_proj,14,0.9963499903678894
full,winogrande,n/a,8,up_proj,15,0.9999325275421143
full,winogrande,n/a,8,up_proj,16,0.9999461770057678
full,winogrande,n/a,8,up_proj,17,0.9999484419822693
full,winogrande,n/a,8,up_proj,18,0.9998943209648132
full,winogrande,n/a,8,up_proj,19,0.9998621344566345
full,winogrande,n/a,8,up_proj,20,0.9999207258224487
full,winogrande,n/a,8,up_proj,21,0.9999409317970276
full,winogrande,n/a,8,up_proj,22,0.9998972415924072
full,winogrande,n/a,8,up_proj,23,0.9999226927757263
full,winogrande,n/a,8,up_proj,24,0.99982750415802
full,winogrande,n/a,8,up_proj,25,0.9991565346717834
full,winogrande,n/a,8,up_proj,26,0.9992172122001648
full,winogrande,n/a,8,up_proj,27,0.9994950890541077
full,winogrande,n/a,8,up_proj,28,0.9994867444038391
full,winogrande,n/a,8,up_proj,29,0.9972227215766907
full,winogrande,n/a,8,up_proj,30,0.9972687363624573
full,winogrande,n/a,8,up_proj,31,0.999340295791626
full,winogrande,n/a,8,up_proj,32,0.997179388999939
full,winogrande,n/a,8,up_proj,33,0.9968219995498657
full,winogrande,n/a,8,up_proj,34,0.999098539352417
full,winogrande,n/a,8,up_proj,35,0.9997529983520508
full,winogrande,n/a,8,up_proj,36,0.999531090259552
full,winogrande,n/a,8,up_proj,37,0.9987860918045044
full,winogrande,n/a,8,up_proj,38,0.9985677003860474
full,winogrande,n/a,8,up_proj,39,0.9974855780601501
full,winogrande,n/a,8,up_proj,40,0.9975940585136414
full,winogrande,n/a,8,up_proj,41,0.9991054534912109
full,winogrande,n/a,8,up_proj,42,0.998841404914856
full,winogrande,n/a,8,up_proj,43,0.9985702633857727
full,winogrande,n/a,8,up_proj,44,0.9982450008392334
full,winogrande,n/a,8,up_proj,45,0.9990848898887634
full,winogrande,n/a,8,up_proj,46,0.9996698498725891
full,winogrande,n/a,8,up_proj,47,0.999646008014679
full,winogrande,n/a,8,up_proj,48,0.9991104006767273
full,winogrande,n/a,8,up_proj,49,0.9986037015914917
full,winogrande,n/a,8,up_proj,50,0.9993569850921631
full,winogrande,n/a,8,down_proj,1,0.9999997615814209
full,winogrande,n/a,8,down_proj,2,0.9999975562095642
full,winogrande,n/a,8,down_proj,3,0.9999974966049194
full,winogrande,n/a,8,down_proj,4,0.9999963641166687
full,winogrande,n/a,8,down_proj,5,0.9999841451644897
full,winogrande,n/a,8,down_proj,6,0.9999845027923584
full,winogrande,n/a,8,down_proj,7,0.9999949336051941
full,winogrande,n/a,8,down_proj,8,0.9999915361404419
full,winogrande,n/a,8,down_proj,9,0.9999908804893494
full,winogrande,n/a,8,down_proj,10,0.9999732971191406
full,winogrande,n/a,8,down_proj,11,0.9999744296073914
full,winogrande,n/a,8,down_proj,12,0.9999753832817078
full,winogrande,n/a,8,down_proj,13,0.9999791383743286
full,winogrande,n/a,8,down_proj,14,0.9997783303260803
full,winogrande,n/a,8,down_proj,15,0.9997770190238953
full,winogrande,n/a,8,down_proj,16,0.999979555606842
full,winogrande,n/a,8,down_proj,17,0.9999762773513794
full,winogrande,n/a,8,down_proj,18,0.9999710321426392
full,winogrande,n/a,8,down_proj,19,0.9933692812919617
full,winogrande,n/a,8,down_proj,20,0.9933644533157349
full,winogrande,n/a,8,down_proj,21,0.9999449849128723
full,winogrande,n/a,8,down_proj,22,0.9999796748161316
full,winogrande,n/a,8,down_proj,23,0.9999639391899109
full,winogrande,n/a,8,down_proj,24,0.9999575018882751
full,winogrande,n/a,8,down_proj,25,0.9999123811721802
full,winogrande,n/a,8,down_proj,26,0.9994913935661316
full,winogrande,n/a,8,down_proj,27,0.9994910955429077
full,winogrande,n/a,8,down_proj,28,0.9999165534973145
full,winogrande,n/a,8,down_proj,29,0.9998962879180908
full,winogrande,n/a,8,down_proj,30,0.9996103644371033
full,winogrande,n/a,8,down_proj,31,0.9995993971824646
full,winogrande,n/a,8,down_proj,32,0.9999281764030457
full,winogrande,n/a,8,down_proj,33,0.9998499751091003
full,winogrande,n/a,8,down_proj,34,0.9995141625404358
full,winogrande,n/a,8,down_proj,35,0.9995197653770447
full,winogrande,n/a,8,down_proj,36,0.9999261498451233
full,winogrande,n/a,8,down_proj,37,0.9999041557312012
full,winogrande,n/a,8,down_proj,38,0.999908447265625
full,winogrande,n/a,8,down_proj,39,0.9997060894966125
full,winogrande,n/a,8,down_proj,40,0.9996985197067261
full,winogrande,n/a,8,down_proj,41,0.9998722672462463
full,winogrande,n/a,8,down_proj,42,0.9998487234115601
full,winogrande,n/a,8,down_proj,43,0.9999220371246338
full,winogrande,n/a,8,down_proj,44,0.9998635053634644
full,winogrande,n/a,8,down_proj,45,0.9998881816864014
full,winogrande,n/a,8,down_proj,46,0.9996504187583923
full,winogrande,n/a,8,down_proj,47,0.9987205266952515
full,winogrande,n/a,8,down_proj,48,0.9988369941711426
full,winogrande,n/a,8,down_proj,49,0.9998838305473328
full,winogrande,n/a,8,down_proj,50,0.9997809529304504
full,winogrande,n/a,15,q_proj,1,0.9999988079071045
full,winogrande,n/a,15,q_proj,2,0.9999995827674866
full,winogrande,n/a,15,q_proj,3,0.9999988675117493
full,winogrande,n/a,15,q_proj,4,0.9999973177909851
full,winogrande,n/a,15,q_proj,5,0.9999976754188538
full,winogrande,n/a,15,q_proj,6,0.9999984502792358
full,winogrande,n/a,15,q_proj,7,0.9999982118606567
full,winogrande,n/a,15,q_proj,8,0.9999977350234985
full,winogrande,n/a,15,q_proj,9,0.9999979734420776
full,winogrande,n/a,15,q_proj,10,0.9999974966049194
full,winogrande,n/a,15,q_proj,11,0.9999979138374329
full,winogrande,n/a,15,q_proj,12,0.9999938011169434
full,winogrande,n/a,15,q_proj,13,0.9999929070472717
full,winogrande,n/a,15,q_proj,14,0.9999915361404419
full,winogrande,n/a,15,q_proj,15,0.9999900460243225
full,winogrande,n/a,15,q_proj,16,0.9999977350234985
full,winogrande,n/a,15,q_proj,17,0.9999977946281433
full,winogrande,n/a,15,q_proj,18,0.9999968409538269
full,winogrande,n/a,15,q_proj,19,0.9999901652336121
full,winogrande,n/a,15,q_proj,20,0.9999901056289673
full,winogrande,n/a,15,q_proj,21,0.9999918937683105
full,winogrande,n/a,15,q_proj,22,0.9999955296516418
full,winogrande,n/a,15,q_proj,23,0.9999912977218628
full,winogrande,n/a,15,q_proj,24,0.9999979734420776
full,winogrande,n/a,15,q_proj,25,0.9999967217445374
full,winogrande,n/a,15,q_proj,26,0.9999969601631165
full,winogrande,n/a,15,q_proj,27,0.9999971389770508
full,winogrande,n/a,15,q_proj,28,0.9999966025352478
full,winogrande,n/a,15,q_proj,29,0.9999943971633911
full,winogrande,n/a,15,q_proj,30,0.9999926686286926
full,winogrande,n/a,15,q_proj,31,0.9999831914901733
full,winogrande,n/a,15,q_proj,32,0.9999855756759644
full,winogrande,n/a,15,q_proj,33,0.9999946355819702
full,winogrande,n/a,15,q_proj,34,0.9999954700469971
full,winogrande,n/a,15,q_proj,35,0.9999918341636658
full,winogrande,n/a,15,q_proj,36,0.9999816417694092
full,winogrande,n/a,15,q_proj,37,0.9999849200248718
full,winogrande,n/a,15,q_proj,38,0.9999933838844299
full,winogrande,n/a,15,q_proj,39,0.9999890327453613
full,winogrande,n/a,15,q_proj,40,0.9999950528144836
full,winogrande,n/a,15,q_proj,41,0.9999887943267822
full,winogrande,n/a,15,q_proj,42,0.9999874830245972
full,winogrande,n/a,15,q_proj,43,0.9999945163726807
full,winogrande,n/a,15,q_proj,44,0.9999735951423645
full,winogrande,n/a,15,q_proj,45,0.9999735355377197
full,winogrande,n/a,15,q_proj,46,0.9999945163726807
full,winogrande,n/a,15,q_proj,47,0.9999966621398926
full,winogrande,n/a,15,q_proj,48,0.9999921917915344
full,winogrande,n/a,15,q_proj,49,0.9999906420707703
full,winogrande,n/a,15,q_proj,50,0.9999008178710938
full,winogrande,n/a,15,v_proj,1,0.999996542930603
full,winogrande,n/a,15,v_proj,2,0.9999979734420776
full,winogrande,n/a,15,v_proj,3,0.9999960064888
full,winogrande,n/a,15,v_proj,4,0.9999963045120239
full,winogrande,n/a,15,v_proj,5,0.9999686479568481
full,winogrande,n/a,15,v_proj,6,0.9999685287475586
full,winogrande,n/a,15,v_proj,7,0.9999922513961792
full,winogrande,n/a,15,v_proj,8,0.9999943971633911
full,winogrande,n/a,15,v_proj,9,0.9999914169311523
full,winogrande,n/a,15,v_proj,10,0.9999828338623047
full,winogrande,n/a,15,v_proj,11,0.9999808669090271
full,winogrande,n/a,15,v_proj,12,0.9999901056289673
full,winogrande,n/a,15,v_proj,13,0.9999604225158691
full,winogrande,n/a,15,v_proj,14,0.9998582601547241
full,winogrande,n/a,15,v_proj,15,0.9998233914375305
full,winogrande,n/a,15,v_proj,16,0.9999387264251709
full,winogrande,n/a,15,v_proj,17,0.9999686479568481
full,winogrande,n/a,15,v_proj,18,0.9999798536300659
full,winogrande,n/a,15,v_proj,19,0.9999297857284546
full,winogrande,n/a,15,v_proj,20,0.9999351501464844
full,winogrande,n/a,15,v_proj,21,0.9999773502349854
full,winogrande,n/a,15,v_proj,22,0.999971330165863
full,winogrande,n/a,15,v_proj,23,0.999969482421875
full,winogrande,n/a,15,v_proj,24,0.9999505281448364
full,winogrande,n/a,15,v_proj,25,0.9999533891677856
full,winogrande,n/a,15,v_proj,26,0.9999542236328125
full,winogrande,n/a,15,v_proj,27,0.9999788403511047
full,winogrande,n/a,15,v_proj,28,0.999949038028717
full,winogrande,n/a,15,v_proj,29,0.9999678134918213
full,winogrande,n/a,15,v_proj,30,0.9999812841415405
full,winogrande,n/a,15,v_proj,31,0.9999831914901733
full,winogrande,n/a,15,v_proj,32,0.9999778270721436
full,winogrande,n/a,15,v_proj,33,0.9998961687088013
full,winogrande,n/a,15,v_proj,34,0.9997713565826416
full,winogrande,n/a,15,v_proj,35,0.9997690916061401
full,winogrande,n/a,15,v_proj,36,0.9998726844787598
full,winogrande,n/a,15,v_proj,37,0.9998931884765625
full,winogrande,n/a,15,v_proj,38,0.9999666213989258
full,winogrande,n/a,15,v_proj,39,0.999958872795105
full,winogrande,n/a,15,v_proj,40,0.9999631643295288
full,winogrande,n/a,15,v_proj,41,0.999975323677063
full,winogrande,n/a,15,v_proj,42,0.9999046325683594
full,winogrande,n/a,15,v_proj,43,0.9998836517333984
full,winogrande,n/a,15,v_proj,44,0.9999318718910217
full,winogrande,n/a,15,v_proj,45,0.9998974800109863
full,winogrande,n/a,15,v_proj,46,0.9998253583908081
full,winogrande,n/a,15,v_proj,47,0.9998739957809448
full,winogrande,n/a,15,v_proj,48,0.9999563694000244
full,winogrande,n/a,15,v_proj,49,0.9999722242355347
full,winogrande,n/a,15,v_proj,50,0.9999433755874634
full,winogrande,n/a,15,up_proj,1,0.9999983906745911
full,winogrande,n/a,15,up_proj,2,1.0
full,winogrande,n/a,15,up_proj,3,0.9999989867210388
full,winogrande,n/a,15,up_proj,4,0.9999974966049194
full,winogrande,n/a,15,up_proj,5,0.9999969005584717
full,winogrande,n/a,15,up_proj,6,0.9999961256980896
full,winogrande,n/a,15,up_proj,7,0.9999955296516418
full,winogrande,n/a,15,up_proj,8,0.9999948143959045
full,winogrande,n/a,15,up_proj,9,0.999995231628418
full,winogrande,n/a,15,up_proj,10,0.9999972581863403
full,winogrande,n/a,15,up_proj,11,0.9999954104423523
full,winogrande,n/a,15,up_proj,12,0.9999945163726807
full,winogrande,n/a,15,up_proj,13,0.9999869465827942
full,winogrande,n/a,15,up_proj,14,0.9999884963035583
full,winogrande,n/a,15,up_proj,15,0.9999955892562866
full,winogrande,n/a,15,up_proj,16,0.9999963045120239
full,winogrande,n/a,15,up_proj,17,0.9999945163726807
full,winogrande,n/a,15,up_proj,18,0.9999926090240479
full,winogrande,n/a,15,up_proj,19,0.9999919533729553
full,winogrande,n/a,15,up_proj,20,0.9999897480010986
full,winogrande,n/a,15,up_proj,21,0.999988317489624
full,winogrande,n/a,15,up_proj,22,0.9999927878379822
full,winogrande,n/a,15,up_proj,23,0.9999914169311523
full,winogrande,n/a,15,up_proj,24,0.9999473690986633
full,winogrande,n/a,15,up_proj,25,0.999946653842926
full,winogrande,n/a,15,up_proj,26,0.9999856948852539
full,winogrande,n/a,15,up_proj,27,0.9999806880950928
full,winogrande,n/a,15,up_proj,28,0.999988853931427
full,winogrande,n/a,15,up_proj,29,0.9999892711639404
full,winogrande,n/a,15,up_proj,30,0.9999880790710449
full,winogrande,n/a,15,up_proj,31,0.999968409538269
full,winogrande,n/a,15,up_proj,32,0.9999724626541138
full,winogrande,n/a,15,up_proj,33,0.9999676942825317
full,winogrande,n/a,15,up_proj,34,0.9999717473983765
full,winogrande,n/a,15,up_proj,35,0.9999560713768005
full,winogrande,n/a,15,up_proj,36,0.9999032616615295
full,winogrande,n/a,15,up_proj,37,0.9999309778213501
full,winogrande,n/a,15,up_proj,38,0.9999695420265198
full,winogrande,n/a,15,up_proj,39,0.9999017119407654
full,winogrande,n/a,15,up_proj,40,0.9998885989189148
full,winogrande,n/a,15,up_proj,41,0.999829888343811
full,winogrande,n/a,15,up_proj,42,0.9997658729553223
full,winogrande,n/a,15,up_proj,43,0.9998881220817566
full,winogrande,n/a,15,up_proj,44,0.999830424785614
full,winogrande,n/a,15,up_proj,45,0.9998289346694946
full,winogrande,n/a,15,up_proj,46,0.9999746084213257
full,winogrande,n/a,15,up_proj,47,0.9999411106109619
full,winogrande,n/a,15,up_proj,48,0.9999285340309143
full,winogrande,n/a,15,up_proj,49,0.999910831451416
full,winogrande,n/a,15,up_proj,50,0.9999151825904846
full,winogrande,n/a,15,down_proj,1,0.9999973773956299
full,winogrande,n/a,15,down_proj,2,0.9999889135360718
full,winogrande,n/a,15,down_proj,3,0.9999842643737793
full,winogrande,n/a,15,down_proj,4,0.9999551773071289
full,winogrande,n/a,15,down_proj,5,0.9999879598617554
full,winogrande,n/a,15,down_proj,6,0.9999889135360718
full,winogrande,n/a,15,down_proj,7,0.9999837279319763
full,winogrande,n/a,15,down_proj,8,0.9999788999557495
full,winogrande,n/a,15,down_proj,9,0.9991357922554016
full,winogrande,n/a,15,down_proj,10,0.9991136789321899
full,winogrande,n/a,15,down_proj,11,0.9999249577522278
full,winogrande,n/a,15,down_proj,12,0.9997608661651611
full,winogrande,n/a,15,down_proj,13,0.9984872341156006
full,winogrande,n/a,15,down_proj,14,0.9986220002174377
full,winogrande,n/a,15,down_proj,15,0.9999440908432007
full,winogrande,n/a,15,down_proj,16,0.9999264478683472
full,winogrande,n/a,15,down_proj,17,0.9997686147689819
full,winogrande,n/a,15,down_proj,18,0.9997515678405762
full,winogrande,n/a,15,down_proj,19,0.9996433854103088
full,winogrande,n/a,15,down_proj,20,0.9998863339424133
full,winogrande,n/a,15,down_proj,21,0.9998520612716675
full,winogrande,n/a,15,down_proj,22,0.9994598031044006
full,winogrande,n/a,15,down_proj,23,0.9995285868644714
full,winogrande,n/a,15,down_proj,24,0.9998350143432617
full,winogrande,n/a,15,down_proj,25,0.9998061060905457
full,winogrande,n/a,15,down_proj,26,0.9985952377319336
full,winogrande,n/a,15,down_proj,27,0.9988771677017212
full,winogrande,n/a,15,down_proj,28,0.998963475227356
full,winogrande,n/a,15,down_proj,29,0.9991823434829712
full,winogrande,n/a,15,down_proj,30,0.9988259673118591
full,winogrande,n/a,15,down_proj,31,0.9988617897033691
full,winogrande,n/a,15,down_proj,32,0.9996516704559326
full,winogrande,n/a,15,down_proj,33,0.9996203780174255
full,winogrande,n/a,15,down_proj,34,0.9994736313819885
full,winogrande,n/a,15,down_proj,35,0.9996297955513
full,winogrande,n/a,15,down_proj,36,0.997328519821167
full,winogrande,n/a,15,down_proj,37,0.9970546960830688
full,winogrande,n/a,15,down_proj,38,0.9993096590042114
full,winogrande,n/a,15,down_proj,39,0.9989179968833923
full,winogrande,n/a,15,down_proj,40,0.9993396997451782
full,winogrande,n/a,15,down_proj,41,0.997934877872467
full,winogrande,n/a,15,down_proj,42,0.9982172250747681
full,winogrande,n/a,15,down_proj,43,0.9989914894104004
full,winogrande,n/a,15,down_proj,44,0.9993353486061096
full,winogrande,n/a,15,down_proj,45,0.9995580315589905
full,winogrande,n/a,15,down_proj,46,0.9997685551643372
full,winogrande,n/a,15,down_proj,47,0.997204601764679
full,winogrande,n/a,15,down_proj,48,0.9969042539596558
full,winogrande,n/a,15,down_proj,49,0.9989311099052429
full,winogrande,n/a,15,down_proj,50,0.9987785816192627
stacked_lora,fever,all,0,q_proj,1,1.0
stacked_lora,fever,all,0,q_proj,2,1.000000238418579
stacked_lora,fever,all,0,q_proj,3,1.0000001192092896
stacked_lora,fever,all,0,q_proj,4,1.0000004768371582
stacked_lora,fever,all,0,q_proj,5,1.0000001192092896
stacked_lora,fever,all,0,q_proj,6,0.9999995827674866
stacked_lora,fever,all,0,q_proj,7,0.9999984502792358
stacked_lora,fever,all,0,q_proj,8,0.9999990463256836
stacked_lora,fever,all,0,q_proj,9,0.9999996423721313
stacked_lora,fever,all,0,q_proj,10,0.9999993443489075
stacked_lora,fever,all,0,q_proj,11,0.9999995231628418
stacked_lora,fever,all,0,q_proj,12,0.9999988675117493
stacked_lora,fever,all,0,q_proj,13,0.9999987483024597
stacked_lora,fever,all,0,q_proj,14,0.9999991655349731
stacked_lora,fever,all,0,q_proj,15,0.9999959468841553
stacked_lora,fever,all,0,q_proj,16,0.999995231628418
stacked_lora,fever,all,0,q_proj,17,0.9999971985816956
stacked_lora,fever,all,0,q_proj,18,0.999997079372406
stacked_lora,fever,all,0,q_proj,19,0.9999988079071045
stacked_lora,fever,all,0,q_proj,20,0.9999992847442627
stacked_lora,fever,all,0,q_proj,21,0.9999846816062927
stacked_lora,fever,all,0,q_proj,22,0.9999842047691345
stacked_lora,fever,all,0,q_proj,23,0.9999985694885254
stacked_lora,fever,all,0,q_proj,24,0.9999967813491821
stacked_lora,fever,all,0,q_proj,25,0.9999962449073792
stacked_lora,fever,all,0,q_proj,26,0.9999988079071045
stacked_lora,fever,all,0,q_proj,27,0.9999978542327881
stacked_lora,fever,all,0,q_proj,28,0.9999948740005493
stacked_lora,fever,all,0,q_proj,29,0.9999954104423523
stacked_lora,fever,all,0,q_proj,30,0.9999927878379822
stacked_lora,fever,all,0,q_proj,31,0.9999939799308777
stacked_lora,fever,all,0,q_proj,32,0.9999839663505554
stacked_lora,fever,all,0,q_proj,33,0.9999862909317017
stacked_lora,fever,all,0,q_proj,34,0.9999949336051941
stacked_lora,fever,all,0,q_proj,35,0.9999926090240479
stacked_lora,fever,all,0,q_proj,36,0.999971866607666
stacked_lora,fever,all,0,q_proj,37,0.999972403049469
stacked_lora,fever,all,0,q_proj,38,0.9999904036521912
stacked_lora,fever,all,0,q_proj,39,0.9999942183494568
stacked_lora,fever,all,0,q_proj,40,0.9999871850013733
stacked_lora,fever,all,0,q_proj,41,0.9999953508377075
stacked_lora,fever,all,0,q_proj,42,0.9999632835388184
stacked_lora,fever,all,0,q_proj,43,0.9999604225158691
stacked_lora,fever,all,0,q_proj,44,0.9999746084213257
stacked_lora,fever,all,0,q_proj,45,0.9999770522117615
stacked_lora,fever,all,0,q_proj,46,0.9999766945838928
stacked_lora,fever,all,0,q_proj,47,0.9999470710754395
stacked_lora,fever,all,0,q_proj,48,0.9999468922615051
stacked_lora,fever,all,0,q_proj,49,0.9999884963035583
stacked_lora,fever,all,0,q_proj,50,0.9999764561653137
stacked_lora,fever,all,0,v_proj,1,0.9999933838844299
stacked_lora,fever,all,0,v_proj,2,0.9998883605003357
stacked_lora,fever,all,0,v_proj,3,0.9998598694801331
stacked_lora,fever,all,0,v_proj,4,0.99996018409729
stacked_lora,fever,all,0,v_proj,5,0.9999430179595947
stacked_lora,fever,all,0,v_proj,6,0.999926745891571
stacked_lora,fever,all,0,v_proj,7,0.999927818775177
stacked_lora,fever,all,0,v_proj,8,0.9998533725738525
stacked_lora,fever,all,0,v_proj,9,0.9998180270195007
stacked_lora,fever,all,0,v_proj,10,0.9997868537902832
stacked_lora,fever,all,0,v_proj,11,0.99950110912323
stacked_lora,fever,all,0,v_proj,12,0.9993969202041626
stacked_lora,fever,all,0,v_proj,13,0.9989858865737915
stacked_lora,fever,all,0,v_proj,14,0.9989013671875
stacked_lora,fever,all,0,v_proj,15,0.9995568990707397
stacked_lora,fever,all,0,v_proj,16,0.9998449087142944
stacked_lora,fever,all,0,v_proj,17,0.999517023563385
stacked_lora,fever,all,0,v_proj,18,0.998126208782196
stacked_lora,fever,all,0,v_proj,19,0.9977794885635376
stacked_lora,fever,all,0,v_proj,20,0.9994796514511108
stacked_lora,fever,all,0,v_proj,21,0.998764157295227
stacked_lora,fever,all,0,v_proj,22,0.9991297721862793
stacked_lora,fever,all,0,v_proj,23,0.9989945888519287
stacked_lora,fever,all,0,v_proj,24,0.9974967241287231
stacked_lora,fever,all,0,v_proj,25,0.9969644546508789
stacked_lora,fever,all,0,v_proj,26,0.9985307455062866
stacked_lora,fever,all,0,v_proj,27,0.9988958835601807
stacked_lora,fever,all,0,v_proj,28,0.9989620447158813
stacked_lora,fever,all,0,v_proj,29,0.9856313467025757
stacked_lora,fever,all,0,v_proj,30,0.9861046075820923
stacked_lora,fever,all,0,v_proj,31,0.9951605796813965
stacked_lora,fever,all,0,v_proj,32,0.9911731481552124
stacked_lora,fever,all,0,v_proj,33,0.9936008453369141
stacked_lora,fever,all,0,v_proj,34,0.9976121187210083
stacked_lora,fever,all,0,v_proj,35,0.9985912442207336
stacked_lora,fever,all,0,v_proj,36,0.9983090162277222
stacked_lora,fever,all,0,v_proj,37,0.9968446493148804
stacked_lora,fever,all,0,v_proj,38,0.9868060350418091
stacked_lora,fever,all,0,v_proj,39,0.984816312789917
stacked_lora,fever,all,0,v_proj,40,0.9967067837715149
stacked_lora,fever,all,0,v_proj,41,0.9878482222557068
stacked_lora,fever,all,0,v_proj,42,0.9857494831085205
stacked_lora,fever,all,0,v_proj,43,0.9971065521240234
stacked_lora,fever,all,0,v_proj,44,0.9976518154144287
stacked_lora,fever,all,0,v_proj,45,0.9980455636978149
stacked_lora,fever,all,0,v_proj,46,0.994391679763794
stacked_lora,fever,all,0,v_proj,47,0.991240918636322
stacked_lora,fever,all,0,v_proj,48,0.998781681060791
stacked_lora,fever,all,0,v_proj,49,0.9975665807723999
stacked_lora,fever,all,0,v_proj,50,0.9987843632698059
stacked_lora,fever,all,0,up_proj,1,0.9999988079071045
stacked_lora,fever,all,0,up_proj,2,0.9999960064888
stacked_lora,fever,all,0,up_proj,3,0.9999937415122986
stacked_lora,fever,all,0,up_proj,4,0.999993085861206
stacked_lora,fever,all,0,up_proj,5,0.9999923706054688
stacked_lora,fever,all,0,up_proj,6,0.9999905228614807
stacked_lora,fever,all,0,up_proj,7,0.9999841451644897
stacked_lora,fever,all,0,up_proj,8,0.999976634979248
stacked_lora,fever,all,0,up_proj,9,0.9999611377716064
stacked_lora,fever,all,0,up_proj,10,0.9999714493751526
stacked_lora,fever,all,0,up_proj,11,0.9999530911445618
stacked_lora,fever,all,0,up_proj,12,0.9999577403068542
stacked_lora,fever,all,0,up_proj,13,0.9999122619628906
stacked_lora,fever,all,0,up_proj,14,0.9996985793113708
stacked_lora,fever,all,0,up_proj,15,0.9997116327285767
stacked_lora,fever,all,0,up_proj,16,0.9999776482582092
stacked_lora,fever,all,0,up_proj,17,0.9997690916061401
stacked_lora,fever,all,0,up_proj,18,0.9998056292533875
stacked_lora,fever,all,0,up_proj,19,0.9998857378959656
stacked_lora,fever,all,0,up_proj,20,0.9999383687973022
stacked_lora,fever,all,0,up_proj,21,0.9999669790267944
stacked_lora,fever,all,0,up_proj,22,0.9999576807022095
stacked_lora,fever,all,0,up_proj,23,0.9999651908874512
stacked_lora,fever,all,0,up_proj,24,0.9999556541442871
stacked_lora,fever,all,0,up_proj,25,0.9999348521232605
stacked_lora,fever,all,0,up_proj,26,0.9999393224716187
stacked_lora,fever,all,0,up_proj,27,0.9999419450759888
stacked_lora,fever,all,0,up_proj,28,0.9999681115150452
stacked_lora,fever,all,0,up_proj,29,0.9999200105667114
stacked_lora,fever,all,0,up_proj,30,0.9999629259109497
stacked_lora,fever,all,0,up_proj,31,0.9999276995658875
stacked_lora,fever,all,0,up_proj,32,0.9999335408210754
stacked_lora,fever,all,0,up_proj,33,0.9999265074729919
stacked_lora,fever,all,0,up_proj,34,0.9999605417251587
stacked_lora,fever,all,0,up_proj,35,0.9999325275421143
stacked_lora,fever,all,0,up_proj,36,0.9999262094497681
stacked_lora,fever,all,0,up_proj,37,0.9999474287033081
stacked_lora,fever,all,0,up_proj,38,0.9999648928642273
stacked_lora,fever,all,0,up_proj,39,0.9999498128890991
stacked_lora,fever,all,0,up_proj,40,0.9999467730522156
stacked_lora,fever,all,0,up_proj,41,0.9999306797981262
stacked_lora,fever,all,0,up_proj,42,0.9998924136161804
stacked_lora,fever,all,0,up_proj,43,0.9997891187667847
stacked_lora,fever,all,0,up_proj,44,0.9998041987419128
stacked_lora,fever,all,0,up_proj,45,0.9999008178710938
stacked_lora,fever,all,0,up_proj,46,0.99991375207901
stacked_lora,fever,all,0,up_proj,47,0.9999106526374817
stacked_lora,fever,all,0,up_proj,48,0.9997102618217468
stacked_lora,fever,all,0,up_proj,49,0.9996721744537354
stacked_lora,fever,all,0,up_proj,50,0.9998521208763123
stacked_lora,fever,all,0,down_proj,1,1.0000004768371582
stacked_lora,fever,all,0,down_proj,2,1.0000001192092896
stacked_lora,fever,all,0,down_proj,3,0.9999987483024597
stacked_lora,fever,all,0,down_proj,4,0.9999995231628418
stacked_lora,fever,all,0,down_proj,5,0.9999995827674866
stacked_lora,fever,all,0,down_proj,6,0.9999988675117493
stacked_lora,fever,all,0,down_proj,7,0.9999987483024597
stacked_lora,fever,all,0,down_proj,8,0.9999974966049194
stacked_lora,fever,all,0,down_proj,9,0.999994695186615
stacked_lora,fever,all,0,down_proj,10,0.9999918937683105
stacked_lora,fever,all,0,down_proj,11,0.9999953508377075
stacked_lora,fever,all,0,down_proj,12,0.9999972581863403
stacked_lora,fever,all,0,down_proj,13,0.9999947547912598
stacked_lora,fever,all,0,down_proj,14,0.9999750852584839
stacked_lora,fever,all,0,down_proj,15,0.9999761581420898
stacked_lora,fever,all,0,down_proj,16,0.9999968409538269
stacked_lora,fever,all,0,down_proj,17,0.999945878982544
stacked_lora,fever,all,0,down_proj,18,0.9999465346336365
stacked_lora,fever,all,0,down_proj,19,0.9999918341636658
stacked_lora,fever,all,0,down_proj,20,0.9981411099433899
stacked_lora,fever,all,0,down_proj,21,0.9981464147567749
stacked_lora,fever,all,0,down_proj,22,0.9999094605445862
stacked_lora,fever,all,0,down_proj,23,0.9999033212661743
stacked_lora,fever,all,0,down_proj,24,0.9999846816062927
stacked_lora,fever,all,0,down_proj,25,0.9999600052833557
stacked_lora,fever,all,0,down_proj,26,0.9999513626098633
stacked_lora,fever,all,0,down_proj,27,0.9999691247940063
stacked_lora,fever,all,0,down_proj,28,0.9999720454216003
stacked_lora,fever,all,0,down_proj,29,0.9999837875366211
stacked_lora,fever,all,0,down_proj,30,0.9999902248382568
stacked_lora,fever,all,0,down_proj,31,0.9999790787696838
stacked_lora,fever,all,0,down_proj,32,0.9999794960021973
stacked_lora,fever,all,0,down_proj,33,0.9999691247940063
stacked_lora,fever,all,0,down_proj,34,0.9999715089797974
stacked_lora,fever,all,0,down_proj,35,0.9999901056289673
stacked_lora,fever,all,0,down_proj,36,0.9999578595161438
stacked_lora,fever,all,0,down_proj,37,0.9999613165855408
stacked_lora,fever,all,0,down_proj,38,0.9999775886535645
stacked_lora,fever,all,0,down_proj,39,0.9999867081642151
stacked_lora,fever,all,0,down_proj,40,0.9999719262123108
stacked_lora,fever,all,0,down_proj,41,0.9999640583992004
stacked_lora,fever,all,0,down_proj,42,0.9984447360038757
stacked_lora,fever,all,0,down_proj,43,0.9983925819396973
stacked_lora,fever,all,0,down_proj,44,0.9998657703399658
stacked_lora,fever,all,0,down_proj,45,0.9999438524246216
stacked_lora,fever,all,0,down_proj,46,0.9999303221702576
stacked_lora,fever,all,0,down_proj,47,0.9995131492614746
stacked_lora,fever,all,0,down_proj,48,0.9995070099830627
stacked_lora,fever,all,0,down_proj,49,0.9999048709869385
stacked_lora,fever,all,0,down_proj,50,0.9989044070243835
stacked_lora,fever,all,8,q_proj,1,1.000000238418579
stacked_lora,fever,all,8,q_proj,2,0.9999996423721313
stacked_lora,fever,all,8,q_proj,3,0.9999974370002747
stacked_lora,fever,all,8,q_proj,4,0.9999982714653015
stacked_lora,fever,all,8,q_proj,5,0.9999984502792358
stacked_lora,fever,all,8,q_proj,6,0.9999983310699463
stacked_lora,fever,all,8,q_proj,7,0.9999963641166687
stacked_lora,fever,all,8,q_proj,8,0.9999963045120239
stacked_lora,fever,all,8,q_proj,9,0.9999982118606567
stacked_lora,fever,all,8,q_proj,10,0.9999861717224121
stacked_lora,fever,all,8,q_proj,11,0.999985933303833
stacked_lora,fever,all,8,q_proj,12,0.9999986886978149
stacked_lora,fever,all,8,q_proj,13,0.9999976754188538
stacked_lora,fever,all,8,q_proj,14,0.9999377727508545
stacked_lora,fever,all,8,q_proj,15,0.9999363422393799
stacked_lora,fever,all,8,q_proj,16,0.9999760389328003
stacked_lora,fever,all,8,q_proj,17,0.9999768733978271
stacked_lora,fever,all,8,q_proj,18,0.9999923706054688
stacked_lora,fever,all,8,q_proj,19,0.9999963641166687
stacked_lora,fever,all,8,q_proj,20,0.9999954700469971
stacked_lora,fever,all,8,q_proj,21,0.9999886751174927
stacked_lora,fever,all,8,q_proj,22,0.9999834299087524
stacked_lora,fever,all,8,q_proj,23,0.9999655485153198
stacked_lora,fever,all,8,q_proj,24,0.9999704957008362
stacked_lora,fever,all,8,q_proj,25,0.9999916553497314
stacked_lora,fever,all,8,q_proj,26,0.9999938011169434
stacked_lora,fever,all,8,q_proj,27,0.9999861717224121
stacked_lora,fever,all,8,q_proj,28,0.999985933303833
stacked_lora,fever,all,8,q_proj,29,0.9999850988388062
stacked_lora,fever,all,8,q_proj,30,0.9999837875366211
stacked_lora,fever,all,8,q_proj,31,0.999969482421875
stacked_lora,fever,all,8,q_proj,32,0.9998825788497925
stacked_lora,fever,all,8,q_proj,33,0.9998993277549744
stacked_lora,fever,all,8,q_proj,34,0.9999909996986389
stacked_lora,fever,all,8,q_proj,35,0.9999897480010986
stacked_lora,fever,all,8,q_proj,36,0.9999942183494568
stacked_lora,fever,all,8,q_proj,37,0.9999911785125732
stacked_lora,fever,all,8,q_proj,38,0.9999896883964539
stacked_lora,fever,all,8,q_proj,39,0.9999886155128479
stacked_lora,fever,all,8,q_proj,40,0.9999803900718689
stacked_lora,fever,all,8,q_proj,41,0.9999709129333496
stacked_lora,fever,all,8,q_proj,42,0.9999697804450989
stacked_lora,fever,all,8,q_proj,43,0.9999850988388062
stacked_lora,fever,all,8,q_proj,44,0.9999827146530151
stacked_lora,fever,all,8,q_proj,45,0.999987006187439
stacked_lora,fever,all,8,q_proj,46,0.9999801516532898
stacked_lora,fever,all,8,q_proj,47,0.9999183416366577
stacked_lora,fever,all,8,q_proj,48,0.9999313950538635
stacked_lora,fever,all,8,q_proj,49,0.9999823570251465
stacked_lora,fever,all,8,q_proj,50,0.9999773502349854
stacked_lora,fever,all,8,v_proj,1,0.9998961687088013
stacked_lora,fever,all,8,v_proj,2,0.9999505281448364
stacked_lora,fever,all,8,v_proj,3,0.9998794794082642
stacked_lora,fever,all,8,v_proj,4,0.9996328353881836
stacked_lora,fever,all,8,v_proj,5,0.999518632888794
stacked_lora,fever,all,8,v_proj,6,0.9997392892837524
stacked_lora,fever,all,8,v_proj,7,0.9995105266571045
stacked_lora,fever,all,8,v_proj,8,0.9994686841964722
stacked_lora,fever,all,8,v_proj,9,0.9994848966598511
stacked_lora,fever,all,8,v_proj,10,0.999295711517334
stacked_lora,fever,all,8,v_proj,11,0.9995676279067993
stacked_lora,fever,all,8,v_proj,12,0.9987334609031677
stacked_lora,fever,all,8,v_proj,13,0.9986662268638611
stacked_lora,fever,all,8,v_proj,14,0.9984467625617981
stacked_lora,fever,all,8,v_proj,15,0.9975829720497131
stacked_lora,fever,all,8,v_proj,16,0.999228835105896
stacked_lora,fever,all,8,v_proj,17,0.9983090162277222
stacked_lora,fever,all,8,v_proj,18,0.999346137046814
stacked_lora,fever,all,8,v_proj,19,0.9984041452407837
stacked_lora,fever,all,8,v_proj,20,0.9984481334686279
stacked_lora,fever,all,8,v_proj,21,0.9975303411483765
stacked_lora,fever,all,8,v_proj,22,0.9956879615783691
stacked_lora,fever,all,8,v_proj,23,0.9962300658226013
stacked_lora,fever,all,8,v_proj,24,0.9988739490509033
stacked_lora,fever,all,8,v_proj,25,0.9991471767425537
stacked_lora,fever,all,8,v_proj,26,0.9984071254730225
stacked_lora,fever,all,8,v_proj,27,0.9971097707748413
stacked_lora,fever,all,8,v_proj,28,0.9980751276016235
stacked_lora,fever,all,8,v_proj,29,0.9852880835533142
stacked_lora,fever,all,8,v_proj,30,0.983452320098877
stacked_lora,fever,all,8,v_proj,31,0.9987388253211975
stacked_lora,fever,all,8,v_proj,32,0.9911212921142578
stacked_lora,fever,all,8,v_proj,33,0.9910894632339478
stacked_lora,fever,all,8,v_proj,34,0.9990779161453247
stacked_lora,fever,all,8,v_proj,35,0.9981879591941833
stacked_lora,fever,all,8,v_proj,36,0.9984296560287476
stacked_lora,fever,all,8,v_proj,37,0.995945930480957
stacked_lora,fever,all,8,v_proj,38,0.9977720975875854
stacked_lora,fever,all,8,v_proj,39,0.9960673451423645
stacked_lora,fever,all,8,v_proj,40,0.9991685152053833
stacked_lora,fever,all,8,v_proj,41,0.996206521987915
stacked_lora,fever,all,8,v_proj,42,0.9969030022621155
stacked_lora,fever,all,8,v_proj,43,0.9987197518348694
stacked_lora,fever,all,8,v_proj,44,0.9979913234710693
stacked_lora,fever,all,8,v_proj,45,0.9965785145759583
stacked_lora,fever,all,8,v_proj,46,0.998886227607727
stacked_lora,fever,all,8,v_proj,47,0.9968492388725281
stacked_lora,fever,all,8,v_proj,48,0.9978272914886475
stacked_lora,fever,all,8,v_proj,49,0.9854804277420044
stacked_lora,fever,all,8,v_proj,50,0.9828757047653198
stacked_lora,fever,all,8,up_proj,1,0.9999918937683105
stacked_lora,fever,all,8,up_proj,2,0.9999924898147583
stacked_lora,fever,all,8,up_proj,3,0.9999833106994629
stacked_lora,fever,all,8,up_proj,4,0.9999839067459106
stacked_lora,fever,all,8,up_proj,5,0.9999784231185913
stacked_lora,fever,all,8,up_proj,6,0.9999808073043823
stacked_lora,fever,all,8,up_proj,7,0.9999803900718689
stacked_lora,fever,all,8,up_proj,8,0.9999637603759766
stacked_lora,fever,all,8,up_proj,9,0.999953031539917
stacked_lora,fever,all,8,up_proj,10,0.9999099373817444
stacked_lora,fever,all,8,up_proj,11,0.9999572038650513
stacked_lora,fever,all,8,up_proj,12,0.9999706745147705
stacked_lora,fever,all,8,up_proj,13,0.8585635423660278
stacked_lora,fever,all,8,up_proj,14,0.858545184135437
stacked_lora,fever,all,8,up_proj,15,0.9999623894691467
stacked_lora,fever,all,8,up_proj,16,0.9999690055847168
stacked_lora,fever,all,8,up_proj,17,0.9999536871910095
stacked_lora,fever,all,8,up_proj,18,0.9999072551727295
stacked_lora,fever,all,8,up_proj,19,0.9999570846557617
stacked_lora,fever,all,8,up_proj,20,0.9999050498008728
stacked_lora,fever,all,8,up_proj,21,0.9999258518218994
stacked_lora,fever,all,8,up_proj,22,0.9999358057975769
stacked_lora,fever,all,8,up_proj,23,0.9987501502037048
stacked_lora,fever,all,8,up_proj,24,0.9987497329711914
stacked_lora,fever,all,8,up_proj,25,0.9999011158943176
stacked_lora,fever,all,8,up_proj,26,0.9996505975723267
stacked_lora,fever,all,8,up_proj,27,0.9993757605552673
stacked_lora,fever,all,8,up_proj,28,0.9996318817138672
stacked_lora,fever,all,8,up_proj,29,0.9992637634277344
stacked_lora,fever,all,8,up_proj,30,0.999236524105072
stacked_lora,fever,all,8,up_proj,31,0.9988731741905212
stacked_lora,fever,all,8,up_proj,32,0.9964613318443298
stacked_lora,fever,all,8,up_proj,33,0.9956019520759583
stacked_lora,fever,all,8,up_proj,34,0.9989453554153442
stacked_lora,fever,all,8,up_proj,35,0.9996162056922913
stacked_lora,fever,all,8,up_proj,36,0.9997096657752991
stacked_lora,fever,all,8,up_proj,37,0.9997341632843018
stacked_lora,fever,all,8,up_proj,38,0.9998128414154053
stacked_lora,fever,all,8,up_proj,39,0.9997208714485168
stacked_lora,fever,all,8,up_proj,40,0.9996504783630371
stacked_lora,fever,all,8,up_proj,41,0.9997504949569702
stacked_lora,fever,all,8,up_proj,42,0.998772919178009
stacked_lora,fever,all,8,up_proj,43,0.9985767006874084
stacked_lora,fever,all,8,up_proj,44,0.9998766183853149
stacked_lora,fever,all,8,up_proj,45,0.9996002912521362
stacked_lora,fever,all,8,up_proj,46,0.9996933341026306
stacked_lora,fever,all,8,up_proj,47,0.9996203184127808
stacked_lora,fever,all,8,up_proj,48,0.999542236328125
stacked_lora,fever,all,8,up_proj,49,0.9988279342651367
stacked_lora,fever,all,8,up_proj,50,0.9987436532974243
stacked_lora,fever,all,8,down_proj,1,1.0000001192092896
stacked_lora,fever,all,8,down_proj,2,0.9999991655349731
stacked_lora,fever,all,8,down_proj,3,0.9999986886978149
stacked_lora,fever,all,8,down_proj,4,0.9999985098838806
stacked_lora,fever,all,8,down_proj,5,0.9999919533729553
stacked_lora,fever,all,8,down_proj,6,0.9999926090240479
stacked_lora,fever,all,8,down_proj,7,0.9999957084655762
stacked_lora,fever,all,8,down_proj,8,0.9999977350234985
stacked_lora,fever,all,8,down_proj,9,0.9999986290931702
stacked_lora,fever,all,8,down_proj,10,0.9999971389770508
stacked_lora,fever,all,8,down_proj,11,0.9999967217445374
stacked_lora,fever,all,8,down_proj,12,0.9999961853027344
stacked_lora,fever,all,8,down_proj,13,0.9999969601631165
stacked_lora,fever,all,8,down_proj,14,0.9999781847000122
stacked_lora,fever,all,8,down_proj,15,0.9999797344207764
stacked_lora,fever,all,8,down_proj,16,0.9999964833259583
stacked_lora,fever,all,8,down_proj,17,0.9999945163726807
stacked_lora,fever,all,8,down_proj,18,0.9999920129776001
stacked_lora,fever,all,8,down_proj,19,0.9999392032623291
stacked_lora,fever,all,8,down_proj,20,0.9999417662620544
stacked_lora,fever,all,8,down_proj,21,0.9999852180480957
stacked_lora,fever,all,8,down_proj,22,0.9998540878295898
stacked_lora,fever,all,8,down_proj,23,0.9998469352722168
stacked_lora,fever,all,8,down_proj,24,0.9999909400939941
stacked_lora,fever,all,8,down_proj,25,0.9999783039093018
stacked_lora,fever,all,8,down_proj,26,0.9999510645866394
stacked_lora,fever,all,8,down_proj,27,0.9999406337738037
stacked_lora,fever,all,8,down_proj,28,0.9999676942825317
stacked_lora,fever,all,8,down_proj,29,0.9999793171882629
stacked_lora,fever,all,8,down_proj,30,0.9999346733093262
stacked_lora,fever,all,8,down_proj,31,0.99992835521698
stacked_lora,fever,all,8,down_proj,32,0.9999486804008484
stacked_lora,fever,all,8,down_proj,33,0.999957263469696
stacked_lora,fever,all,8,down_proj,34,0.999951183795929
stacked_lora,fever,all,8,down_proj,35,0.9999685287475586
stacked_lora,fever,all,8,down_proj,36,0.9999857544898987
stacked_lora,fever,all,8,down_proj,37,0.9999887347221375
stacked_lora,fever,all,8,down_proj,38,0.9999746084213257
stacked_lora,fever,all,8,down_proj,39,0.9999649524688721
stacked_lora,fever,all,8,down_proj,40,0.9999768733978271
stacked_lora,fever,all,8,down_proj,41,0.9997012615203857
stacked_lora,fever,all,8,down_proj,42,0.9997507333755493
stacked_lora,fever,all,8,down_proj,43,0.9999294281005859
stacked_lora,fever,all,8,down_proj,44,0.999951183795929
stacked_lora,fever,all,8,down_proj,45,0.9999569654464722
stacked_lora,fever,all,8,down_proj,46,0.9999487400054932
stacked_lora,fever,all,8,down_proj,47,0.9998611211776733
stacked_lora,fever,all,8,down_proj,48,0.9998422861099243
stacked_lora,fever,all,8,down_proj,49,0.9998868703842163
stacked_lora,fever,all,8,down_proj,50,0.9999184012413025
stacked_lora,fever,all,15,q_proj,1,0.9999997615814209
stacked_lora,fever,all,15,q_proj,2,0.999998927116394
stacked_lora,fever,all,15,q_proj,3,0.9999991059303284
stacked_lora,fever,all,15,q_proj,4,0.9999896883964539
stacked_lora,fever,all,15,q_proj,5,0.9999884963035583
stacked_lora,fever,all,15,q_proj,6,0.9999967813491821
stacked_lora,fever,all,15,q_proj,7,0.9999953508377075
stacked_lora,fever,all,15,q_proj,8,0.9999936819076538
stacked_lora,fever,all,15,q_proj,9,0.9999979138374329
stacked_lora,fever,all,15,q_proj,10,0.9999955892562866
stacked_lora,fever,all,15,q_proj,11,0.9999960064888
stacked_lora,fever,all,15,q_proj,12,0.9999960064888
stacked_lora,fever,all,15,q_proj,13,0.9999966025352478
stacked_lora,fever,all,15,q_proj,14,0.9999902248382568
stacked_lora,fever,all,15,q_proj,15,0.9999868273735046
stacked_lora,fever,all,15,q_proj,16,0.999994695186615
stacked_lora,fever,all,15,q_proj,17,0.9999982714653015
stacked_lora,fever,all,15,q_proj,18,0.9999849200248718
stacked_lora,fever,all,15,q_proj,19,0.999990701675415
stacked_lora,fever,all,15,q_proj,20,0.9999913573265076
stacked_lora,fever,all,15,q_proj,21,0.9999896287918091
stacked_lora,fever,all,15,q_proj,22,0.999988853931427
stacked_lora,fever,all,15,q_proj,23,0.9999936819076538
stacked_lora,fever,all,15,q_proj,24,0.9999953508377075
stacked_lora,fever,all,15,q_proj,25,0.9999722242355347
stacked_lora,fever,all,15,q_proj,26,0.9999723434448242
stacked_lora,fever,all,15,q_proj,27,0.9999932646751404
stacked_lora,fever,all,15,q_proj,28,0.9999881982803345
stacked_lora,fever,all,15,q_proj,29,0.9999881982803345
stacked_lora,fever,all,15,q_proj,30,0.9999963045120239
stacked_lora,fever,all,15,q_proj,31,0.9999836683273315
stacked_lora,fever,all,15,q_proj,32,0.9999834299087524
stacked_lora,fever,all,15,q_proj,33,0.9999931454658508
stacked_lora,fever,all,15,q_proj,34,0.9999905824661255
stacked_lora,fever,all,15,q_proj,35,0.9999951720237732
stacked_lora,fever,all,15,q_proj,36,0.999920129776001
stacked_lora,fever,all,15,q_proj,37,0.9999189376831055
stacked_lora,fever,all,15,q_proj,38,0.9999897480010986
stacked_lora,fever,all,15,q_proj,39,0.9999898672103882
stacked_lora,fever,all,15,q_proj,40,0.9999890327453613
stacked_lora,fever,all,15,q_proj,41,0.999991774559021
stacked_lora,fever,all,15,q_proj,42,0.9999864101409912
stacked_lora,fever,all,15,q_proj,43,0.9999905824661255
stacked_lora,fever,all,15,q_proj,44,0.9999613761901855
stacked_lora,fever,all,15,q_proj,45,0.9999614953994751
stacked_lora,fever,all,15,q_proj,46,0.9999945759773254
stacked_lora,fever,all,15,q_proj,47,0.9999934434890747
stacked_lora,fever,all,15,q_proj,48,0.9999884366989136
stacked_lora,fever,all,15,q_proj,49,0.9999734163284302
stacked_lora,fever,all,15,q_proj,50,0.9994575381278992
stacked_lora,fever,all,15,v_proj,1,0.9999921917915344
stacked_lora,fever,all,15,v_proj,2,0.9999873638153076
stacked_lora,fever,all,15,v_proj,3,0.9999874830245972
stacked_lora,fever,all,15,v_proj,4,0.9999967813491821
stacked_lora,fever,all,15,v_proj,5,0.9999827146530151
stacked_lora,fever,all,15,v_proj,6,0.9999824166297913
stacked_lora,fever,all,15,v_proj,7,0.9999942779541016
stacked_lora,fever,all,15,v_proj,8,0.9999906420707703
stacked_lora,fever,all,15,v_proj,9,0.9999926090240479
stacked_lora,fever,all,15,v_proj,10,0.9999176859855652
stacked_lora,fever,all,15,v_proj,11,0.9999113082885742
stacked_lora,fever,all,15,v_proj,12,0.9999711513519287
stacked_lora,fever,all,15,v_proj,13,0.999943733215332
stacked_lora,fever,all,15,v_proj,14,0.999924898147583
stacked_lora,fever,all,15,v_proj,15,0.9994918704032898
stacked_lora,fever,all,15,v_proj,16,0.9993305206298828
stacked_lora,fever,all,15,v_proj,17,0.999819815158844
stacked_lora,fever,all,15,v_proj,18,0.9999426603317261
stacked_lora,fever,all,15,v_proj,19,0.9999531507492065
stacked_lora,fever,all,15,v_proj,20,0.9999681115150452
stacked_lora,fever,all,15,v_proj,21,0.9999572038650513
stacked_lora,fever,all,15,v_proj,22,0.9999529123306274
stacked_lora,fever,all,15,v_proj,23,0.9999617338180542
stacked_lora,fever,all,15,v_proj,24,0.9999737739562988
stacked_lora,fever,all,15,v_proj,25,0.9998834133148193
stacked_lora,fever,all,15,v_proj,26,0.9998236894607544
stacked_lora,fever,all,15,v_proj,27,0.9998928308486938
stacked_lora,fever,all,15,v_proj,28,0.9998561143875122
stacked_lora,fever,all,15,v_proj,29,0.999798059463501
stacked_lora,fever,all,15,v_proj,30,0.9999556541442871
stacked_lora,fever,all,15,v_proj,31,0.999972939491272
stacked_lora,fever,all,15,v_proj,32,0.9999703168869019
stacked_lora,fever,all,15,v_proj,33,0.9999541640281677
stacked_lora,fever,all,15,v_proj,34,0.9998593926429749
stacked_lora,fever,all,15,v_proj,35,0.9998492002487183
stacked_lora,fever,all,15,v_proj,36,0.9995473027229309
stacked_lora,fever,all,15,v_proj,37,0.9996490478515625
stacked_lora,fever,all,15,v_proj,38,0.9998879432678223
stacked_lora,fever,all,15,v_proj,39,0.999973475933075
stacked_lora,fever,all,15,v_proj,40,0.9999651908874512
stacked_lora,fever,all,15,v_proj,41,0.9999631643295288
stacked_lora,fever,all,15,v_proj,42,0.9999295473098755
stacked_lora,fever,all,15,v_proj,43,0.9998232126235962
stacked_lora,fever,all,15,v_proj,44,0.9998853802680969
stacked_lora,fever,all,15,v_proj,45,0.9996767640113831
stacked_lora,fever,all,15,v_proj,46,0.9997537732124329
stacked_lora,fever,all,15,v_proj,47,0.999933660030365
stacked_lora,fever,all,15,v_proj,48,0.9999707937240601
stacked_lora,fever,all,15,v_proj,49,0.9999776482582092
stacked_lora,fever,all,15,v_proj,50,0.9999784827232361
stacked_lora,fever,all,15,up_proj,1,0.9999997019767761
stacked_lora,fever,all,15,up_proj,2,1.0000005960464478
stacked_lora,fever,all,15,up_proj,3,0.9999997019767761
stacked_lora,fever,all,15,up_proj,4,0.9999991655349731
stacked_lora,fever,all,15,up_proj,5,0.9999969005584717
stacked_lora,fever,all,15,up_proj,6,0.9999967217445374
stacked_lora,fever,all,15,up_proj,7,0.9999962449073792
stacked_lora,fever,all,15,up_proj,8,0.999995768070221
stacked_lora,fever,all,15,up_proj,9,0.9999954104423523
stacked_lora,fever,all,15,up_proj,10,0.9999977350234985
stacked_lora,fever,all,15,up_proj,11,0.9999958276748657
stacked_lora,fever,all,15,up_proj,12,0.9999964833259583
stacked_lora,fever,all,15,up_proj,13,0.9999838471412659
stacked_lora,fever,all,15,up_proj,14,0.999984860420227
stacked_lora,fever,all,15,up_proj,15,0.9999898076057434
stacked_lora,fever,all,15,up_proj,16,0.9999876022338867
stacked_lora,fever,all,15,up_proj,17,0.9999872446060181
stacked_lora,fever,all,15,up_proj,18,0.999991774559021
stacked_lora,fever,all,15,up_proj,19,0.9999901056289673
stacked_lora,fever,all,15,up_proj,20,0.9999905228614807
stacked_lora,fever,all,15,up_proj,21,0.9999912977218628
stacked_lora,fever,all,15,up_proj,22,0.9999938607215881
stacked_lora,fever,all,15,up_proj,23,0.9999929666519165
stacked_lora,fever,all,15,up_proj,24,0.9998111128807068
stacked_lora,fever,all,15,up_proj,25,0.9998114109039307
stacked_lora,fever,all,15,up_proj,26,0.9999634027481079
stacked_lora,fever,all,15,up_proj,27,0.9999579191207886
stacked_lora,fever,all,15,up_proj,28,0.9999794363975525
stacked_lora,fever,all,15,up_proj,29,0.9999907612800598
stacked_lora,fever,all,15,up_proj,30,0.9999907612800598
stacked_lora,fever,all,15,up_proj,31,0.9998913407325745
stacked_lora,fever,all,15,up_proj,32,0.999889612197876
stacked_lora,fever,all,15,up_proj,33,0.9999904632568359
stacked_lora,fever,all,15,up_proj,34,0.9999814629554749
stacked_lora,fever,all,15,up_proj,35,0.9999871850013733
stacked_lora,fever,all,15,up_proj,36,0.9999796152114868
stacked_lora,fever,all,15,up_proj,37,0.9999741315841675
stacked_lora,fever,all,15,up_proj,38,0.9999761581420898
stacked_lora,fever,all,15,up_proj,39,0.9999523758888245
stacked_lora,fever,all,15,up_proj,40,0.9999376535415649
stacked_lora,fever,all,15,up_proj,41,0.999935507774353
stacked_lora,fever,all,15,up_proj,42,0.9999155402183533
stacked_lora,fever,all,15,up_proj,43,0.9999837875366211
stacked_lora,fever,all,15,up_proj,44,0.9999492168426514
stacked_lora,fever,all,15,up_proj,45,0.9999546408653259
stacked_lora,fever,all,15,up_proj,46,0.9999632835388184
stacked_lora,fever,all,15,up_proj,47,0.9998803734779358
stacked_lora,fever,all,15,up_proj,48,0.9998814463615417
stacked_lora,fever,all,15,up_proj,49,0.9999613761901855
stacked_lora,fever,all,15,up_proj,50,0.9999610185623169
stacked_lora,fever,all,15,down_proj,1,1.0000003576278687
stacked_lora,fever,all,15,down_proj,2,0.9999999403953552
stacked_lora,fever,all,15,down_proj,3,0.9999999403953552
stacked_lora,fever,all,15,down_proj,4,0.999999463558197
stacked_lora,fever,all,15,down_proj,5,0.9999992847442627
stacked_lora,fever,all,15,down_proj,6,0.9999983906745911
stacked_lora,fever,all,15,down_proj,7,0.9999963045120239
stacked_lora,fever,all,15,down_proj,8,0.9999961256980896
stacked_lora,fever,all,15,down_proj,9,0.9999971389770508
stacked_lora,fever,all,15,down_proj,10,0.9999958872795105
stacked_lora,fever,all,15,down_proj,11,0.999994695186615
stacked_lora,fever,all,15,down_proj,12,0.9999933838844299
stacked_lora,fever,all,15,down_proj,13,0.9998725056648254
stacked_lora,fever,all,15,down_proj,14,0.999873697757721
stacked_lora,fever,all,15,down_proj,15,0.9999925494194031
stacked_lora,fever,all,15,down_proj,16,0.9999909400939941
stacked_lora,fever,all,15,down_proj,17,0.9999825954437256
stacked_lora,fever,all,15,down_proj,18,0.9999774098396301
stacked_lora,fever,all,15,down_proj,19,0.9999794960021973
stacked_lora,fever,all,15,down_proj,20,0.9999812841415405
stacked_lora,fever,all,15,down_proj,21,0.9999812841415405
stacked_lora,fever,all,15,down_proj,22,0.9999834299087524
stacked_lora,fever,all,15,down_proj,23,0.9999847412109375
stacked_lora,fever,all,15,down_proj,24,0.9999889731407166
stacked_lora,fever,all,15,down_proj,25,0.9999516010284424
stacked_lora,fever,all,15,down_proj,26,0.9999294281005859
stacked_lora,fever,all,15,down_proj,27,0.9999641180038452
stacked_lora,fever,all,15,down_proj,28,0.9997072219848633
stacked_lora,fever,all,15,down_proj,29,0.9997554421424866
stacked_lora,fever,all,15,down_proj,30,0.9998719096183777
stacked_lora,fever,all,15,down_proj,31,0.9998573660850525
stacked_lora,fever,all,15,down_proj,32,0.9999787211418152
stacked_lora,fever,all,15,down_proj,33,0.9999709129333496
stacked_lora,fever,all,15,down_proj,34,0.9999457001686096
stacked_lora,fever,all,15,down_proj,35,0.999969482421875
stacked_lora,fever,all,15,down_proj,36,0.9999666213989258
stacked_lora,fever,all,15,down_proj,37,0.9999004602432251
stacked_lora,fever,all,15,down_proj,38,0.9999151825904846
stacked_lora,fever,all,15,down_proj,39,0.999926745891571
stacked_lora,fever,all,15,down_proj,40,0.999938428401947
stacked_lora,fever,all,15,down_proj,41,0.9999407529830933
stacked_lora,fever,all,15,down_proj,42,0.9998939633369446
stacked_lora,fever,all,15,down_proj,43,0.9999544620513916
stacked_lora,fever,all,15,down_proj,44,0.9998325109481812
stacked_lora,fever,all,15,down_proj,45,0.9998290538787842
stacked_lora,fever,all,15,down_proj,46,0.9999664425849915
stacked_lora,fever,all,15,down_proj,47,0.9998559951782227
stacked_lora,fever,all,15,down_proj,48,0.999772846698761
stacked_lora,fever,all,15,down_proj,49,0.9997995495796204
stacked_lora,fever,all,15,down_proj,50,0.9998860359191895
stacked_lora,mnli,all,0,q_proj,1,0.9999996423721313
stacked_lora,mnli,all,0,q_proj,2,0.9999996423721313
stacked_lora,mnli,all,0,q_proj,3,1.0000003576278687
stacked_lora,mnli,all,0,q_proj,4,1.000001072883606
stacked_lora,mnli,all,0,q_proj,5,1.0000003576278687
stacked_lora,mnli,all,0,q_proj,6,1.0000003576278687
stacked_lora,mnli,all,0,q_proj,7,1.0000001192092896
stacked_lora,mnli,all,0,q_proj,8,1.0000003576278687
stacked_lora,mnli,all,0,q_proj,9,0.9999998211860657
stacked_lora,mnli,all,0,q_proj,10,1.000000238418579
stacked_lora,mnli,all,0,q_proj,11,1.000000238418579
stacked_lora,mnli,all,0,q_proj,12,0.9999998807907104
stacked_lora,mnli,all,0,q_proj,13,0.9999993443489075
stacked_lora,mnli,all,0,q_proj,14,0.9999995231628418
stacked_lora,mnli,all,0,q_proj,15,0.9999957084655762
stacked_lora,mnli,all,0,q_proj,16,0.999995768070221
stacked_lora,mnli,all,0,q_proj,17,0.9999998807907104
stacked_lora,mnli,all,0,q_proj,18,0.9999991059303284
stacked_lora,mnli,all,0,q_proj,19,0.999999463558197
stacked_lora,mnli,all,0,q_proj,20,1.0
stacked_lora,mnli,all,0,q_proj,21,0.9999980330467224
stacked_lora,mnli,all,0,q_proj,22,0.9999982118606567
stacked_lora,mnli,all,0,q_proj,23,0.9999997615814209
stacked_lora,mnli,all,0,q_proj,24,1.0
stacked_lora,mnli,all,0,q_proj,25,0.9999995827674866
stacked_lora,mnli,all,0,q_proj,26,0.9999997615814209
stacked_lora,mnli,all,0,q_proj,27,0.999998152256012
stacked_lora,mnli,all,0,q_proj,28,0.999997079372406
stacked_lora,mnli,all,0,q_proj,29,0.9999977946281433
stacked_lora,mnli,all,0,q_proj,30,0.9999991059303284
stacked_lora,mnli,all,0,q_proj,31,0.9999996423721313
stacked_lora,mnli,all,0,q_proj,32,0.9999970197677612
stacked_lora,mnli,all,0,q_proj,33,0.9999977946281433
stacked_lora,mnli,all,0,q_proj,34,0.9999969005584717
stacked_lora,mnli,all,0,q_proj,35,0.9999950528144836
stacked_lora,mnli,all,0,q_proj,36,0.9999873638153076
stacked_lora,mnli,all,0,q_proj,37,0.9999872446060181
stacked_lora,mnli,all,0,q_proj,38,0.9999921917915344
stacked_lora,mnli,all,0,q_proj,39,0.9999945163726807
stacked_lora,mnli,all,0,q_proj,40,0.9999977946281433
stacked_lora,mnli,all,0,q_proj,41,0.9999992251396179
stacked_lora,mnli,all,0,q_proj,42,0.9999681115150452
stacked_lora,mnli,all,0,q_proj,43,0.9999676942825317
stacked_lora,mnli,all,0,q_proj,44,0.9999968409538269
stacked_lora,mnli,all,0,q_proj,45,0.9999982118606567
stacked_lora,mnli,all,0,q_proj,46,0.9999994039535522
stacked_lora,mnli,all,0,q_proj,47,0.9999874234199524
stacked_lora,mnli,all,0,q_proj,48,0.9999856948852539
stacked_lora,mnli,all,0,q_proj,49,0.9999973177909851
stacked_lora,mnli,all,0,q_proj,50,0.9999966621398926
stacked_lora,mnli,all,0,v_proj,1,0.9999986290931702
stacked_lora,mnli,all,0,v_proj,2,0.9999527931213379
stacked_lora,mnli,all,0,v_proj,3,0.9999314546585083
stacked_lora,mnli,all,0,v_proj,4,0.9999698996543884
stacked_lora,mnli,all,0,v_proj,5,0.9999794363975525
stacked_lora,mnli,all,0,v_proj,6,0.9999632835388184
stacked_lora,mnli,all,0,v_proj,7,0.9999593496322632
stacked_lora,mnli,all,0,v_proj,8,0.9999516010284424
stacked_lora,mnli,all,0,v_proj,9,0.9999384880065918
stacked_lora,mnli,all,0,v_proj,10,0.9998844861984253
stacked_lora,mnli,all,0,v_proj,11,0.9999309182167053
stacked_lora,mnli,all,0,v_proj,12,0.9999853372573853
stacked_lora,mnli,all,0,v_proj,13,0.999961256980896
stacked_lora,mnli,all,0,v_proj,14,0.9999725222587585
stacked_lora,mnli,all,0,v_proj,15,0.9999441504478455
stacked_lora,mnli,all,0,v_proj,16,0.999916672706604
stacked_lora,mnli,all,0,v_proj,17,0.9998892545700073
stacked_lora,mnli,all,0,v_proj,18,0.9998458623886108
stacked_lora,mnli,all,0,v_proj,19,0.9998356103897095
stacked_lora,mnli,all,0,v_proj,20,0.9998325109481812
stacked_lora,mnli,all,0,v_proj,21,0.9997357130050659
stacked_lora,mnli,all,0,v_proj,22,0.9999123811721802
stacked_lora,mnli,all,0,v_proj,23,0.9995123744010925
stacked_lora,mnli,all,0,v_proj,24,0.9995826482772827
stacked_lora,mnli,all,0,v_proj,25,0.9996360540390015
stacked_lora,mnli,all,0,v_proj,26,0.9995373487472534
stacked_lora,mnli,all,0,v_proj,27,0.9995982646942139
stacked_lora,mnli,all,0,v_proj,28,0.9997308254241943
stacked_lora,mnli,all,0,v_proj,29,0.9972134828567505
stacked_lora,mnli,all,0,v_proj,30,0.997334361076355
stacked_lora,mnli,all,0,v_proj,31,0.999805212020874
stacked_lora,mnli,all,0,v_proj,32,0.9980373978614807
stacked_lora,mnli,all,0,v_proj,33,0.9989011883735657
stacked_lora,mnli,all,0,v_proj,34,0.9991989731788635
stacked_lora,mnli,all,0,v_proj,35,0.9995391368865967
stacked_lora,mnli,all,0,v_proj,36,0.9995802044868469
stacked_lora,mnli,all,0,v_proj,37,0.9995107650756836
stacked_lora,mnli,all,0,v_proj,38,0.9957601428031921
stacked_lora,mnli,all,0,v_proj,39,0.9954631328582764
stacked_lora,mnli,all,0,v_proj,40,0.9988786578178406
stacked_lora,mnli,all,0,v_proj,41,0.9973198771476746
stacked_lora,mnli,all,0,v_proj,42,0.9973458051681519
stacked_lora,mnli,all,0,v_proj,43,0.9987831115722656
stacked_lora,mnli,all,0,v_proj,44,0.9996834993362427
stacked_lora,mnli,all,0,v_proj,45,0.9994585514068604
stacked_lora,mnli,all,0,v_proj,46,0.9998085498809814
stacked_lora,mnli,all,0,v_proj,47,0.9994293451309204
stacked_lora,mnli,all,0,v_proj,48,0.9997740983963013
stacked_lora,mnli,all,0,v_proj,49,0.999488353729248
stacked_lora,mnli,all,0,v_proj,50,0.9997447729110718
stacked_lora,mnli,all,0,up_proj,1,1.0000001192092896
stacked_lora,mnli,all,0,up_proj,2,1.000000238418579
stacked_lora,mnli,all,0,up_proj,3,1.0
stacked_lora,mnli,all,0,up_proj,4,0.9999985098838806
stacked_lora,mnli,all,0,up_proj,5,0.9999985694885254
stacked_lora,mnli,all,0,up_proj,6,0.9999937415122986
stacked_lora,mnli,all,0,up_proj,7,0.9999945163726807
stacked_lora,mnli,all,0,up_proj,8,0.9999955296516418
stacked_lora,mnli,all,0,up_proj,9,0.9999648332595825
stacked_lora,mnli,all,0,up_proj,10,0.9999651908874512
stacked_lora,mnli,all,0,up_proj,11,0.9999910593032837
stacked_lora,mnli,all,0,up_proj,12,0.9999880790710449
stacked_lora,mnli,all,0,up_proj,13,0.9999780654907227
stacked_lora,mnli,all,0,up_proj,14,0.9999750852584839
stacked_lora,mnli,all,0,up_proj,15,0.9999890923500061
stacked_lora,mnli,all,0,up_proj,16,0.9999794363975525
stacked_lora,mnli,all,0,up_proj,17,0.9999460577964783
stacked_lora,mnli,all,0,up_proj,18,0.9999634623527527
stacked_lora,mnli,all,0,up_proj,19,0.9999881386756897
stacked_lora,mnli,all,0,up_proj,20,0.9999927878379822
stacked_lora,mnli,all,0,up_proj,21,0.9999847412109375
stacked_lora,mnli,all,0,up_proj,22,0.9999877214431763
stacked_lora,mnli,all,0,up_proj,23,0.9999908208847046
stacked_lora,mnli,all,0,up_proj,24,0.9999960660934448
stacked_lora,mnli,all,0,up_proj,25,0.9999841451644897
stacked_lora,mnli,all,0,up_proj,26,0.9999900460243225
stacked_lora,mnli,all,0,up_proj,27,0.9999784231185913
stacked_lora,mnli,all,0,up_proj,28,0.9999572038650513
stacked_lora,mnli,all,0,up_proj,29,0.9999825358390808
stacked_lora,mnli,all,0,up_proj,30,0.999992311000824
stacked_lora,mnli,all,0,up_proj,31,0.999995768070221
stacked_lora,mnli,all,0,up_proj,32,0.9999886751174927
stacked_lora,mnli,all,0,up_proj,33,0.9999902248382568
stacked_lora,mnli,all,0,up_proj,34,0.999985933303833
stacked_lora,mnli,all,0,up_proj,35,0.9999682307243347
stacked_lora,mnli,all,0,up_proj,36,0.9999728202819824
stacked_lora,mnli,all,0,up_proj,37,0.999921977519989
stacked_lora,mnli,all,0,up_proj,38,0.9999261498451233
stacked_lora,mnli,all,0,up_proj,39,0.9999713897705078
stacked_lora,mnli,all,0,up_proj,40,0.9999858140945435
stacked_lora,mnli,all,0,up_proj,41,0.9999798536300659
stacked_lora,mnli,all,0,up_proj,42,0.9999141693115234
stacked_lora,mnli,all,0,up_proj,43,0.9999045133590698
stacked_lora,mnli,all,0,up_proj,44,0.9999622106552124
stacked_lora,mnli,all,0,up_proj,45,0.999971330165863
stacked_lora,mnli,all,0,up_proj,46,0.9999714493751526
stacked_lora,mnli,all,0,up_proj,47,0.9999791979789734
stacked_lora,mnli,all,0,up_proj,48,0.9998559355735779
stacked_lora,mnli,all,0,up_proj,49,0.9998677968978882
stacked_lora,mnli,all,0,up_proj,50,0.9999755620956421
stacked_lora,mnli,all,0,down_proj,1,1.0
stacked_lora,mnli,all,0,down_proj,2,1.0000004768371582
stacked_lora,mnli,all,0,down_proj,3,0.9999998807907104
stacked_lora,mnli,all,0,down_proj,4,1.0000005960464478
stacked_lora,mnli,all,0,down_proj,5,1.000000238418579
stacked_lora,mnli,all,0,down_proj,6,0.9999998807907104
stacked_lora,mnli,all,0,down_proj,7,1.000000238418579
stacked_lora,mnli,all,0,down_proj,8,0.9999992847442627
stacked_lora,mnli,all,0,down_proj,9,0.9999993443489075
stacked_lora,mnli,all,0,down_proj,10,0.999997615814209
stacked_lora,mnli,all,0,down_proj,11,0.9999978542327881
stacked_lora,mnli,all,0,down_proj,12,0.9999997615814209
stacked_lora,mnli,all,0,down_proj,13,0.9999994039535522
stacked_lora,mnli,all,0,down_proj,14,0.9999987483024597
stacked_lora,mnli,all,0,down_proj,15,0.9999988079071045
stacked_lora,mnli,all,0,down_proj,16,1.0
stacked_lora,mnli,all,0,down_proj,17,0.9999952912330627
stacked_lora,mnli,all,0,down_proj,18,0.999995231628418
stacked_lora,mnli,all,0,down_proj,19,0.9999944567680359
stacked_lora,mnli,all,0,down_proj,20,0.9999906420707703
stacked_lora,mnli,all,0,down_proj,21,0.9999914169311523
stacked_lora,mnli,all,0,down_proj,22,0.9999439716339111
stacked_lora,mnli,all,0,down_proj,23,0.9999431371688843
stacked_lora,mnli,all,0,down_proj,24,0.9999927878379822
stacked_lora,mnli,all,0,down_proj,25,0.9999803304672241
stacked_lora,mnli,all,0,down_proj,26,0.999984860420227
stacked_lora,mnli,all,0,down_proj,27,0.9999828338623047
stacked_lora,mnli,all,0,down_proj,28,0.999984860420227
stacked_lora,mnli,all,0,down_proj,29,0.9999877214431763
stacked_lora,mnli,all,0,down_proj,30,0.9999929666519165
stacked_lora,mnli,all,0,down_proj,31,0.9999964833259583
stacked_lora,mnli,all,0,down_proj,32,0.9999873638153076
stacked_lora,mnli,all,0,down_proj,33,0.9999902844429016
stacked_lora,mnli,all,0,down_proj,34,0.9999902844429016
stacked_lora,mnli,all,0,down_proj,35,0.9999974370002747
stacked_lora,mnli,all,0,down_proj,36,0.999992311000824
stacked_lora,mnli,all,0,down_proj,37,0.999991238117218
stacked_lora,mnli,all,0,down_proj,38,0.9999977350234985
stacked_lora,mnli,all,0,down_proj,39,0.9999970197677612
stacked_lora,mnli,all,0,down_proj,40,0.9999843239784241
stacked_lora,mnli,all,0,down_proj,41,0.9999718070030212
stacked_lora,mnli,all,0,down_proj,42,0.9999876022338867
stacked_lora,mnli,all,0,down_proj,43,0.9999507069587708
stacked_lora,mnli,all,0,down_proj,44,0.9999333024024963
stacked_lora,mnli,all,0,down_proj,45,0.9999740123748779
stacked_lora,mnli,all,0,down_proj,46,0.9999943971633911
stacked_lora,mnli,all,0,down_proj,47,0.9996755123138428
stacked_lora,mnli,all,0,down_proj,48,0.9996722936630249
stacked_lora,mnli,all,0,down_proj,49,0.999902606010437
stacked_lora,mnli,all,0,down_proj,50,0.9999520778656006
stacked_lora,mnli,all,8,q_proj,1,1.0000007152557373
stacked_lora,mnli,all,8,q_proj,2,0.9999986886978149
stacked_lora,mnli,all,8,q_proj,3,0.9999980926513672
stacked_lora,mnli,all,8,q_proj,4,0.999999463558197
stacked_lora,mnli,all,8,q_proj,5,0.9999998807907104
stacked_lora,mnli,all,8,q_proj,6,0.9999994039535522
stacked_lora,mnli,all,8,q_proj,7,0.9999992251396179
stacked_lora,mnli,all,8,q_proj,8,0.9999979734420776
stacked_lora,mnli,all,8,q_proj,9,0.999997615814209
stacked_lora,mnli,all,8,q_proj,10,0.9999983906745911
stacked_lora,mnli,all,8,q_proj,11,0.999998152256012
stacked_lora,mnli,all,8,q_proj,12,0.9999992847442627
stacked_lora,mnli,all,8,q_proj,13,0.9999992251396179
stacked_lora,mnli,all,8,q_proj,14,0.9999983906745911
stacked_lora,mnli,all,8,q_proj,15,0.9999984502792358
stacked_lora,mnli,all,8,q_proj,16,0.999984085559845
stacked_lora,mnli,all,8,q_proj,17,0.999984622001648
stacked_lora,mnli,all,8,q_proj,18,0.9999987483024597
stacked_lora,mnli,all,8,q_proj,19,0.9999987483024597
stacked_lora,mnli,all,8,q_proj,20,0.9999988675117493
stacked_lora,mnli,all,8,q_proj,21,0.9999973773956299
stacked_lora,mnli,all,8,q_proj,22,0.9999958276748657
stacked_lora,mnli,all,8,q_proj,23,0.9999964237213135
stacked_lora,mnli,all,8,q_proj,24,0.999997615814209
stacked_lora,mnli,all,8,q_proj,25,0.9999991059303284
stacked_lora,mnli,all,8,q_proj,26,0.9999983906745911
stacked_lora,mnli,all,8,q_proj,27,0.9999984502792358
stacked_lora,mnli,all,8,q_proj,28,0.9999977350234985
stacked_lora,mnli,all,8,q_proj,29,0.9999977946281433
stacked_lora,mnli,all,8,q_proj,30,0.9999979138374329
stacked_lora,mnli,all,8,q_proj,31,0.9999948143959045
stacked_lora,mnli,all,8,q_proj,32,0.9999812841415405
stacked_lora,mnli,all,8,q_proj,33,0.9999831914901733
stacked_lora,mnli,all,8,q_proj,34,0.9999878406524658
stacked_lora,mnli,all,8,q_proj,35,0.9999880194664001
stacked_lora,mnli,all,8,q_proj,36,0.9999980330467224
stacked_lora,mnli,all,8,q_proj,37,0.9999964833259583
stacked_lora,mnli,all,8,q_proj,38,0.9999923706054688
stacked_lora,mnli,all,8,q_proj,39,0.9999923706054688
stacked_lora,mnli,all,8,q_proj,40,0.9999909996986389
stacked_lora,mnli,all,8,q_proj,41,0.9999969601631165
stacked_lora,mnli,all,8,q_proj,42,0.9999945759773254
stacked_lora,mnli,all,8,q_proj,43,0.9999672174453735
stacked_lora,mnli,all,8,q_proj,44,0.999967098236084
stacked_lora,mnli,all,8,q_proj,45,0.9999964237213135
stacked_lora,mnli,all,8,q_proj,46,0.9999960660934448
stacked_lora,mnli,all,8,q_proj,47,0.9999935626983643
stacked_lora,mnli,all,8,q_proj,48,0.9999985098838806
stacked_lora,mnli,all,8,q_proj,49,0.9999949336051941
stacked_lora,mnli,all,8,q_proj,50,0.9999916553497314
stacked_lora,mnli,all,8,v_proj,1,0.9997841715812683
stacked_lora,mnli,all,8,v_proj,2,0.9997923970222473
stacked_lora,mnli,all,8,v_proj,3,0.9999723434448242
stacked_lora,mnli,all,8,v_proj,4,0.9999383687973022
stacked_lora,mnli,all,8,v_proj,5,0.9999003410339355
stacked_lora,mnli,all,8,v_proj,6,0.9999029636383057
stacked_lora,mnli,all,8,v_proj,7,0.9999129772186279
stacked_lora,mnli,all,8,v_proj,8,0.9999428987503052
stacked_lora,mnli,all,8,v_proj,9,0.9995602965354919
stacked_lora,mnli,all,8,v_proj,10,0.9995226860046387
stacked_lora,mnli,all,8,v_proj,11,0.9998944997787476
stacked_lora,mnli,all,8,v_proj,12,0.9997188448905945
stacked_lora,mnli,all,8,v_proj,13,0.9996674656867981
stacked_lora,mnli,all,8,v_proj,14,0.9995813965797424
stacked_lora,mnli,all,8,v_proj,15,0.9995647072792053
stacked_lora,mnli,all,8,v_proj,16,0.9999422430992126
stacked_lora,mnli,all,8,v_proj,17,0.9997431635856628
stacked_lora,mnli,all,8,v_proj,18,0.9997050166130066
stacked_lora,mnli,all,8,v_proj,19,0.9997659921646118
stacked_lora,mnli,all,8,v_proj,20,0.9997484087944031
stacked_lora,mnli,all,8,v_proj,21,0.9997698068618774
stacked_lora,mnli,all,8,v_proj,22,0.9998266696929932
stacked_lora,mnli,all,8,v_proj,23,0.9997153282165527
stacked_lora,mnli,all,8,v_proj,24,0.9997267723083496
stacked_lora,mnli,all,8,v_proj,25,0.9996627569198608
stacked_lora,mnli,all,8,v_proj,26,0.9996569156646729
stacked_lora,mnli,all,8,v_proj,27,0.9987697005271912
stacked_lora,mnli,all,8,v_proj,28,0.9984159469604492
stacked_lora,mnli,all,8,v_proj,29,0.9967952966690063
stacked_lora,mnli,all,8,v_proj,30,0.9956948757171631
stacked_lora,mnli,all,8,v_proj,31,0.9989926218986511
stacked_lora,mnli,all,8,v_proj,32,0.9995807409286499
stacked_lora,mnli,all,8,v_proj,33,0.9991506338119507
stacked_lora,mnli,all,8,v_proj,34,0.9996976852416992
stacked_lora,mnli,all,8,v_proj,35,0.9994754195213318
stacked_lora,mnli,all,8,v_proj,36,0.9993773102760315
stacked_lora,mnli,all,8,v_proj,37,0.999793291091919
stacked_lora,mnli,all,8,v_proj,38,0.99969482421875
stacked_lora,mnli,all,8,v_proj,39,0.9998562335968018
stacked_lora,mnli,all,8,v_proj,40,0.9999193549156189
stacked_lora,mnli,all,8,v_proj,41,0.9997591376304626
stacked_lora,mnli,all,8,v_proj,42,0.9998993277549744
stacked_lora,mnli,all,8,v_proj,43,0.9997860193252563
stacked_lora,mnli,all,8,v_proj,44,0.9997231960296631
stacked_lora,mnli,all,8,v_proj,45,0.9996782541275024
stacked_lora,mnli,all,8,v_proj,46,0.9994076490402222
stacked_lora,mnli,all,8,v_proj,47,0.999394416809082
stacked_lora,mnli,all,8,v_proj,48,0.9997284412384033
stacked_lora,mnli,all,8,v_proj,49,0.9871513247489929
stacked_lora,mnli,all,8,v_proj,50,0.986987829208374
stacked_lora,mnli,all,8,up_proj,1,0.9999980926513672
stacked_lora,mnli,all,8,up_proj,2,0.9999982714653015
stacked_lora,mnli,all,8,up_proj,3,0.9999953508377075
stacked_lora,mnli,all,8,up_proj,4,0.9999954700469971
stacked_lora,mnli,all,8,up_proj,5,0.9999974370002747
stacked_lora,mnli,all,8,up_proj,6,0.9999963641166687
stacked_lora,mnli,all,8,up_proj,7,0.9999964833259583
stacked_lora,mnli,all,8,up_proj,8,0.9999819397926331
stacked_lora,mnli,all,8,up_proj,9,0.9999921321868896
stacked_lora,mnli,all,8,up_proj,10,0.9999884963035583
stacked_lora,mnli,all,8,up_proj,11,0.999983012676239
stacked_lora,mnli,all,8,up_proj,12,0.9999816417694092
stacked_lora,mnli,all,8,up_proj,13,0.9633790254592896
stacked_lora,mnli,all,8,up_proj,14,0.9633861780166626
stacked_lora,mnli,all,8,up_proj,15,0.9999803900718689
stacked_lora,mnli,all,8,up_proj,16,0.9999909400939941
stacked_lora,mnli,all,8,up_proj,17,0.999975323677063
stacked_lora,mnli,all,8,up_proj,18,0.999973475933075
stacked_lora,mnli,all,8,up_proj,19,0.9999715089797974
stacked_lora,mnli,all,8,up_proj,20,0.999974250793457
stacked_lora,mnli,all,8,up_proj,21,0.999981164932251
stacked_lora,mnli,all,8,up_proj,22,0.9999926686286926
stacked_lora,mnli,all,8,up_proj,23,0.9999502897262573
stacked_lora,mnli,all,8,up_proj,24,0.9999492168426514
stacked_lora,mnli,all,8,up_proj,25,0.9999383687973022
stacked_lora,mnli,all,8,up_proj,26,0.9999215006828308
stacked_lora,mnli,all,8,up_proj,27,0.9999741911888123
stacked_lora,mnli,all,8,up_proj,28,0.9999392032623291
stacked_lora,mnli,all,8,up_proj,29,0.9999423623085022
stacked_lora,mnli,all,8,up_proj,30,0.9999746680259705
stacked_lora,mnli,all,8,up_proj,31,0.999443531036377
stacked_lora,mnli,all,8,up_proj,32,0.9998892545700073
stacked_lora,mnli,all,8,up_proj,33,0.9994131922721863
stacked_lora,mnli,all,8,up_proj,34,0.9998960494995117
stacked_lora,mnli,all,8,up_proj,35,0.9999291896820068
stacked_lora,mnli,all,8,up_proj,36,0.999933123588562
stacked_lora,mnli,all,8,up_proj,37,0.999850869178772
stacked_lora,mnli,all,8,up_proj,38,0.9999005198478699
stacked_lora,mnli,all,8,up_proj,39,0.9933868050575256
stacked_lora,mnli,all,8,up_proj,40,0.9933902621269226
stacked_lora,mnli,all,8,up_proj,41,0.9999369978904724
stacked_lora,mnli,all,8,up_proj,42,0.9997450709342957
stacked_lora,mnli,all,8,up_proj,43,0.9997605085372925
stacked_lora,mnli,all,8,up_proj,44,0.9999445676803589
stacked_lora,mnli,all,8,up_proj,45,0.9999061822891235
stacked_lora,mnli,all,8,up_proj,46,0.9998964667320251
stacked_lora,mnli,all,8,up_proj,47,0.9999013543128967
stacked_lora,mnli,all,8,up_proj,48,0.9997704029083252
stacked_lora,mnli,all,8,up_proj,49,0.9997974634170532
stacked_lora,mnli,all,8,up_proj,50,0.9998288154602051
stacked_lora,mnli,all,8,down_proj,1,1.0000005960464478
stacked_lora,mnli,all,8,down_proj,2,0.9999997019767761
stacked_lora,mnli,all,8,down_proj,3,0.9999996423721313
stacked_lora,mnli,all,8,down_proj,4,0.9999992251396179
stacked_lora,mnli,all,8,down_proj,5,0.9999985098838806
stacked_lora,mnli,all,8,down_proj,6,0.9999985694885254
stacked_lora,mnli,all,8,down_proj,7,0.9999994039535522
stacked_lora,mnli,all,8,down_proj,8,0.9999986290931702
stacked_lora,mnli,all,8,down_proj,9,0.999999463558197
stacked_lora,mnli,all,8,down_proj,10,0.9999985098838806
stacked_lora,mnli,all,8,down_proj,11,0.9999985098838806
stacked_lora,mnli,all,8,down_proj,12,0.9999973773956299
stacked_lora,mnli,all,8,down_proj,13,0.9999984502792358
stacked_lora,mnli,all,8,down_proj,14,0.9999982714653015
stacked_lora,mnli,all,8,down_proj,15,0.9999991655349731
stacked_lora,mnli,all,8,down_proj,16,0.999995768070221
stacked_lora,mnli,all,8,down_proj,17,0.9999951124191284
stacked_lora,mnli,all,8,down_proj,18,0.9999932050704956
stacked_lora,mnli,all,8,down_proj,19,0.9998182654380798
stacked_lora,mnli,all,8,down_proj,20,0.999823808670044
stacked_lora,mnli,all,8,down_proj,21,0.9999966621398926
stacked_lora,mnli,all,8,down_proj,22,0.9999979734420776
stacked_lora,mnli,all,8,down_proj,23,0.9999964237213135
stacked_lora,mnli,all,8,down_proj,24,0.9999967813491821
stacked_lora,mnli,all,8,down_proj,25,0.9999964833259583
stacked_lora,mnli,all,8,down_proj,26,0.9999943375587463
stacked_lora,mnli,all,8,down_proj,27,0.9999925494194031
stacked_lora,mnli,all,8,down_proj,28,0.999996542930603
stacked_lora,mnli,all,8,down_proj,29,0.9999972581863403
stacked_lora,mnli,all,8,down_proj,30,0.9999753832817078
stacked_lora,mnli,all,8,down_proj,31,0.9999725222587585
stacked_lora,mnli,all,8,down_proj,32,0.9999978542327881
stacked_lora,mnli,all,8,down_proj,33,0.9999964237213135
stacked_lora,mnli,all,8,down_proj,34,0.9998959898948669
stacked_lora,mnli,all,8,down_proj,35,0.999893069267273
stacked_lora,mnli,all,8,down_proj,36,0.9999924898147583
stacked_lora,mnli,all,8,down_proj,37,0.999998152256012
stacked_lora,mnli,all,8,down_proj,38,0.9999938011169434
stacked_lora,mnli,all,8,down_proj,39,0.999992847442627
stacked_lora,mnli,all,8,down_proj,40,0.9999951720237732
stacked_lora,mnli,all,8,down_proj,41,0.9999169707298279
stacked_lora,mnli,all,8,down_proj,42,0.9999174475669861
stacked_lora,mnli,all,8,down_proj,43,0.9999938607215881
stacked_lora,mnli,all,8,down_proj,44,0.9999881386756897
stacked_lora,mnli,all,8,down_proj,45,0.9999935626983643
stacked_lora,mnli,all,8,down_proj,46,0.999984860420227
stacked_lora,mnli,all,8,down_proj,47,0.9999896883964539
stacked_lora,mnli,all,8,down_proj,48,0.999991774559021
stacked_lora,mnli,all,8,down_proj,49,0.9999849796295166
stacked_lora,mnli,all,8,down_proj,50,0.9999786615371704
stacked_lora,mnli,all,15,q_proj,1,0.9999998211860657
stacked_lora,mnli,all,15,q_proj,2,1.0000004768371582
stacked_lora,mnli,all,15,q_proj,3,1.0
stacked_lora,mnli,all,15,q_proj,4,0.9999983310699463
stacked_lora,mnli,all,15,q_proj,5,0.9999978542327881
stacked_lora,mnli,all,15,q_proj,6,0.9999991655349731
stacked_lora,mnli,all,15,q_proj,7,0.9999994039535522
stacked_lora,mnli,all,15,q_proj,8,0.9999997019767761
stacked_lora,mnli,all,15,q_proj,9,1.0000001192092896
stacked_lora,mnli,all,15,q_proj,10,0.9999990463256836
stacked_lora,mnli,all,15,q_proj,11,0.9999997019767761
stacked_lora,mnli,all,15,q_proj,12,0.9999995231628418
stacked_lora,mnli,all,15,q_proj,13,0.9999994039535522
stacked_lora,mnli,all,15,q_proj,14,0.9999961256980896
stacked_lora,mnli,all,15,q_proj,15,0.9999956488609314
stacked_lora,mnli,all,15,q_proj,16,0.999999463558197
stacked_lora,mnli,all,15,q_proj,17,0.9999994039535522
stacked_lora,mnli,all,15,q_proj,18,0.9999977350234985
stacked_lora,mnli,all,15,q_proj,19,0.9999969601631165
stacked_lora,mnli,all,15,q_proj,20,0.9999993443489075
stacked_lora,mnli,all,15,q_proj,21,0.9999993443489075
stacked_lora,mnli,all,15,q_proj,22,0.999998152256012
stacked_lora,mnli,all,15,q_proj,23,0.9999988675117493
stacked_lora,mnli,all,15,q_proj,24,0.999999463558197
stacked_lora,mnli,all,15,q_proj,25,0.9999940991401672
stacked_lora,mnli,all,15,q_proj,26,0.9999942183494568
stacked_lora,mnli,all,15,q_proj,27,0.9999995231628418
stacked_lora,mnli,all,15,q_proj,28,0.9999982118606567
stacked_lora,mnli,all,15,q_proj,29,0.9999980926513672
stacked_lora,mnli,all,15,q_proj,30,0.9999991655349731
stacked_lora,mnli,all,15,q_proj,31,0.999994695186615
stacked_lora,mnli,all,15,q_proj,32,0.9999955892562866
stacked_lora,mnli,all,15,q_proj,33,0.9999980330467224
stacked_lora,mnli,all,15,q_proj,34,0.9999976754188538
stacked_lora,mnli,all,15,q_proj,35,0.999999463558197
stacked_lora,mnli,all,15,q_proj,36,0.999992847442627
stacked_lora,mnli,all,15,q_proj,37,0.9999925494194031
stacked_lora,mnli,all,15,q_proj,38,0.9999980926513672
stacked_lora,mnli,all,15,q_proj,39,0.9999998807907104
stacked_lora,mnli,all,15,q_proj,40,0.9999986886978149
stacked_lora,mnli,all,15,q_proj,41,0.9999980330467224
stacked_lora,mnli,all,15,q_proj,42,0.9999985694885254
stacked_lora,mnli,all,15,q_proj,43,0.9999963641166687
stacked_lora,mnli,all,15,q_proj,44,0.9999978542327881
stacked_lora,mnli,all,15,q_proj,45,0.999997615814209
stacked_lora,mnli,all,15,q_proj,46,0.9999977350234985
stacked_lora,mnli,all,15,q_proj,47,0.9999983906745911
stacked_lora,mnli,all,15,q_proj,48,0.9999974370002747
stacked_lora,mnli,all,15,q_proj,49,0.9999933242797852
stacked_lora,mnli,all,15,q_proj,50,0.9999986886978149
stacked_lora,mnli,all,15,v_proj,1,0.9999991059303284
stacked_lora,mnli,all,15,v_proj,2,0.9999962449073792
stacked_lora,mnli,all,15,v_proj,3,0.9999952912330627
stacked_lora,mnli,all,15,v_proj,4,0.9999987483024597
stacked_lora,mnli,all,15,v_proj,5,0.9999943971633911
stacked_lora,mnli,all,15,v_proj,6,0.9999950528144836
stacked_lora,mnli,all,15,v_proj,7,0.9999963045120239
stacked_lora,mnli,all,15,v_proj,8,0.9999955892562866
stacked_lora,mnli,all,15,v_proj,9,0.9999962449073792
stacked_lora,mnli,all,15,v_proj,10,0.9999816417694092
stacked_lora,mnli,all,15,v_proj,11,0.9999746084213257
stacked_lora,mnli,all,15,v_proj,12,0.9999867677688599
stacked_lora,mnli,all,15,v_proj,13,0.9999535083770752
stacked_lora,mnli,all,15,v_proj,14,0.9999500513076782
stacked_lora,mnli,all,15,v_proj,15,0.9998891353607178
stacked_lora,mnli,all,15,v_proj,16,0.9999085068702698
stacked_lora,mnli,all,15,v_proj,17,0.9999717473983765
stacked_lora,mnli,all,15,v_proj,18,0.9999854564666748
stacked_lora,mnli,all,15,v_proj,19,0.9999896287918091
stacked_lora,mnli,all,15,v_proj,20,0.9999918341636658
stacked_lora,mnli,all,15,v_proj,21,0.9999714493751526
stacked_lora,mnli,all,15,v_proj,22,0.9999682307243347
stacked_lora,mnli,all,15,v_proj,23,0.9999898672103882
stacked_lora,mnli,all,15,v_proj,24,0.9999967217445374
stacked_lora,mnli,all,15,v_proj,25,0.9999938011169434
stacked_lora,mnli,all,15,v_proj,26,0.9999715089797974
stacked_lora,mnli,all,15,v_proj,27,0.9999698996543884
stacked_lora,mnli,all,15,v_proj,28,0.9999784827232361
stacked_lora,mnli,all,15,v_proj,29,0.9999825954437256
stacked_lora,mnli,all,15,v_proj,30,0.9999891519546509
stacked_lora,mnli,all,15,v_proj,31,0.9999908208847046
stacked_lora,mnli,all,15,v_proj,32,0.9999939799308777
stacked_lora,mnli,all,15,v_proj,33,0.9999697208404541
stacked_lora,mnli,all,15,v_proj,34,0.9999383687973022
stacked_lora,mnli,all,15,v_proj,35,0.9999345541000366
stacked_lora,mnli,all,15,v_proj,36,0.9998663663864136
stacked_lora,mnli,all,15,v_proj,37,0.9998894333839417
stacked_lora,mnli,all,15,v_proj,38,0.9999674558639526
stacked_lora,mnli,all,15,v_proj,39,0.9999880790710449
stacked_lora,mnli,all,15,v_proj,40,0.9999896287918091
stacked_lora,mnli,all,15,v_proj,41,0.9999920129776001
stacked_lora,mnli,all,15,v_proj,42,0.9999767541885376
stacked_lora,mnli,all,15,v_proj,43,0.999975323677063
stacked_lora,mnli,all,15,v_proj,44,0.9999731779098511
stacked_lora,mnli,all,15,v_proj,45,0.9999610185623169
stacked_lora,mnli,all,15,v_proj,46,0.9999445676803589
stacked_lora,mnli,all,15,v_proj,47,0.9999752044677734
stacked_lora,mnli,all,15,v_proj,48,0.9999857544898987
stacked_lora,mnli,all,15,v_proj,49,0.9999902248382568
stacked_lora,mnli,all,15,v_proj,50,0.9999952912330627
stacked_lora,mnli,all,15,up_proj,1,0.9999998211860657
stacked_lora,mnli,all,15,up_proj,2,1.000000238418579
stacked_lora,mnli,all,15,up_proj,3,0.9999998211860657
stacked_lora,mnli,all,15,up_proj,4,1.0000007152557373
stacked_lora,mnli,all,15,up_proj,5,1.0000001192092896
stacked_lora,mnli,all,15,up_proj,6,0.9999997615814209
stacked_lora,mnli,all,15,up_proj,7,1.000000238418579
stacked_lora,mnli,all,15,up_proj,8,0.999999463558197
stacked_lora,mnli,all,15,up_proj,9,0.9999995827674866
stacked_lora,mnli,all,15,up_proj,10,0.999999463558197
stacked_lora,mnli,all,15,up_proj,11,0.9999988675117493
stacked_lora,mnli,all,15,up_proj,12,0.9999983906745911
stacked_lora,mnli,all,15,up_proj,13,0.9999924302101135
stacked_lora,mnli,all,15,up_proj,14,0.9999940991401672
stacked_lora,mnli,all,15,up_proj,15,0.9999987483024597
stacked_lora,mnli,all,15,up_proj,16,0.9999972581863403
stacked_lora,mnli,all,15,up_proj,17,0.9999964833259583
stacked_lora,mnli,all,15,up_proj,18,0.9999985098838806
stacked_lora,mnli,all,15,up_proj,19,0.999998927116394
stacked_lora,mnli,all,15,up_proj,20,0.9999968409538269
stacked_lora,mnli,all,15,up_proj,21,0.9999982714653015
stacked_lora,mnli,all,15,up_proj,22,0.999998152256012
stacked_lora,mnli,all,15,up_proj,23,0.9999979734420776
stacked_lora,mnli,all,15,up_proj,24,0.9999971389770508
stacked_lora,mnli,all,15,up_proj,25,0.9999979138374329
stacked_lora,mnli,all,15,up_proj,26,0.9999969005584717
stacked_lora,mnli,all,15,up_proj,27,0.9999963641166687
stacked_lora,mnli,all,15,up_proj,28,0.999996542930603
stacked_lora,mnli,all,15,up_proj,29,0.9999992251396179
stacked_lora,mnli,all,15,up_proj,30,0.9999987483024597
stacked_lora,mnli,all,15,up_proj,31,0.9999938011169434
stacked_lora,mnli,all,15,up_proj,32,0.9999940991401672
stacked_lora,mnli,all,15,up_proj,33,0.9999964833259583
stacked_lora,mnli,all,15,up_proj,34,0.9999914169311523
stacked_lora,mnli,all,15,up_proj,35,0.9999951720237732
stacked_lora,mnli,all,15,up_proj,36,0.9999951124191284
stacked_lora,mnli,all,15,up_proj,37,0.9999910593032837
stacked_lora,mnli,all,15,up_proj,38,0.9999931454658508
stacked_lora,mnli,all,15,up_proj,39,0.9999698400497437
stacked_lora,mnli,all,15,up_proj,40,0.9999676942825317
stacked_lora,mnli,all,15,up_proj,41,0.9999920725822449
stacked_lora,mnli,all,15,up_proj,42,0.9999935030937195
stacked_lora,mnli,all,15,up_proj,43,0.9999918341636658
stacked_lora,mnli,all,15,up_proj,44,0.9999733567237854
stacked_lora,mnli,all,15,up_proj,45,0.9999713897705078
stacked_lora,mnli,all,15,up_proj,46,0.9999843239784241
stacked_lora,mnli,all,15,up_proj,47,0.9999436140060425
stacked_lora,mnli,all,15,up_proj,48,0.9999489784240723
stacked_lora,mnli,all,15,up_proj,49,0.999996542930603
stacked_lora,mnli,all,15,up_proj,50,0.9999889731407166
stacked_lora,mnli,all,15,down_proj,1,1.0000004768371582
stacked_lora,mnli,all,15,down_proj,2,0.9999995231628418
stacked_lora,mnli,all,15,down_proj,3,0.999999463558197
stacked_lora,mnli,all,15,down_proj,4,1.0000003576278687
stacked_lora,mnli,all,15,down_proj,5,0.9999998211860657
stacked_lora,mnli,all,15,down_proj,6,0.9999999403953552
stacked_lora,mnli,all,15,down_proj,7,0.9999998807907104
stacked_lora,mnli,all,15,down_proj,8,0.9999997019767761
stacked_lora,mnli,all,15,down_proj,9,0.9999960660934448
stacked_lora,mnli,all,15,down_proj,10,0.9999966621398926
stacked_lora,mnli,all,15,down_proj,11,0.9999977946281433
stacked_lora,mnli,all,15,down_proj,12,0.9999947547912598
stacked_lora,mnli,all,15,down_proj,13,0.9999923706054688
stacked_lora,mnli,all,15,down_proj,14,0.9999880194664001
stacked_lora,mnli,all,15,down_proj,15,0.9999991059303284
stacked_lora,mnli,all,15,down_proj,16,0.9999962449073792
stacked_lora,mnli,all,15,down_proj,17,0.9999935030937195
stacked_lora,mnli,all,15,down_proj,18,0.9999948740005493
stacked_lora,mnli,all,15,down_proj,19,0.9999916553497314
stacked_lora,mnli,all,15,down_proj,20,0.9999947547912598
stacked_lora,mnli,all,15,down_proj,21,0.9999960064888
stacked_lora,mnli,all,15,down_proj,22,0.9999967813491821
stacked_lora,mnli,all,15,down_proj,23,0.9999916553497314
stacked_lora,mnli,all,15,down_proj,24,0.9999962449073792
stacked_lora,mnli,all,15,down_proj,25,0.9999971389770508
stacked_lora,mnli,all,15,down_proj,26,0.9999790787696838
stacked_lora,mnli,all,15,down_proj,27,0.9999818205833435
stacked_lora,mnli,all,15,down_proj,28,0.9999809265136719
stacked_lora,mnli,all,15,down_proj,29,0.9999829530715942
stacked_lora,mnli,all,15,down_proj,30,0.9999990463256836
stacked_lora,mnli,all,15,down_proj,31,0.9999986290931702
stacked_lora,mnli,all,15,down_proj,32,0.9999971389770508
stacked_lora,mnli,all,15,down_proj,33,0.9999966621398926
stacked_lora,mnli,all,15,down_proj,34,0.9999931454658508
stacked_lora,mnli,all,15,down_proj,35,0.9999947547912598
stacked_lora,mnli,all,15,down_proj,36,0.9999927878379822
stacked_lora,mnli,all,15,down_proj,37,0.9999909996986389
stacked_lora,mnli,all,15,down_proj,38,0.9999945759773254
stacked_lora,mnli,all,15,down_proj,39,0.9999914169311523
stacked_lora,mnli,all,15,down_proj,40,0.9999973773956299
stacked_lora,mnli,all,15,down_proj,41,0.9999933838844299
stacked_lora,mnli,all,15,down_proj,42,0.9999943971633911
stacked_lora,mnli,all,15,down_proj,43,0.9999942183494568
stacked_lora,mnli,all,15,down_proj,44,0.9999900460243225
stacked_lora,mnli,all,15,down_proj,45,0.9999867081642151
stacked_lora,mnli,all,15,down_proj,46,0.9999983906745911
stacked_lora,mnli,all,15,down_proj,47,0.9999943375587463
stacked_lora,mnli,all,15,down_proj,48,0.9999889135360718
stacked_lora,mnli,all,15,down_proj,49,0.9999874234199524
stacked_lora,mnli,all,15,down_proj,50,0.9999973177909851
stacked_lora,qqp,all,0,q_proj,1,1.0000001192092896
stacked_lora,qqp,all,0,q_proj,2,1.0000001192092896
stacked_lora,qqp,all,0,q_proj,3,1.0000011920928955
stacked_lora,qqp,all,0,q_proj,4,1.0000005960464478
stacked_lora,qqp,all,0,q_proj,5,1.0
stacked_lora,qqp,all,0,q_proj,6,1.0000001192092896
stacked_lora,qqp,all,0,q_proj,7,0.9999996423721313
stacked_lora,qqp,all,0,q_proj,8,0.9999998211860657
stacked_lora,qqp,all,0,q_proj,9,0.9999997019767761
stacked_lora,qqp,all,0,q_proj,10,1.0
stacked_lora,qqp,all,0,q_proj,11,1.0
stacked_lora,qqp,all,0,q_proj,12,0.9999998211860657
stacked_lora,qqp,all,0,q_proj,13,0.9999996423721313
stacked_lora,qqp,all,0,q_proj,14,0.9999994039535522
stacked_lora,qqp,all,0,q_proj,15,0.9999980926513672
stacked_lora,qqp,all,0,q_proj,16,0.999997615814209
stacked_lora,qqp,all,0,q_proj,17,0.9999990463256836
stacked_lora,qqp,all,0,q_proj,18,0.9999986886978149
stacked_lora,qqp,all,0,q_proj,19,0.9999993443489075
stacked_lora,qqp,all,0,q_proj,20,0.9999997019767761
stacked_lora,qqp,all,0,q_proj,21,0.9999974966049194
stacked_lora,qqp,all,0,q_proj,22,0.9999971985816956
stacked_lora,qqp,all,0,q_proj,23,0.9999991059303284
stacked_lora,qqp,all,0,q_proj,24,1.0
stacked_lora,qqp,all,0,q_proj,25,0.9999993443489075
stacked_lora,qqp,all,0,q_proj,26,0.9999995827674866
stacked_lora,qqp,all,0,q_proj,27,0.9999982118606567
stacked_lora,qqp,all,0,q_proj,28,0.999997079372406
stacked_lora,qqp,all,0,q_proj,29,0.9999979734420776
stacked_lora,qqp,all,0,q_proj,30,0.9999982714653015
stacked_lora,qqp,all,0,q_proj,31,0.9999986290931702
stacked_lora,qqp,all,0,q_proj,32,0.9999929070472717
stacked_lora,qqp,all,0,q_proj,33,0.9999938011169434
stacked_lora,qqp,all,0,q_proj,34,0.999995231628418
stacked_lora,qqp,all,0,q_proj,35,0.9999944567680359
stacked_lora,qqp,all,0,q_proj,36,0.9999778866767883
stacked_lora,qqp,all,0,q_proj,37,0.9999799728393555
stacked_lora,qqp,all,0,q_proj,38,0.9999697208404541
stacked_lora,qqp,all,0,q_proj,39,0.9999709725379944
stacked_lora,qqp,all,0,q_proj,40,0.9999944567680359
stacked_lora,qqp,all,0,q_proj,41,0.999998152256012
stacked_lora,qqp,all,0,q_proj,42,0.999955415725708
stacked_lora,qqp,all,0,q_proj,43,0.9999536871910095
stacked_lora,qqp,all,0,q_proj,44,0.9999931454658508
stacked_lora,qqp,all,0,q_proj,45,0.9999958276748657
stacked_lora,qqp,all,0,q_proj,46,0.9999964237213135
stacked_lora,qqp,all,0,q_proj,47,0.9999828338623047
stacked_lora,qqp,all,0,q_proj,48,0.9999814629554749
stacked_lora,qqp,all,0,q_proj,49,0.9999968409538269
stacked_lora,qqp,all,0,q_proj,50,0.9999942779541016
stacked_lora,qqp,all,0,v_proj,1,0.9999986290931702
stacked_lora,qqp,all,0,v_proj,2,0.9999021291732788
stacked_lora,qqp,all,0,v_proj,3,0.9998922348022461
stacked_lora,qqp,all,0,v_proj,4,0.9999684691429138
stacked_lora,qqp,all,0,v_proj,5,0.9999785423278809
stacked_lora,qqp,all,0,v_proj,6,0.9999502897262573
stacked_lora,qqp,all,0,v_proj,7,0.9999423623085022
stacked_lora,qqp,all,0,v_proj,8,0.9999523162841797
stacked_lora,qqp,all,0,v_proj,9,0.9999511241912842
stacked_lora,qqp,all,0,v_proj,10,0.9998064041137695
stacked_lora,qqp,all,0,v_proj,11,0.9997680187225342
stacked_lora,qqp,all,0,v_proj,12,0.999894380569458
stacked_lora,qqp,all,0,v_proj,13,0.999904990196228
stacked_lora,qqp,all,0,v_proj,14,0.9999324679374695
stacked_lora,qqp,all,0,v_proj,15,0.999902606010437
stacked_lora,qqp,all,0,v_proj,16,0.9998915791511536
stacked_lora,qqp,all,0,v_proj,17,0.9998530745506287
stacked_lora,qqp,all,0,v_proj,18,0.999601423740387
stacked_lora,qqp,all,0,v_proj,19,0.9994572997093201
stacked_lora,qqp,all,0,v_proj,20,0.9997522830963135
stacked_lora,qqp,all,0,v_proj,21,0.9995499849319458
stacked_lora,qqp,all,0,v_proj,22,0.9995788335800171
stacked_lora,qqp,all,0,v_proj,23,0.9993057250976562
stacked_lora,qqp,all,0,v_proj,24,0.9993681311607361
stacked_lora,qqp,all,0,v_proj,25,0.9996055364608765
stacked_lora,qqp,all,0,v_proj,26,0.9997357130050659
stacked_lora,qqp,all,0,v_proj,27,0.9997327327728271
stacked_lora,qqp,all,0,v_proj,28,0.9998219609260559
stacked_lora,qqp,all,0,v_proj,29,0.990429162979126
stacked_lora,qqp,all,0,v_proj,30,0.99086594581604
stacked_lora,qqp,all,0,v_proj,31,0.9994667172431946
stacked_lora,qqp,all,0,v_proj,32,0.9973769187927246
stacked_lora,qqp,all,0,v_proj,33,0.9985861778259277
stacked_lora,qqp,all,0,v_proj,34,0.9985799789428711
stacked_lora,qqp,all,0,v_proj,35,0.9985328912734985
stacked_lora,qqp,all,0,v_proj,36,0.9991545081138611
stacked_lora,qqp,all,0,v_proj,37,0.9987492561340332
stacked_lora,qqp,all,0,v_proj,38,0.99703049659729
stacked_lora,qqp,all,0,v_proj,39,0.9969913363456726
stacked_lora,qqp,all,0,v_proj,40,0.9982821345329285
stacked_lora,qqp,all,0,v_proj,41,0.9984919428825378
stacked_lora,qqp,all,0,v_proj,42,0.9982025027275085
stacked_lora,qqp,all,0,v_proj,43,0.9972464442253113
stacked_lora,qqp,all,0,v_proj,44,0.9984972476959229
stacked_lora,qqp,all,0,v_proj,45,0.9975987076759338
stacked_lora,qqp,all,0,v_proj,46,0.9997174739837646
stacked_lora,qqp,all,0,v_proj,47,0.9989973306655884
stacked_lora,qqp,all,0,v_proj,48,0.9997836351394653
stacked_lora,qqp,all,0,v_proj,49,0.9991865754127502
stacked_lora,qqp,all,0,v_proj,50,0.9990915060043335
stacked_lora,qqp,all,0,up_proj,1,0.9999991655349731
stacked_lora,qqp,all,0,up_proj,2,0.9999982118606567
stacked_lora,qqp,all,0,up_proj,3,0.9999983906745911
stacked_lora,qqp,all,0,up_proj,4,0.999997615814209
stacked_lora,qqp,all,0,up_proj,5,0.9999964237213135
stacked_lora,qqp,all,0,up_proj,6,0.9999920725822449
stacked_lora,qqp,all,0,up_proj,7,0.9999912977218628
stacked_lora,qqp,all,0,up_proj,8,0.9999920725822449
stacked_lora,qqp,all,0,up_proj,9,0.9999479651451111
stacked_lora,qqp,all,0,up_proj,10,0.9999549388885498
stacked_lora,qqp,all,0,up_proj,11,0.9998982548713684
stacked_lora,qqp,all,0,up_proj,12,0.9998990297317505
stacked_lora,qqp,all,0,up_proj,13,0.9999756217002869
stacked_lora,qqp,all,0,up_proj,14,0.9999553561210632
stacked_lora,qqp,all,0,up_proj,15,0.9999713897705078
stacked_lora,qqp,all,0,up_proj,16,0.9999923706054688
stacked_lora,qqp,all,0,up_proj,17,0.9999688267707825
stacked_lora,qqp,all,0,up_proj,18,0.9999658465385437
stacked_lora,qqp,all,0,up_proj,19,0.9999744892120361
stacked_lora,qqp,all,0,up_proj,20,0.9999815225601196
stacked_lora,qqp,all,0,up_proj,21,0.999961793422699
stacked_lora,qqp,all,0,up_proj,22,0.9999617338180542
stacked_lora,qqp,all,0,up_proj,23,0.9999842047691345
stacked_lora,qqp,all,0,up_proj,24,0.9999921321868896
stacked_lora,qqp,all,0,up_proj,25,0.9999809861183167
stacked_lora,qqp,all,0,up_proj,26,0.9999725222587585
stacked_lora,qqp,all,0,up_proj,27,0.9999553561210632
stacked_lora,qqp,all,0,up_proj,28,0.9999576807022095
stacked_lora,qqp,all,0,up_proj,29,0.9999830722808838
stacked_lora,qqp,all,0,up_proj,30,0.999985933303833
stacked_lora,qqp,all,0,up_proj,31,0.9999924302101135
stacked_lora,qqp,all,0,up_proj,32,0.9999933838844299
stacked_lora,qqp,all,0,up_proj,33,0.9999834299087524
stacked_lora,qqp,all,0,up_proj,34,0.9999804496765137
stacked_lora,qqp,all,0,up_proj,35,0.9999142289161682
stacked_lora,qqp,all,0,up_proj,36,0.9999104142189026
stacked_lora,qqp,all,0,up_proj,37,0.9999226331710815
stacked_lora,qqp,all,0,up_proj,38,0.9999319911003113
stacked_lora,qqp,all,0,up_proj,39,0.9999702572822571
stacked_lora,qqp,all,0,up_proj,40,0.9999872446060181
stacked_lora,qqp,all,0,up_proj,41,0.9999569058418274
stacked_lora,qqp,all,0,up_proj,42,0.999970555305481
stacked_lora,qqp,all,0,up_proj,43,0.9999290704727173
stacked_lora,qqp,all,0,up_proj,44,0.9998691082000732
stacked_lora,qqp,all,0,up_proj,45,0.9999271631240845
stacked_lora,qqp,all,0,up_proj,46,0.9999736547470093
stacked_lora,qqp,all,0,up_proj,47,0.9999353289604187
stacked_lora,qqp,all,0,up_proj,48,0.9999154210090637
stacked_lora,qqp,all,0,up_proj,49,0.999909520149231
stacked_lora,qqp,all,0,up_proj,50,0.9999154806137085
stacked_lora,qqp,all,0,down_proj,1,1.0000001192092896
stacked_lora,qqp,all,0,down_proj,2,0.9999997615814209
stacked_lora,qqp,all,0,down_proj,3,0.9999994039535522
stacked_lora,qqp,all,0,down_proj,4,0.9999998211860657
stacked_lora,qqp,all,0,down_proj,5,0.9999991655349731
stacked_lora,qqp,all,0,down_proj,6,0.9999990463256836
stacked_lora,qqp,all,0,down_proj,7,0.999999463558197
stacked_lora,qqp,all,0,down_proj,8,0.9999992251396179
stacked_lora,qqp,all,0,down_proj,9,0.9999977946281433
stacked_lora,qqp,all,0,down_proj,10,0.9999911785125732
stacked_lora,qqp,all,0,down_proj,11,0.9999898672103882
stacked_lora,qqp,all,0,down_proj,12,0.9999986886978149
stacked_lora,qqp,all,0,down_proj,13,0.9999977946281433
stacked_lora,qqp,all,0,down_proj,14,0.9999947547912598
stacked_lora,qqp,all,0,down_proj,15,0.9999948143959045
stacked_lora,qqp,all,0,down_proj,16,0.9999995231628418
stacked_lora,qqp,all,0,down_proj,17,0.9999966025352478
stacked_lora,qqp,all,0,down_proj,18,0.9999967813491821
stacked_lora,qqp,all,0,down_proj,19,0.9999960660934448
stacked_lora,qqp,all,0,down_proj,20,0.9999774098396301
stacked_lora,qqp,all,0,down_proj,21,0.9999799728393555
stacked_lora,qqp,all,0,down_proj,22,0.999935507774353
stacked_lora,qqp,all,0,down_proj,23,0.999933123588562
stacked_lora,qqp,all,0,down_proj,24,0.9999880194664001
stacked_lora,qqp,all,0,down_proj,25,0.9999876022338867
stacked_lora,qqp,all,0,down_proj,26,0.9999783635139465
stacked_lora,qqp,all,0,down_proj,27,0.9999796152114868
stacked_lora,qqp,all,0,down_proj,28,0.9999804496765137
stacked_lora,qqp,all,0,down_proj,29,0.9999898672103882
stacked_lora,qqp,all,0,down_proj,30,0.9999921321868896
stacked_lora,qqp,all,0,down_proj,31,0.9999887347221375
stacked_lora,qqp,all,0,down_proj,32,0.9999825358390808
stacked_lora,qqp,all,0,down_proj,33,0.999973475933075
stacked_lora,qqp,all,0,down_proj,34,0.9999685287475586
stacked_lora,qqp,all,0,down_proj,35,0.9999930262565613
stacked_lora,qqp,all,0,down_proj,36,0.999989926815033
stacked_lora,qqp,all,0,down_proj,37,0.999970018863678
stacked_lora,qqp,all,0,down_proj,38,0.9999756813049316
stacked_lora,qqp,all,0,down_proj,39,0.999984860420227
stacked_lora,qqp,all,0,down_proj,40,0.9999698996543884
stacked_lora,qqp,all,0,down_proj,41,0.9999595284461975
stacked_lora,qqp,all,0,down_proj,42,0.9995317459106445
stacked_lora,qqp,all,0,down_proj,43,0.9994822144508362
stacked_lora,qqp,all,0,down_proj,44,0.9999403357505798
stacked_lora,qqp,all,0,down_proj,45,0.9999443888664246
stacked_lora,qqp,all,0,down_proj,46,0.999975323677063
stacked_lora,qqp,all,0,down_proj,47,0.9994416832923889
stacked_lora,qqp,all,0,down_proj,48,0.9994507431983948
stacked_lora,qqp,all,0,down_proj,49,0.9998961687088013
stacked_lora,qqp,all,0,down_proj,50,0.9999567270278931
stacked_lora,qqp,all,8,q_proj,1,1.0000009536743164
stacked_lora,qqp,all,8,q_proj,2,0.9999969601631165
stacked_lora,qqp,all,8,q_proj,3,0.9999961256980896
stacked_lora,qqp,all,8,q_proj,4,0.9999988675117493
stacked_lora,qqp,all,8,q_proj,5,0.9999991059303284
stacked_lora,qqp,all,8,q_proj,6,0.9999988079071045
stacked_lora,qqp,all,8,q_proj,7,0.9999991655349731
stacked_lora,qqp,all,8,q_proj,8,0.9999972581863403
stacked_lora,qqp,all,8,q_proj,9,0.9999963045120239
stacked_lora,qqp,all,8,q_proj,10,0.999994158744812
stacked_lora,qqp,all,8,q_proj,11,0.9999929666519165
stacked_lora,qqp,all,8,q_proj,12,0.9999986886978149
stacked_lora,qqp,all,8,q_proj,13,0.9999984502792358
stacked_lora,qqp,all,8,q_proj,14,0.9999934434890747
stacked_lora,qqp,all,8,q_proj,15,0.9999896287918091
stacked_lora,qqp,all,8,q_proj,16,0.9999856948852539
stacked_lora,qqp,all,8,q_proj,17,0.999988853931427
stacked_lora,qqp,all,8,q_proj,18,0.9999977350234985
stacked_lora,qqp,all,8,q_proj,19,0.9999983310699463
stacked_lora,qqp,all,8,q_proj,20,0.9999969601631165
stacked_lora,qqp,all,8,q_proj,21,0.9999959468841553
stacked_lora,qqp,all,8,q_proj,22,0.9999963641166687
stacked_lora,qqp,all,8,q_proj,23,0.9999958276748657
stacked_lora,qqp,all,8,q_proj,24,0.9999964237213135
stacked_lora,qqp,all,8,q_proj,25,0.9999969005584717
stacked_lora,qqp,all,8,q_proj,26,0.9999979138374329
stacked_lora,qqp,all,8,q_proj,27,0.9999974966049194
stacked_lora,qqp,all,8,q_proj,28,0.9999921321868896
stacked_lora,qqp,all,8,q_proj,29,0.9999977350234985
stacked_lora,qqp,all,8,q_proj,30,0.9999944567680359
stacked_lora,qqp,all,8,q_proj,31,0.9999951720237732
stacked_lora,qqp,all,8,q_proj,32,0.9999531507492065
stacked_lora,qqp,all,8,q_proj,33,0.9999536275863647
stacked_lora,qqp,all,8,q_proj,34,0.9999930262565613
stacked_lora,qqp,all,8,q_proj,35,0.9999915957450867
stacked_lora,qqp,all,8,q_proj,36,0.9999969601631165
stacked_lora,qqp,all,8,q_proj,37,0.9999889731407166
stacked_lora,qqp,all,8,q_proj,38,0.9999904632568359
stacked_lora,qqp,all,8,q_proj,39,0.9999868273735046
stacked_lora,qqp,all,8,q_proj,40,0.9999886751174927
stacked_lora,qqp,all,8,q_proj,41,0.9999974966049194
stacked_lora,qqp,all,8,q_proj,42,0.9999917149543762
stacked_lora,qqp,all,8,q_proj,43,0.9999960064888
stacked_lora,qqp,all,8,q_proj,44,0.9999901056289673
stacked_lora,qqp,all,8,q_proj,45,0.9999966025352478
stacked_lora,qqp,all,8,q_proj,46,0.9999892115592957
stacked_lora,qqp,all,8,q_proj,47,0.9999771118164062
stacked_lora,qqp,all,8,q_proj,48,0.9999870657920837
stacked_lora,qqp,all,8,q_proj,49,0.9999915361404419
stacked_lora,qqp,all,8,q_proj,50,0.999988853931427
stacked_lora,qqp,all,8,v_proj,1,0.9997105598449707
stacked_lora,qqp,all,8,v_proj,2,0.9997382760047913
stacked_lora,qqp,all,8,v_proj,3,0.9999414682388306
stacked_lora,qqp,all,8,v_proj,4,0.999945878982544
stacked_lora,qqp,all,8,v_proj,5,0.9997566938400269
stacked_lora,qqp,all,8,v_proj,6,0.9997845888137817
stacked_lora,qqp,all,8,v_proj,7,0.9998904466629028
stacked_lora,qqp,all,8,v_proj,8,0.9998493194580078
stacked_lora,qqp,all,8,v_proj,9,0.9994021654129028
stacked_lora,qqp,all,8,v_proj,10,0.9994896650314331
stacked_lora,qqp,all,8,v_proj,11,0.9998947978019714
stacked_lora,qqp,all,8,v_proj,12,0.9996394515037537
stacked_lora,qqp,all,8,v_proj,13,0.999262809753418
stacked_lora,qqp,all,8,v_proj,14,0.9992935061454773
stacked_lora,qqp,all,8,v_proj,15,0.99952232837677
stacked_lora,qqp,all,8,v_proj,16,0.9996766448020935
stacked_lora,qqp,all,8,v_proj,17,0.9993636012077332
stacked_lora,qqp,all,8,v_proj,18,0.9995872378349304
stacked_lora,qqp,all,8,v_proj,19,0.999604344367981
stacked_lora,qqp,all,8,v_proj,20,0.9998002052307129
stacked_lora,qqp,all,8,v_proj,21,0.9991351962089539
stacked_lora,qqp,all,8,v_proj,22,0.9994816780090332
stacked_lora,qqp,all,8,v_proj,23,0.9996522665023804
stacked_lora,qqp,all,8,v_proj,24,0.9995614290237427
stacked_lora,qqp,all,8,v_proj,25,0.9996243119239807
stacked_lora,qqp,all,8,v_proj,26,0.9986379146575928
stacked_lora,qqp,all,8,v_proj,27,0.9971963167190552
stacked_lora,qqp,all,8,v_proj,28,0.998513400554657
stacked_lora,qqp,all,8,v_proj,29,0.9969147443771362
stacked_lora,qqp,all,8,v_proj,30,0.9957661628723145
stacked_lora,qqp,all,8,v_proj,31,0.9990063905715942
stacked_lora,qqp,all,8,v_proj,32,0.9979974031448364
stacked_lora,qqp,all,8,v_proj,33,0.9973132014274597
stacked_lora,qqp,all,8,v_proj,34,0.9994262456893921
stacked_lora,qqp,all,8,v_proj,35,0.9993019700050354
stacked_lora,qqp,all,8,v_proj,36,0.9993264079093933
stacked_lora,qqp,all,8,v_proj,37,0.9994126558303833
stacked_lora,qqp,all,8,v_proj,38,0.9994086623191833
stacked_lora,qqp,all,8,v_proj,39,0.9992898106575012
stacked_lora,qqp,all,8,v_proj,40,0.9995455741882324
stacked_lora,qqp,all,8,v_proj,41,0.9996697902679443
stacked_lora,qqp,all,8,v_proj,42,0.9997561573982239
stacked_lora,qqp,all,8,v_proj,43,0.9988600015640259
stacked_lora,qqp,all,8,v_proj,44,0.9987426400184631
stacked_lora,qqp,all,8,v_proj,45,0.9990159869194031
stacked_lora,qqp,all,8,v_proj,46,0.9991663694381714
stacked_lora,qqp,all,8,v_proj,47,0.9991429448127747
stacked_lora,qqp,all,8,v_proj,48,0.9994656443595886
stacked_lora,qqp,all,8,v_proj,49,0.9886629581451416
stacked_lora,qqp,all,8,v_proj,50,0.9888564944267273
stacked_lora,qqp,all,8,up_proj,1,0.9999960660934448
stacked_lora,qqp,all,8,up_proj,2,0.9999969601631165
stacked_lora,qqp,all,8,up_proj,3,0.9999917149543762
stacked_lora,qqp,all,8,up_proj,4,0.9999914765357971
stacked_lora,qqp,all,8,up_proj,5,0.9999874234199524
stacked_lora,qqp,all,8,up_proj,6,0.9999932646751404
stacked_lora,qqp,all,8,up_proj,7,0.9999948143959045
stacked_lora,qqp,all,8,up_proj,8,0.9999738931655884
stacked_lora,qqp,all,8,up_proj,9,0.9999822974205017
stacked_lora,qqp,all,8,up_proj,10,0.9999726414680481
stacked_lora,qqp,all,8,up_proj,11,0.9999709129333496
stacked_lora,qqp,all,8,up_proj,12,0.9999753832817078
stacked_lora,qqp,all,8,up_proj,13,0.9320442080497742
stacked_lora,qqp,all,8,up_proj,14,0.9320561289787292
stacked_lora,qqp,all,8,up_proj,15,0.9999794363975525
stacked_lora,qqp,all,8,up_proj,16,0.9999867677688599
stacked_lora,qqp,all,8,up_proj,17,0.999963641166687
stacked_lora,qqp,all,8,up_proj,18,0.9999642968177795
stacked_lora,qqp,all,8,up_proj,19,0.9999676942825317
stacked_lora,qqp,all,8,up_proj,20,0.9999766945838928
stacked_lora,qqp,all,8,up_proj,21,0.9999700784683228
stacked_lora,qqp,all,8,up_proj,22,0.9999669790267944
stacked_lora,qqp,all,8,up_proj,23,0.9999668002128601
stacked_lora,qqp,all,8,up_proj,24,0.9999810457229614
stacked_lora,qqp,all,8,up_proj,25,0.9999629259109497
stacked_lora,qqp,all,8,up_proj,26,0.9998074769973755
stacked_lora,qqp,all,8,up_proj,27,0.9998231530189514
stacked_lora,qqp,all,8,up_proj,28,0.9999411106109619
stacked_lora,qqp,all,8,up_proj,29,0.999432384967804
stacked_lora,qqp,all,8,up_proj,30,0.9993834495544434
stacked_lora,qqp,all,8,up_proj,31,0.9990992546081543
stacked_lora,qqp,all,8,up_proj,32,0.9993653297424316
stacked_lora,qqp,all,8,up_proj,33,0.998367428779602
stacked_lora,qqp,all,8,up_proj,34,0.9993029832839966
stacked_lora,qqp,all,8,up_proj,35,0.9997380971908569
stacked_lora,qqp,all,8,up_proj,36,0.9999274611473083
stacked_lora,qqp,all,8,up_proj,37,0.9998935461044312
stacked_lora,qqp,all,8,up_proj,38,0.9999163150787354
stacked_lora,qqp,all,8,up_proj,39,0.9882497787475586
stacked_lora,qqp,all,8,up_proj,40,0.9880972504615784
stacked_lora,qqp,all,8,up_proj,41,0.9999198913574219
stacked_lora,qqp,all,8,up_proj,42,0.9996808171272278
stacked_lora,qqp,all,8,up_proj,43,0.9994938373565674
stacked_lora,qqp,all,8,up_proj,44,0.9999181032180786
stacked_lora,qqp,all,8,up_proj,45,0.9998236298561096
stacked_lora,qqp,all,8,up_proj,46,0.9999279975891113
stacked_lora,qqp,all,8,up_proj,47,0.9999426603317261
stacked_lora,qqp,all,8,up_proj,48,0.9998842477798462
stacked_lora,qqp,all,8,up_proj,49,0.9999164342880249
stacked_lora,qqp,all,8,up_proj,50,0.9998422861099243
stacked_lora,qqp,all,8,down_proj,1,1.000000238418579
stacked_lora,qqp,all,8,down_proj,2,0.9999995231628418
stacked_lora,qqp,all,8,down_proj,3,0.9999997615814209
stacked_lora,qqp,all,8,down_proj,4,0.9999990463256836
stacked_lora,qqp,all,8,down_proj,5,0.9999988079071045
stacked_lora,qqp,all,8,down_proj,6,0.9999990463256836
stacked_lora,qqp,all,8,down_proj,7,0.9999992251396179
stacked_lora,qqp,all,8,down_proj,8,0.9999985694885254
stacked_lora,qqp,all,8,down_proj,9,0.9999995827674866
stacked_lora,qqp,all,8,down_proj,10,0.9999976754188538
stacked_lora,qqp,all,8,down_proj,11,0.9999984502792358
stacked_lora,qqp,all,8,down_proj,12,0.9999963045120239
stacked_lora,qqp,all,8,down_proj,13,0.9999986290931702
stacked_lora,qqp,all,8,down_proj,14,0.9999940991401672
stacked_lora,qqp,all,8,down_proj,15,0.9999951124191284
stacked_lora,qqp,all,8,down_proj,16,0.9999986886978149
stacked_lora,qqp,all,8,down_proj,17,0.9999980330467224
stacked_lora,qqp,all,8,down_proj,18,0.9999854564666748
stacked_lora,qqp,all,8,down_proj,19,0.9999406933784485
stacked_lora,qqp,all,8,down_proj,20,0.9999528527259827
stacked_lora,qqp,all,8,down_proj,21,0.9999907612800598
stacked_lora,qqp,all,8,down_proj,22,0.9999350309371948
stacked_lora,qqp,all,8,down_proj,23,0.9999273419380188
stacked_lora,qqp,all,8,down_proj,24,0.9999963045120239
stacked_lora,qqp,all,8,down_proj,25,0.9999920129776001
stacked_lora,qqp,all,8,down_proj,26,0.999983549118042
stacked_lora,qqp,all,8,down_proj,27,0.9999870657920837
stacked_lora,qqp,all,8,down_proj,28,0.999995231628418
stacked_lora,qqp,all,8,down_proj,29,0.9999933242797852
stacked_lora,qqp,all,8,down_proj,30,0.9999935626983643
stacked_lora,qqp,all,8,down_proj,31,0.9999921321868896
stacked_lora,qqp,all,8,down_proj,32,0.999986469745636
stacked_lora,qqp,all,8,down_proj,33,0.9999768733978271
stacked_lora,qqp,all,8,down_proj,34,0.9999415874481201
stacked_lora,qqp,all,8,down_proj,35,0.9999498724937439
stacked_lora,qqp,all,8,down_proj,36,0.9999868869781494
stacked_lora,qqp,all,8,down_proj,37,0.9999961853027344
stacked_lora,qqp,all,8,down_proj,38,0.9999833703041077
stacked_lora,qqp,all,8,down_proj,39,0.9999858140945435
stacked_lora,qqp,all,8,down_proj,40,0.9999961853027344
stacked_lora,qqp,all,8,down_proj,41,0.9999537467956543
stacked_lora,qqp,all,8,down_proj,42,0.9999424815177917
stacked_lora,qqp,all,8,down_proj,43,0.9999821186065674
stacked_lora,qqp,all,8,down_proj,44,0.9999828338623047
stacked_lora,qqp,all,8,down_proj,45,0.9999743700027466
stacked_lora,qqp,all,8,down_proj,46,0.9999722242355347
stacked_lora,qqp,all,8,down_proj,47,0.999976634979248
stacked_lora,qqp,all,8,down_proj,48,0.9999914169311523
stacked_lora,qqp,all,8,down_proj,49,0.9999599456787109
stacked_lora,qqp,all,8,down_proj,50,0.9998788237571716
stacked_lora,qqp,all,15,q_proj,1,1.0
stacked_lora,qqp,all,15,q_proj,2,1.0000008344650269
stacked_lora,qqp,all,15,q_proj,3,0.9999997615814209
stacked_lora,qqp,all,15,q_proj,4,0.9999988079071045
stacked_lora,qqp,all,15,q_proj,5,0.9999979734420776
stacked_lora,qqp,all,15,q_proj,6,0.9999991655349731
stacked_lora,qqp,all,15,q_proj,7,0.9999985098838806
stacked_lora,qqp,all,15,q_proj,8,0.9999985694885254
stacked_lora,qqp,all,15,q_proj,9,0.9999988079071045
stacked_lora,qqp,all,15,q_proj,10,0.9999978542327881
stacked_lora,qqp,all,15,q_proj,11,0.9999998807907104
stacked_lora,qqp,all,15,q_proj,12,0.9999992847442627
stacked_lora,qqp,all,15,q_proj,13,0.9999992251396179
stacked_lora,qqp,all,15,q_proj,14,0.9999967813491821
stacked_lora,qqp,all,15,q_proj,15,0.9999954104423523
stacked_lora,qqp,all,15,q_proj,16,0.9999987483024597
stacked_lora,qqp,all,15,q_proj,17,0.999999463558197
stacked_lora,qqp,all,15,q_proj,18,0.9999987483024597
stacked_lora,qqp,all,15,q_proj,19,0.9999968409538269
stacked_lora,qqp,all,15,q_proj,20,0.9999985098838806
stacked_lora,qqp,all,15,q_proj,21,0.9999991059303284
stacked_lora,qqp,all,15,q_proj,22,0.9999974370002747
stacked_lora,qqp,all,15,q_proj,23,0.999997615814209
stacked_lora,qqp,all,15,q_proj,24,0.9999990463256836
stacked_lora,qqp,all,15,q_proj,25,0.9999921321868896
stacked_lora,qqp,all,15,q_proj,26,0.9999915957450867
stacked_lora,qqp,all,15,q_proj,27,0.9999994039535522
stacked_lora,qqp,all,15,q_proj,28,0.9999980330467224
stacked_lora,qqp,all,15,q_proj,29,0.9999975562095642
stacked_lora,qqp,all,15,q_proj,30,0.9999985694885254
stacked_lora,qqp,all,15,q_proj,31,0.9999943971633911
stacked_lora,qqp,all,15,q_proj,32,0.9999961256980896
stacked_lora,qqp,all,15,q_proj,33,0.9999968409538269
stacked_lora,qqp,all,15,q_proj,34,0.9999969601631165
stacked_lora,qqp,all,15,q_proj,35,0.9999990463256836
stacked_lora,qqp,all,15,q_proj,36,0.9999825954437256
stacked_lora,qqp,all,15,q_proj,37,0.9999821186065674
stacked_lora,qqp,all,15,q_proj,38,0.999997615814209
stacked_lora,qqp,all,15,q_proj,39,0.9999990463256836
stacked_lora,qqp,all,15,q_proj,40,0.9999969601631165
stacked_lora,qqp,all,15,q_proj,41,0.9999973177909851
stacked_lora,qqp,all,15,q_proj,42,0.9999969005584717
stacked_lora,qqp,all,15,q_proj,43,0.9999932646751404
stacked_lora,qqp,all,15,q_proj,44,0.999996542930603
stacked_lora,qqp,all,15,q_proj,45,0.9999966621398926
stacked_lora,qqp,all,15,q_proj,46,0.9999967813491821
stacked_lora,qqp,all,15,q_proj,47,0.9999972581863403
stacked_lora,qqp,all,15,q_proj,48,0.9999956488609314
stacked_lora,qqp,all,15,q_proj,49,0.9999931454658508
stacked_lora,qqp,all,15,q_proj,50,0.9999915957450867
stacked_lora,qqp,all,15,v_proj,1,0.9999959468841553
stacked_lora,qqp,all,15,v_proj,2,0.9999874830245972
stacked_lora,qqp,all,15,v_proj,3,0.9999902248382568
stacked_lora,qqp,all,15,v_proj,4,0.9999977350234985
stacked_lora,qqp,all,15,v_proj,5,0.9999936819076538
stacked_lora,qqp,all,15,v_proj,6,0.9999935626983643
stacked_lora,qqp,all,15,v_proj,7,0.9999967813491821
stacked_lora,qqp,all,15,v_proj,8,0.9999932050704956
stacked_lora,qqp,all,15,v_proj,9,0.9999972581863403
stacked_lora,qqp,all,15,v_proj,10,0.9999701976776123
stacked_lora,qqp,all,15,v_proj,11,0.9999645948410034
stacked_lora,qqp,all,15,v_proj,12,0.9999896883964539
stacked_lora,qqp,all,15,v_proj,13,0.9999597668647766
stacked_lora,qqp,all,15,v_proj,14,0.9999584555625916
stacked_lora,qqp,all,15,v_proj,15,0.9996465444564819
stacked_lora,qqp,all,15,v_proj,16,0.9995898604393005
stacked_lora,qqp,all,15,v_proj,17,0.9999363422393799
stacked_lora,qqp,all,15,v_proj,18,0.9999874830245972
stacked_lora,qqp,all,15,v_proj,19,0.9999925494194031
stacked_lora,qqp,all,15,v_proj,20,0.9999909996986389
stacked_lora,qqp,all,15,v_proj,21,0.9999938011169434
stacked_lora,qqp,all,15,v_proj,22,0.999989926815033
stacked_lora,qqp,all,15,v_proj,23,0.999984622001648
stacked_lora,qqp,all,15,v_proj,24,0.9999935626983643
stacked_lora,qqp,all,15,v_proj,25,0.999988317489624
stacked_lora,qqp,all,15,v_proj,26,0.9999568462371826
stacked_lora,qqp,all,15,v_proj,27,0.9999499320983887
stacked_lora,qqp,all,15,v_proj,28,0.9999637603759766
stacked_lora,qqp,all,15,v_proj,29,0.9999822378158569
stacked_lora,qqp,all,15,v_proj,30,0.9999843835830688
stacked_lora,qqp,all,15,v_proj,31,0.9999865293502808
stacked_lora,qqp,all,15,v_proj,32,0.9999920129776001
stacked_lora,qqp,all,15,v_proj,33,0.9999743103981018
stacked_lora,qqp,all,15,v_proj,34,0.9999840259552002
stacked_lora,qqp,all,15,v_proj,35,0.9999643564224243
stacked_lora,qqp,all,15,v_proj,36,0.9997905492782593
stacked_lora,qqp,all,15,v_proj,37,0.9998719096183777
stacked_lora,qqp,all,15,v_proj,38,0.9999110102653503
stacked_lora,qqp,all,15,v_proj,39,0.9999361634254456
stacked_lora,qqp,all,15,v_proj,40,0.9999324083328247
stacked_lora,qqp,all,15,v_proj,41,0.9999833703041077
stacked_lora,qqp,all,15,v_proj,42,0.9999659061431885
stacked_lora,qqp,all,15,v_proj,43,0.9999021291732788
stacked_lora,qqp,all,15,v_proj,44,0.999894380569458
stacked_lora,qqp,all,15,v_proj,45,0.9999349117279053
stacked_lora,qqp,all,15,v_proj,46,0.9999351501464844
stacked_lora,qqp,all,15,v_proj,47,0.9999695420265198
stacked_lora,qqp,all,15,v_proj,48,0.9999828338623047
stacked_lora,qqp,all,15,v_proj,49,0.999987781047821
stacked_lora,qqp,all,15,v_proj,50,0.9999939203262329
stacked_lora,qqp,all,15,up_proj,1,0.9999997615814209
stacked_lora,qqp,all,15,up_proj,2,0.9999997615814209
stacked_lora,qqp,all,15,up_proj,3,0.9999999403953552
stacked_lora,qqp,all,15,up_proj,4,0.9999998807907104
stacked_lora,qqp,all,15,up_proj,5,0.9999995827674866
stacked_lora,qqp,all,15,up_proj,6,1.0
stacked_lora,qqp,all,15,up_proj,7,0.9999998807907104
stacked_lora,qqp,all,15,up_proj,8,0.9999975562095642
stacked_lora,qqp,all,15,up_proj,9,0.9999990463256836
stacked_lora,qqp,all,15,up_proj,10,0.9999986886978149
stacked_lora,qqp,all,15,up_proj,11,0.9999984502792358
stacked_lora,qqp,all,15,up_proj,12,0.9999983310699463
stacked_lora,qqp,all,15,up_proj,13,0.999997079372406
stacked_lora,qqp,all,15,up_proj,14,0.9999982118606567
stacked_lora,qqp,all,15,up_proj,15,0.9999931454658508
stacked_lora,qqp,all,15,up_proj,16,0.9999927282333374
stacked_lora,qqp,all,15,up_proj,17,0.9999940395355225
stacked_lora,qqp,all,15,up_proj,18,0.9999979734420776
stacked_lora,qqp,all,15,up_proj,19,0.9999960660934448
stacked_lora,qqp,all,15,up_proj,20,0.9999967813491821
stacked_lora,qqp,all,15,up_proj,21,0.9999979734420776
stacked_lora,qqp,all,15,up_proj,22,0.999997615814209
stacked_lora,qqp,all,15,up_proj,23,0.9999967217445374
stacked_lora,qqp,all,15,up_proj,24,0.9999933242797852
stacked_lora,qqp,all,15,up_proj,25,0.9999975562095642
stacked_lora,qqp,all,15,up_proj,26,0.9999808073043823
stacked_lora,qqp,all,15,up_proj,27,0.9999842047691345
stacked_lora,qqp,all,15,up_proj,28,0.9999918341636658
stacked_lora,qqp,all,15,up_proj,29,0.9999988079071045
stacked_lora,qqp,all,15,up_proj,30,0.9999973773956299
stacked_lora,qqp,all,15,up_proj,31,0.9999936819076538
stacked_lora,qqp,all,15,up_proj,32,0.9999939799308777
stacked_lora,qqp,all,15,up_proj,33,0.9999951720237732
stacked_lora,qqp,all,15,up_proj,34,0.9999877214431763
stacked_lora,qqp,all,15,up_proj,35,0.9999896287918091
stacked_lora,qqp,all,15,up_proj,36,0.9999791979789734
stacked_lora,qqp,all,15,up_proj,37,0.9999520182609558
stacked_lora,qqp,all,15,up_proj,38,0.9999590516090393
stacked_lora,qqp,all,15,up_proj,39,0.9999034404754639
stacked_lora,qqp,all,15,up_proj,40,0.9998942613601685
stacked_lora,qqp,all,15,up_proj,41,0.9999614357948303
stacked_lora,qqp,all,15,up_proj,42,0.9999618530273438
stacked_lora,qqp,all,15,up_proj,43,0.999985933303833
stacked_lora,qqp,all,15,up_proj,44,0.999971866607666
stacked_lora,qqp,all,15,up_proj,45,0.999967634677887
stacked_lora,qqp,all,15,up_proj,46,0.9999577403068542
stacked_lora,qqp,all,15,up_proj,47,0.9998246431350708
stacked_lora,qqp,all,15,up_proj,48,0.9998216032981873
stacked_lora,qqp,all,15,up_proj,49,0.9999876618385315
stacked_lora,qqp,all,15,up_proj,50,0.9999856352806091
stacked_lora,qqp,all,15,down_proj,1,1.0000003576278687
stacked_lora,qqp,all,15,down_proj,2,1.0000004768371582
stacked_lora,qqp,all,15,down_proj,3,1.000000238418579
stacked_lora,qqp,all,15,down_proj,4,1.0000001192092896
stacked_lora,qqp,all,15,down_proj,5,0.9999998211860657
stacked_lora,qqp,all,15,down_proj,6,0.9999992847442627
stacked_lora,qqp,all,15,down_proj,7,0.9999996423721313
stacked_lora,qqp,all,15,down_proj,8,0.9999995231628418
stacked_lora,qqp,all,15,down_proj,9,0.9999980926513672
stacked_lora,qqp,all,15,down_proj,10,0.9999985694885254
stacked_lora,qqp,all,15,down_proj,11,0.9999973773956299
stacked_lora,qqp,all,15,down_proj,12,0.9999955296516418
stacked_lora,qqp,all,15,down_proj,13,0.999984860420227
stacked_lora,qqp,all,15,down_proj,14,0.9999816417694092
stacked_lora,qqp,all,15,down_proj,15,0.999997615814209
stacked_lora,qqp,all,15,down_proj,16,0.999995768070221
stacked_lora,qqp,all,15,down_proj,17,0.9999948740005493
stacked_lora,qqp,all,15,down_proj,18,0.9999951124191284
stacked_lora,qqp,all,15,down_proj,19,0.9999922513961792
stacked_lora,qqp,all,15,down_proj,20,0.9999849796295166
stacked_lora,qqp,all,15,down_proj,21,0.9999920725822449
stacked_lora,qqp,all,15,down_proj,22,0.9999926090240479
stacked_lora,qqp,all,15,down_proj,23,0.9999862313270569
stacked_lora,qqp,all,15,down_proj,24,0.9999927878379822
stacked_lora,qqp,all,15,down_proj,25,0.9999922513961792
stacked_lora,qqp,all,15,down_proj,26,0.9999911785125732
stacked_lora,qqp,all,15,down_proj,27,0.9999952912330627
stacked_lora,qqp,all,15,down_proj,28,0.9999485611915588
stacked_lora,qqp,all,15,down_proj,29,0.9999523162841797
stacked_lora,qqp,all,15,down_proj,30,0.9999960064888
stacked_lora,qqp,all,15,down_proj,31,0.9999929666519165
stacked_lora,qqp,all,15,down_proj,32,0.9999960064888
stacked_lora,qqp,all,15,down_proj,33,0.9999967217445374
stacked_lora,qqp,all,15,down_proj,34,0.9999833703041077
stacked_lora,qqp,all,15,down_proj,35,0.9999848008155823
stacked_lora,qqp,all,15,down_proj,36,0.9999896287918091
stacked_lora,qqp,all,15,down_proj,37,0.9999878406524658
stacked_lora,qqp,all,15,down_proj,38,0.9999741315841675
stacked_lora,qqp,all,15,down_proj,39,0.9999847412109375
stacked_lora,qqp,all,15,down_proj,40,0.9999796152114868
stacked_lora,qqp,all,15,down_proj,41,0.9999771118164062
stacked_lora,qqp,all,15,down_proj,42,0.9999876022338867
stacked_lora,qqp,all,15,down_proj,43,0.999988317489624
stacked_lora,qqp,all,15,down_proj,44,0.9999713897705078
stacked_lora,qqp,all,15,down_proj,45,0.9999707937240601
stacked_lora,qqp,all,15,down_proj,46,0.999996542930603
stacked_lora,qqp,all,15,down_proj,47,0.9999659061431885
stacked_lora,qqp,all,15,down_proj,48,0.9999491572380066
stacked_lora,qqp,all,15,down_proj,49,0.9999617338180542
stacked_lora,qqp,all,15,down_proj,50,0.9999892711639404
stacked_lora,siqa,all,0,q_proj,1,0.9999998807907104
stacked_lora,siqa,all,0,q_proj,2,0.9999998211860657
stacked_lora,siqa,all,0,q_proj,3,0.9999998807907104
stacked_lora,siqa,all,0,q_proj,4,1.0000004768371582
stacked_lora,siqa,all,0,q_proj,5,0.9999996423721313
stacked_lora,siqa,all,0,q_proj,6,1.0000007152557373
stacked_lora,siqa,all,0,q_proj,7,0.9999984502792358
stacked_lora,siqa,all,0,q_proj,8,0.9999993443489075
stacked_lora,siqa,all,0,q_proj,9,0.9999995231628418
stacked_lora,siqa,all,0,q_proj,10,0.9999992847442627
stacked_lora,siqa,all,0,q_proj,11,0.9999996423721313
stacked_lora,siqa,all,0,q_proj,12,0.9999993443489075
stacked_lora,siqa,all,0,q_proj,13,0.9999989867210388
stacked_lora,siqa,all,0,q_proj,14,0.9999995231628418
stacked_lora,siqa,all,0,q_proj,15,0.9999911189079285
stacked_lora,siqa,all,0,q_proj,16,0.9999904036521912
stacked_lora,siqa,all,0,q_proj,17,0.9999973773956299
stacked_lora,siqa,all,0,q_proj,18,0.9999967813491821
stacked_lora,siqa,all,0,q_proj,19,0.9999988079071045
stacked_lora,siqa,all,0,q_proj,20,0.9999997615814209
stacked_lora,siqa,all,0,q_proj,21,0.9999866485595703
stacked_lora,siqa,all,0,q_proj,22,0.9999866485595703
stacked_lora,siqa,all,0,q_proj,23,0.9999993443489075
stacked_lora,siqa,all,0,q_proj,24,0.9999997019767761
stacked_lora,siqa,all,0,q_proj,25,0.9999988675117493
stacked_lora,siqa,all,0,q_proj,26,0.9999989867210388
stacked_lora,siqa,all,0,q_proj,27,0.9999913573265076
stacked_lora,siqa,all,0,q_proj,28,0.9999904036521912
stacked_lora,siqa,all,0,q_proj,29,0.999996542930603
stacked_lora,siqa,all,0,q_proj,30,0.9999967217445374
stacked_lora,siqa,all,0,q_proj,31,0.999997079372406
stacked_lora,siqa,all,0,q_proj,32,0.9999828934669495
stacked_lora,siqa,all,0,q_proj,33,0.9999844431877136
stacked_lora,siqa,all,0,q_proj,34,0.9999947547912598
stacked_lora,siqa,all,0,q_proj,35,0.9999943971633911
stacked_lora,siqa,all,0,q_proj,36,0.9999832510948181
stacked_lora,siqa,all,0,q_proj,37,0.999984860420227
stacked_lora,siqa,all,0,q_proj,38,0.9999943375587463
stacked_lora,siqa,all,0,q_proj,39,0.9999952912330627
stacked_lora,siqa,all,0,q_proj,40,0.9999937415122986
stacked_lora,siqa,all,0,q_proj,41,0.999997615814209
stacked_lora,siqa,all,0,q_proj,42,0.9999915957450867
stacked_lora,siqa,all,0,q_proj,43,0.999988853931427
stacked_lora,siqa,all,0,q_proj,44,0.9999865889549255
stacked_lora,siqa,all,0,q_proj,45,0.9999907612800598
stacked_lora,siqa,all,0,q_proj,46,0.9999886751174927
stacked_lora,siqa,all,0,q_proj,47,0.9999522566795349
stacked_lora,siqa,all,0,q_proj,48,0.9999555945396423
stacked_lora,siqa,all,0,q_proj,49,0.9999905228614807
stacked_lora,siqa,all,0,q_proj,50,0.9999951124191284
stacked_lora,siqa,all,0,v_proj,1,0.999995768070221
stacked_lora,siqa,all,0,v_proj,2,0.999928891658783
stacked_lora,siqa,all,0,v_proj,3,0.9999185800552368
stacked_lora,siqa,all,0,v_proj,4,0.9999600648880005
stacked_lora,siqa,all,0,v_proj,5,0.9999608397483826
stacked_lora,siqa,all,0,v_proj,6,0.9999424815177917
stacked_lora,siqa,all,0,v_proj,7,0.9999376535415649
stacked_lora,siqa,all,0,v_proj,8,0.9999159574508667
stacked_lora,siqa,all,0,v_proj,9,0.999893307685852
stacked_lora,siqa,all,0,v_proj,10,0.9998463988304138
stacked_lora,siqa,all,0,v_proj,11,0.999829113483429
stacked_lora,siqa,all,0,v_proj,12,0.9998588562011719
stacked_lora,siqa,all,0,v_proj,13,0.9996938705444336
stacked_lora,siqa,all,0,v_proj,14,0.9996893405914307
stacked_lora,siqa,all,0,v_proj,15,0.9997985363006592
stacked_lora,siqa,all,0,v_proj,16,0.99986732006073
stacked_lora,siqa,all,0,v_proj,17,0.9994504451751709
stacked_lora,siqa,all,0,v_proj,18,0.9988478422164917
stacked_lora,siqa,all,0,v_proj,19,0.9990717768669128
stacked_lora,siqa,all,0,v_proj,20,0.9997493624687195
stacked_lora,siqa,all,0,v_proj,21,0.9992929697036743
stacked_lora,siqa,all,0,v_proj,22,0.999281644821167
stacked_lora,siqa,all,0,v_proj,23,0.9987993240356445
stacked_lora,siqa,all,0,v_proj,24,0.9992786049842834
stacked_lora,siqa,all,0,v_proj,25,0.9985491037368774
stacked_lora,siqa,all,0,v_proj,26,0.9989408254623413
stacked_lora,siqa,all,0,v_proj,27,0.9997036457061768
stacked_lora,siqa,all,0,v_proj,28,0.9993227124214172
stacked_lora,siqa,all,0,v_proj,29,0.981541633605957
stacked_lora,siqa,all,0,v_proj,30,0.9818292856216431
stacked_lora,siqa,all,0,v_proj,31,0.999664306640625
stacked_lora,siqa,all,0,v_proj,32,0.9984979629516602
stacked_lora,siqa,all,0,v_proj,33,0.9990861415863037
stacked_lora,siqa,all,0,v_proj,34,0.9991717338562012
stacked_lora,siqa,all,0,v_proj,35,0.9990826845169067
stacked_lora,siqa,all,0,v_proj,36,0.9990985989570618
stacked_lora,siqa,all,0,v_proj,37,0.9980186223983765
stacked_lora,siqa,all,0,v_proj,38,0.9942604303359985
stacked_lora,siqa,all,0,v_proj,39,0.9944040775299072
stacked_lora,siqa,all,0,v_proj,40,0.9985082149505615
stacked_lora,siqa,all,0,v_proj,41,0.9856380224227905
stacked_lora,siqa,all,0,v_proj,42,0.9835588932037354
stacked_lora,siqa,all,0,v_proj,43,0.9970258474349976
stacked_lora,siqa,all,0,v_proj,44,0.998144268989563
stacked_lora,siqa,all,0,v_proj,45,0.9984066486358643
stacked_lora,siqa,all,0,v_proj,46,0.9943394660949707
stacked_lora,siqa,all,0,v_proj,47,0.9932749271392822
stacked_lora,siqa,all,0,v_proj,48,0.9990800619125366
stacked_lora,siqa,all,0,v_proj,49,0.9980872273445129
stacked_lora,siqa,all,0,v_proj,50,0.9991656541824341
stacked_lora,siqa,all,0,up_proj,1,0.9999986886978149
stacked_lora,siqa,all,0,up_proj,2,0.9999970197677612
stacked_lora,siqa,all,0,up_proj,3,0.9999962449073792
stacked_lora,siqa,all,0,up_proj,4,0.9999951720237732
stacked_lora,siqa,all,0,up_proj,5,0.999993622303009
stacked_lora,siqa,all,0,up_proj,6,0.9999590516090393
stacked_lora,siqa,all,0,up_proj,7,0.999951183795929
stacked_lora,siqa,all,0,up_proj,8,0.9999765157699585
stacked_lora,siqa,all,0,up_proj,9,0.9998953342437744
stacked_lora,siqa,all,0,up_proj,10,0.9999091625213623
stacked_lora,siqa,all,0,up_proj,11,0.9997286200523376
stacked_lora,siqa,all,0,up_proj,12,0.9997267127037048
stacked_lora,siqa,all,0,up_proj,13,0.9999625086784363
stacked_lora,siqa,all,0,up_proj,14,0.9997935891151428
stacked_lora,siqa,all,0,up_proj,15,0.9998173713684082
stacked_lora,siqa,all,0,up_proj,16,0.999987006187439
stacked_lora,siqa,all,0,up_proj,17,0.9998987317085266
stacked_lora,siqa,all,0,up_proj,18,0.9999219179153442
stacked_lora,siqa,all,0,up_proj,19,0.9999105930328369
stacked_lora,siqa,all,0,up_proj,20,0.9999601244926453
stacked_lora,siqa,all,0,up_proj,21,0.9999710917472839
stacked_lora,siqa,all,0,up_proj,22,0.9999725222587585
stacked_lora,siqa,all,0,up_proj,23,0.9999743103981018
stacked_lora,siqa,all,0,up_proj,24,0.9999680519104004
stacked_lora,siqa,all,0,up_proj,25,0.9999622702598572
stacked_lora,siqa,all,0,up_proj,26,0.9999309778213501
stacked_lora,siqa,all,0,up_proj,27,0.999954342842102
stacked_lora,siqa,all,0,up_proj,28,0.9999263286590576
stacked_lora,siqa,all,0,up_proj,29,0.9999833703041077
stacked_lora,siqa,all,0,up_proj,30,0.999977707862854
stacked_lora,siqa,all,0,up_proj,31,0.9999382495880127
stacked_lora,siqa,all,0,up_proj,32,0.9999281764030457
stacked_lora,siqa,all,0,up_proj,33,0.9999639391899109
stacked_lora,siqa,all,0,up_proj,34,0.9999755024909973
stacked_lora,siqa,all,0,up_proj,35,0.9999406933784485
stacked_lora,siqa,all,0,up_proj,36,0.9999317526817322
stacked_lora,siqa,all,0,up_proj,37,0.9999569058418274
stacked_lora,siqa,all,0,up_proj,38,0.9999685883522034
stacked_lora,siqa,all,0,up_proj,39,0.999964714050293
stacked_lora,siqa,all,0,up_proj,40,0.9999704957008362
stacked_lora,siqa,all,0,up_proj,41,0.9999164938926697
stacked_lora,siqa,all,0,up_proj,42,0.9999289512634277
stacked_lora,siqa,all,0,up_proj,43,0.9998071789741516
stacked_lora,siqa,all,0,up_proj,44,0.9997632503509521
stacked_lora,siqa,all,0,up_proj,45,0.9998971819877625
stacked_lora,siqa,all,0,up_proj,46,0.9999508857727051
stacked_lora,siqa,all,0,up_proj,47,0.9999073147773743
stacked_lora,siqa,all,0,up_proj,48,0.9997376203536987
stacked_lora,siqa,all,0,up_proj,49,0.9995478987693787
stacked_lora,siqa,all,0,up_proj,50,0.9996809959411621
stacked_lora,siqa,all,0,down_proj,1,1.0
stacked_lora,siqa,all,0,down_proj,2,1.0000001192092896
stacked_lora,siqa,all,0,down_proj,3,0.9999999403953552
stacked_lora,siqa,all,0,down_proj,4,1.0000001192092896
stacked_lora,siqa,all,0,down_proj,5,1.0
stacked_lora,siqa,all,0,down_proj,6,0.9999992847442627
stacked_lora,siqa,all,0,down_proj,7,0.9999991655349731
stacked_lora,siqa,all,0,down_proj,8,0.9999990463256836
stacked_lora,siqa,all,0,down_proj,9,0.9999979734420776
stacked_lora,siqa,all,0,down_proj,10,0.9999908208847046
stacked_lora,siqa,all,0,down_proj,11,0.9999911189079285
stacked_lora,siqa,all,0,down_proj,12,0.9999979734420776
stacked_lora,siqa,all,0,down_proj,13,0.9999954700469971
stacked_lora,siqa,all,0,down_proj,14,0.9999904632568359
stacked_lora,siqa,all,0,down_proj,15,0.999990701675415
stacked_lora,siqa,all,0,down_proj,16,0.9999976754188538
stacked_lora,siqa,all,0,down_proj,17,0.9999813437461853
stacked_lora,siqa,all,0,down_proj,18,0.9999798536300659
stacked_lora,siqa,all,0,down_proj,19,0.9999880790710449
stacked_lora,siqa,all,0,down_proj,20,0.9998925924301147
stacked_lora,siqa,all,0,down_proj,21,0.999895453453064
stacked_lora,siqa,all,0,down_proj,22,0.9999440312385559
stacked_lora,siqa,all,0,down_proj,23,0.9999390244483948
stacked_lora,siqa,all,0,down_proj,24,0.9999830722808838
stacked_lora,siqa,all,0,down_proj,25,0.9999774694442749
stacked_lora,siqa,all,0,down_proj,26,0.9999758005142212
stacked_lora,siqa,all,0,down_proj,27,0.9999592304229736
stacked_lora,siqa,all,0,down_proj,28,0.9999616146087646
stacked_lora,siqa,all,0,down_proj,29,0.9999931454658508
stacked_lora,siqa,all,0,down_proj,30,0.9999908208847046
stacked_lora,siqa,all,0,down_proj,31,0.9999896287918091
stacked_lora,siqa,all,0,down_proj,32,0.9999861717224121
stacked_lora,siqa,all,0,down_proj,33,0.9999896287918091
stacked_lora,siqa,all,0,down_proj,34,0.9999892115592957
stacked_lora,siqa,all,0,down_proj,35,0.9999935626983643
stacked_lora,siqa,all,0,down_proj,36,0.999950647354126
stacked_lora,siqa,all,0,down_proj,37,0.9999414086341858
stacked_lora,siqa,all,0,down_proj,38,0.999977171421051
stacked_lora,siqa,all,0,down_proj,39,0.9999821782112122
stacked_lora,siqa,all,0,down_proj,40,0.9999603629112244
stacked_lora,siqa,all,0,down_proj,41,0.9999533295631409
stacked_lora,siqa,all,0,down_proj,42,0.9996182918548584
stacked_lora,siqa,all,0,down_proj,43,0.9995520710945129
stacked_lora,siqa,all,0,down_proj,44,0.9998984932899475
stacked_lora,siqa,all,0,down_proj,45,0.9999487400054932
stacked_lora,siqa,all,0,down_proj,46,0.9999675154685974
stacked_lora,siqa,all,0,down_proj,47,0.9993205666542053
stacked_lora,siqa,all,0,down_proj,48,0.999317467212677
stacked_lora,siqa,all,0,down_proj,49,0.9998900890350342
stacked_lora,siqa,all,0,down_proj,50,0.9998929500579834
stacked_lora,siqa,all,8,q_proj,1,0.9999998807907104
stacked_lora,siqa,all,8,q_proj,2,0.9999985098838806
stacked_lora,siqa,all,8,q_proj,3,0.9999972581863403
stacked_lora,siqa,all,8,q_proj,4,0.999998927116394
stacked_lora,siqa,all,8,q_proj,5,0.9999983906745911
stacked_lora,siqa,all,8,q_proj,6,0.9999988079071045
stacked_lora,siqa,all,8,q_proj,7,0.9999988079071045
stacked_lora,siqa,all,8,q_proj,8,0.9999982118606567
stacked_lora,siqa,all,8,q_proj,9,0.9999980330467224
stacked_lora,siqa,all,8,q_proj,10,0.9999896287918091
stacked_lora,siqa,all,8,q_proj,11,0.9999890327453613
stacked_lora,siqa,all,8,q_proj,12,0.9999988079071045
stacked_lora,siqa,all,8,q_proj,13,0.9999978542327881
stacked_lora,siqa,all,8,q_proj,14,0.9999786615371704
stacked_lora,siqa,all,8,q_proj,15,0.9999749660491943
stacked_lora,siqa,all,8,q_proj,16,0.9999960660934448
stacked_lora,siqa,all,8,q_proj,17,0.9999940395355225
stacked_lora,siqa,all,8,q_proj,18,0.9999974370002747
stacked_lora,siqa,all,8,q_proj,19,0.9999971985816956
stacked_lora,siqa,all,8,q_proj,20,0.9999963641166687
stacked_lora,siqa,all,8,q_proj,21,0.9999880790710449
stacked_lora,siqa,all,8,q_proj,22,0.9999815225601196
stacked_lora,siqa,all,8,q_proj,23,0.9999862909317017
stacked_lora,siqa,all,8,q_proj,24,0.9999948143959045
stacked_lora,siqa,all,8,q_proj,25,0.9999939203262329
stacked_lora,siqa,all,8,q_proj,26,0.999994158744812
stacked_lora,siqa,all,8,q_proj,27,0.9999971389770508
stacked_lora,siqa,all,8,q_proj,28,0.9999932050704956
stacked_lora,siqa,all,8,q_proj,29,0.9999882578849792
stacked_lora,siqa,all,8,q_proj,30,0.9999857544898987
stacked_lora,siqa,all,8,q_proj,31,0.9999828338623047
stacked_lora,siqa,all,8,q_proj,32,0.9998748302459717
stacked_lora,siqa,all,8,q_proj,33,0.9998786449432373
stacked_lora,siqa,all,8,q_proj,34,0.9999926686286926
stacked_lora,siqa,all,8,q_proj,35,0.9999909996986389
stacked_lora,siqa,all,8,q_proj,36,0.9999954700469971
stacked_lora,siqa,all,8,q_proj,37,0.9999907612800598
stacked_lora,siqa,all,8,q_proj,38,0.9999892115592957
stacked_lora,siqa,all,8,q_proj,39,0.9999830722808838
stacked_lora,siqa,all,8,q_proj,40,0.9999812841415405
stacked_lora,siqa,all,8,q_proj,41,0.9999886155128479
stacked_lora,siqa,all,8,q_proj,42,0.9999817609786987
stacked_lora,siqa,all,8,q_proj,43,0.9999894499778748
stacked_lora,siqa,all,8,q_proj,44,0.9999868273735046
stacked_lora,siqa,all,8,q_proj,45,0.9999892711639404
stacked_lora,siqa,all,8,q_proj,46,0.9999744892120361
stacked_lora,siqa,all,8,q_proj,47,0.9998807311058044
stacked_lora,siqa,all,8,q_proj,48,0.9998996257781982
stacked_lora,siqa,all,8,q_proj,49,0.9999879598617554
stacked_lora,siqa,all,8,q_proj,50,0.999985933303833
stacked_lora,siqa,all,8,v_proj,1,0.9997610449790955
stacked_lora,siqa,all,8,v_proj,2,0.9998162984848022
stacked_lora,siqa,all,8,v_proj,3,0.999843418598175
stacked_lora,siqa,all,8,v_proj,4,0.9994524717330933
stacked_lora,siqa,all,8,v_proj,5,0.9993730783462524
stacked_lora,siqa,all,8,v_proj,6,0.999748706817627
stacked_lora,siqa,all,8,v_proj,7,0.9997022747993469
stacked_lora,siqa,all,8,v_proj,8,0.9993367195129395
stacked_lora,siqa,all,8,v_proj,9,0.9992192983627319
stacked_lora,siqa,all,8,v_proj,10,0.9994012713432312
stacked_lora,siqa,all,8,v_proj,11,0.9997566342353821
stacked_lora,siqa,all,8,v_proj,12,0.9993100166320801
stacked_lora,siqa,all,8,v_proj,13,0.9983969926834106
stacked_lora,siqa,all,8,v_proj,14,0.9986699223518372
stacked_lora,siqa,all,8,v_proj,15,0.9989684820175171
stacked_lora,siqa,all,8,v_proj,16,0.9996432662010193
stacked_lora,siqa,all,8,v_proj,17,0.9989504218101501
stacked_lora,siqa,all,8,v_proj,18,0.9994899034500122
stacked_lora,siqa,all,8,v_proj,19,0.9992849826812744
stacked_lora,siqa,all,8,v_proj,20,0.9995847940444946
stacked_lora,siqa,all,8,v_proj,21,0.9982525706291199
stacked_lora,siqa,all,8,v_proj,22,0.9974233508110046
stacked_lora,siqa,all,8,v_proj,23,0.9977761507034302
stacked_lora,siqa,all,8,v_proj,24,0.9994521737098694
stacked_lora,siqa,all,8,v_proj,25,0.9994834661483765
stacked_lora,siqa,all,8,v_proj,26,0.9987784028053284
stacked_lora,siqa,all,8,v_proj,27,0.9979329109191895
stacked_lora,siqa,all,8,v_proj,28,0.9991544485092163
stacked_lora,siqa,all,8,v_proj,29,0.9936720728874207
stacked_lora,siqa,all,8,v_proj,30,0.9925812482833862
stacked_lora,siqa,all,8,v_proj,31,0.9986293911933899
stacked_lora,siqa,all,8,v_proj,32,0.9923021793365479
stacked_lora,siqa,all,8,v_proj,33,0.9914832711219788
stacked_lora,siqa,all,8,v_proj,34,0.9994759559631348
stacked_lora,siqa,all,8,v_proj,35,0.998134970664978
stacked_lora,siqa,all,8,v_proj,36,0.9982256889343262
stacked_lora,siqa,all,8,v_proj,37,0.9973890781402588
stacked_lora,siqa,all,8,v_proj,38,0.9988316297531128
stacked_lora,siqa,all,8,v_proj,39,0.9976914525032043
stacked_lora,siqa,all,8,v_proj,40,0.9994280934333801
stacked_lora,siqa,all,8,v_proj,41,0.9966286420822144
stacked_lora,siqa,all,8,v_proj,42,0.9969759583473206
stacked_lora,siqa,all,8,v_proj,43,0.9990120530128479
stacked_lora,siqa,all,8,v_proj,44,0.998450517654419
stacked_lora,siqa,all,8,v_proj,45,0.9976330995559692
stacked_lora,siqa,all,8,v_proj,46,0.9993464350700378
stacked_lora,siqa,all,8,v_proj,47,0.9979177713394165
stacked_lora,siqa,all,8,v_proj,48,0.9989215135574341
stacked_lora,siqa,all,8,v_proj,49,0.9982341527938843
stacked_lora,siqa,all,8,v_proj,50,0.9976465702056885
stacked_lora,siqa,all,8,up_proj,1,0.9999938607215881
stacked_lora,siqa,all,8,up_proj,2,0.9999926686286926
stacked_lora,siqa,all,8,up_proj,3,0.9999858140945435
stacked_lora,siqa,all,8,up_proj,4,0.9999839663505554
stacked_lora,siqa,all,8,up_proj,5,0.9999797344207764
stacked_lora,siqa,all,8,up_proj,6,0.9999901652336121
stacked_lora,siqa,all,8,up_proj,7,0.9999868869781494
stacked_lora,siqa,all,8,up_proj,8,0.9999580383300781
stacked_lora,siqa,all,8,up_proj,9,0.9999544024467468
stacked_lora,siqa,all,8,up_proj,10,0.9998900890350342
stacked_lora,siqa,all,8,up_proj,11,0.9999167919158936
stacked_lora,siqa,all,8,up_proj,12,0.99998539686203
stacked_lora,siqa,all,8,up_proj,13,0.750426173210144
stacked_lora,siqa,all,8,up_proj,14,0.7504273056983948
stacked_lora,siqa,all,8,up_proj,15,0.9999781847000122
stacked_lora,siqa,all,8,up_proj,16,0.9999716877937317
stacked_lora,siqa,all,8,up_proj,17,0.9999539256095886
stacked_lora,siqa,all,8,up_proj,18,0.9998675584793091
stacked_lora,siqa,all,8,up_proj,19,0.999870777130127
stacked_lora,siqa,all,8,up_proj,20,0.9999322891235352
stacked_lora,siqa,all,8,up_proj,21,0.9999560117721558
stacked_lora,siqa,all,8,up_proj,22,0.9999585151672363
stacked_lora,siqa,all,8,up_proj,23,0.9976446032524109
stacked_lora,siqa,all,8,up_proj,24,0.9976367354393005
stacked_lora,siqa,all,8,up_proj,25,0.9998920559883118
stacked_lora,siqa,all,8,up_proj,26,0.9996790885925293
stacked_lora,siqa,all,8,up_proj,27,0.9993916749954224
stacked_lora,siqa,all,8,up_proj,28,0.9996687769889832
stacked_lora,siqa,all,8,up_proj,29,0.9996101260185242
stacked_lora,siqa,all,8,up_proj,30,0.999622642993927
stacked_lora,siqa,all,8,up_proj,31,0.9990648031234741
stacked_lora,siqa,all,8,up_proj,32,0.9975806474685669
stacked_lora,siqa,all,8,up_proj,33,0.9968440532684326
stacked_lora,siqa,all,8,up_proj,34,0.9992831349372864
stacked_lora,siqa,all,8,up_proj,35,0.9996857047080994
stacked_lora,siqa,all,8,up_proj,36,0.9997244477272034
stacked_lora,siqa,all,8,up_proj,37,0.9996997117996216
stacked_lora,siqa,all,8,up_proj,38,0.9997931122779846
stacked_lora,siqa,all,8,up_proj,39,0.987863302230835
stacked_lora,siqa,all,8,up_proj,40,0.9877274036407471
stacked_lora,siqa,all,8,up_proj,41,0.9998347163200378
stacked_lora,siqa,all,8,up_proj,42,0.9992012977600098
stacked_lora,siqa,all,8,up_proj,43,0.9990385174751282
stacked_lora,siqa,all,8,up_proj,44,0.9998683333396912
stacked_lora,siqa,all,8,up_proj,45,0.9994679689407349
stacked_lora,siqa,all,8,up_proj,46,0.9996119141578674
stacked_lora,siqa,all,8,up_proj,47,0.9998374581336975
stacked_lora,siqa,all,8,up_proj,48,0.9998304843902588
stacked_lora,siqa,all,8,up_proj,49,0.9990680813789368
stacked_lora,siqa,all,8,up_proj,50,0.9989525079727173
stacked_lora,siqa,all,8,down_proj,1,1.0000004768371582
stacked_lora,siqa,all,8,down_proj,2,0.9999990463256836
stacked_lora,siqa,all,8,down_proj,3,0.9999992251396179
stacked_lora,siqa,all,8,down_proj,4,0.9999993443489075
stacked_lora,siqa,all,8,down_proj,5,0.9999964833259583
stacked_lora,siqa,all,8,down_proj,6,0.9999971389770508
stacked_lora,siqa,all,8,down_proj,7,0.9999991655349731
stacked_lora,siqa,all,8,down_proj,8,0.9999984502792358
stacked_lora,siqa,all,8,down_proj,9,0.9999991655349731
stacked_lora,siqa,all,8,down_proj,10,0.9999971389770508
stacked_lora,siqa,all,8,down_proj,11,0.9999975562095642
stacked_lora,siqa,all,8,down_proj,12,0.9999954700469971
stacked_lora,siqa,all,8,down_proj,13,0.9999964237213135
stacked_lora,siqa,all,8,down_proj,14,0.9999813437461853
stacked_lora,siqa,all,8,down_proj,15,0.9999825954437256
stacked_lora,siqa,all,8,down_proj,16,0.9999937415122986
stacked_lora,siqa,all,8,down_proj,17,0.9999926686286926
stacked_lora,siqa,all,8,down_proj,18,0.9999862313270569
stacked_lora,siqa,all,8,down_proj,19,0.9998188018798828
stacked_lora,siqa,all,8,down_proj,20,0.9998297095298767
stacked_lora,siqa,all,8,down_proj,21,0.9999861717224121
stacked_lora,siqa,all,8,down_proj,22,0.9998830556869507
stacked_lora,siqa,all,8,down_proj,23,0.9998743534088135
stacked_lora,siqa,all,8,down_proj,24,0.9999920129776001
stacked_lora,siqa,all,8,down_proj,25,0.9999863505363464
stacked_lora,siqa,all,8,down_proj,26,0.9999488592147827
stacked_lora,siqa,all,8,down_proj,27,0.9999513030052185
stacked_lora,siqa,all,8,down_proj,28,0.9999825358390808
stacked_lora,siqa,all,8,down_proj,29,0.9999839663505554
stacked_lora,siqa,all,8,down_proj,30,0.9999844431877136
stacked_lora,siqa,all,8,down_proj,31,0.9999887347221375
stacked_lora,siqa,all,8,down_proj,32,0.9999780058860779
stacked_lora,siqa,all,8,down_proj,33,0.9999633431434631
stacked_lora,siqa,all,8,down_proj,34,0.9999092221260071
stacked_lora,siqa,all,8,down_proj,35,0.9999289512634277
stacked_lora,siqa,all,8,down_proj,36,0.9999873638153076
stacked_lora,siqa,all,8,down_proj,37,0.9999853372573853
stacked_lora,siqa,all,8,down_proj,38,0.9999788999557495
stacked_lora,siqa,all,8,down_proj,39,0.9999857544898987
stacked_lora,siqa,all,8,down_proj,40,0.9999886751174927
stacked_lora,siqa,all,8,down_proj,41,0.999747633934021
stacked_lora,siqa,all,8,down_proj,42,0.9997850656509399
stacked_lora,siqa,all,8,down_proj,43,0.9999538660049438
stacked_lora,siqa,all,8,down_proj,44,0.9999745488166809
stacked_lora,siqa,all,8,down_proj,45,0.9999684691429138
stacked_lora,siqa,all,8,down_proj,46,0.999972939491272
stacked_lora,siqa,all,8,down_proj,47,0.9998974800109863
stacked_lora,siqa,all,8,down_proj,48,0.9998578429222107
stacked_lora,siqa,all,8,down_proj,49,0.9998959898948669
stacked_lora,siqa,all,8,down_proj,50,0.9998420476913452
stacked_lora,siqa,all,15,q_proj,1,0.9999995231628418
stacked_lora,siqa,all,15,q_proj,2,0.9999995827674866
stacked_lora,siqa,all,15,q_proj,3,0.9999995827674866
stacked_lora,siqa,all,15,q_proj,4,0.9999937415122986
stacked_lora,siqa,all,15,q_proj,5,0.9999940395355225
stacked_lora,siqa,all,15,q_proj,6,0.9999982714653015
stacked_lora,siqa,all,15,q_proj,7,0.9999905824661255
stacked_lora,siqa,all,15,q_proj,8,0.9999898672103882
stacked_lora,siqa,all,15,q_proj,9,0.9999988675117493
stacked_lora,siqa,all,15,q_proj,10,0.9999954700469971
stacked_lora,siqa,all,15,q_proj,11,0.9999973773956299
stacked_lora,siqa,all,15,q_proj,12,0.9999985694885254
stacked_lora,siqa,all,15,q_proj,13,0.9999978542327881
stacked_lora,siqa,all,15,q_proj,14,0.9999959468841553
stacked_lora,siqa,all,15,q_proj,15,0.9999948740005493
stacked_lora,siqa,all,15,q_proj,16,0.999997079372406
stacked_lora,siqa,all,15,q_proj,17,0.9999988675117493
stacked_lora,siqa,all,15,q_proj,18,0.9999882578849792
stacked_lora,siqa,all,15,q_proj,19,0.9999876618385315
stacked_lora,siqa,all,15,q_proj,20,0.999995231628418
stacked_lora,siqa,all,15,q_proj,21,0.9999948143959045
stacked_lora,siqa,all,15,q_proj,22,0.9999939799308777
stacked_lora,siqa,all,15,q_proj,23,0.9999943971633911
stacked_lora,siqa,all,15,q_proj,24,0.999998152256012
stacked_lora,siqa,all,15,q_proj,25,0.9999834895133972
stacked_lora,siqa,all,15,q_proj,26,0.9999833703041077
stacked_lora,siqa,all,15,q_proj,27,0.9999970197677612
stacked_lora,siqa,all,15,q_proj,28,0.9999943375587463
stacked_lora,siqa,all,15,q_proj,29,0.999994158744812
stacked_lora,siqa,all,15,q_proj,30,0.999997079372406
stacked_lora,siqa,all,15,q_proj,31,0.9999880790710449
stacked_lora,siqa,all,15,q_proj,32,0.9999864101409912
stacked_lora,siqa,all,15,q_proj,33,0.9999984502792358
stacked_lora,siqa,all,15,q_proj,34,0.9999898672103882
stacked_lora,siqa,all,15,q_proj,35,0.9999902844429016
stacked_lora,siqa,all,15,q_proj,36,0.9999616742134094
stacked_lora,siqa,all,15,q_proj,37,0.9999617338180542
stacked_lora,siqa,all,15,q_proj,38,0.999992311000824
stacked_lora,siqa,all,15,q_proj,39,0.9999926686286926
stacked_lora,siqa,all,15,q_proj,40,0.9999952912330627
stacked_lora,siqa,all,15,q_proj,41,0.9999940395355225
stacked_lora,siqa,all,15,q_proj,42,0.9999942779541016
stacked_lora,siqa,all,15,q_proj,43,0.999995231628418
stacked_lora,siqa,all,15,q_proj,44,0.9999874234199524
stacked_lora,siqa,all,15,q_proj,45,0.9999873638153076
stacked_lora,siqa,all,15,q_proj,46,0.999995231628418
stacked_lora,siqa,all,15,q_proj,47,0.999996542930603
stacked_lora,siqa,all,15,q_proj,48,0.9999916553497314
stacked_lora,siqa,all,15,q_proj,49,0.9999864101409912
stacked_lora,siqa,all,15,q_proj,50,0.9997133016586304
stacked_lora,siqa,all,15,v_proj,1,0.9999901056289673
stacked_lora,siqa,all,15,v_proj,2,0.9999694228172302
stacked_lora,siqa,all,15,v_proj,3,0.9999682903289795
stacked_lora,siqa,all,15,v_proj,4,0.9999959468841553
stacked_lora,siqa,all,15,v_proj,5,0.9999911189079285
stacked_lora,siqa,all,15,v_proj,6,0.999991238117218
stacked_lora,siqa,all,15,v_proj,7,0.9999929666519165
stacked_lora,siqa,all,15,v_proj,8,0.9999904036521912
stacked_lora,siqa,all,15,v_proj,9,0.9999942183494568
stacked_lora,siqa,all,15,v_proj,10,0.9999297857284546
stacked_lora,siqa,all,15,v_proj,11,0.9999187588691711
stacked_lora,siqa,all,15,v_proj,12,0.999985933303833
stacked_lora,siqa,all,15,v_proj,13,0.9999505281448364
stacked_lora,siqa,all,15,v_proj,14,0.9999330639839172
stacked_lora,siqa,all,15,v_proj,15,0.9994932413101196
stacked_lora,siqa,all,15,v_proj,16,0.9994319677352905
stacked_lora,siqa,all,15,v_proj,17,0.9999374747276306
stacked_lora,siqa,all,15,v_proj,18,0.9999707341194153
stacked_lora,siqa,all,15,v_proj,19,0.9999730587005615
stacked_lora,siqa,all,15,v_proj,20,0.9999772310256958
stacked_lora,siqa,all,15,v_proj,21,0.9999818801879883
stacked_lora,siqa,all,15,v_proj,22,0.999954104423523
stacked_lora,siqa,all,15,v_proj,23,0.999967098236084
stacked_lora,siqa,all,15,v_proj,24,0.9999847412109375
stacked_lora,siqa,all,15,v_proj,25,0.9998696446418762
stacked_lora,siqa,all,15,v_proj,26,0.9998704195022583
stacked_lora,siqa,all,15,v_proj,27,0.9999676942825317
stacked_lora,siqa,all,15,v_proj,28,0.9998792409896851
stacked_lora,siqa,all,15,v_proj,29,0.9998605251312256
stacked_lora,siqa,all,15,v_proj,30,0.999969482421875
stacked_lora,siqa,all,15,v_proj,31,0.9999665021896362
stacked_lora,siqa,all,15,v_proj,32,0.9999610781669617
stacked_lora,siqa,all,15,v_proj,33,0.9999760389328003
stacked_lora,siqa,all,15,v_proj,34,0.9999229311943054
stacked_lora,siqa,all,15,v_proj,35,0.999915599822998
stacked_lora,siqa,all,15,v_proj,36,0.9997711181640625
stacked_lora,siqa,all,15,v_proj,37,0.9998424053192139
stacked_lora,siqa,all,15,v_proj,38,0.9999082684516907
stacked_lora,siqa,all,15,v_proj,39,0.9999734163284302
stacked_lora,siqa,all,15,v_proj,40,0.9999759197235107
stacked_lora,siqa,all,15,v_proj,41,0.9999841451644897
stacked_lora,siqa,all,15,v_proj,42,0.9999661445617676
stacked_lora,siqa,all,15,v_proj,43,0.999934732913971
stacked_lora,siqa,all,15,v_proj,44,0.9999563097953796
stacked_lora,siqa,all,15,v_proj,45,0.9996891021728516
stacked_lora,siqa,all,15,v_proj,46,0.9997191429138184
stacked_lora,siqa,all,15,v_proj,47,0.999968945980072
stacked_lora,siqa,all,15,v_proj,48,0.9999749660491943
stacked_lora,siqa,all,15,v_proj,49,0.9999861717224121
stacked_lora,siqa,all,15,v_proj,50,0.9999697208404541
stacked_lora,siqa,all,15,up_proj,1,0.9999997615814209
stacked_lora,siqa,all,15,up_proj,2,1.000000238418579
stacked_lora,siqa,all,15,up_proj,3,0.9999997019767761
stacked_lora,siqa,all,15,up_proj,4,0.9999999403953552
stacked_lora,siqa,all,15,up_proj,5,0.9999973177909851
stacked_lora,siqa,all,15,up_proj,6,0.9999983906745911
stacked_lora,siqa,all,15,up_proj,7,0.9999985694885254
stacked_lora,siqa,all,15,up_proj,8,0.9999964237213135
stacked_lora,siqa,all,15,up_proj,9,0.9999969005584717
stacked_lora,siqa,all,15,up_proj,10,0.9999978542327881
stacked_lora,siqa,all,15,up_proj,11,0.9999976754188538
stacked_lora,siqa,all,15,up_proj,12,0.9999977350234985
stacked_lora,siqa,all,15,up_proj,13,0.9999896287918091
stacked_lora,siqa,all,15,up_proj,14,0.9999902844429016
stacked_lora,siqa,all,15,up_proj,15,0.9999911785125732
stacked_lora,siqa,all,15,up_proj,16,0.9999913573265076
stacked_lora,siqa,all,15,up_proj,17,0.9999945163726807
stacked_lora,siqa,all,15,up_proj,18,0.9999921917915344
stacked_lora,siqa,all,15,up_proj,19,0.9999890923500061
stacked_lora,siqa,all,15,up_proj,20,0.999992847442627
stacked_lora,siqa,all,15,up_proj,21,0.999995768070221
stacked_lora,siqa,all,15,up_proj,22,0.9999958276748657
stacked_lora,siqa,all,15,up_proj,23,0.9999940395355225
stacked_lora,siqa,all,15,up_proj,24,0.9998607635498047
stacked_lora,siqa,all,15,up_proj,25,0.9998627305030823
stacked_lora,siqa,all,15,up_proj,26,0.9999685883522034
stacked_lora,siqa,all,15,up_proj,27,0.9999696016311646
stacked_lora,siqa,all,15,up_proj,28,0.9999858736991882
stacked_lora,siqa,all,15,up_proj,29,0.9999915957450867
stacked_lora,siqa,all,15,up_proj,30,0.9999938011169434
stacked_lora,siqa,all,15,up_proj,31,0.9999544024467468
stacked_lora,siqa,all,15,up_proj,32,0.9999500513076782
stacked_lora,siqa,all,15,up_proj,33,0.999992311000824
stacked_lora,siqa,all,15,up_proj,34,0.9999710321426392
stacked_lora,siqa,all,15,up_proj,35,0.9999781250953674
stacked_lora,siqa,all,15,up_proj,36,0.9999777674674988
stacked_lora,siqa,all,15,up_proj,37,0.9999734163284302
stacked_lora,siqa,all,15,up_proj,38,0.9999704360961914
stacked_lora,siqa,all,15,up_proj,39,0.9998450875282288
stacked_lora,siqa,all,15,up_proj,40,0.9998189210891724
stacked_lora,siqa,all,15,up_proj,41,0.9999521374702454
stacked_lora,siqa,all,15,up_proj,42,0.9999374151229858
stacked_lora,siqa,all,15,up_proj,43,0.9999806880950928
stacked_lora,siqa,all,15,up_proj,44,0.9999340176582336
stacked_lora,siqa,all,15,up_proj,45,0.9999352693557739
stacked_lora,siqa,all,15,up_proj,46,0.9999477863311768
stacked_lora,siqa,all,15,up_proj,47,0.9997158646583557
stacked_lora,siqa,all,15,up_proj,48,0.9997053146362305
stacked_lora,siqa,all,15,up_proj,49,0.9999646544456482
stacked_lora,siqa,all,15,up_proj,50,0.9999752044677734
stacked_lora,siqa,all,15,down_proj,1,0.9999992251396179
stacked_lora,siqa,all,15,down_proj,2,0.9999998807907104
stacked_lora,siqa,all,15,down_proj,3,0.9999998211860657
stacked_lora,siqa,all,15,down_proj,4,0.9999998807907104
stacked_lora,siqa,all,15,down_proj,5,0.9999993443489075
stacked_lora,siqa,all,15,down_proj,6,0.9999986886978149
stacked_lora,siqa,all,15,down_proj,7,0.9999978542327881
stacked_lora,siqa,all,15,down_proj,8,0.9999971389770508
stacked_lora,siqa,all,15,down_proj,9,0.9999975562095642
stacked_lora,siqa,all,15,down_proj,10,0.9999964237213135
stacked_lora,siqa,all,15,down_proj,11,0.9999935626983643
stacked_lora,siqa,all,15,down_proj,12,0.9999950528144836
stacked_lora,siqa,all,15,down_proj,13,0.9999947547912598
stacked_lora,siqa,all,15,down_proj,14,0.9999951720237732
stacked_lora,siqa,all,15,down_proj,15,0.9999947547912598
stacked_lora,siqa,all,15,down_proj,16,0.9999918937683105
stacked_lora,siqa,all,15,down_proj,17,0.9999921321868896
stacked_lora,siqa,all,15,down_proj,18,0.9999669790267944
stacked_lora,siqa,all,15,down_proj,19,0.9999682903289795
stacked_lora,siqa,all,15,down_proj,20,0.9999885559082031
stacked_lora,siqa,all,15,down_proj,21,0.9999856352806091
stacked_lora,siqa,all,15,down_proj,22,0.9999855160713196
stacked_lora,siqa,all,15,down_proj,23,0.9999822378158569
stacked_lora,siqa,all,15,down_proj,24,0.9999883770942688
stacked_lora,siqa,all,15,down_proj,25,0.9999607801437378
stacked_lora,siqa,all,15,down_proj,26,0.9999231696128845
stacked_lora,siqa,all,15,down_proj,27,0.999944806098938
stacked_lora,siqa,all,15,down_proj,28,0.9997193813323975
stacked_lora,siqa,all,15,down_proj,29,0.9997587203979492
stacked_lora,siqa,all,15,down_proj,30,0.999982476234436
stacked_lora,siqa,all,15,down_proj,31,0.9999716281890869
stacked_lora,siqa,all,15,down_proj,32,0.9999865889549255
stacked_lora,siqa,all,15,down_proj,33,0.9999869465827942
stacked_lora,siqa,all,15,down_proj,34,0.9999538064002991
stacked_lora,siqa,all,15,down_proj,35,0.9999626278877258
stacked_lora,siqa,all,15,down_proj,36,0.9999775886535645
stacked_lora,siqa,all,15,down_proj,37,0.9999210834503174
stacked_lora,siqa,all,15,down_proj,38,0.999893069267273
stacked_lora,siqa,all,15,down_proj,39,0.9999061226844788
stacked_lora,siqa,all,15,down_proj,40,0.9999428391456604
stacked_lora,siqa,all,15,down_proj,41,0.999978244304657
stacked_lora,siqa,all,15,down_proj,42,0.9999450445175171
stacked_lora,siqa,all,15,down_proj,43,0.9999812245368958
stacked_lora,siqa,all,15,down_proj,44,0.9998846650123596
stacked_lora,siqa,all,15,down_proj,45,0.9998937845230103
stacked_lora,siqa,all,15,down_proj,46,0.9999805092811584
stacked_lora,siqa,all,15,down_proj,47,0.9998989105224609
stacked_lora,siqa,all,15,down_proj,48,0.9998148083686829
stacked_lora,siqa,all,15,down_proj,49,0.9997364282608032
stacked_lora,siqa,all,15,down_proj,50,0.9998261332511902
stacked_lora,sst2,all,0,q_proj,1,0.9999997615814209
stacked_lora,sst2,all,0,q_proj,2,0.9999998211860657
stacked_lora,sst2,all,0,q_proj,3,1.0000003576278687
stacked_lora,sst2,all,0,q_proj,4,1.0000011920928955
stacked_lora,sst2,all,0,q_proj,5,1.0000004768371582
stacked_lora,sst2,all,0,q_proj,6,1.0000001192092896
stacked_lora,sst2,all,0,q_proj,7,0.999998927116394
stacked_lora,sst2,all,0,q_proj,8,0.9999996423721313
stacked_lora,sst2,all,0,q_proj,9,0.9999995827674866
stacked_lora,sst2,all,0,q_proj,10,0.9999997615814209
stacked_lora,sst2,all,0,q_proj,11,0.9999999403953552
stacked_lora,sst2,all,0,q_proj,12,0.9999993443489075
stacked_lora,sst2,all,0,q_proj,13,0.9999994039535522
stacked_lora,sst2,all,0,q_proj,14,0.9999991059303284
stacked_lora,sst2,all,0,q_proj,15,0.9999993443489075
stacked_lora,sst2,all,0,q_proj,16,0.9999987483024597
stacked_lora,sst2,all,0,q_proj,17,0.9999989867210388
stacked_lora,sst2,all,0,q_proj,18,0.9999983310699463
stacked_lora,sst2,all,0,q_proj,19,0.9999991655349731
stacked_lora,sst2,all,0,q_proj,20,0.9999996423721313
stacked_lora,sst2,all,0,q_proj,21,0.999999463558197
stacked_lora,sst2,all,0,q_proj,22,0.9999992847442627
stacked_lora,sst2,all,0,q_proj,23,0.9999987483024597
stacked_lora,sst2,all,0,q_proj,24,0.9999992251396179
stacked_lora,sst2,all,0,q_proj,25,0.999998927116394
stacked_lora,sst2,all,0,q_proj,26,0.9999992847442627
stacked_lora,sst2,all,0,q_proj,27,0.9999978542327881
stacked_lora,sst2,all,0,q_proj,28,0.9999973773956299
stacked_lora,sst2,all,0,q_proj,29,0.9999974370002747
stacked_lora,sst2,all,0,q_proj,30,0.9999972581863403
stacked_lora,sst2,all,0,q_proj,31,0.9999986290931702
stacked_lora,sst2,all,0,q_proj,32,0.999983012676239
stacked_lora,sst2,all,0,q_proj,33,0.9999852776527405
stacked_lora,sst2,all,0,q_proj,34,0.9999948143959045
stacked_lora,sst2,all,0,q_proj,35,0.9999947547912598
stacked_lora,sst2,all,0,q_proj,36,0.9999845027923584
stacked_lora,sst2,all,0,q_proj,37,0.9999858736991882
stacked_lora,sst2,all,0,q_proj,38,0.9999894499778748
stacked_lora,sst2,all,0,q_proj,39,0.9999902844429016
stacked_lora,sst2,all,0,q_proj,40,0.9999939203262329
stacked_lora,sst2,all,0,q_proj,41,0.9999974370002747
stacked_lora,sst2,all,0,q_proj,42,0.9999769330024719
stacked_lora,sst2,all,0,q_proj,43,0.9999749064445496
stacked_lora,sst2,all,0,q_proj,44,0.9999937415122986
stacked_lora,sst2,all,0,q_proj,45,0.9999974370002747
stacked_lora,sst2,all,0,q_proj,46,0.9999907612800598
stacked_lora,sst2,all,0,q_proj,47,0.9999668002128601
stacked_lora,sst2,all,0,q_proj,48,0.9999725818634033
stacked_lora,sst2,all,0,q_proj,49,0.9999929070472717
stacked_lora,sst2,all,0,q_proj,50,0.9999931454658508
stacked_lora,sst2,all,0,v_proj,1,0.9999973773956299
stacked_lora,sst2,all,0,v_proj,2,0.9999083280563354
stacked_lora,sst2,all,0,v_proj,3,0.9998983144760132
stacked_lora,sst2,all,0,v_proj,4,0.999971866607666
stacked_lora,sst2,all,0,v_proj,5,0.9999698400497437
stacked_lora,sst2,all,0,v_proj,6,0.9999663233757019
stacked_lora,sst2,all,0,v_proj,7,0.9999592304229736
stacked_lora,sst2,all,0,v_proj,8,0.9999380707740784
stacked_lora,sst2,all,0,v_proj,9,0.9999110102653503
stacked_lora,sst2,all,0,v_proj,10,0.9998332262039185
stacked_lora,sst2,all,0,v_proj,11,0.9997730851173401
stacked_lora,sst2,all,0,v_proj,12,0.9998474717140198
stacked_lora,sst2,all,0,v_proj,13,0.9998942017555237
stacked_lora,sst2,all,0,v_proj,14,0.9998859167098999
stacked_lora,sst2,all,0,v_proj,15,0.9998481869697571
stacked_lora,sst2,all,0,v_proj,16,0.9998347759246826
stacked_lora,sst2,all,0,v_proj,17,0.999823808670044
stacked_lora,sst2,all,0,v_proj,18,0.9996268153190613
stacked_lora,sst2,all,0,v_proj,19,0.999592661857605
stacked_lora,sst2,all,0,v_proj,20,0.9997073411941528
stacked_lora,sst2,all,0,v_proj,21,0.9994577169418335
stacked_lora,sst2,all,0,v_proj,22,0.9995721578598022
stacked_lora,sst2,all,0,v_proj,23,0.9995990991592407
stacked_lora,sst2,all,0,v_proj,24,0.9995158910751343
stacked_lora,sst2,all,0,v_proj,25,0.9993730783462524
stacked_lora,sst2,all,0,v_proj,26,0.9992603063583374
stacked_lora,sst2,all,0,v_proj,27,0.9996312856674194
stacked_lora,sst2,all,0,v_proj,28,0.9995214939117432
stacked_lora,sst2,all,0,v_proj,29,0.9883044362068176
stacked_lora,sst2,all,0,v_proj,30,0.9885244369506836
stacked_lora,sst2,all,0,v_proj,31,0.9989395141601562
stacked_lora,sst2,all,0,v_proj,32,0.9968984127044678
stacked_lora,sst2,all,0,v_proj,33,0.9980272054672241
stacked_lora,sst2,all,0,v_proj,34,0.9992216229438782
stacked_lora,sst2,all,0,v_proj,35,0.9996523857116699
stacked_lora,sst2,all,0,v_proj,36,0.9994545578956604
stacked_lora,sst2,all,0,v_proj,37,0.9987632632255554
stacked_lora,sst2,all,0,v_proj,38,0.995855450630188
stacked_lora,sst2,all,0,v_proj,39,0.9958326816558838
stacked_lora,sst2,all,0,v_proj,40,0.9982379674911499
stacked_lora,sst2,all,0,v_proj,41,0.9936183094978333
stacked_lora,sst2,all,0,v_proj,42,0.9934636354446411
stacked_lora,sst2,all,0,v_proj,43,0.9967440366744995
stacked_lora,sst2,all,0,v_proj,44,0.998552143573761
stacked_lora,sst2,all,0,v_proj,45,0.9973300099372864
stacked_lora,sst2,all,0,v_proj,46,0.9961943626403809
stacked_lora,sst2,all,0,v_proj,47,0.9951894879341125
stacked_lora,sst2,all,0,v_proj,48,0.9994866251945496
stacked_lora,sst2,all,0,v_proj,49,0.9984344244003296
stacked_lora,sst2,all,0,v_proj,50,0.9987475872039795
stacked_lora,sst2,all,0,up_proj,1,0.9999991655349731
stacked_lora,sst2,all,0,up_proj,2,0.9999986886978149
stacked_lora,sst2,all,0,up_proj,3,0.999996542930603
stacked_lora,sst2,all,0,up_proj,4,0.9999964237213135
stacked_lora,sst2,all,0,up_proj,5,0.9999950528144836
stacked_lora,sst2,all,0,up_proj,6,0.9999656677246094
stacked_lora,sst2,all,0,up_proj,7,0.9999607801437378
stacked_lora,sst2,all,0,up_proj,8,0.9999811053276062
stacked_lora,sst2,all,0,up_proj,9,0.9999284148216248
stacked_lora,sst2,all,0,up_proj,10,0.99993896484375
stacked_lora,sst2,all,0,up_proj,11,0.9998199939727783
stacked_lora,sst2,all,0,up_proj,12,0.9998151659965515
stacked_lora,sst2,all,0,up_proj,13,0.999972403049469
stacked_lora,sst2,all,0,up_proj,14,0.9999343752861023
stacked_lora,sst2,all,0,up_proj,15,0.9999494552612305
stacked_lora,sst2,all,0,up_proj,16,0.9999907612800598
stacked_lora,sst2,all,0,up_proj,17,0.9999608993530273
stacked_lora,sst2,all,0,up_proj,18,0.9999756813049316
stacked_lora,sst2,all,0,up_proj,19,0.9999334812164307
stacked_lora,sst2,all,0,up_proj,20,0.9999708533287048
stacked_lora,sst2,all,0,up_proj,21,0.9999776482582092
stacked_lora,sst2,all,0,up_proj,22,0.9999745488166809
stacked_lora,sst2,all,0,up_proj,23,0.9999784827232361
stacked_lora,sst2,all,0,up_proj,24,0.9999879598617554
stacked_lora,sst2,all,0,up_proj,25,0.9999765753746033
stacked_lora,sst2,all,0,up_proj,26,0.9999638795852661
stacked_lora,sst2,all,0,up_proj,27,0.9999629855155945
stacked_lora,sst2,all,0,up_proj,28,0.9999781250953674
stacked_lora,sst2,all,0,up_proj,29,0.9999884366989136
stacked_lora,sst2,all,0,up_proj,30,0.9999854564666748
stacked_lora,sst2,all,0,up_proj,31,0.9999794363975525
stacked_lora,sst2,all,0,up_proj,32,0.9999802112579346
stacked_lora,sst2,all,0,up_proj,33,0.9999815821647644
stacked_lora,sst2,all,0,up_proj,34,0.9999797344207764
stacked_lora,sst2,all,0,up_proj,35,0.999902069568634
stacked_lora,sst2,all,0,up_proj,36,0.9998997449874878
stacked_lora,sst2,all,0,up_proj,37,0.9999584555625916
stacked_lora,sst2,all,0,up_proj,38,0.9999683499336243
stacked_lora,sst2,all,0,up_proj,39,0.9999619722366333
stacked_lora,sst2,all,0,up_proj,40,0.9999776482582092
stacked_lora,sst2,all,0,up_proj,41,0.9999191164970398
stacked_lora,sst2,all,0,up_proj,42,0.9999380707740784
stacked_lora,sst2,all,0,up_proj,43,0.9998769164085388
stacked_lora,sst2,all,0,up_proj,44,0.9998271465301514
stacked_lora,sst2,all,0,up_proj,45,0.9999208450317383
stacked_lora,sst2,all,0,up_proj,46,0.9999628663063049
stacked_lora,sst2,all,0,up_proj,47,0.9999115467071533
stacked_lora,sst2,all,0,up_proj,48,0.9998388886451721
stacked_lora,sst2,all,0,up_proj,49,0.9996212720870972
stacked_lora,sst2,all,0,up_proj,50,0.9996361136436462
stacked_lora,sst2,all,0,down_proj,1,1.0000007152557373
stacked_lora,sst2,all,0,down_proj,2,1.0000003576278687
stacked_lora,sst2,all,0,down_proj,3,0.9999997019767761
stacked_lora,sst2,all,0,down_proj,4,1.0000004768371582
stacked_lora,sst2,all,0,down_proj,5,1.0000001192092896
stacked_lora,sst2,all,0,down_proj,6,0.9999997019767761
stacked_lora,sst2,all,0,down_proj,7,0.9999995231628418
stacked_lora,sst2,all,0,down_proj,8,0.9999988079071045
stacked_lora,sst2,all,0,down_proj,9,0.9999976754188538
stacked_lora,sst2,all,0,down_proj,10,0.9999902248382568
stacked_lora,sst2,all,0,down_proj,11,0.9999887943267822
stacked_lora,sst2,all,0,down_proj,12,0.9999985098838806
stacked_lora,sst2,all,0,down_proj,13,0.9999963641166687
stacked_lora,sst2,all,0,down_proj,14,0.9999927878379822
stacked_lora,sst2,all,0,down_proj,15,0.9999926686286926
stacked_lora,sst2,all,0,down_proj,16,0.999997615814209
stacked_lora,sst2,all,0,down_proj,17,0.9999972581863403
stacked_lora,sst2,all,0,down_proj,18,0.9999966621398926
stacked_lora,sst2,all,0,down_proj,19,0.9999923706054688
stacked_lora,sst2,all,0,down_proj,20,0.9999125599861145
stacked_lora,sst2,all,0,down_proj,21,0.9999145865440369
stacked_lora,sst2,all,0,down_proj,22,0.9998724460601807
stacked_lora,sst2,all,0,down_proj,23,0.999868631362915
stacked_lora,sst2,all,0,down_proj,24,0.999989926815033
stacked_lora,sst2,all,0,down_proj,25,0.9999848008155823
stacked_lora,sst2,all,0,down_proj,26,0.9999819397926331
stacked_lora,sst2,all,0,down_proj,27,0.9999657869338989
stacked_lora,sst2,all,0,down_proj,28,0.9999687075614929
stacked_lora,sst2,all,0,down_proj,29,0.9999936819076538
stacked_lora,sst2,all,0,down_proj,30,0.999991238117218
stacked_lora,sst2,all,0,down_proj,31,0.9999878406524658
stacked_lora,sst2,all,0,down_proj,32,0.9999856352806091
stacked_lora,sst2,all,0,down_proj,33,0.9999846816062927
stacked_lora,sst2,all,0,down_proj,34,0.9999842643737793
stacked_lora,sst2,all,0,down_proj,35,0.9999929666519165
stacked_lora,sst2,all,0,down_proj,36,0.9999868273735046
stacked_lora,sst2,all,0,down_proj,37,0.999976396560669
stacked_lora,sst2,all,0,down_proj,38,0.9999760985374451
stacked_lora,sst2,all,0,down_proj,39,0.9999856352806091
stacked_lora,sst2,all,0,down_proj,40,0.9999327063560486
stacked_lora,sst2,all,0,down_proj,41,0.9999287128448486
stacked_lora,sst2,all,0,down_proj,42,0.9994476437568665
stacked_lora,sst2,all,0,down_proj,43,0.9993864297866821
stacked_lora,sst2,all,0,down_proj,44,0.9999071955680847
stacked_lora,sst2,all,0,down_proj,45,0.9999515414237976
stacked_lora,sst2,all,0,down_proj,46,0.9999764561653137
stacked_lora,sst2,all,0,down_proj,47,0.9993552565574646
stacked_lora,sst2,all,0,down_proj,48,0.9993571043014526
stacked_lora,sst2,all,0,down_proj,49,0.9999136924743652
stacked_lora,sst2,all,0,down_proj,50,0.9999279379844666
stacked_lora,sst2,all,8,q_proj,1,1.0000007152557373
stacked_lora,sst2,all,8,q_proj,2,0.9999973773956299
stacked_lora,sst2,all,8,q_proj,3,0.9999963641166687
stacked_lora,sst2,all,8,q_proj,4,0.9999991655349731
stacked_lora,sst2,all,8,q_proj,5,0.9999990463256836
stacked_lora,sst2,all,8,q_proj,6,0.9999988079071045
stacked_lora,sst2,all,8,q_proj,7,0.9999988675117493
stacked_lora,sst2,all,8,q_proj,8,0.9999985098838806
stacked_lora,sst2,all,8,q_proj,9,0.9999983906745911
stacked_lora,sst2,all,8,q_proj,10,0.9999905824661255
stacked_lora,sst2,all,8,q_proj,11,0.9999901056289673
stacked_lora,sst2,all,8,q_proj,12,0.9999986886978149
stacked_lora,sst2,all,8,q_proj,13,0.9999979734420776
stacked_lora,sst2,all,8,q_proj,14,0.9999802708625793
stacked_lora,sst2,all,8,q_proj,15,0.9999761581420898
stacked_lora,sst2,all,8,q_proj,16,0.9999961853027344
stacked_lora,sst2,all,8,q_proj,17,0.9999932646751404
stacked_lora,sst2,all,8,q_proj,18,0.9999972581863403
stacked_lora,sst2,all,8,q_proj,19,0.9999976754188538
stacked_lora,sst2,all,8,q_proj,20,0.9999977350234985
stacked_lora,sst2,all,8,q_proj,21,0.9999910593032837
stacked_lora,sst2,all,8,q_proj,22,0.999988853931427
stacked_lora,sst2,all,8,q_proj,23,0.9999913573265076
stacked_lora,sst2,all,8,q_proj,24,0.9999949932098389
stacked_lora,sst2,all,8,q_proj,25,0.999994695186615
stacked_lora,sst2,all,8,q_proj,26,0.9999955892562866
stacked_lora,sst2,all,8,q_proj,27,0.9999973773956299
stacked_lora,sst2,all,8,q_proj,28,0.999992847442627
stacked_lora,sst2,all,8,q_proj,29,0.9999956488609314
stacked_lora,sst2,all,8,q_proj,30,0.9999926090240479
stacked_lora,sst2,all,8,q_proj,31,0.9999843835830688
stacked_lora,sst2,all,8,q_proj,32,0.999902606010437
stacked_lora,sst2,all,8,q_proj,33,0.9999112486839294
stacked_lora,sst2,all,8,q_proj,34,0.9999913573265076
stacked_lora,sst2,all,8,q_proj,35,0.9999873638153076
stacked_lora,sst2,all,8,q_proj,36,0.9999933838844299
stacked_lora,sst2,all,8,q_proj,37,0.9999887943267822
stacked_lora,sst2,all,8,q_proj,38,0.9999901056289673
stacked_lora,sst2,all,8,q_proj,39,0.9999887943267822
stacked_lora,sst2,all,8,q_proj,40,0.999984860420227
stacked_lora,sst2,all,8,q_proj,41,0.999993085861206
stacked_lora,sst2,all,8,q_proj,42,0.9999902844429016
stacked_lora,sst2,all,8,q_proj,43,0.9999938607215881
stacked_lora,sst2,all,8,q_proj,44,0.9999908208847046
stacked_lora,sst2,all,8,q_proj,45,0.9999947547912598
stacked_lora,sst2,all,8,q_proj,46,0.9999829530715942
stacked_lora,sst2,all,8,q_proj,47,0.999940812587738
stacked_lora,sst2,all,8,q_proj,48,0.9999520182609558
stacked_lora,sst2,all,8,q_proj,49,0.9999931454658508
stacked_lora,sst2,all,8,q_proj,50,0.9999914169311523
stacked_lora,sst2,all,8,v_proj,1,0.9998173117637634
stacked_lora,sst2,all,8,v_proj,2,0.9998642206192017
stacked_lora,sst2,all,8,v_proj,3,0.9998900890350342
stacked_lora,sst2,all,8,v_proj,4,0.999823272228241
stacked_lora,sst2,all,8,v_proj,5,0.9996587634086609
stacked_lora,sst2,all,8,v_proj,6,0.9998071789741516
stacked_lora,sst2,all,8,v_proj,7,0.9998222589492798
stacked_lora,sst2,all,8,v_proj,8,0.9992495775222778
stacked_lora,sst2,all,8,v_proj,9,0.999011754989624
stacked_lora,sst2,all,8,v_proj,10,0.9993743896484375
stacked_lora,sst2,all,8,v_proj,11,0.9997395873069763
stacked_lora,sst2,all,8,v_proj,12,0.9993935227394104
stacked_lora,sst2,all,8,v_proj,13,0.9993426203727722
stacked_lora,sst2,all,8,v_proj,14,0.999640703201294
stacked_lora,sst2,all,8,v_proj,15,0.999427855014801
stacked_lora,sst2,all,8,v_proj,16,0.9994533061981201
stacked_lora,sst2,all,8,v_proj,17,0.9991783499717712
stacked_lora,sst2,all,8,v_proj,18,0.9996668696403503
stacked_lora,sst2,all,8,v_proj,19,0.9996341466903687
stacked_lora,sst2,all,8,v_proj,20,0.999585747718811
stacked_lora,sst2,all,8,v_proj,21,0.9986209273338318
stacked_lora,sst2,all,8,v_proj,22,0.9991403818130493
stacked_lora,sst2,all,8,v_proj,23,0.9994734525680542
stacked_lora,sst2,all,8,v_proj,24,0.9995229840278625
stacked_lora,sst2,all,8,v_proj,25,0.9995066523551941
stacked_lora,sst2,all,8,v_proj,26,0.9983679056167603
stacked_lora,sst2,all,8,v_proj,27,0.997073769569397
stacked_lora,sst2,all,8,v_proj,28,0.9979850649833679
stacked_lora,sst2,all,8,v_proj,29,0.9921602010726929
stacked_lora,sst2,all,8,v_proj,30,0.9912320375442505
stacked_lora,sst2,all,8,v_proj,31,0.9981496334075928
stacked_lora,sst2,all,8,v_proj,32,0.9958774447441101
stacked_lora,sst2,all,8,v_proj,33,0.995119035243988
stacked_lora,sst2,all,8,v_proj,34,0.9993643164634705
stacked_lora,sst2,all,8,v_proj,35,0.9989398121833801
stacked_lora,sst2,all,8,v_proj,36,0.9987360835075378
stacked_lora,sst2,all,8,v_proj,37,0.9984707832336426
stacked_lora,sst2,all,8,v_proj,38,0.9985297918319702
stacked_lora,sst2,all,8,v_proj,39,0.9974480867385864
stacked_lora,sst2,all,8,v_proj,40,0.9994422793388367
stacked_lora,sst2,all,8,v_proj,41,0.9977819323539734
stacked_lora,sst2,all,8,v_proj,42,0.9978222846984863
stacked_lora,sst2,all,8,v_proj,43,0.9988821148872375
stacked_lora,sst2,all,8,v_proj,44,0.9987666606903076
stacked_lora,sst2,all,8,v_proj,45,0.9987263679504395
stacked_lora,sst2,all,8,v_proj,46,0.9993464350700378
stacked_lora,sst2,all,8,v_proj,47,0.9987751245498657
stacked_lora,sst2,all,8,v_proj,48,0.9982007741928101
stacked_lora,sst2,all,8,v_proj,49,0.9943976402282715
stacked_lora,sst2,all,8,v_proj,50,0.9955580234527588
stacked_lora,sst2,all,8,up_proj,1,0.9999951124191284
stacked_lora,sst2,all,8,up_proj,2,0.9999948143959045
stacked_lora,sst2,all,8,up_proj,3,0.9999886751174927
stacked_lora,sst2,all,8,up_proj,4,0.9999899864196777
stacked_lora,sst2,all,8,up_proj,5,0.9999836087226868
stacked_lora,sst2,all,8,up_proj,6,0.9999918341636658
stacked_lora,sst2,all,8,up_proj,7,0.9999894499778748
stacked_lora,sst2,all,8,up_proj,8,0.9999642372131348
stacked_lora,sst2,all,8,up_proj,9,0.9999807476997375
stacked_lora,sst2,all,8,up_proj,10,0.9999275207519531
stacked_lora,sst2,all,8,up_proj,11,0.9999387860298157
stacked_lora,sst2,all,8,up_proj,12,0.9999761581420898
stacked_lora,sst2,all,8,up_proj,13,0.9170119762420654
stacked_lora,sst2,all,8,up_proj,14,0.917007327079773
stacked_lora,sst2,all,8,up_proj,15,0.9999755024909973
stacked_lora,sst2,all,8,up_proj,16,0.9999762773513794
stacked_lora,sst2,all,8,up_proj,17,0.9999593496322632
stacked_lora,sst2,all,8,up_proj,18,0.9999042749404907
stacked_lora,sst2,all,8,up_proj,19,0.999913215637207
stacked_lora,sst2,all,8,up_proj,20,0.9999675154685974
stacked_lora,sst2,all,8,up_proj,21,0.9999658465385437
stacked_lora,sst2,all,8,up_proj,22,0.9999533891677856
stacked_lora,sst2,all,8,up_proj,23,0.9998071193695068
stacked_lora,sst2,all,8,up_proj,24,0.9998176693916321
stacked_lora,sst2,all,8,up_proj,25,0.9998449087142944
stacked_lora,sst2,all,8,up_proj,26,0.999656617641449
stacked_lora,sst2,all,8,up_proj,27,0.9995099306106567
stacked_lora,sst2,all,8,up_proj,28,0.9997721314430237
stacked_lora,sst2,all,8,up_proj,29,0.9997009634971619
stacked_lora,sst2,all,8,up_proj,30,0.9996862411499023
stacked_lora,sst2,all,8,up_proj,31,0.9990957975387573
stacked_lora,sst2,all,8,up_proj,32,0.9985860586166382
stacked_lora,sst2,all,8,up_proj,33,0.9976584315299988
stacked_lora,sst2,all,8,up_proj,34,0.9991896748542786
stacked_lora,sst2,all,8,up_proj,35,0.9997308254241943
stacked_lora,sst2,all,8,up_proj,36,0.9997988939285278
stacked_lora,sst2,all,8,up_proj,37,0.9997339844703674
stacked_lora,sst2,all,8,up_proj,38,0.999877393245697
stacked_lora,sst2,all,8,up_proj,39,0.9757236242294312
stacked_lora,sst2,all,8,up_proj,40,0.9755819439888
stacked_lora,sst2,all,8,up_proj,41,0.9998908638954163
stacked_lora,sst2,all,8,up_proj,42,0.9995495676994324
stacked_lora,sst2,all,8,up_proj,43,0.9992691874504089
stacked_lora,sst2,all,8,up_proj,44,0.9998605251312256
stacked_lora,sst2,all,8,up_proj,45,0.9997261762619019
stacked_lora,sst2,all,8,up_proj,46,0.9998569488525391
stacked_lora,sst2,all,8,up_proj,47,0.9998931288719177
stacked_lora,sst2,all,8,up_proj,48,0.999854326248169
stacked_lora,sst2,all,8,up_proj,49,0.9997451305389404
stacked_lora,sst2,all,8,up_proj,50,0.9996469020843506
stacked_lora,sst2,all,8,down_proj,1,1.0000001192092896
stacked_lora,sst2,all,8,down_proj,2,0.9999989867210388
stacked_lora,sst2,all,8,down_proj,3,0.9999992251396179
stacked_lora,sst2,all,8,down_proj,4,0.9999986290931702
stacked_lora,sst2,all,8,down_proj,5,0.9999994039535522
stacked_lora,sst2,all,8,down_proj,6,0.9999994039535522
stacked_lora,sst2,all,8,down_proj,7,0.9999988675117493
stacked_lora,sst2,all,8,down_proj,8,0.9999982118606567
stacked_lora,sst2,all,8,down_proj,9,0.9999991655349731
stacked_lora,sst2,all,8,down_proj,10,0.9999980330467224
stacked_lora,sst2,all,8,down_proj,11,0.9999983906745911
stacked_lora,sst2,all,8,down_proj,12,0.9999960660934448
stacked_lora,sst2,all,8,down_proj,13,0.9999954700469971
stacked_lora,sst2,all,8,down_proj,14,0.9999923706054688
stacked_lora,sst2,all,8,down_proj,15,0.9999953508377075
stacked_lora,sst2,all,8,down_proj,16,0.9999971389770508
stacked_lora,sst2,all,8,down_proj,17,0.9999956488609314
stacked_lora,sst2,all,8,down_proj,18,0.9999854564666748
stacked_lora,sst2,all,8,down_proj,19,0.9999725818634033
stacked_lora,sst2,all,8,down_proj,20,0.9999845027923584
stacked_lora,sst2,all,8,down_proj,21,0.9999918341636658
stacked_lora,sst2,all,8,down_proj,22,0.9998790621757507
stacked_lora,sst2,all,8,down_proj,23,0.9998738169670105
stacked_lora,sst2,all,8,down_proj,24,0.9999949336051941
stacked_lora,sst2,all,8,down_proj,25,0.9999943971633911
stacked_lora,sst2,all,8,down_proj,26,0.999966025352478
stacked_lora,sst2,all,8,down_proj,27,0.9999650120735168
stacked_lora,sst2,all,8,down_proj,28,0.9999873042106628
stacked_lora,sst2,all,8,down_proj,29,0.9999852776527405
stacked_lora,sst2,all,8,down_proj,30,0.9999904632568359
stacked_lora,sst2,all,8,down_proj,31,0.9999915361404419
stacked_lora,sst2,all,8,down_proj,32,0.9999826550483704
stacked_lora,sst2,all,8,down_proj,33,0.9999483823776245
stacked_lora,sst2,all,8,down_proj,34,0.9999296069145203
stacked_lora,sst2,all,8,down_proj,35,0.9999695420265198
stacked_lora,sst2,all,8,down_proj,36,0.999988853931427
stacked_lora,sst2,all,8,down_proj,37,0.9999893307685852
stacked_lora,sst2,all,8,down_proj,38,0.9999823570251465
stacked_lora,sst2,all,8,down_proj,39,0.9999827742576599
stacked_lora,sst2,all,8,down_proj,40,0.9999912977218628
stacked_lora,sst2,all,8,down_proj,41,0.9997353553771973
stacked_lora,sst2,all,8,down_proj,42,0.9997599720954895
stacked_lora,sst2,all,8,down_proj,43,0.9999680519104004
stacked_lora,sst2,all,8,down_proj,44,0.9999790787696838
stacked_lora,sst2,all,8,down_proj,45,0.9999778866767883
stacked_lora,sst2,all,8,down_proj,46,0.9999766945838928
stacked_lora,sst2,all,8,down_proj,47,0.9998962879180908
stacked_lora,sst2,all,8,down_proj,48,0.9998853206634521
stacked_lora,sst2,all,8,down_proj,49,0.9999290704727173
stacked_lora,sst2,all,8,down_proj,50,0.9998732805252075
stacked_lora,sst2,all,15,q_proj,1,1.0
stacked_lora,sst2,all,15,q_proj,2,1.000000238418579
stacked_lora,sst2,all,15,q_proj,3,0.9999995827674866
stacked_lora,sst2,all,15,q_proj,4,0.9999979734420776
stacked_lora,sst2,all,15,q_proj,5,0.9999982714653015
stacked_lora,sst2,all,15,q_proj,6,0.9999987483024597
stacked_lora,sst2,all,15,q_proj,7,0.9999927878379822
stacked_lora,sst2,all,15,q_proj,8,0.9999926686286926
stacked_lora,sst2,all,15,q_proj,9,0.9999980926513672
stacked_lora,sst2,all,15,q_proj,10,0.9999948740005493
stacked_lora,sst2,all,15,q_proj,11,0.9999987483024597
stacked_lora,sst2,all,15,q_proj,12,0.9999988675117493
stacked_lora,sst2,all,15,q_proj,13,0.9999990463256836
stacked_lora,sst2,all,15,q_proj,14,0.9999938011169434
stacked_lora,sst2,all,15,q_proj,15,0.9999932646751404
stacked_lora,sst2,all,15,q_proj,16,0.9999988079071045
stacked_lora,sst2,all,15,q_proj,17,0.9999986886978149
stacked_lora,sst2,all,15,q_proj,18,0.9999916553497314
stacked_lora,sst2,all,15,q_proj,19,0.9999850988388062
stacked_lora,sst2,all,15,q_proj,20,0.9999922513961792
stacked_lora,sst2,all,15,q_proj,21,0.9999963641166687
stacked_lora,sst2,all,15,q_proj,22,0.9999951720237732
stacked_lora,sst2,all,15,q_proj,23,0.9999963045120239
stacked_lora,sst2,all,15,q_proj,24,0.9999977350234985
stacked_lora,sst2,all,15,q_proj,25,0.9999902248382568
stacked_lora,sst2,all,15,q_proj,26,0.9999899864196777
stacked_lora,sst2,all,15,q_proj,27,0.9999982714653015
stacked_lora,sst2,all,15,q_proj,28,0.9999967217445374
stacked_lora,sst2,all,15,q_proj,29,0.9999961256980896
stacked_lora,sst2,all,15,q_proj,30,0.9999974966049194
stacked_lora,sst2,all,15,q_proj,31,0.9999963641166687
stacked_lora,sst2,all,15,q_proj,32,0.9999973177909851
stacked_lora,sst2,all,15,q_proj,33,0.9999984502792358
stacked_lora,sst2,all,15,q_proj,34,0.9999945163726807
stacked_lora,sst2,all,15,q_proj,35,0.9999961853027344
stacked_lora,sst2,all,15,q_proj,36,0.9999787211418152
stacked_lora,sst2,all,15,q_proj,37,0.999978244304657
stacked_lora,sst2,all,15,q_proj,38,0.999994695186615
stacked_lora,sst2,all,15,q_proj,39,0.9999977350234985
stacked_lora,sst2,all,15,q_proj,40,0.9999955892562866
stacked_lora,sst2,all,15,q_proj,41,0.9999966025352478
stacked_lora,sst2,all,15,q_proj,42,0.9999937415122986
stacked_lora,sst2,all,15,q_proj,43,0.9999932646751404
stacked_lora,sst2,all,15,q_proj,44,0.9999889135360718
stacked_lora,sst2,all,15,q_proj,45,0.9999874830245972
stacked_lora,sst2,all,15,q_proj,46,0.9999959468841553
stacked_lora,sst2,all,15,q_proj,47,0.9999973177909851
stacked_lora,sst2,all,15,q_proj,48,0.9999920129776001
stacked_lora,sst2,all,15,q_proj,49,0.9999891519546509
stacked_lora,sst2,all,15,q_proj,50,0.99997478723526
stacked_lora,sst2,all,15,v_proj,1,0.9999912977218628
stacked_lora,sst2,all,15,v_proj,2,0.9999467134475708
stacked_lora,sst2,all,15,v_proj,3,0.9999489784240723
stacked_lora,sst2,all,15,v_proj,4,0.9999971985816956
stacked_lora,sst2,all,15,v_proj,5,0.9999946355819702
stacked_lora,sst2,all,15,v_proj,6,0.9999949932098389
stacked_lora,sst2,all,15,v_proj,7,0.9999944567680359
stacked_lora,sst2,all,15,v_proj,8,0.9999903440475464
stacked_lora,sst2,all,15,v_proj,9,0.9999947547912598
stacked_lora,sst2,all,15,v_proj,10,0.99993497133255
stacked_lora,sst2,all,15,v_proj,11,0.9999213218688965
stacked_lora,sst2,all,15,v_proj,12,0.9999885559082031
stacked_lora,sst2,all,15,v_proj,13,0.9999419450759888
stacked_lora,sst2,all,15,v_proj,14,0.999950647354126
stacked_lora,sst2,all,15,v_proj,15,0.999548077583313
stacked_lora,sst2,all,15,v_proj,16,0.9995416402816772
stacked_lora,sst2,all,15,v_proj,17,0.9999488592147827
stacked_lora,sst2,all,15,v_proj,18,0.9999813437461853
stacked_lora,sst2,all,15,v_proj,19,0.9999850988388062
stacked_lora,sst2,all,15,v_proj,20,0.9999852180480957
stacked_lora,sst2,all,15,v_proj,21,0.9999837875366211
stacked_lora,sst2,all,15,v_proj,22,0.9999694228172302
stacked_lora,sst2,all,15,v_proj,23,0.9999735355377197
stacked_lora,sst2,all,15,v_proj,24,0.999981164932251
stacked_lora,sst2,all,15,v_proj,25,0.9999545812606812
stacked_lora,sst2,all,15,v_proj,26,0.999947190284729
stacked_lora,sst2,all,15,v_proj,27,0.9999762773513794
stacked_lora,sst2,all,15,v_proj,28,0.9999634027481079
stacked_lora,sst2,all,15,v_proj,29,0.9999598860740662
stacked_lora,sst2,all,15,v_proj,30,0.9999759197235107
stacked_lora,sst2,all,15,v_proj,31,0.9999773502349854
stacked_lora,sst2,all,15,v_proj,32,0.999977707862854
stacked_lora,sst2,all,15,v_proj,33,0.9999684691429138
stacked_lora,sst2,all,15,v_proj,34,0.999961793422699
stacked_lora,sst2,all,15,v_proj,35,0.9999703168869019
stacked_lora,sst2,all,15,v_proj,36,0.9998136758804321
stacked_lora,sst2,all,15,v_proj,37,0.9998860359191895
stacked_lora,sst2,all,15,v_proj,38,0.9999033808708191
stacked_lora,sst2,all,15,v_proj,39,0.9999740719795227
stacked_lora,sst2,all,15,v_proj,40,0.9999677538871765
stacked_lora,sst2,all,15,v_proj,41,0.999985933303833
stacked_lora,sst2,all,15,v_proj,42,0.9999731779098511
stacked_lora,sst2,all,15,v_proj,43,0.9998630285263062
stacked_lora,sst2,all,15,v_proj,44,0.9998717308044434
stacked_lora,sst2,all,15,v_proj,45,0.9997820854187012
stacked_lora,sst2,all,15,v_proj,46,0.9997933506965637
stacked_lora,sst2,all,15,v_proj,47,0.9999852180480957
stacked_lora,sst2,all,15,v_proj,48,0.999976634979248
stacked_lora,sst2,all,15,v_proj,49,0.9999830722808838
stacked_lora,sst2,all,15,v_proj,50,0.9999757409095764
stacked_lora,sst2,all,15,up_proj,1,0.9999992251396179
stacked_lora,sst2,all,15,up_proj,2,1.0
stacked_lora,sst2,all,15,up_proj,3,0.9999994039535522
stacked_lora,sst2,all,15,up_proj,4,0.999999463558197
stacked_lora,sst2,all,15,up_proj,5,0.9999976754188538
stacked_lora,sst2,all,15,up_proj,6,0.999998152256012
stacked_lora,sst2,all,15,up_proj,7,0.9999985098838806
stacked_lora,sst2,all,15,up_proj,8,0.9999977350234985
stacked_lora,sst2,all,15,up_proj,9,0.9999983310699463
stacked_lora,sst2,all,15,up_proj,10,0.9999983906745911
stacked_lora,sst2,all,15,up_proj,11,0.9999978542327881
stacked_lora,sst2,all,15,up_proj,12,0.9999980330467224
stacked_lora,sst2,all,15,up_proj,13,0.9999945163726807
stacked_lora,sst2,all,15,up_proj,14,0.999995768070221
stacked_lora,sst2,all,15,up_proj,15,0.9999924302101135
stacked_lora,sst2,all,15,up_proj,16,0.9999939203262329
stacked_lora,sst2,all,15,up_proj,17,0.9999944567680359
stacked_lora,sst2,all,15,up_proj,18,0.9999921321868896
stacked_lora,sst2,all,15,up_proj,19,0.9999902844429016
stacked_lora,sst2,all,15,up_proj,20,0.9999895691871643
stacked_lora,sst2,all,15,up_proj,21,0.9999939203262329
stacked_lora,sst2,all,15,up_proj,22,0.9999959468841553
stacked_lora,sst2,all,15,up_proj,23,0.999994158744812
stacked_lora,sst2,all,15,up_proj,24,0.9999241232872009
stacked_lora,sst2,all,15,up_proj,25,0.9999271631240845
stacked_lora,sst2,all,15,up_proj,26,0.9999792575836182
stacked_lora,sst2,all,15,up_proj,27,0.9999839067459106
stacked_lora,sst2,all,15,up_proj,28,0.9999902248382568
stacked_lora,sst2,all,15,up_proj,29,0.9999942779541016
stacked_lora,sst2,all,15,up_proj,30,0.9999955892562866
stacked_lora,sst2,all,15,up_proj,31,0.9999858736991882
stacked_lora,sst2,all,15,up_proj,32,0.999980628490448
stacked_lora,sst2,all,15,up_proj,33,0.999994695186615
stacked_lora,sst2,all,15,up_proj,34,0.9999860525131226
stacked_lora,sst2,all,15,up_proj,35,0.9999882578849792
stacked_lora,sst2,all,15,up_proj,36,0.9999867081642151
stacked_lora,sst2,all,15,up_proj,37,0.9999728202819824
stacked_lora,sst2,all,15,up_proj,38,0.9999748468399048
stacked_lora,sst2,all,15,up_proj,39,0.9999895095825195
stacked_lora,sst2,all,15,up_proj,40,0.9999812841415405
stacked_lora,sst2,all,15,up_proj,41,0.9999467730522156
stacked_lora,sst2,all,15,up_proj,42,0.999948263168335
stacked_lora,sst2,all,15,up_proj,43,0.9999802708625793
stacked_lora,sst2,all,15,up_proj,44,0.9999366402626038
stacked_lora,sst2,all,15,up_proj,45,0.999955415725708
stacked_lora,sst2,all,15,up_proj,46,0.9999569654464722
stacked_lora,sst2,all,15,up_proj,47,0.999811589717865
stacked_lora,sst2,all,15,up_proj,48,0.9998111724853516
stacked_lora,sst2,all,15,up_proj,49,0.9999856948852539
stacked_lora,sst2,all,15,up_proj,50,0.9999875426292419
stacked_lora,sst2,all,15,down_proj,1,1.0000009536743164
stacked_lora,sst2,all,15,down_proj,2,1.0000001192092896
stacked_lora,sst2,all,15,down_proj,3,1.000000238418579
stacked_lora,sst2,all,15,down_proj,4,1.0
stacked_lora,sst2,all,15,down_proj,5,0.9999993443489075
stacked_lora,sst2,all,15,down_proj,6,0.9999988079071045
stacked_lora,sst2,all,15,down_proj,7,0.9999985694885254
stacked_lora,sst2,all,15,down_proj,8,0.9999975562095642
stacked_lora,sst2,all,15,down_proj,9,0.9999954104423523
stacked_lora,sst2,all,15,down_proj,10,0.9999952912330627
stacked_lora,sst2,all,15,down_proj,11,0.9999939799308777
stacked_lora,sst2,all,15,down_proj,12,0.9999945163726807
stacked_lora,sst2,all,15,down_proj,13,0.9999815821647644
stacked_lora,sst2,all,15,down_proj,14,0.9999817609786987
stacked_lora,sst2,all,15,down_proj,15,0.9999969601631165
stacked_lora,sst2,all,15,down_proj,16,0.999994158744812
stacked_lora,sst2,all,15,down_proj,17,0.9999950528144836
stacked_lora,sst2,all,15,down_proj,18,0.9999900460243225
stacked_lora,sst2,all,15,down_proj,19,0.9999931454658508
stacked_lora,sst2,all,15,down_proj,20,0.9999909400939941
stacked_lora,sst2,all,15,down_proj,21,0.9999891519546509
stacked_lora,sst2,all,15,down_proj,22,0.9999879598617554
stacked_lora,sst2,all,15,down_proj,23,0.9999801516532898
stacked_lora,sst2,all,15,down_proj,24,0.9999831914901733
stacked_lora,sst2,all,15,down_proj,25,0.9999531507492065
stacked_lora,sst2,all,15,down_proj,26,0.9998857975006104
stacked_lora,sst2,all,15,down_proj,27,0.9999233484268188
stacked_lora,sst2,all,15,down_proj,28,0.9998186826705933
stacked_lora,sst2,all,15,down_proj,29,0.9998437762260437
stacked_lora,sst2,all,15,down_proj,30,0.9999800324440002
stacked_lora,sst2,all,15,down_proj,31,0.9999805688858032
stacked_lora,sst2,all,15,down_proj,32,0.9999921321868896
stacked_lora,sst2,all,15,down_proj,33,0.9999855756759644
stacked_lora,sst2,all,15,down_proj,34,0.9999655485153198
stacked_lora,sst2,all,15,down_proj,35,0.9999796748161316
stacked_lora,sst2,all,15,down_proj,36,0.9999880790710449
stacked_lora,sst2,all,15,down_proj,37,0.9999474287033081
stacked_lora,sst2,all,15,down_proj,38,0.9999275803565979
stacked_lora,sst2,all,15,down_proj,39,0.9999282360076904
stacked_lora,sst2,all,15,down_proj,40,0.9998505711555481
stacked_lora,sst2,all,15,down_proj,41,0.999855637550354
stacked_lora,sst2,all,15,down_proj,42,0.9999605417251587
stacked_lora,sst2,all,15,down_proj,43,0.9999897480010986
stacked_lora,sst2,all,15,down_proj,44,0.9999092221260071
stacked_lora,sst2,all,15,down_proj,45,0.9999018311500549
stacked_lora,sst2,all,15,down_proj,46,0.9999717473983765
stacked_lora,sst2,all,15,down_proj,47,0.9999572038650513
stacked_lora,sst2,all,15,down_proj,48,0.9998925924301147
stacked_lora,sst2,all,15,down_proj,49,0.9997089505195618
stacked_lora,sst2,all,15,down_proj,50,0.9997822642326355
stacked_lora,winogrande,all,0,q_proj,1,1.0000001192092896
stacked_lora,winogrande,all,0,q_proj,2,0.9999999403953552
stacked_lora,winogrande,all,0,q_proj,3,1.0000003576278687
stacked_lora,winogrande,all,0,q_proj,4,1.0000004768371582
stacked_lora,winogrande,all,0,q_proj,5,0.9999999403953552
stacked_lora,winogrande,all,0,q_proj,6,0.9999996423721313
stacked_lora,winogrande,all,0,q_proj,7,0.9999986886978149
stacked_lora,winogrande,all,0,q_proj,8,0.9999994039535522
stacked_lora,winogrande,all,0,q_proj,9,1.000000238418579
stacked_lora,winogrande,all,0,q_proj,10,0.9999995231628418
stacked_lora,winogrande,all,0,q_proj,11,0.9999997019767761
stacked_lora,winogrande,all,0,q_proj,12,0.9999993443489075
stacked_lora,winogrande,all,0,q_proj,13,0.9999989867210388
stacked_lora,winogrande,all,0,q_proj,14,0.999999463558197
stacked_lora,winogrande,all,0,q_proj,15,0.9999915361404419
stacked_lora,winogrande,all,0,q_proj,16,0.9999909400939941
stacked_lora,winogrande,all,0,q_proj,17,0.9999970197677612
stacked_lora,winogrande,all,0,q_proj,18,0.9999969005584717
stacked_lora,winogrande,all,0,q_proj,19,0.9999992847442627
stacked_lora,winogrande,all,0,q_proj,20,0.9999992251396179
stacked_lora,winogrande,all,0,q_proj,21,0.9999851584434509
stacked_lora,winogrande,all,0,q_proj,22,0.9999846816062927
stacked_lora,winogrande,all,0,q_proj,23,0.9999987483024597
stacked_lora,winogrande,all,0,q_proj,24,0.9999985098838806
stacked_lora,winogrande,all,0,q_proj,25,0.9999980330467224
stacked_lora,winogrande,all,0,q_proj,26,0.9999988675117493
stacked_lora,winogrande,all,0,q_proj,27,0.9999964237213135
stacked_lora,winogrande,all,0,q_proj,28,0.9999951124191284
stacked_lora,winogrande,all,0,q_proj,29,0.999997615814209
stacked_lora,winogrande,all,0,q_proj,30,0.9999955892562866
stacked_lora,winogrande,all,0,q_proj,31,0.9999948143959045
stacked_lora,winogrande,all,0,q_proj,32,0.9999814629554749
stacked_lora,winogrande,all,0,q_proj,33,0.9999831914901733
stacked_lora,winogrande,all,0,q_proj,34,0.9999926686286926
stacked_lora,winogrande,all,0,q_proj,35,0.9999924302101135
stacked_lora,winogrande,all,0,q_proj,36,0.9999749064445496
stacked_lora,winogrande,all,0,q_proj,37,0.9999756813049316
stacked_lora,winogrande,all,0,q_proj,38,0.9999935030937195
stacked_lora,winogrande,all,0,q_proj,39,0.9999951124191284
stacked_lora,winogrande,all,0,q_proj,40,0.9999935626983643
stacked_lora,winogrande,all,0,q_proj,41,0.9999970197677612
stacked_lora,winogrande,all,0,q_proj,42,0.9999701380729675
stacked_lora,winogrande,all,0,q_proj,43,0.9999677538871765
stacked_lora,winogrande,all,0,q_proj,44,0.9999838471412659
stacked_lora,winogrande,all,0,q_proj,45,0.9999895095825195
stacked_lora,winogrande,all,0,q_proj,46,0.9999843239784241
stacked_lora,winogrande,all,0,q_proj,47,0.9999397993087769
stacked_lora,winogrande,all,0,q_proj,48,0.9999475479125977
stacked_lora,winogrande,all,0,q_proj,49,0.9999901056289673
stacked_lora,winogrande,all,0,q_proj,50,0.9999918937683105
stacked_lora,winogrande,all,0,v_proj,1,0.9999954700469971
stacked_lora,winogrande,all,0,v_proj,2,0.9998748302459717
stacked_lora,winogrande,all,0,v_proj,3,0.9998615980148315
stacked_lora,winogrande,all,0,v_proj,4,0.9999659657478333
stacked_lora,winogrande,all,0,v_proj,5,0.9999454021453857
stacked_lora,winogrande,all,0,v_proj,6,0.9999390840530396
stacked_lora,winogrande,all,0,v_proj,7,0.9999545216560364
stacked_lora,winogrande,all,0,v_proj,8,0.9999340176582336
stacked_lora,winogrande,all,0,v_proj,9,0.9999139308929443
stacked_lora,winogrande,all,0,v_proj,10,0.9998564720153809
stacked_lora,winogrande,all,0,v_proj,11,0.9998223781585693
stacked_lora,winogrande,all,0,v_proj,12,0.9998675584793091
stacked_lora,winogrande,all,0,v_proj,13,0.99950110912323
stacked_lora,winogrande,all,0,v_proj,14,0.9994708299636841
stacked_lora,winogrande,all,0,v_proj,15,0.9997249245643616
stacked_lora,winogrande,all,0,v_proj,16,0.9998380541801453
stacked_lora,winogrande,all,0,v_proj,17,0.999112606048584
stacked_lora,winogrande,all,0,v_proj,18,0.9981783628463745
stacked_lora,winogrande,all,0,v_proj,19,0.9985455274581909
stacked_lora,winogrande,all,0,v_proj,20,0.9994548559188843
stacked_lora,winogrande,all,0,v_proj,21,0.9986967444419861
stacked_lora,winogrande,all,0,v_proj,22,0.9988530874252319
stacked_lora,winogrande,all,0,v_proj,23,0.9983921051025391
stacked_lora,winogrande,all,0,v_proj,24,0.99827641248703
stacked_lora,winogrande,all,0,v_proj,25,0.9979884624481201
stacked_lora,winogrande,all,0,v_proj,26,0.9983773827552795
stacked_lora,winogrande,all,0,v_proj,27,0.9993140697479248
stacked_lora,winogrande,all,0,v_proj,28,0.9990289211273193
stacked_lora,winogrande,all,0,v_proj,29,0.9852677583694458
stacked_lora,winogrande,all,0,v_proj,30,0.9857898354530334
stacked_lora,winogrande,all,0,v_proj,31,0.9993801712989807
stacked_lora,winogrande,all,0,v_proj,32,0.9959204196929932
stacked_lora,winogrande,all,0,v_proj,33,0.9966598749160767
stacked_lora,winogrande,all,0,v_proj,34,0.9991382360458374
stacked_lora,winogrande,all,0,v_proj,35,0.9989743232727051
stacked_lora,winogrande,all,0,v_proj,36,0.9990389943122864
stacked_lora,winogrande,all,0,v_proj,37,0.9981259107589722
stacked_lora,winogrande,all,0,v_proj,38,0.9956897497177124
stacked_lora,winogrande,all,0,v_proj,39,0.9951407313346863
stacked_lora,winogrande,all,0,v_proj,40,0.9983289241790771
stacked_lora,winogrande,all,0,v_proj,41,0.9826850891113281
stacked_lora,winogrande,all,0,v_proj,42,0.980697751045227
stacked_lora,winogrande,all,0,v_proj,43,0.9973516464233398
stacked_lora,winogrande,all,0,v_proj,44,0.9978908896446228
stacked_lora,winogrande,all,0,v_proj,45,0.9984225630760193
stacked_lora,winogrande,all,0,v_proj,46,0.9980995655059814
stacked_lora,winogrande,all,0,v_proj,47,0.9972022771835327
stacked_lora,winogrande,all,0,v_proj,48,0.9988634586334229
stacked_lora,winogrande,all,0,v_proj,49,0.9982227087020874
stacked_lora,winogrande,all,0,v_proj,50,0.9993569850921631
stacked_lora,winogrande,all,0,up_proj,1,0.9999989867210388
stacked_lora,winogrande,all,0,up_proj,2,0.9999972581863403
stacked_lora,winogrande,all,0,up_proj,3,0.9999964833259583
stacked_lora,winogrande,all,0,up_proj,4,0.9999943375587463
stacked_lora,winogrande,all,0,up_proj,5,0.999993085861206
stacked_lora,winogrande,all,0,up_proj,6,0.9999720454216003
stacked_lora,winogrande,all,0,up_proj,7,0.9999656081199646
stacked_lora,winogrande,all,0,up_proj,8,0.9999759793281555
stacked_lora,winogrande,all,0,up_proj,9,0.9999163150787354
stacked_lora,winogrande,all,0,up_proj,10,0.9999268651008606
stacked_lora,winogrande,all,0,up_proj,11,0.9999113082885742
stacked_lora,winogrande,all,0,up_proj,12,0.999910831451416
stacked_lora,winogrande,all,0,up_proj,13,0.9999411106109619
stacked_lora,winogrande,all,0,up_proj,14,0.9997653365135193
stacked_lora,winogrande,all,0,up_proj,15,0.9998115301132202
stacked_lora,winogrande,all,0,up_proj,16,0.9999804496765137
stacked_lora,winogrande,all,0,up_proj,17,0.9999116659164429
stacked_lora,winogrande,all,0,up_proj,18,0.9999344944953918
stacked_lora,winogrande,all,0,up_proj,19,0.9999158382415771
stacked_lora,winogrande,all,0,up_proj,20,0.9999569654464722
stacked_lora,winogrande,all,0,up_proj,21,0.9999694228172302
stacked_lora,winogrande,all,0,up_proj,22,0.9999603033065796
stacked_lora,winogrande,all,0,up_proj,23,0.999963641166687
stacked_lora,winogrande,all,0,up_proj,24,0.9999703168869019
stacked_lora,winogrande,all,0,up_proj,25,0.9999638199806213
stacked_lora,winogrande,all,0,up_proj,26,0.999972403049469
stacked_lora,winogrande,all,0,up_proj,27,0.9999798536300659
stacked_lora,winogrande,all,0,up_proj,28,0.9999754428863525
stacked_lora,winogrande,all,0,up_proj,29,0.9999697804450989
stacked_lora,winogrande,all,0,up_proj,30,0.9999780654907227
stacked_lora,winogrande,all,0,up_proj,31,0.999940037727356
stacked_lora,winogrande,all,0,up_proj,32,0.9999116063117981
stacked_lora,winogrande,all,0,up_proj,33,0.9999357461929321
stacked_lora,winogrande,all,0,up_proj,34,0.9999696016311646
stacked_lora,winogrande,all,0,up_proj,35,0.999929666519165
stacked_lora,winogrande,all,0,up_proj,36,0.9999231100082397
stacked_lora,winogrande,all,0,up_proj,37,0.999961256980896
stacked_lora,winogrande,all,0,up_proj,38,0.9999644160270691
stacked_lora,winogrande,all,0,up_proj,39,0.9999683499336243
stacked_lora,winogrande,all,0,up_proj,40,0.9999639391899109
stacked_lora,winogrande,all,0,up_proj,41,0.9999204874038696
stacked_lora,winogrande,all,0,up_proj,42,0.9998992681503296
stacked_lora,winogrande,all,0,up_proj,43,0.9998224377632141
stacked_lora,winogrande,all,0,up_proj,44,0.9998157620429993
stacked_lora,winogrande,all,0,up_proj,45,0.9999024868011475
stacked_lora,winogrande,all,0,up_proj,46,0.9999240040779114
stacked_lora,winogrande,all,0,up_proj,47,0.9999085664749146
stacked_lora,winogrande,all,0,up_proj,48,0.9997172355651855
stacked_lora,winogrande,all,0,up_proj,49,0.9995548725128174
stacked_lora,winogrande,all,0,up_proj,50,0.9996657371520996
stacked_lora,winogrande,all,0,down_proj,1,0.9999997019767761
stacked_lora,winogrande,all,0,down_proj,2,1.0000001192092896
stacked_lora,winogrande,all,0,down_proj,3,0.9999997019767761
stacked_lora,winogrande,all,0,down_proj,4,0.9999999403953552
stacked_lora,winogrande,all,0,down_proj,5,0.9999997019767761
stacked_lora,winogrande,all,0,down_proj,6,0.9999992251396179
stacked_lora,winogrande,all,0,down_proj,7,0.999998927116394
stacked_lora,winogrande,all,0,down_proj,8,0.9999986886978149
stacked_lora,winogrande,all,0,down_proj,9,0.999997615814209
stacked_lora,winogrande,all,0,down_proj,10,0.9999880194664001
stacked_lora,winogrande,all,0,down_proj,11,0.9999892711639404
stacked_lora,winogrande,all,0,down_proj,12,0.9999979734420776
stacked_lora,winogrande,all,0,down_proj,13,0.9999960660934448
stacked_lora,winogrande,all,0,down_proj,14,0.9999912977218628
stacked_lora,winogrande,all,0,down_proj,15,0.999992311000824
stacked_lora,winogrande,all,0,down_proj,16,0.999997615814209
stacked_lora,winogrande,all,0,down_proj,17,0.9999656081199646
stacked_lora,winogrande,all,0,down_proj,18,0.9999642372131348
stacked_lora,winogrande,all,0,down_proj,19,0.9999886155128479
stacked_lora,winogrande,all,0,down_proj,20,0.9999706745147705
stacked_lora,winogrande,all,0,down_proj,21,0.9999744296073914
stacked_lora,winogrande,all,0,down_proj,22,0.9999260902404785
stacked_lora,winogrande,all,0,down_proj,23,0.9999158978462219
stacked_lora,winogrande,all,0,down_proj,24,0.999983549118042
stacked_lora,winogrande,all,0,down_proj,25,0.9999751448631287
stacked_lora,winogrande,all,0,down_proj,26,0.9999693036079407
stacked_lora,winogrande,all,0,down_proj,27,0.9999700784683228
stacked_lora,winogrande,all,0,down_proj,28,0.9999712109565735
stacked_lora,winogrande,all,0,down_proj,29,0.9999843835830688
stacked_lora,winogrande,all,0,down_proj,30,0.9999886751174927
stacked_lora,winogrande,all,0,down_proj,31,0.9999904036521912
stacked_lora,winogrande,all,0,down_proj,32,0.9999857544898987
stacked_lora,winogrande,all,0,down_proj,33,0.9999779462814331
stacked_lora,winogrande,all,0,down_proj,34,0.9999745488166809
stacked_lora,winogrande,all,0,down_proj,35,0.9999930262565613
stacked_lora,winogrande,all,0,down_proj,36,0.9999682307243347
stacked_lora,winogrande,all,0,down_proj,37,0.9999595284461975
stacked_lora,winogrande,all,0,down_proj,38,0.9999752044677734
stacked_lora,winogrande,all,0,down_proj,39,0.9999818205833435
stacked_lora,winogrande,all,0,down_proj,40,0.9999649524688721
stacked_lora,winogrande,all,0,down_proj,41,0.9999573230743408
stacked_lora,winogrande,all,0,down_proj,42,0.9995257258415222
stacked_lora,winogrande,all,0,down_proj,43,0.9994612336158752
stacked_lora,winogrande,all,0,down_proj,44,0.9998737573623657
stacked_lora,winogrande,all,0,down_proj,45,0.9999100565910339
stacked_lora,winogrande,all,0,down_proj,46,0.99994957447052
stacked_lora,winogrande,all,0,down_proj,47,0.9993522763252258
stacked_lora,winogrande,all,0,down_proj,48,0.9993556141853333
stacked_lora,winogrande,all,0,down_proj,49,0.9998875260353088
stacked_lora,winogrande,all,0,down_proj,50,0.9996488094329834
stacked_lora,winogrande,all,8,q_proj,1,1.0000001192092896
stacked_lora,winogrande,all,8,q_proj,2,0.9999982118606567
stacked_lora,winogrande,all,8,q_proj,3,0.9999970197677612
stacked_lora,winogrande,all,8,q_proj,4,0.9999990463256836
stacked_lora,winogrande,all,8,q_proj,5,0.9999985098838806
stacked_lora,winogrande,all,8,q_proj,6,0.9999986886978149
stacked_lora,winogrande,all,8,q_proj,7,0.9999980926513672
stacked_lora,winogrande,all,8,q_proj,8,0.9999982118606567
stacked_lora,winogrande,all,8,q_proj,9,0.9999977946281433
stacked_lora,winogrande,all,8,q_proj,10,0.9999885559082031
stacked_lora,winogrande,all,8,q_proj,11,0.9999880194664001
stacked_lora,winogrande,all,8,q_proj,12,0.9999985694885254
stacked_lora,winogrande,all,8,q_proj,13,0.9999982714653015
stacked_lora,winogrande,all,8,q_proj,14,0.9999677538871765
stacked_lora,winogrande,all,8,q_proj,15,0.9999672770500183
stacked_lora,winogrande,all,8,q_proj,16,0.9999963641166687
stacked_lora,winogrande,all,8,q_proj,17,0.9999955892562866
stacked_lora,winogrande,all,8,q_proj,18,0.9999973773956299
stacked_lora,winogrande,all,8,q_proj,19,0.9999973177909851
stacked_lora,winogrande,all,8,q_proj,20,0.9999964833259583
stacked_lora,winogrande,all,8,q_proj,21,0.9999901056289673
stacked_lora,winogrande,all,8,q_proj,22,0.999984085559845
stacked_lora,winogrande,all,8,q_proj,23,0.9999876618385315
stacked_lora,winogrande,all,8,q_proj,24,0.9999951124191284
stacked_lora,winogrande,all,8,q_proj,25,0.9999943971633911
stacked_lora,winogrande,all,8,q_proj,26,0.999995768070221
stacked_lora,winogrande,all,8,q_proj,27,0.9999973773956299
stacked_lora,winogrande,all,8,q_proj,28,0.999993085861206
stacked_lora,winogrande,all,8,q_proj,29,0.9999907612800598
stacked_lora,winogrande,all,8,q_proj,30,0.9999887943267822
stacked_lora,winogrande,all,8,q_proj,31,0.9999881982803345
stacked_lora,winogrande,all,8,q_proj,32,0.9998906254768372
stacked_lora,winogrande,all,8,q_proj,33,0.9998968839645386
stacked_lora,winogrande,all,8,q_proj,34,0.9999922513961792
stacked_lora,winogrande,all,8,q_proj,35,0.9999911189079285
stacked_lora,winogrande,all,8,q_proj,36,0.9999954104423523
stacked_lora,winogrande,all,8,q_proj,37,0.9999909996986389
stacked_lora,winogrande,all,8,q_proj,38,0.9999911189079285
stacked_lora,winogrande,all,8,q_proj,39,0.9999827146530151
stacked_lora,winogrande,all,8,q_proj,40,0.9999774694442749
stacked_lora,winogrande,all,8,q_proj,41,0.999987006187439
stacked_lora,winogrande,all,8,q_proj,42,0.9999797940254211
stacked_lora,winogrande,all,8,q_proj,43,0.9999856352806091
stacked_lora,winogrande,all,8,q_proj,44,0.999981164932251
stacked_lora,winogrande,all,8,q_proj,45,0.9999895095825195
stacked_lora,winogrande,all,8,q_proj,46,0.9999773502349854
stacked_lora,winogrande,all,8,q_proj,47,0.9998763799667358
stacked_lora,winogrande,all,8,q_proj,48,0.9998930096626282
stacked_lora,winogrande,all,8,q_proj,49,0.9999889135360718
stacked_lora,winogrande,all,8,q_proj,50,0.9999868273735046
stacked_lora,winogrande,all,8,v_proj,1,0.9998128414154053
stacked_lora,winogrande,all,8,v_proj,2,0.9998495578765869
stacked_lora,winogrande,all,8,v_proj,3,0.9998498558998108
stacked_lora,winogrande,all,8,v_proj,4,0.9993196725845337
stacked_lora,winogrande,all,8,v_proj,5,0.9992395639419556
stacked_lora,winogrande,all,8,v_proj,6,0.9996157884597778
stacked_lora,winogrande,all,8,v_proj,7,0.9995285868644714
stacked_lora,winogrande,all,8,v_proj,8,0.9988889098167419
stacked_lora,winogrande,all,8,v_proj,9,0.9988424777984619
stacked_lora,winogrande,all,8,v_proj,10,0.9992169737815857
stacked_lora,winogrande,all,8,v_proj,11,0.9995993375778198
stacked_lora,winogrande,all,8,v_proj,12,0.9989930987358093
stacked_lora,winogrande,all,8,v_proj,13,0.9986259937286377
stacked_lora,winogrande,all,8,v_proj,14,0.9990916848182678
stacked_lora,winogrande,all,8,v_proj,15,0.9989810585975647
stacked_lora,winogrande,all,8,v_proj,16,0.9995821118354797
stacked_lora,winogrande,all,8,v_proj,17,0.9988502264022827
stacked_lora,winogrande,all,8,v_proj,18,0.9993083477020264
stacked_lora,winogrande,all,8,v_proj,19,0.9990824460983276
stacked_lora,winogrande,all,8,v_proj,20,0.9995217323303223
stacked_lora,winogrande,all,8,v_proj,21,0.9977582693099976
stacked_lora,winogrande,all,8,v_proj,22,0.9969332218170166
stacked_lora,winogrande,all,8,v_proj,23,0.9978196620941162
stacked_lora,winogrande,all,8,v_proj,24,0.9994500279426575
stacked_lora,winogrande,all,8,v_proj,25,0.9993680119514465
stacked_lora,winogrande,all,8,v_proj,26,0.9987742900848389
stacked_lora,winogrande,all,8,v_proj,27,0.9981561899185181
stacked_lora,winogrande,all,8,v_proj,28,0.9987493753433228
stacked_lora,winogrande,all,8,v_proj,29,0.9931687116622925
stacked_lora,winogrande,all,8,v_proj,30,0.9920836687088013
stacked_lora,winogrande,all,8,v_proj,31,0.9990367293357849
stacked_lora,winogrande,all,8,v_proj,32,0.9926176071166992
stacked_lora,winogrande,all,8,v_proj,33,0.9921073913574219
stacked_lora,winogrande,all,8,v_proj,34,0.999397337436676
stacked_lora,winogrande,all,8,v_proj,35,0.9974591732025146
stacked_lora,winogrande,all,8,v_proj,36,0.9975330233573914
stacked_lora,winogrande,all,8,v_proj,37,0.9973937273025513
stacked_lora,winogrande,all,8,v_proj,38,0.9982113242149353
stacked_lora,winogrande,all,8,v_proj,39,0.9976379871368408
stacked_lora,winogrande,all,8,v_proj,40,0.999580979347229
stacked_lora,winogrande,all,8,v_proj,41,0.9972198009490967
stacked_lora,winogrande,all,8,v_proj,42,0.9975314736366272
stacked_lora,winogrande,all,8,v_proj,43,0.9989156723022461
stacked_lora,winogrande,all,8,v_proj,44,0.9981846213340759
stacked_lora,winogrande,all,8,v_proj,45,0.997017502784729
stacked_lora,winogrande,all,8,v_proj,46,0.9996208548545837
stacked_lora,winogrande,all,8,v_proj,47,0.99753737449646
stacked_lora,winogrande,all,8,v_proj,48,0.9984008073806763
stacked_lora,winogrande,all,8,v_proj,49,0.9857075810432434
stacked_lora,winogrande,all,8,v_proj,50,0.9848918318748474
stacked_lora,winogrande,all,8,up_proj,1,0.9999927282333374
stacked_lora,winogrande,all,8,up_proj,2,0.9999926090240479
stacked_lora,winogrande,all,8,up_proj,3,0.9999852180480957
stacked_lora,winogrande,all,8,up_proj,4,0.9999827742576599
stacked_lora,winogrande,all,8,up_proj,5,0.9999784827232361
stacked_lora,winogrande,all,8,up_proj,6,0.9999899864196777
stacked_lora,winogrande,all,8,up_proj,7,0.9999889731407166
stacked_lora,winogrande,all,8,up_proj,8,0.9999593496322632
stacked_lora,winogrande,all,8,up_proj,9,0.9999558925628662
stacked_lora,winogrande,all,8,up_proj,10,0.9998941421508789
stacked_lora,winogrande,all,8,up_proj,11,0.9999216794967651
stacked_lora,winogrande,all,8,up_proj,12,0.999985933303833
stacked_lora,winogrande,all,8,up_proj,13,0.7339097261428833
stacked_lora,winogrande,all,8,up_proj,14,0.7339162826538086
stacked_lora,winogrande,all,8,up_proj,15,0.999971330165863
stacked_lora,winogrande,all,8,up_proj,16,0.9999695420265198
stacked_lora,winogrande,all,8,up_proj,17,0.9999463558197021
stacked_lora,winogrande,all,8,up_proj,18,0.9998279213905334
stacked_lora,winogrande,all,8,up_proj,19,0.999857485294342
stacked_lora,winogrande,all,8,up_proj,20,0.9999202489852905
stacked_lora,winogrande,all,8,up_proj,21,0.9999194145202637
stacked_lora,winogrande,all,8,up_proj,22,0.9999459981918335
stacked_lora,winogrande,all,8,up_proj,23,0.9985492825508118
stacked_lora,winogrande,all,8,up_proj,24,0.9985461235046387
stacked_lora,winogrande,all,8,up_proj,25,0.9998963475227356
stacked_lora,winogrande,all,8,up_proj,26,0.9996318817138672
stacked_lora,winogrande,all,8,up_proj,27,0.9992970824241638
stacked_lora,winogrande,all,8,up_proj,28,0.9996163249015808
stacked_lora,winogrande,all,8,up_proj,29,0.9993242621421814
stacked_lora,winogrande,all,8,up_proj,30,0.9992971420288086
stacked_lora,winogrande,all,8,up_proj,31,0.9988935589790344
stacked_lora,winogrande,all,8,up_proj,32,0.9965062737464905
stacked_lora,winogrande,all,8,up_proj,33,0.996144711971283
stacked_lora,winogrande,all,8,up_proj,34,0.9992098212242126
stacked_lora,winogrande,all,8,up_proj,35,0.999654233455658
stacked_lora,winogrande,all,8,up_proj,36,0.999713659286499
stacked_lora,winogrande,all,8,up_proj,37,0.9996867179870605
stacked_lora,winogrande,all,8,up_proj,38,0.9997050166130066
stacked_lora,winogrande,all,8,up_proj,39,0.9880385398864746
stacked_lora,winogrande,all,8,up_proj,40,0.9879170656204224
stacked_lora,winogrande,all,8,up_proj,41,0.9998542070388794
stacked_lora,winogrande,all,8,up_proj,42,0.9990647435188293
stacked_lora,winogrande,all,8,up_proj,43,0.998893678188324
stacked_lora,winogrande,all,8,up_proj,44,0.9998605847358704
stacked_lora,winogrande,all,8,up_proj,45,0.9991822838783264
stacked_lora,winogrande,all,8,up_proj,46,0.9993231892585754
stacked_lora,winogrande,all,8,up_proj,47,0.9998013973236084
stacked_lora,winogrande,all,8,up_proj,48,0.9997718930244446
stacked_lora,winogrande,all,8,up_proj,49,0.9990891218185425
stacked_lora,winogrande,all,8,up_proj,50,0.9990307688713074
stacked_lora,winogrande,all,8,down_proj,1,1.0000001192092896
stacked_lora,winogrande,all,8,down_proj,2,0.9999993443489075
stacked_lora,winogrande,all,8,down_proj,3,0.9999994039535522
stacked_lora,winogrande,all,8,down_proj,4,0.9999993443489075
stacked_lora,winogrande,all,8,down_proj,5,0.9999971985816956
stacked_lora,winogrande,all,8,down_proj,6,0.9999979138374329
stacked_lora,winogrande,all,8,down_proj,7,0.9999987483024597
stacked_lora,winogrande,all,8,down_proj,8,0.9999983310699463
stacked_lora,winogrande,all,8,down_proj,9,0.9999991655349731
stacked_lora,winogrande,all,8,down_proj,10,0.9999972581863403
stacked_lora,winogrande,all,8,down_proj,11,0.9999962449073792
stacked_lora,winogrande,all,8,down_proj,12,0.9999945163726807
stacked_lora,winogrande,all,8,down_proj,13,0.9999956488609314
stacked_lora,winogrande,all,8,down_proj,14,0.9999790191650391
stacked_lora,winogrande,all,8,down_proj,15,0.9999806880950928
stacked_lora,winogrande,all,8,down_proj,16,0.9999942779541016
stacked_lora,winogrande,all,8,down_proj,17,0.9999925494194031
stacked_lora,winogrande,all,8,down_proj,18,0.9999858140945435
stacked_lora,winogrande,all,8,down_proj,19,0.9998011589050293
stacked_lora,winogrande,all,8,down_proj,20,0.9998121857643127
stacked_lora,winogrande,all,8,down_proj,21,0.9999870657920837
stacked_lora,winogrande,all,8,down_proj,22,0.9998597502708435
stacked_lora,winogrande,all,8,down_proj,23,0.9998510479927063
stacked_lora,winogrande,all,8,down_proj,24,0.9999913573265076
stacked_lora,winogrande,all,8,down_proj,25,0.9999893307685852
stacked_lora,winogrande,all,8,down_proj,26,0.9999574422836304
stacked_lora,winogrande,all,8,down_proj,27,0.999954342842102
stacked_lora,winogrande,all,8,down_proj,28,0.9999803304672241
stacked_lora,winogrande,all,8,down_proj,29,0.9999845027923584
stacked_lora,winogrande,all,8,down_proj,30,0.9999875426292419
stacked_lora,winogrande,all,8,down_proj,31,0.999993085861206
stacked_lora,winogrande,all,8,down_proj,32,0.9999752640724182
stacked_lora,winogrande,all,8,down_proj,33,0.9999637603759766
stacked_lora,winogrande,all,8,down_proj,34,0.9999289512634277
stacked_lora,winogrande,all,8,down_proj,35,0.9999482035636902
stacked_lora,winogrande,all,8,down_proj,36,0.9999886155128479
stacked_lora,winogrande,all,8,down_proj,37,0.9999887347221375
stacked_lora,winogrande,all,8,down_proj,38,0.9999790191650391
stacked_lora,winogrande,all,8,down_proj,39,0.9999833106994629
stacked_lora,winogrande,all,8,down_proj,40,0.999987006187439
stacked_lora,winogrande,all,8,down_proj,41,0.9997497797012329
stacked_lora,winogrande,all,8,down_proj,42,0.9998130798339844
stacked_lora,winogrande,all,8,down_proj,43,0.9999246001243591
stacked_lora,winogrande,all,8,down_proj,44,0.9999627470970154
stacked_lora,winogrande,all,8,down_proj,45,0.9999648332595825
stacked_lora,winogrande,all,8,down_proj,46,0.9999756217002869
stacked_lora,winogrande,all,8,down_proj,47,0.9999008774757385
stacked_lora,winogrande,all,8,down_proj,48,0.9998935461044312
stacked_lora,winogrande,all,8,down_proj,49,0.9999357461929321
stacked_lora,winogrande,all,8,down_proj,50,0.9998567700386047
stacked_lora,winogrande,all,15,q_proj,1,0.9999998807907104
stacked_lora,winogrande,all,15,q_proj,2,0.9999998211860657
stacked_lora,winogrande,all,15,q_proj,3,0.9999995231628418
stacked_lora,winogrande,all,15,q_proj,4,0.9999943971633911
stacked_lora,winogrande,all,15,q_proj,5,0.9999940395355225
stacked_lora,winogrande,all,15,q_proj,6,0.9999973177909851
stacked_lora,winogrande,all,15,q_proj,7,0.9999932050704956
stacked_lora,winogrande,all,15,q_proj,8,0.9999926090240479
stacked_lora,winogrande,all,15,q_proj,9,0.9999985694885254
stacked_lora,winogrande,all,15,q_proj,10,0.9999956488609314
stacked_lora,winogrande,all,15,q_proj,11,0.9999971389770508
stacked_lora,winogrande,all,15,q_proj,12,0.9999986290931702
stacked_lora,winogrande,all,15,q_proj,13,0.999997079372406
stacked_lora,winogrande,all,15,q_proj,14,0.9999944567680359
stacked_lora,winogrande,all,15,q_proj,15,0.9999938607215881
stacked_lora,winogrande,all,15,q_proj,16,0.9999971389770508
stacked_lora,winogrande,all,15,q_proj,17,0.9999985694885254
stacked_lora,winogrande,all,15,q_proj,18,0.9999838471412659
stacked_lora,winogrande,all,15,q_proj,19,0.9999866485595703
stacked_lora,winogrande,all,15,q_proj,20,0.9999954104423523
stacked_lora,winogrande,all,15,q_proj,21,0.999991774559021
stacked_lora,winogrande,all,15,q_proj,22,0.999988853931427
stacked_lora,winogrande,all,15,q_proj,23,0.9999939203262329
stacked_lora,winogrande,all,15,q_proj,24,0.9999970197677612
stacked_lora,winogrande,all,15,q_proj,25,0.9999803304672241
stacked_lora,winogrande,all,15,q_proj,26,0.9999804496765137
stacked_lora,winogrande,all,15,q_proj,27,0.9999959468841553
stacked_lora,winogrande,all,15,q_proj,28,0.999994695186615
stacked_lora,winogrande,all,15,q_proj,29,0.999995768070221
stacked_lora,winogrande,all,15,q_proj,30,0.9999969601631165
stacked_lora,winogrande,all,15,q_proj,31,0.9999897480010986
stacked_lora,winogrande,all,15,q_proj,32,0.9999882578849792
stacked_lora,winogrande,all,15,q_proj,33,0.9999971985816956
stacked_lora,winogrande,all,15,q_proj,34,0.9999855160713196
stacked_lora,winogrande,all,15,q_proj,35,0.9999866485595703
stacked_lora,winogrande,all,15,q_proj,36,0.9999607801437378
stacked_lora,winogrande,all,15,q_proj,37,0.999961256980896
stacked_lora,winogrande,all,15,q_proj,38,0.999990701675415
stacked_lora,winogrande,all,15,q_proj,39,0.9999934434890747
stacked_lora,winogrande,all,15,q_proj,40,0.9999948143959045
stacked_lora,winogrande,all,15,q_proj,41,0.9999942779541016
stacked_lora,winogrande,all,15,q_proj,42,0.9999923706054688
stacked_lora,winogrande,all,15,q_proj,43,0.999995231628418
stacked_lora,winogrande,all,15,q_proj,44,0.9999827146530151
stacked_lora,winogrande,all,15,q_proj,45,0.9999827742576599
stacked_lora,winogrande,all,15,q_proj,46,0.9999958276748657
stacked_lora,winogrande,all,15,q_proj,47,0.9999945163726807
stacked_lora,winogrande,all,15,q_proj,48,0.9999900460243225
stacked_lora,winogrande,all,15,q_proj,49,0.9999830722808838
stacked_lora,winogrande,all,15,q_proj,50,0.9994282722473145
stacked_lora,winogrande,all,15,v_proj,1,0.9999920129776001
stacked_lora,winogrande,all,15,v_proj,2,0.9999736547470093
stacked_lora,winogrande,all,15,v_proj,3,0.999972939491272
stacked_lora,winogrande,all,15,v_proj,4,0.9999970197677612
stacked_lora,winogrande,all,15,v_proj,5,0.9999872446060181
stacked_lora,winogrande,all,15,v_proj,6,0.9999876022338867
stacked_lora,winogrande,all,15,v_proj,7,0.9999942779541016
stacked_lora,winogrande,all,15,v_proj,8,0.9999914169311523
stacked_lora,winogrande,all,15,v_proj,9,0.9999937415122986
stacked_lora,winogrande,all,15,v_proj,10,0.9998986721038818
stacked_lora,winogrande,all,15,v_proj,11,0.9998953342437744
stacked_lora,winogrande,all,15,v_proj,12,0.9999881386756897
stacked_lora,winogrande,all,15,v_proj,13,0.9999410510063171
stacked_lora,winogrande,all,15,v_proj,14,0.9999350309371948
stacked_lora,winogrande,all,15,v_proj,15,0.9994232654571533
stacked_lora,winogrande,all,15,v_proj,16,0.9993662238121033
stacked_lora,winogrande,all,15,v_proj,17,0.99993896484375
stacked_lora,winogrande,all,15,v_proj,18,0.9999502301216125
stacked_lora,winogrande,all,15,v_proj,19,0.9999582767486572
stacked_lora,winogrande,all,15,v_proj,20,0.9999849796295166
stacked_lora,winogrande,all,15,v_proj,21,0.9999834299087524
stacked_lora,winogrande,all,15,v_proj,22,0.9999517202377319
stacked_lora,winogrande,all,15,v_proj,23,0.9999574422836304
stacked_lora,winogrande,all,15,v_proj,24,0.9999753832817078
stacked_lora,winogrande,all,15,v_proj,25,0.9998372793197632
stacked_lora,winogrande,all,15,v_proj,26,0.9998335242271423
stacked_lora,winogrande,all,15,v_proj,27,0.9999693036079407
stacked_lora,winogrande,all,15,v_proj,28,0.9999340772628784
stacked_lora,winogrande,all,15,v_proj,29,0.999893307685852
stacked_lora,winogrande,all,15,v_proj,30,0.9999598264694214
stacked_lora,winogrande,all,15,v_proj,31,0.9999762773513794
stacked_lora,winogrande,all,15,v_proj,32,0.9999757409095764
stacked_lora,winogrande,all,15,v_proj,33,0.9999671578407288
stacked_lora,winogrande,all,15,v_proj,34,0.9999234676361084
stacked_lora,winogrande,all,15,v_proj,35,0.999924898147583
stacked_lora,winogrande,all,15,v_proj,36,0.9998301267623901
stacked_lora,winogrande,all,15,v_proj,37,0.9999192357063293
stacked_lora,winogrande,all,15,v_proj,38,0.9998971223831177
stacked_lora,winogrande,all,15,v_proj,39,0.999971866607666
stacked_lora,winogrande,all,15,v_proj,40,0.9999693036079407
stacked_lora,winogrande,all,15,v_proj,41,0.9999743700027466
stacked_lora,winogrande,all,15,v_proj,42,0.9999561309814453
stacked_lora,winogrande,all,15,v_proj,43,0.9999288320541382
stacked_lora,winogrande,all,15,v_proj,44,0.9999532699584961
stacked_lora,winogrande,all,15,v_proj,45,0.9997079372406006
stacked_lora,winogrande,all,15,v_proj,46,0.9997293949127197
stacked_lora,winogrande,all,15,v_proj,47,0.9999596476554871
stacked_lora,winogrande,all,15,v_proj,48,0.9999827742576599
stacked_lora,winogrande,all,15,v_proj,49,0.9999817609786987
stacked_lora,winogrande,all,15,v_proj,50,0.9999719858169556
stacked_lora,winogrande,all,15,up_proj,1,1.0
stacked_lora,winogrande,all,15,up_proj,2,1.0000004768371582
stacked_lora,winogrande,all,15,up_proj,3,0.9999997615814209
stacked_lora,winogrande,all,15,up_proj,4,0.9999992251396179
stacked_lora,winogrande,all,15,up_proj,5,0.9999974966049194
stacked_lora,winogrande,all,15,up_proj,6,0.9999975562095642
stacked_lora,winogrande,all,15,up_proj,7,0.9999986290931702
stacked_lora,winogrande,all,15,up_proj,8,0.999996542930603
stacked_lora,winogrande,all,15,up_proj,9,0.9999966621398926
stacked_lora,winogrande,all,15,up_proj,10,0.9999979734420776
stacked_lora,winogrande,all,15,up_proj,11,0.9999971985816956
stacked_lora,winogrande,all,15,up_proj,12,0.9999972581863403
stacked_lora,winogrande,all,15,up_proj,13,0.9999872446060181
stacked_lora,winogrande,all,15,up_proj,14,0.9999877214431763
stacked_lora,winogrande,all,15,up_proj,15,0.9999909400939941
stacked_lora,winogrande,all,15,up_proj,16,0.9999915361404419
stacked_lora,winogrande,all,15,up_proj,17,0.999994158744812
stacked_lora,winogrande,all,15,up_proj,18,0.9999927282333374
stacked_lora,winogrande,all,15,up_proj,19,0.9999907612800598
stacked_lora,winogrande,all,15,up_proj,20,0.999992847442627
stacked_lora,winogrande,all,15,up_proj,21,0.999994158744812
stacked_lora,winogrande,all,15,up_proj,22,0.9999954700469971
stacked_lora,winogrande,all,15,up_proj,23,0.9999942779541016
stacked_lora,winogrande,all,15,up_proj,24,0.9998928904533386
stacked_lora,winogrande,all,15,up_proj,25,0.9998940825462341
stacked_lora,winogrande,all,15,up_proj,26,0.9999665021896362
stacked_lora,winogrande,all,15,up_proj,27,0.999970018863678
stacked_lora,winogrande,all,15,up_proj,28,0.9999895095825195
stacked_lora,winogrande,all,15,up_proj,29,0.9999914765357971
stacked_lora,winogrande,all,15,up_proj,30,0.9999938011169434
stacked_lora,winogrande,all,15,up_proj,31,0.9999626874923706
stacked_lora,winogrande,all,15,up_proj,32,0.9999585747718811
stacked_lora,winogrande,all,15,up_proj,33,0.9999924898147583
stacked_lora,winogrande,all,15,up_proj,34,0.9999779462814331
stacked_lora,winogrande,all,15,up_proj,35,0.9999829530715942
stacked_lora,winogrande,all,15,up_proj,36,0.9999794363975525
stacked_lora,winogrande,all,15,up_proj,37,0.9999693632125854
stacked_lora,winogrande,all,15,up_proj,38,0.9999673962593079
stacked_lora,winogrande,all,15,up_proj,39,0.9998974204063416
stacked_lora,winogrande,all,15,up_proj,40,0.9998689889907837
stacked_lora,winogrande,all,15,up_proj,41,0.9999371767044067
stacked_lora,winogrande,all,15,up_proj,42,0.9999183416366577
stacked_lora,winogrande,all,15,up_proj,43,0.999981701374054
stacked_lora,winogrande,all,15,up_proj,44,0.9999674558639526
stacked_lora,winogrande,all,15,up_proj,45,0.9999547004699707
stacked_lora,winogrande,all,15,up_proj,46,0.9999397993087769
stacked_lora,winogrande,all,15,up_proj,47,0.9998400807380676
stacked_lora,winogrande,all,15,up_proj,48,0.9998274445533752
stacked_lora,winogrande,all,15,up_proj,49,0.9999799728393555
stacked_lora,winogrande,all,15,up_proj,50,0.9999804496765137
stacked_lora,winogrande,all,15,down_proj,1,0.9999997615814209
stacked_lora,winogrande,all,15,down_proj,2,0.9999999403953552
stacked_lora,winogrande,all,15,down_proj,3,0.9999999403953552
stacked_lora,winogrande,all,15,down_proj,4,0.9999997615814209
stacked_lora,winogrande,all,15,down_proj,5,0.9999992847442627
stacked_lora,winogrande,all,15,down_proj,6,0.9999989867210388
stacked_lora,winogrande,all,15,down_proj,7,0.9999974966049194
stacked_lora,winogrande,all,15,down_proj,8,0.9999966621398926
stacked_lora,winogrande,all,15,down_proj,9,0.9999973177909851
stacked_lora,winogrande,all,15,down_proj,10,0.9999960660934448
stacked_lora,winogrande,all,15,down_proj,11,0.9999938011169434
stacked_lora,winogrande,all,15,down_proj,12,0.999993622303009
stacked_lora,winogrande,all,15,down_proj,13,0.9999731183052063
stacked_lora,winogrande,all,15,down_proj,14,0.9999760389328003
stacked_lora,winogrande,all,15,down_proj,15,0.9999947547912598
stacked_lora,winogrande,all,15,down_proj,16,0.9999915361404419
stacked_lora,winogrande,all,15,down_proj,17,0.9999945759773254
stacked_lora,winogrande,all,15,down_proj,18,0.9999731779098511
stacked_lora,winogrande,all,15,down_proj,19,0.9999774098396301
stacked_lora,winogrande,all,15,down_proj,20,0.9999908208847046
stacked_lora,winogrande,all,15,down_proj,21,0.9999855756759644
stacked_lora,winogrande,all,15,down_proj,22,0.9999768733978271
stacked_lora,winogrande,all,15,down_proj,23,0.9999688863754272
stacked_lora,winogrande,all,15,down_proj,24,0.9999828338623047
stacked_lora,winogrande,all,15,down_proj,25,0.9999557137489319
stacked_lora,winogrande,all,15,down_proj,26,0.999935507774353
stacked_lora,winogrande,all,15,down_proj,27,0.9999621510505676
stacked_lora,winogrande,all,15,down_proj,28,0.9997000098228455
stacked_lora,winogrande,all,15,down_proj,29,0.999748706817627
stacked_lora,winogrande,all,15,down_proj,30,0.9999758005142212
stacked_lora,winogrande,all,15,down_proj,31,0.9999665021896362
stacked_lora,winogrande,all,15,down_proj,32,0.9999879598617554
stacked_lora,winogrande,all,15,down_proj,33,0.9999825954437256
stacked_lora,winogrande,all,15,down_proj,34,0.9999332427978516
stacked_lora,winogrande,all,15,down_proj,35,0.9999438524246216
stacked_lora,winogrande,all,15,down_proj,36,0.9999793767929077
stacked_lora,winogrande,all,15,down_proj,37,0.99991774559021
stacked_lora,winogrande,all,15,down_proj,38,0.9999054074287415
stacked_lora,winogrande,all,15,down_proj,39,0.9998975992202759
stacked_lora,winogrande,all,15,down_proj,40,0.9999312162399292
stacked_lora,winogrande,all,15,down_proj,41,0.9999542832374573
stacked_lora,winogrande,all,15,down_proj,42,0.9999457001686096
stacked_lora,winogrande,all,15,down_proj,43,0.9999754428863525
stacked_lora,winogrande,all,15,down_proj,44,0.9999021291732788
stacked_lora,winogrande,all,15,down_proj,45,0.9999085068702698
stacked_lora,winogrande,all,15,down_proj,46,0.999975323677063
stacked_lora,winogrande,all,15,down_proj,47,0.9998683929443359
stacked_lora,winogrande,all,15,down_proj,48,0.9997792840003967
stacked_lora,winogrande,all,15,down_proj,49,0.9997663497924805
stacked_lora,winogrande,all,15,down_proj,50,0.9998508095741272
