method,stage,adapter_eval_mode,layer,module,vector_index,max_similarity
full,fever,n/a,0,q_proj,1,0.9999990463256836
full,fever,n/a,0,q_proj,2,0.9999982118606567
full,fever,n/a,0,q_proj,3,0.9999989867210388
full,fever,n/a,0,q_proj,4,0.9999962449073792
full,fever,n/a,0,q_proj,5,0.999997079372406
full,fever,n/a,0,q_proj,6,0.9999966621398926
full,fever,n/a,0,q_proj,7,0.9999974966049194
full,fever,n/a,0,q_proj,8,0.9999979734420776
full,fever,n/a,0,q_proj,9,0.9999960660934448
full,fever,n/a,0,q_proj,10,0.9999958872795105
full,fever,n/a,0,q_proj,11,0.9999939799308777
full,fever,n/a,0,q_proj,12,0.999994158744812
full,fever,n/a,0,q_proj,13,0.9999942183494568
full,fever,n/a,0,q_proj,14,0.9999917149543762
full,fever,n/a,0,q_proj,15,0.9996486902236938
full,fever,n/a,0,q_proj,16,0.9996392726898193
full,fever,n/a,0,q_proj,17,0.9999701976776123
full,fever,n/a,0,q_proj,18,0.9999817609786987
full,fever,n/a,0,q_proj,19,0.9999780058860779
full,fever,n/a,0,q_proj,20,0.9999920129776001
full,fever,n/a,0,q_proj,21,0.9999781847000122
full,fever,n/a,0,q_proj,22,0.9999750852584839
full,fever,n/a,0,q_proj,23,0.9999869465827942
full,fever,n/a,0,q_proj,24,0.9999693036079407
full,fever,n/a,0,q_proj,25,0.9999717473983765
full,fever,n/a,0,q_proj,26,0.9999715685844421
full,fever,n/a,0,q_proj,27,0.9999064207077026
full,fever,n/a,0,q_proj,28,0.99989914894104
full,fever,n/a,0,q_proj,29,0.9999539256095886
full,fever,n/a,0,q_proj,30,0.9999738335609436
full,fever,n/a,0,q_proj,31,0.999943196773529
full,fever,n/a,0,q_proj,32,0.9999616146087646
full,fever,n/a,0,q_proj,33,0.9999763369560242
full,fever,n/a,0,q_proj,34,0.9999497532844543
full,fever,n/a,0,q_proj,35,0.9999165534973145
full,fever,n/a,0,q_proj,36,0.9999142289161682
full,fever,n/a,0,q_proj,37,0.9999449849128723
full,fever,n/a,0,q_proj,38,0.9998976588249207
full,fever,n/a,0,q_proj,39,0.9998512864112854
full,fever,n/a,0,q_proj,40,0.9999511241912842
full,fever,n/a,0,q_proj,41,0.9999394416809082
full,fever,n/a,0,q_proj,42,0.9996176958084106
full,fever,n/a,0,q_proj,43,0.9996343851089478
full,fever,n/a,0,q_proj,44,0.9999268651008606
full,fever,n/a,0,q_proj,45,0.9999551773071289
full,fever,n/a,0,q_proj,46,0.9998911023139954
full,fever,n/a,0,q_proj,47,0.9995492696762085
full,fever,n/a,0,q_proj,48,0.9995976090431213
full,fever,n/a,0,q_proj,49,0.9998476505279541
full,fever,n/a,0,q_proj,50,0.9998713135719299
full,fever,n/a,0,v_proj,1,0.9998630881309509
full,fever,n/a,0,v_proj,2,0.9981791973114014
full,fever,n/a,0,v_proj,3,0.9987376928329468
full,fever,n/a,0,v_proj,4,0.9989336729049683
full,fever,n/a,0,v_proj,5,0.9994123578071594
full,fever,n/a,0,v_proj,6,0.9987348318099976
full,fever,n/a,0,v_proj,7,0.9988527894020081
full,fever,n/a,0,v_proj,8,0.9959309101104736
full,fever,n/a,0,v_proj,9,0.9968210458755493
full,fever,n/a,0,v_proj,10,0.9967273473739624
full,fever,n/a,0,v_proj,11,0.9948522448539734
full,fever,n/a,0,v_proj,12,0.9944139122962952
full,fever,n/a,0,v_proj,13,0.9544510841369629
full,fever,n/a,0,v_proj,14,0.9540318846702576
full,fever,n/a,0,v_proj,15,0.9882627725601196
full,fever,n/a,0,v_proj,16,0.9890732765197754
full,fever,n/a,0,v_proj,17,0.9881975054740906
full,fever,n/a,0,v_proj,18,0.9732468724250793
full,fever,n/a,0,v_proj,19,0.9671207666397095
full,fever,n/a,0,v_proj,20,0.987751305103302
full,fever,n/a,0,v_proj,21,0.9873367547988892
full,fever,n/a,0,v_proj,22,0.9855518341064453
full,fever,n/a,0,v_proj,23,0.8919249773025513
full,fever,n/a,0,v_proj,24,0.8738158941268921
full,fever,n/a,0,v_proj,25,0.9517598152160645
full,fever,n/a,0,v_proj,26,0.9770644903182983
full,fever,n/a,0,v_proj,27,0.9586855173110962
full,fever,n/a,0,v_proj,28,0.9655816555023193
full,fever,n/a,0,v_proj,29,0.9646502733230591
full,fever,n/a,0,v_proj,30,0.9737855792045593
full,fever,n/a,0,v_proj,31,0.9026134014129639
full,fever,n/a,0,v_proj,32,0.7375874519348145
full,fever,n/a,0,v_proj,33,0.7528365254402161
full,fever,n/a,0,v_proj,34,0.9613970518112183
full,fever,n/a,0,v_proj,35,0.954777717590332
full,fever,n/a,0,v_proj,36,0.9645912647247314
full,fever,n/a,0,v_proj,37,0.9846162796020508
full,fever,n/a,0,v_proj,38,0.9750856161117554
full,fever,n/a,0,v_proj,39,0.9680047035217285
full,fever,n/a,0,v_proj,40,0.7996318340301514
full,fever,n/a,0,v_proj,41,0.8190500140190125
full,fever,n/a,0,v_proj,42,0.9181803464889526
full,fever,n/a,0,v_proj,43,0.8573681116104126
full,fever,n/a,0,v_proj,44,0.8724609613418579
full,fever,n/a,0,v_proj,45,0.940503716468811
full,fever,n/a,0,v_proj,46,0.9605189561843872
full,fever,n/a,0,v_proj,47,0.9796620607376099
full,fever,n/a,0,v_proj,48,0.9818644523620605
full,fever,n/a,0,v_proj,49,0.9690037965774536
full,fever,n/a,0,v_proj,50,0.9661530256271362
full,fever,n/a,0,up_proj,1,0.9998927712440491
full,fever,n/a,0,up_proj,2,0.9999030232429504
full,fever,n/a,0,up_proj,3,0.9999205470085144
full,fever,n/a,0,up_proj,4,0.9998577833175659
full,fever,n/a,0,up_proj,5,0.9998393058776855
full,fever,n/a,0,up_proj,6,0.9985674619674683
full,fever,n/a,0,up_proj,7,0.9984285831451416
full,fever,n/a,0,up_proj,8,0.9991813898086548
full,fever,n/a,0,up_proj,9,0.9993964433670044
full,fever,n/a,0,up_proj,10,0.9993375539779663
full,fever,n/a,0,up_proj,11,0.9985413551330566
full,fever,n/a,0,up_proj,12,0.998638927936554
full,fever,n/a,0,up_proj,13,0.9989252090454102
full,fever,n/a,0,up_proj,14,0.9976637959480286
full,fever,n/a,0,up_proj,15,0.9974623918533325
full,fever,n/a,0,up_proj,16,0.9990958571434021
full,fever,n/a,0,up_proj,17,0.9983949065208435
full,fever,n/a,0,up_proj,18,0.9979313611984253
full,fever,n/a,0,up_proj,19,0.9994795322418213
full,fever,n/a,0,up_proj,20,0.9991304278373718
full,fever,n/a,0,up_proj,21,0.9991421103477478
full,fever,n/a,0,up_proj,22,0.9996171593666077
full,fever,n/a,0,up_proj,23,0.9994732141494751
full,fever,n/a,0,up_proj,24,0.9994951486587524
full,fever,n/a,0,up_proj,25,0.9996320009231567
full,fever,n/a,0,up_proj,26,0.9979915618896484
full,fever,n/a,0,up_proj,27,0.9886623024940491
full,fever,n/a,0,up_proj,28,0.9907362461090088
full,fever,n/a,0,up_proj,29,0.9987687468528748
full,fever,n/a,0,up_proj,30,0.9994956254959106
full,fever,n/a,0,up_proj,31,0.999220073223114
full,fever,n/a,0,up_proj,32,0.9991293549537659
full,fever,n/a,0,up_proj,33,0.9995670914649963
full,fever,n/a,0,up_proj,34,0.99965500831604
full,fever,n/a,0,up_proj,35,0.9996653199195862
full,fever,n/a,0,up_proj,36,0.9995177984237671
full,fever,n/a,0,up_proj,37,0.9984976053237915
full,fever,n/a,0,up_proj,38,0.9993888139724731
full,fever,n/a,0,up_proj,39,0.9985750913619995
full,fever,n/a,0,up_proj,40,0.9991344809532166
full,fever,n/a,0,up_proj,41,0.9932594895362854
full,fever,n/a,0,up_proj,42,0.9931449294090271
full,fever,n/a,0,up_proj,43,0.9982373714447021
full,fever,n/a,0,up_proj,44,0.9967397451400757
full,fever,n/a,0,up_proj,45,0.9978158473968506
full,fever,n/a,0,up_proj,46,0.9966030716896057
full,fever,n/a,0,up_proj,47,0.9985576868057251
full,fever,n/a,0,up_proj,48,0.9970439672470093
full,fever,n/a,0,up_proj,49,0.9955161213874817
full,fever,n/a,0,up_proj,50,0.9977362155914307
full,fever,n/a,0,down_proj,1,0.9999858736991882
full,fever,n/a,0,down_proj,2,0.9999802708625793
full,fever,n/a,0,down_proj,3,0.9999756217002869
full,fever,n/a,0,down_proj,4,0.9999703764915466
full,fever,n/a,0,down_proj,5,0.9999635815620422
full,fever,n/a,0,down_proj,6,0.9998420476913452
full,fever,n/a,0,down_proj,7,0.9998346567153931
full,fever,n/a,0,down_proj,8,0.9999216198921204
full,fever,n/a,0,down_proj,9,0.9998568892478943
full,fever,n/a,0,down_proj,10,0.9997625946998596
full,fever,n/a,0,down_proj,11,0.9999048709869385
full,fever,n/a,0,down_proj,12,0.9997915029525757
full,fever,n/a,0,down_proj,13,0.9998781681060791
full,fever,n/a,0,down_proj,14,0.9993888139724731
full,fever,n/a,0,down_proj,15,0.9993846416473389
full,fever,n/a,0,down_proj,16,0.9998148083686829
full,fever,n/a,0,down_proj,17,0.9998327493667603
full,fever,n/a,0,down_proj,18,0.9998139142990112
full,fever,n/a,0,down_proj,19,0.9993939995765686
full,fever,n/a,0,down_proj,20,0.9698678851127625
full,fever,n/a,0,down_proj,21,0.9695186614990234
full,fever,n/a,0,down_proj,22,0.9994005560874939
full,fever,n/a,0,down_proj,23,0.998516857624054
full,fever,n/a,0,down_proj,24,0.9990333318710327
full,fever,n/a,0,down_proj,25,0.9990602135658264
full,fever,n/a,0,down_proj,26,0.9994326233863831
full,fever,n/a,0,down_proj,27,0.9982720017433167
full,fever,n/a,0,down_proj,28,0.997696042060852
full,fever,n/a,0,down_proj,29,0.9988918900489807
full,fever,n/a,0,down_proj,30,0.9977632761001587
full,fever,n/a,0,down_proj,31,0.9980520009994507
full,fever,n/a,0,down_proj,32,0.9986202120780945
full,fever,n/a,0,down_proj,33,0.9794195294380188
full,fever,n/a,0,down_proj,34,0.9803174734115601
full,fever,n/a,0,down_proj,35,0.9988587498664856
full,fever,n/a,0,down_proj,36,0.9982591867446899
full,fever,n/a,0,down_proj,37,0.9982256293296814
full,fever,n/a,0,down_proj,38,0.9993178844451904
full,fever,n/a,0,down_proj,39,0.9987016916275024
full,fever,n/a,0,down_proj,40,0.9991154670715332
full,fever,n/a,0,down_proj,41,0.9993164539337158
full,fever,n/a,0,down_proj,42,0.9627970457077026
full,fever,n/a,0,down_proj,43,0.9626785516738892
full,fever,n/a,0,down_proj,44,0.998991072177887
full,fever,n/a,0,down_proj,45,0.9982373714447021
full,fever,n/a,0,down_proj,46,0.997948408126831
full,fever,n/a,0,down_proj,47,0.9837969541549683
full,fever,n/a,0,down_proj,48,0.9837316870689392
full,fever,n/a,0,down_proj,49,0.997012197971344
full,fever,n/a,0,down_proj,50,0.9264401197433472
full,fever,n/a,8,q_proj,1,0.9999834299087524
full,fever,n/a,8,q_proj,2,0.9999850988388062
full,fever,n/a,8,q_proj,3,0.9999858140945435
full,fever,n/a,8,q_proj,4,0.9999858736991882
full,fever,n/a,8,q_proj,5,0.9999846816062927
full,fever,n/a,8,q_proj,6,0.9999913573265076
full,fever,n/a,8,q_proj,7,0.9999440908432007
full,fever,n/a,8,q_proj,8,0.9998022317886353
full,fever,n/a,8,q_proj,9,0.9998581409454346
full,fever,n/a,8,q_proj,10,0.9999815225601196
full,fever,n/a,8,q_proj,11,0.9999759197235107
full,fever,n/a,8,q_proj,12,0.9999580979347229
full,fever,n/a,8,q_proj,13,0.9999527931213379
full,fever,n/a,8,q_proj,14,0.9998602271080017
full,fever,n/a,8,q_proj,15,0.999552309513092
full,fever,n/a,8,q_proj,16,0.9995559453964233
full,fever,n/a,8,q_proj,17,0.9998676776885986
full,fever,n/a,8,q_proj,18,0.9999469518661499
full,fever,n/a,8,q_proj,19,0.9999480247497559
full,fever,n/a,8,q_proj,20,0.9999644756317139
full,fever,n/a,8,q_proj,21,0.9999547004699707
full,fever,n/a,8,q_proj,22,0.9999722242355347
full,fever,n/a,8,q_proj,23,0.9999399185180664
full,fever,n/a,8,q_proj,24,0.9999541640281677
full,fever,n/a,8,q_proj,25,0.9999622106552124
full,fever,n/a,8,q_proj,26,0.9999759793281555
full,fever,n/a,8,q_proj,27,0.999947190284729
full,fever,n/a,8,q_proj,28,0.9999215602874756
full,fever,n/a,8,q_proj,29,0.9998886585235596
full,fever,n/a,8,q_proj,30,0.999829888343811
full,fever,n/a,8,q_proj,31,0.9996269345283508
full,fever,n/a,8,q_proj,32,0.9997336864471436
full,fever,n/a,8,q_proj,33,0.9999344348907471
full,fever,n/a,8,q_proj,34,0.9998992681503296
full,fever,n/a,8,q_proj,35,0.9999243021011353
full,fever,n/a,8,q_proj,36,0.9999309778213501
full,fever,n/a,8,q_proj,37,0.9999069571495056
full,fever,n/a,8,q_proj,38,0.9996513724327087
full,fever,n/a,8,q_proj,39,0.999557375907898
full,fever,n/a,8,q_proj,40,0.9998816251754761
full,fever,n/a,8,q_proj,41,0.9997767806053162
full,fever,n/a,8,q_proj,42,0.9997665882110596
full,fever,n/a,8,q_proj,43,0.9998819828033447
full,fever,n/a,8,q_proj,44,0.9999085664749146
full,fever,n/a,8,q_proj,45,0.9999474287033081
full,fever,n/a,8,q_proj,46,0.999887228012085
full,fever,n/a,8,q_proj,47,0.9999481439590454
full,fever,n/a,8,q_proj,48,0.9999201893806458
full,fever,n/a,8,q_proj,49,0.9999217987060547
full,fever,n/a,8,q_proj,50,0.9995435476303101
full,fever,n/a,8,v_proj,1,0.9941688776016235
full,fever,n/a,8,v_proj,2,0.9875779747962952
full,fever,n/a,8,v_proj,3,0.9670382142066956
full,fever,n/a,8,v_proj,4,0.9279869794845581
full,fever,n/a,8,v_proj,5,0.9577418565750122
full,fever,n/a,8,v_proj,6,0.9548452496528625
full,fever,n/a,8,v_proj,7,0.9956461191177368
full,fever,n/a,8,v_proj,8,0.9945711493492126
full,fever,n/a,8,v_proj,9,0.9901854395866394
full,fever,n/a,8,v_proj,10,0.9144976735115051
full,fever,n/a,8,v_proj,11,0.914844810962677
full,fever,n/a,8,v_proj,12,0.9820365905761719
full,fever,n/a,8,v_proj,13,0.9571956992149353
full,fever,n/a,8,v_proj,14,0.9658920764923096
full,fever,n/a,8,v_proj,15,0.9957518577575684
full,fever,n/a,8,v_proj,16,0.997228741645813
full,fever,n/a,8,v_proj,17,0.9973082542419434
full,fever,n/a,8,v_proj,18,0.9942251443862915
full,fever,n/a,8,v_proj,19,0.9824405908584595
full,fever,n/a,8,v_proj,20,0.9843029975891113
full,fever,n/a,8,v_proj,21,0.9883099794387817
full,fever,n/a,8,v_proj,22,0.9793903827667236
full,fever,n/a,8,v_proj,23,0.978018045425415
full,fever,n/a,8,v_proj,24,0.9936521053314209
full,fever,n/a,8,v_proj,25,0.9873589873313904
full,fever,n/a,8,v_proj,26,0.9556934833526611
full,fever,n/a,8,v_proj,27,0.9249093532562256
full,fever,n/a,8,v_proj,28,0.95160973072052
full,fever,n/a,8,v_proj,29,0.9428881406784058
full,fever,n/a,8,v_proj,30,0.9677822589874268
full,fever,n/a,8,v_proj,31,0.9616442322731018
full,fever,n/a,8,v_proj,32,0.9525849223136902
full,fever,n/a,8,v_proj,33,0.9802693128585815
full,fever,n/a,8,v_proj,34,0.9865214228630066
full,fever,n/a,8,v_proj,35,0.9492716789245605
full,fever,n/a,8,v_proj,36,0.9606655836105347
full,fever,n/a,8,v_proj,37,0.9857314229011536
full,fever,n/a,8,v_proj,38,0.9537249803543091
full,fever,n/a,8,v_proj,39,0.955196738243103
full,fever,n/a,8,v_proj,40,0.9809285402297974
full,fever,n/a,8,v_proj,41,0.9915205240249634
full,fever,n/a,8,v_proj,42,0.9891900420188904
full,fever,n/a,8,v_proj,43,0.9787509441375732
full,fever,n/a,8,v_proj,44,0.9772729277610779
full,fever,n/a,8,v_proj,45,0.9922086596488953
full,fever,n/a,8,v_proj,46,0.978916347026825
full,fever,n/a,8,v_proj,47,0.970080554485321
full,fever,n/a,8,v_proj,48,0.9694173336029053
full,fever,n/a,8,v_proj,49,0.8187501430511475
full,fever,n/a,8,v_proj,50,0.7839574217796326
full,fever,n/a,8,up_proj,1,0.9999673366546631
full,fever,n/a,8,up_proj,2,0.9999110102653503
full,fever,n/a,8,up_proj,3,0.9999082088470459
full,fever,n/a,8,up_proj,4,0.9999245405197144
full,fever,n/a,8,up_proj,5,0.9998900294303894
full,fever,n/a,8,up_proj,6,0.9999089241027832
full,fever,n/a,8,up_proj,7,0.9998520016670227
full,fever,n/a,8,up_proj,8,0.9997058510780334
full,fever,n/a,8,up_proj,9,0.9997693300247192
full,fever,n/a,8,up_proj,10,0.999733567237854
full,fever,n/a,8,up_proj,11,0.999607264995575
full,fever,n/a,8,up_proj,12,0.9996944665908813
full,fever,n/a,8,up_proj,13,0.9443824887275696
full,fever,n/a,8,up_proj,14,0.9442959427833557
full,fever,n/a,8,up_proj,15,0.9996830224990845
full,fever,n/a,8,up_proj,16,0.9995911717414856
full,fever,n/a,8,up_proj,17,0.9996179938316345
full,fever,n/a,8,up_proj,18,0.9995753169059753
full,fever,n/a,8,up_proj,19,0.999466598033905
full,fever,n/a,8,up_proj,20,0.9997414946556091
full,fever,n/a,8,up_proj,21,0.9994128346443176
full,fever,n/a,8,up_proj,22,0.9984714984893799
full,fever,n/a,8,up_proj,23,0.9955599904060364
full,fever,n/a,8,up_proj,24,0.9954062700271606
full,fever,n/a,8,up_proj,25,0.999032199382782
full,fever,n/a,8,up_proj,26,0.9990952610969543
full,fever,n/a,8,up_proj,27,0.9995532035827637
full,fever,n/a,8,up_proj,28,0.9994090795516968
full,fever,n/a,8,up_proj,29,0.975212812423706
full,fever,n/a,8,up_proj,30,0.9751228094100952
full,fever,n/a,8,up_proj,31,0.9976685047149658
full,fever,n/a,8,up_proj,32,0.98848956823349
full,fever,n/a,8,up_proj,33,0.9847943186759949
full,fever,n/a,8,up_proj,34,0.9948853254318237
full,fever,n/a,8,up_proj,35,0.99818354845047
full,fever,n/a,8,up_proj,36,0.998930037021637
full,fever,n/a,8,up_proj,37,0.9942648410797119
full,fever,n/a,8,up_proj,38,0.9946280717849731
full,fever,n/a,8,up_proj,39,0.9988943934440613
full,fever,n/a,8,up_proj,40,0.9978888630867004
full,fever,n/a,8,up_proj,41,0.9988741874694824
full,fever,n/a,8,up_proj,42,0.9983025193214417
full,fever,n/a,8,up_proj,43,0.9974907636642456
full,fever,n/a,8,up_proj,44,0.9965885877609253
full,fever,n/a,8,up_proj,45,0.9952439665794373
full,fever,n/a,8,up_proj,46,0.9943169355392456
full,fever,n/a,8,up_proj,47,0.9989189505577087
full,fever,n/a,8,up_proj,48,0.9980046153068542
full,fever,n/a,8,up_proj,49,0.9980245232582092
full,fever,n/a,8,up_proj,50,0.9971439242362976
full,fever,n/a,8,down_proj,1,0.9999962449073792
full,fever,n/a,8,down_proj,2,0.9999870657920837
full,fever,n/a,8,down_proj,3,0.9999908208847046
full,fever,n/a,8,down_proj,4,0.9999850392341614
full,fever,n/a,8,down_proj,5,0.999983549118042
full,fever,n/a,8,down_proj,6,0.9999648928642273
full,fever,n/a,8,down_proj,7,0.9999672174453735
full,fever,n/a,8,down_proj,8,0.9999740719795227
full,fever,n/a,8,down_proj,9,0.9999712705612183
full,fever,n/a,8,down_proj,10,0.9999037384986877
full,fever,n/a,8,down_proj,11,0.9997920393943787
full,fever,n/a,8,down_proj,12,0.9997868537902832
full,fever,n/a,8,down_proj,13,0.9998599886894226
full,fever,n/a,8,down_proj,14,0.9999080896377563
full,fever,n/a,8,down_proj,15,0.9999027252197266
full,fever,n/a,8,down_proj,16,0.9998939037322998
full,fever,n/a,8,down_proj,17,0.9999194145202637
full,fever,n/a,8,down_proj,18,0.9997559785842896
full,fever,n/a,8,down_proj,19,0.9986430406570435
full,fever,n/a,8,down_proj,20,0.9985289573669434
full,fever,n/a,8,down_proj,21,0.9996519088745117
full,fever,n/a,8,down_proj,22,0.9991782903671265
full,fever,n/a,8,down_proj,23,0.9991477727890015
full,fever,n/a,8,down_proj,24,0.9998500347137451
full,fever,n/a,8,down_proj,25,0.999662458896637
full,fever,n/a,8,down_proj,26,0.9985021352767944
full,fever,n/a,8,down_proj,27,0.9984805583953857
full,fever,n/a,8,down_proj,28,0.9998644590377808
full,fever,n/a,8,down_proj,29,0.9997963905334473
full,fever,n/a,8,down_proj,30,0.9987850189208984
full,fever,n/a,8,down_proj,31,0.9987432956695557
full,fever,n/a,8,down_proj,32,0.9997973442077637
full,fever,n/a,8,down_proj,33,0.999104380607605
full,fever,n/a,8,down_proj,34,0.9990854859352112
full,fever,n/a,8,down_proj,35,0.9997960925102234
full,fever,n/a,8,down_proj,36,0.9996252059936523
full,fever,n/a,8,down_proj,37,0.9990029335021973
full,fever,n/a,8,down_proj,38,0.9992036819458008
full,fever,n/a,8,down_proj,39,0.9988264441490173
full,fever,n/a,8,down_proj,40,0.9988229274749756
full,fever,n/a,8,down_proj,41,0.9909235239028931
full,fever,n/a,8,down_proj,42,0.9909862875938416
full,fever,n/a,8,down_proj,43,0.9996837377548218
full,fever,n/a,8,down_proj,44,0.9993136525154114
full,fever,n/a,8,down_proj,45,0.999256432056427
full,fever,n/a,8,down_proj,46,0.9995993375778198
full,fever,n/a,8,down_proj,47,0.9994250535964966
full,fever,n/a,8,down_proj,48,0.9992294311523438
full,fever,n/a,8,down_proj,49,0.9991202354431152
full,fever,n/a,8,down_proj,50,0.9992470741271973
full,fever,n/a,15,q_proj,1,0.9999974966049194
full,fever,n/a,15,q_proj,2,0.9999973177909851
full,fever,n/a,15,q_proj,3,0.9999971389770508
full,fever,n/a,15,q_proj,4,0.9999774694442749
full,fever,n/a,15,q_proj,5,0.9999774694442749
full,fever,n/a,15,q_proj,6,0.9999951720237732
full,fever,n/a,15,q_proj,7,0.9999915361404419
full,fever,n/a,15,q_proj,8,0.9999901056289673
full,fever,n/a,15,q_proj,9,0.9999927878379822
full,fever,n/a,15,q_proj,10,0.9999934434890747
full,fever,n/a,15,q_proj,11,0.9999891519546509
full,fever,n/a,15,q_proj,12,0.9999908208847046
full,fever,n/a,15,q_proj,13,0.9999943375587463
full,fever,n/a,15,q_proj,14,0.9999931454658508
full,fever,n/a,15,q_proj,15,0.9999920129776001
full,fever,n/a,15,q_proj,16,0.9999940395355225
full,fever,n/a,15,q_proj,17,0.9999932050704956
full,fever,n/a,15,q_proj,18,0.9999829530715942
full,fever,n/a,15,q_proj,19,0.999978244304657
full,fever,n/a,15,q_proj,20,0.9999898672103882
full,fever,n/a,15,q_proj,21,0.9999640583992004
full,fever,n/a,15,q_proj,22,0.9999615550041199
full,fever,n/a,15,q_proj,23,0.9999812245368958
full,fever,n/a,15,q_proj,24,0.9999836087226868
full,fever,n/a,15,q_proj,25,0.9999849200248718
full,fever,n/a,15,q_proj,26,0.9999904036521912
full,fever,n/a,15,q_proj,27,0.9999786019325256
full,fever,n/a,15,q_proj,28,0.9999333024024963
full,fever,n/a,15,q_proj,29,0.9999361038208008
full,fever,n/a,15,q_proj,30,0.9999877214431763
full,fever,n/a,15,q_proj,31,0.9998394250869751
full,fever,n/a,15,q_proj,32,0.9998396635055542
full,fever,n/a,15,q_proj,33,0.9999902844429016
full,fever,n/a,15,q_proj,34,0.9999285936355591
full,fever,n/a,15,q_proj,35,0.9999285340309143
full,fever,n/a,15,q_proj,36,0.9999713897705078
full,fever,n/a,15,q_proj,37,0.9999826550483704
full,fever,n/a,15,q_proj,38,0.9999881386756897
full,fever,n/a,15,q_proj,39,0.9999614953994751
full,fever,n/a,15,q_proj,40,0.9998573064804077
full,fever,n/a,15,q_proj,41,0.9998959898948669
full,fever,n/a,15,q_proj,42,0.9999626278877258
full,fever,n/a,15,q_proj,43,0.9999732971191406
full,fever,n/a,15,q_proj,44,0.9999661445617676
full,fever,n/a,15,q_proj,45,0.9999677538871765
full,fever,n/a,15,q_proj,46,0.9999803304672241
full,fever,n/a,15,q_proj,47,0.9999792575836182
full,fever,n/a,15,q_proj,48,0.9999719858169556
full,fever,n/a,15,q_proj,49,0.9999711513519287
full,fever,n/a,15,q_proj,50,0.9995144009590149
full,fever,n/a,15,v_proj,1,0.9999874234199524
full,fever,n/a,15,v_proj,2,0.9999809265136719
full,fever,n/a,15,v_proj,3,0.9999830722808838
full,fever,n/a,15,v_proj,4,0.9999585151672363
full,fever,n/a,15,v_proj,5,0.9999200105667114
full,fever,n/a,15,v_proj,6,0.9999130964279175
full,fever,n/a,15,v_proj,7,0.9999781847000122
full,fever,n/a,15,v_proj,8,0.9999744892120361
full,fever,n/a,15,v_proj,9,0.9999361038208008
full,fever,n/a,15,v_proj,10,0.9995667934417725
full,fever,n/a,15,v_proj,11,0.9995324611663818
full,fever,n/a,15,v_proj,12,0.9997868537902832
full,fever,n/a,15,v_proj,13,0.9998352527618408
full,fever,n/a,15,v_proj,14,0.9999200105667114
full,fever,n/a,15,v_proj,15,0.999688982963562
full,fever,n/a,15,v_proj,16,0.9996312260627747
full,fever,n/a,15,v_proj,17,0.9999507069587708
full,fever,n/a,15,v_proj,18,0.999966025352478
full,fever,n/a,15,v_proj,19,0.9999194145202637
full,fever,n/a,15,v_proj,20,0.999920129776001
full,fever,n/a,15,v_proj,21,0.9999285936355591
full,fever,n/a,15,v_proj,22,0.9998629689216614
full,fever,n/a,15,v_proj,23,0.9997814893722534
full,fever,n/a,15,v_proj,24,0.9997265934944153
full,fever,n/a,15,v_proj,25,0.9998925924301147
full,fever,n/a,15,v_proj,26,0.9995849132537842
full,fever,n/a,15,v_proj,27,0.9999141693115234
full,fever,n/a,15,v_proj,28,0.9995002746582031
full,fever,n/a,15,v_proj,29,0.9997943639755249
full,fever,n/a,15,v_proj,30,0.999878466129303
full,fever,n/a,15,v_proj,31,0.9998360276222229
full,fever,n/a,15,v_proj,32,0.9998494386672974
full,fever,n/a,15,v_proj,33,0.9998844861984253
full,fever,n/a,15,v_proj,34,0.999897837638855
full,fever,n/a,15,v_proj,35,0.9998621940612793
full,fever,n/a,15,v_proj,36,0.9984954595565796
full,fever,n/a,15,v_proj,37,0.9986390471458435
full,fever,n/a,15,v_proj,38,0.9997991323471069
full,fever,n/a,15,v_proj,39,0.9990810751914978
full,fever,n/a,15,v_proj,40,0.9990922212600708
full,fever,n/a,15,v_proj,41,0.9998607039451599
full,fever,n/a,15,v_proj,42,0.999722957611084
full,fever,n/a,15,v_proj,43,0.9988546967506409
full,fever,n/a,15,v_proj,44,0.9989477396011353
full,fever,n/a,15,v_proj,45,0.9993882775306702
full,fever,n/a,15,v_proj,46,0.9992278218269348
full,fever,n/a,15,v_proj,47,0.9994114637374878
full,fever,n/a,15,v_proj,48,0.9995568990707397
full,fever,n/a,15,v_proj,49,0.9998043775558472
full,fever,n/a,15,v_proj,50,0.9998857975006104
full,fever,n/a,15,up_proj,1,0.9999891519546509
full,fever,n/a,15,up_proj,2,0.9999968409538269
full,fever,n/a,15,up_proj,3,0.9999942183494568
full,fever,n/a,15,up_proj,4,0.9999719858169556
full,fever,n/a,15,up_proj,5,0.9999865293502808
full,fever,n/a,15,up_proj,6,0.9999805688858032
full,fever,n/a,15,up_proj,7,0.9999825358390808
full,fever,n/a,15,up_proj,8,0.9999823570251465
full,fever,n/a,15,up_proj,9,0.999984085559845
full,fever,n/a,15,up_proj,10,0.9999904632568359
full,fever,n/a,15,up_proj,11,0.9999844431877136
full,fever,n/a,15,up_proj,12,0.9999774098396301
full,fever,n/a,15,up_proj,13,0.9999659657478333
full,fever,n/a,15,up_proj,14,0.9999831318855286
full,fever,n/a,15,up_proj,15,0.9999840259552002
full,fever,n/a,15,up_proj,16,0.9999845027923584
full,fever,n/a,15,up_proj,17,0.9999812841415405
full,fever,n/a,15,up_proj,18,0.9999813437461853
full,fever,n/a,15,up_proj,19,0.9999756813049316
full,fever,n/a,15,up_proj,20,0.9999680519104004
full,fever,n/a,15,up_proj,21,0.9999695420265198
full,fever,n/a,15,up_proj,22,0.9999677538871765
full,fever,n/a,15,up_proj,23,0.9999675154685974
full,fever,n/a,15,up_proj,24,0.9999672174453735
full,fever,n/a,15,up_proj,25,0.9999674558639526
full,fever,n/a,15,up_proj,26,0.9999727606773376
full,fever,n/a,15,up_proj,27,0.9999240040779114
full,fever,n/a,15,up_proj,28,0.9999322891235352
full,fever,n/a,15,up_proj,29,0.9999696016311646
full,fever,n/a,15,up_proj,30,0.9999553561210632
full,fever,n/a,15,up_proj,31,0.9999632239341736
full,fever,n/a,15,up_proj,32,0.9999123811721802
full,fever,n/a,15,up_proj,33,0.9998977184295654
full,fever,n/a,15,up_proj,34,0.9999054074287415
full,fever,n/a,15,up_proj,35,0.9998472332954407
full,fever,n/a,15,up_proj,36,0.9990512728691101
full,fever,n/a,15,up_proj,37,0.9989527463912964
full,fever,n/a,15,up_proj,38,0.9998129606246948
full,fever,n/a,15,up_proj,39,0.9998599886894226
full,fever,n/a,15,up_proj,40,0.9998423457145691
full,fever,n/a,15,up_proj,41,0.9998700022697449
full,fever,n/a,15,up_proj,42,0.9998498558998108
full,fever,n/a,15,up_proj,43,0.9998699426651001
full,fever,n/a,15,up_proj,44,0.9998313784599304
full,fever,n/a,15,up_proj,45,0.9998444318771362
full,fever,n/a,15,up_proj,46,0.9996212124824524
full,fever,n/a,15,up_proj,47,0.999193549156189
full,fever,n/a,15,up_proj,48,0.9992408752441406
full,fever,n/a,15,up_proj,49,0.9998917579650879
full,fever,n/a,15,up_proj,50,0.999878466129303
full,fever,n/a,15,down_proj,1,0.9999722838401794
full,fever,n/a,15,down_proj,2,0.9999639987945557
full,fever,n/a,15,down_proj,3,0.9999815821647644
full,fever,n/a,15,down_proj,4,0.9998422861099243
full,fever,n/a,15,down_proj,5,0.9999460577964783
full,fever,n/a,15,down_proj,6,0.9999087452888489
full,fever,n/a,15,down_proj,7,0.9998401999473572
full,fever,n/a,15,down_proj,8,0.9996267557144165
full,fever,n/a,15,down_proj,9,0.9993258118629456
full,fever,n/a,15,down_proj,10,0.9992462992668152
full,fever,n/a,15,down_proj,11,0.9997872114181519
full,fever,n/a,15,down_proj,12,0.999707043170929
full,fever,n/a,15,down_proj,13,0.9888140559196472
full,fever,n/a,15,down_proj,14,0.9885877370834351
full,fever,n/a,15,down_proj,15,0.9998024106025696
full,fever,n/a,15,down_proj,16,0.9998290538787842
full,fever,n/a,15,down_proj,17,0.9991704821586609
full,fever,n/a,15,down_proj,18,0.9964557886123657
full,fever,n/a,15,down_proj,19,0.9958901405334473
full,fever,n/a,15,down_proj,20,0.9997305870056152
full,fever,n/a,15,down_proj,21,0.9996373057365417
full,fever,n/a,15,down_proj,22,0.998288094997406
full,fever,n/a,15,down_proj,23,0.9986395835876465
full,fever,n/a,15,down_proj,24,0.998624324798584
full,fever,n/a,15,down_proj,25,0.9981977343559265
full,fever,n/a,15,down_proj,26,0.999022364616394
full,fever,n/a,15,down_proj,27,0.9981380701065063
full,fever,n/a,15,down_proj,28,0.998742938041687
full,fever,n/a,15,down_proj,29,0.998621940612793
full,fever,n/a,15,down_proj,30,0.99871426820755
full,fever,n/a,15,down_proj,31,0.9993129372596741
full,fever,n/a,15,down_proj,32,0.9984824061393738
full,fever,n/a,15,down_proj,33,0.998406708240509
full,fever,n/a,15,down_proj,34,0.9984303116798401
full,fever,n/a,15,down_proj,35,0.9987034797668457
full,fever,n/a,15,down_proj,36,0.9969929456710815
full,fever,n/a,15,down_proj,37,0.997254490852356
full,fever,n/a,15,down_proj,38,0.9961965084075928
full,fever,n/a,15,down_proj,39,0.9958228468894958
full,fever,n/a,15,down_proj,40,0.9954116344451904
full,fever,n/a,15,down_proj,41,0.9966628551483154
full,fever,n/a,15,down_proj,42,0.9977495074272156
full,fever,n/a,15,down_proj,43,0.9978127479553223
full,fever,n/a,15,down_proj,44,0.999164879322052
full,fever,n/a,15,down_proj,45,0.9990047216415405
full,fever,n/a,15,down_proj,46,0.9979035258293152
full,fever,n/a,15,down_proj,47,0.9952806234359741
full,fever,n/a,15,down_proj,48,0.9960334897041321
full,fever,n/a,15,down_proj,49,0.9922741651535034
full,fever,n/a,15,down_proj,50,0.9910069108009338
full,mnli,n/a,0,q_proj,1,0.9999991655349731
full,mnli,n/a,0,q_proj,2,1.0000009536743164
full,mnli,n/a,0,q_proj,3,1.0000001192092896
full,mnli,n/a,0,q_proj,4,0.9999990463256836
full,mnli,n/a,0,q_proj,5,0.9999993443489075
full,mnli,n/a,0,q_proj,6,0.9999995827674866
full,mnli,n/a,0,q_proj,7,0.9999988675117493
full,mnli,n/a,0,q_proj,8,0.999998152256012
full,mnli,n/a,0,q_proj,9,0.9999998807907104
full,mnli,n/a,0,q_proj,10,0.999999463558197
full,mnli,n/a,0,q_proj,11,0.9999994039535522
full,mnli,n/a,0,q_proj,12,0.9999987483024597
full,mnli,n/a,0,q_proj,13,0.9999985098838806
full,mnli,n/a,0,q_proj,14,0.9999991059303284
full,mnli,n/a,0,q_proj,15,0.9999979734420776
full,mnli,n/a,0,q_proj,16,0.9999980330467224
full,mnli,n/a,0,q_proj,17,0.9999980330467224
full,mnli,n/a,0,q_proj,18,0.9999958276748657
full,mnli,n/a,0,q_proj,19,0.9999963641166687
full,mnli,n/a,0,q_proj,20,0.9999982714653015
full,mnli,n/a,0,q_proj,21,0.9999986290931702
full,mnli,n/a,0,q_proj,22,0.9999978542327881
full,mnli,n/a,0,q_proj,23,0.9999978542327881
full,mnli,n/a,0,q_proj,24,0.999997615814209
full,mnli,n/a,0,q_proj,25,0.9999960660934448
full,mnli,n/a,0,q_proj,26,0.9999972581863403
full,mnli,n/a,0,q_proj,27,0.9999924898147583
full,mnli,n/a,0,q_proj,28,0.9999938011169434
full,mnli,n/a,0,q_proj,29,0.9999945163726807
full,mnli,n/a,0,q_proj,30,0.9999895691871643
full,mnli,n/a,0,q_proj,31,0.999991238117218
full,mnli,n/a,0,q_proj,32,0.9999929070472717
full,mnli,n/a,0,q_proj,33,0.9999945163726807
full,mnli,n/a,0,q_proj,34,0.9999920725822449
full,mnli,n/a,0,q_proj,35,0.9999932050704956
full,mnli,n/a,0,q_proj,36,0.9999958276748657
full,mnli,n/a,0,q_proj,37,0.9999939799308777
full,mnli,n/a,0,q_proj,38,0.9999693632125854
full,mnli,n/a,0,q_proj,39,0.9999648928642273
full,mnli,n/a,0,q_proj,40,0.9999806880950928
full,mnli,n/a,0,q_proj,41,0.9999898672103882
full,mnli,n/a,0,q_proj,42,0.999954879283905
full,mnli,n/a,0,q_proj,43,0.9999555349349976
full,mnli,n/a,0,q_proj,44,0.9999864101409912
full,mnli,n/a,0,q_proj,45,0.9999936819076538
full,mnli,n/a,0,q_proj,46,0.9999815225601196
full,mnli,n/a,0,q_proj,47,0.9999573230743408
full,mnli,n/a,0,q_proj,48,0.9999675750732422
full,mnli,n/a,0,q_proj,49,0.9999949932098389
full,mnli,n/a,0,q_proj,50,0.9999380111694336
full,mnli,n/a,0,v_proj,1,0.9999768137931824
full,mnli,n/a,0,v_proj,2,0.9998687505722046
full,mnli,n/a,0,v_proj,3,0.9999256134033203
full,mnli,n/a,0,v_proj,4,0.9999101161956787
full,mnli,n/a,0,v_proj,5,0.999904453754425
full,mnli,n/a,0,v_proj,6,0.9997778534889221
full,mnli,n/a,0,v_proj,7,0.9995837807655334
full,mnli,n/a,0,v_proj,8,0.9990482330322266
full,mnli,n/a,0,v_proj,9,0.9988033175468445
full,mnli,n/a,0,v_proj,10,0.9993815422058105
full,mnli,n/a,0,v_proj,11,0.9992772340774536
full,mnli,n/a,0,v_proj,12,0.9985496401786804
full,mnli,n/a,0,v_proj,13,0.9985499382019043
full,mnli,n/a,0,v_proj,14,0.9990200996398926
full,mnli,n/a,0,v_proj,15,0.9994626045227051
full,mnli,n/a,0,v_proj,16,0.9994423389434814
full,mnli,n/a,0,v_proj,17,0.997863233089447
full,mnli,n/a,0,v_proj,18,0.9969584941864014
full,mnli,n/a,0,v_proj,19,0.9976707696914673
full,mnli,n/a,0,v_proj,20,0.9984233379364014
full,mnli,n/a,0,v_proj,21,0.9986079335212708
full,mnli,n/a,0,v_proj,22,0.9968039989471436
full,mnli,n/a,0,v_proj,23,0.9944449663162231
full,mnli,n/a,0,v_proj,24,0.995966911315918
full,mnli,n/a,0,v_proj,25,0.9976070523262024
full,mnli,n/a,0,v_proj,26,0.9973283410072327
full,mnli,n/a,0,v_proj,27,0.9966048002243042
full,mnli,n/a,0,v_proj,28,0.9908630847930908
full,mnli,n/a,0,v_proj,29,0.9916040897369385
full,mnli,n/a,0,v_proj,30,0.9975263476371765
full,mnli,n/a,0,v_proj,31,0.9759774208068848
full,mnli,n/a,0,v_proj,32,0.9736387133598328
full,mnli,n/a,0,v_proj,33,0.9975783824920654
full,mnli,n/a,0,v_proj,34,0.997277021408081
full,mnli,n/a,0,v_proj,35,0.9959169030189514
full,mnli,n/a,0,v_proj,36,0.9948059916496277
full,mnli,n/a,0,v_proj,37,0.994475781917572
full,mnli,n/a,0,v_proj,38,0.9972423315048218
full,mnli,n/a,0,v_proj,39,0.9943609237670898
full,mnli,n/a,0,v_proj,40,0.9914538264274597
full,mnli,n/a,0,v_proj,41,0.9932831525802612
full,mnli,n/a,0,v_proj,42,0.9957332015037537
full,mnli,n/a,0,v_proj,43,0.9911340475082397
full,mnli,n/a,0,v_proj,44,0.9907798767089844
full,mnli,n/a,0,v_proj,45,0.988118052482605
full,mnli,n/a,0,v_proj,46,0.9754718542098999
full,mnli,n/a,0,v_proj,47,0.978787899017334
full,mnli,n/a,0,v_proj,48,0.9913945198059082
full,mnli,n/a,0,v_proj,49,0.9913687705993652
full,mnli,n/a,0,v_proj,50,0.991075873374939
full,mnli,n/a,0,up_proj,1,0.9999879598617554
full,mnli,n/a,0,up_proj,2,0.9999870657920837
full,mnli,n/a,0,up_proj,3,0.9999900460243225
full,mnli,n/a,0,up_proj,4,0.9999845027923584
full,mnli,n/a,0,up_proj,5,0.9999720454216003
full,mnli,n/a,0,up_proj,6,0.9998330473899841
full,mnli,n/a,0,up_proj,7,0.9998351335525513
full,mnli,n/a,0,up_proj,8,0.999916672706604
full,mnli,n/a,0,up_proj,9,0.9999277591705322
full,mnli,n/a,0,up_proj,10,0.9999670386314392
full,mnli,n/a,0,up_proj,11,0.9997303485870361
full,mnli,n/a,0,up_proj,12,0.9997468590736389
full,mnli,n/a,0,up_proj,13,0.999859631061554
full,mnli,n/a,0,up_proj,14,0.9998531937599182
full,mnli,n/a,0,up_proj,15,0.9999305009841919
full,mnli,n/a,0,up_proj,16,0.9998115301132202
full,mnli,n/a,0,up_proj,17,0.9995917081832886
full,mnli,n/a,0,up_proj,18,0.999445915222168
full,mnli,n/a,0,up_proj,19,0.9995288252830505
full,mnli,n/a,0,up_proj,20,0.9994586110115051
full,mnli,n/a,0,up_proj,21,0.9994960427284241
full,mnli,n/a,0,up_proj,22,0.9996042251586914
full,mnli,n/a,0,up_proj,23,0.9999043941497803
full,mnli,n/a,0,up_proj,24,0.9999482035636902
full,mnli,n/a,0,up_proj,25,0.9999647736549377
full,mnli,n/a,0,up_proj,26,0.9998586177825928
full,mnli,n/a,0,up_proj,27,0.9997051358222961
full,mnli,n/a,0,up_proj,28,0.9997838735580444
full,mnli,n/a,0,up_proj,29,0.9998675584793091
full,mnli,n/a,0,up_proj,30,0.9998342394828796
full,mnli,n/a,0,up_proj,31,0.999840497970581
full,mnli,n/a,0,up_proj,32,0.9994426965713501
full,mnli,n/a,0,up_proj,33,0.999390184879303
full,mnli,n/a,0,up_proj,34,0.9999213218688965
full,mnli,n/a,0,up_proj,35,0.9999344348907471
full,mnli,n/a,0,up_proj,36,0.9999344348907471
full,mnli,n/a,0,up_proj,37,0.9995531439781189
full,mnli,n/a,0,up_proj,38,0.9996338486671448
full,mnli,n/a,0,up_proj,39,0.9998603463172913
full,mnli,n/a,0,up_proj,40,0.999783456325531
full,mnli,n/a,0,up_proj,41,0.999748170375824
full,mnli,n/a,0,up_proj,42,0.9997813701629639
full,mnli,n/a,0,up_proj,43,0.99985671043396
full,mnli,n/a,0,up_proj,44,0.9998667240142822
full,mnli,n/a,0,up_proj,45,0.9997956156730652
full,mnli,n/a,0,up_proj,46,0.999809205532074
full,mnli,n/a,0,up_proj,47,0.9998620748519897
full,mnli,n/a,0,up_proj,48,0.9993470907211304
full,mnli,n/a,0,up_proj,49,0.9984870553016663
full,mnli,n/a,0,up_proj,50,0.9989026188850403
full,mnli,n/a,0,down_proj,1,0.9999982118606567
full,mnli,n/a,0,down_proj,2,0.9999966025352478
full,mnli,n/a,0,down_proj,3,0.9999959468841553
full,mnli,n/a,0,down_proj,4,0.9999951124191284
full,mnli,n/a,0,down_proj,5,0.9999939799308777
full,mnli,n/a,0,down_proj,6,0.9999877214431763
full,mnli,n/a,0,down_proj,7,0.9999863505363464
full,mnli,n/a,0,down_proj,8,0.9999902248382568
full,mnli,n/a,0,down_proj,9,0.99997478723526
full,mnli,n/a,0,down_proj,10,0.9999517202377319
full,mnli,n/a,0,down_proj,11,0.9999535083770752
full,mnli,n/a,0,down_proj,12,0.9999628663063049
full,mnli,n/a,0,down_proj,13,0.9999758005142212
full,mnli,n/a,0,down_proj,14,0.9999397397041321
full,mnli,n/a,0,down_proj,15,0.9999449253082275
full,mnli,n/a,0,down_proj,16,0.999969482421875
full,mnli,n/a,0,down_proj,17,0.9996318221092224
full,mnli,n/a,0,down_proj,18,0.9996285438537598
full,mnli,n/a,0,down_proj,19,0.9998950958251953
full,mnli,n/a,0,down_proj,20,0.9998978972434998
full,mnli,n/a,0,down_proj,21,0.9998817443847656
full,mnli,n/a,0,down_proj,22,0.9999402165412903
full,mnli,n/a,0,down_proj,23,0.9998266100883484
full,mnli,n/a,0,down_proj,24,0.9999326467514038
full,mnli,n/a,0,down_proj,25,0.9999305009841919
full,mnli,n/a,0,down_proj,26,0.9998810291290283
full,mnli,n/a,0,down_proj,27,0.9997645616531372
full,mnli,n/a,0,down_proj,28,0.9995863437652588
full,mnli,n/a,0,down_proj,29,0.9997933506965637
full,mnli,n/a,0,down_proj,30,0.9998795986175537
full,mnli,n/a,0,down_proj,31,0.9999052882194519
full,mnli,n/a,0,down_proj,32,0.9998722076416016
full,mnli,n/a,0,down_proj,33,0.995315670967102
full,mnli,n/a,0,down_proj,34,0.9953650832176208
full,mnli,n/a,0,down_proj,35,0.999787449836731
full,mnli,n/a,0,down_proj,36,0.999609112739563
full,mnli,n/a,0,down_proj,37,0.9996475577354431
full,mnli,n/a,0,down_proj,38,0.9999110102653503
full,mnli,n/a,0,down_proj,39,0.9998533725738525
full,mnli,n/a,0,down_proj,40,0.9997631311416626
full,mnli,n/a,0,down_proj,41,0.9996765851974487
full,mnli,n/a,0,down_proj,42,0.9987908005714417
full,mnli,n/a,0,down_proj,43,0.998706579208374
full,mnli,n/a,0,down_proj,44,0.9987922310829163
full,mnli,n/a,0,down_proj,45,0.998571515083313
full,mnli,n/a,0,down_proj,46,0.9996331334114075
full,mnli,n/a,0,down_proj,47,0.9991884827613831
full,mnli,n/a,0,down_proj,48,0.999333918094635
full,mnli,n/a,0,down_proj,49,0.9997510313987732
full,mnli,n/a,0,down_proj,50,0.9800205826759338
full,mnli,n/a,8,q_proj,1,0.9999979734420776
full,mnli,n/a,8,q_proj,2,0.9999988079071045
full,mnli,n/a,8,q_proj,3,0.9999991655349731
full,mnli,n/a,8,q_proj,4,0.9999977946281433
full,mnli,n/a,8,q_proj,5,0.9999967813491821
full,mnli,n/a,8,q_proj,6,0.9999972581863403
full,mnli,n/a,8,q_proj,7,0.9999952912330627
full,mnli,n/a,8,q_proj,8,0.9999686479568481
full,mnli,n/a,8,q_proj,9,0.9999718070030212
full,mnli,n/a,8,q_proj,10,0.9999943375587463
full,mnli,n/a,8,q_proj,11,0.9999966025352478
full,mnli,n/a,8,q_proj,12,0.9999961256980896
full,mnli,n/a,8,q_proj,13,0.9999914169311523
full,mnli,n/a,8,q_proj,14,0.9999955296516418
full,mnli,n/a,8,q_proj,15,0.999961793422699
full,mnli,n/a,8,q_proj,16,0.9999532699584961
full,mnli,n/a,8,q_proj,17,0.9999833106994629
full,mnli,n/a,8,q_proj,18,0.9999953508377075
full,mnli,n/a,8,q_proj,19,0.9999937415122986
full,mnli,n/a,8,q_proj,20,0.9999964237213135
full,mnli,n/a,8,q_proj,21,0.9999968409538269
full,mnli,n/a,8,q_proj,22,0.9999924302101135
full,mnli,n/a,8,q_proj,23,0.9999859929084778
full,mnli,n/a,8,q_proj,24,0.9999927878379822
full,mnli,n/a,8,q_proj,25,0.9999914765357971
full,mnli,n/a,8,q_proj,26,0.9999973773956299
full,mnli,n/a,8,q_proj,27,0.9999894499778748
full,mnli,n/a,8,q_proj,28,0.9999901056289673
full,mnli,n/a,8,q_proj,29,0.9999717473983765
full,mnli,n/a,8,q_proj,30,0.9999695420265198
full,mnli,n/a,8,q_proj,31,0.9999818801879883
full,mnli,n/a,8,q_proj,32,0.9999857544898987
full,mnli,n/a,8,q_proj,33,0.99997878074646
full,mnli,n/a,8,q_proj,34,0.999984860420227
full,mnli,n/a,8,q_proj,35,0.9999839067459106
full,mnli,n/a,8,q_proj,36,0.9999877214431763
full,mnli,n/a,8,q_proj,37,0.9999629259109497
full,mnli,n/a,8,q_proj,38,0.9998753666877747
full,mnli,n/a,8,q_proj,39,0.9998683333396912
full,mnli,n/a,8,q_proj,40,0.9999890327453613
full,mnli,n/a,8,q_proj,41,0.9999727606773376
full,mnli,n/a,8,q_proj,42,0.9999627470970154
full,mnli,n/a,8,q_proj,43,0.9999814629554749
full,mnli,n/a,8,q_proj,44,0.9999819993972778
full,mnli,n/a,8,q_proj,45,0.999984622001648
full,mnli,n/a,8,q_proj,46,0.9999735355377197
full,mnli,n/a,8,q_proj,47,0.999976634979248
full,mnli,n/a,8,q_proj,48,0.9999871253967285
full,mnli,n/a,8,q_proj,49,0.9999833106994629
full,mnli,n/a,8,q_proj,50,0.99997878074646
full,mnli,n/a,8,v_proj,1,0.9981250762939453
full,mnli,n/a,8,v_proj,2,0.9982651472091675
full,mnli,n/a,8,v_proj,3,0.9997405409812927
full,mnli,n/a,8,v_proj,4,0.9996410608291626
full,mnli,n/a,8,v_proj,5,0.9997747540473938
full,mnli,n/a,8,v_proj,6,0.9982681274414062
full,mnli,n/a,8,v_proj,7,0.9981353282928467
full,mnli,n/a,8,v_proj,8,0.9989703297615051
full,mnli,n/a,8,v_proj,9,0.9990193247795105
full,mnli,n/a,8,v_proj,10,0.9940921068191528
full,mnli,n/a,8,v_proj,11,0.993729829788208
full,mnli,n/a,8,v_proj,12,0.9977188110351562
full,mnli,n/a,8,v_proj,13,0.9972106218338013
full,mnli,n/a,8,v_proj,14,0.9987006187438965
full,mnli,n/a,8,v_proj,15,0.9986807703971863
full,mnli,n/a,8,v_proj,16,0.9988071918487549
full,mnli,n/a,8,v_proj,17,0.9977776408195496
full,mnli,n/a,8,v_proj,18,0.9991034269332886
full,mnli,n/a,8,v_proj,19,0.999079704284668
full,mnli,n/a,8,v_proj,20,0.9980908036231995
full,mnli,n/a,8,v_proj,21,0.9937190413475037
full,mnli,n/a,8,v_proj,22,0.9960446953773499
full,mnli,n/a,8,v_proj,23,0.9941039681434631
full,mnli,n/a,8,v_proj,24,0.9973717927932739
full,mnli,n/a,8,v_proj,25,0.9993292093276978
full,mnli,n/a,8,v_proj,26,0.9964177012443542
full,mnli,n/a,8,v_proj,27,0.9903712272644043
full,mnli,n/a,8,v_proj,28,0.9918983578681946
full,mnli,n/a,8,v_proj,29,0.9933290481567383
full,mnli,n/a,8,v_proj,30,0.9934327006340027
full,mnli,n/a,8,v_proj,31,0.999120831489563
full,mnli,n/a,8,v_proj,32,0.9983203411102295
full,mnli,n/a,8,v_proj,33,0.9985965490341187
full,mnli,n/a,8,v_proj,34,0.998202919960022
full,mnli,n/a,8,v_proj,35,0.986987292766571
full,mnli,n/a,8,v_proj,36,0.9877351522445679
full,mnli,n/a,8,v_proj,37,0.9944769144058228
full,mnli,n/a,8,v_proj,38,0.9977239966392517
full,mnli,n/a,8,v_proj,39,0.9936492443084717
full,mnli,n/a,8,v_proj,40,0.9990834593772888
full,mnli,n/a,8,v_proj,41,0.9978680610656738
full,mnli,n/a,8,v_proj,42,0.9982532262802124
full,mnli,n/a,8,v_proj,43,0.997983992099762
full,mnli,n/a,8,v_proj,44,0.9987248778343201
full,mnli,n/a,8,v_proj,45,0.9983887076377869
full,mnli,n/a,8,v_proj,46,0.9929497241973877
full,mnli,n/a,8,v_proj,47,0.9932551383972168
full,mnli,n/a,8,v_proj,48,0.9922395348548889
full,mnli,n/a,8,v_proj,49,0.8377372026443481
full,mnli,n/a,8,v_proj,50,0.8406031727790833
full,mnli,n/a,8,up_proj,1,0.9999958276748657
full,mnli,n/a,8,up_proj,2,0.9999897480010986
full,mnli,n/a,8,up_proj,3,0.9999836087226868
full,mnli,n/a,8,up_proj,4,0.9999901652336121
full,mnli,n/a,8,up_proj,5,0.9999831318855286
full,mnli,n/a,8,up_proj,6,0.999984622001648
full,mnli,n/a,8,up_proj,7,0.9999834299087524
full,mnli,n/a,8,up_proj,8,0.9999617338180542
full,mnli,n/a,8,up_proj,9,0.9999503493309021
full,mnli,n/a,8,up_proj,10,0.9999595880508423
full,mnli,n/a,8,up_proj,11,0.9999793171882629
full,mnli,n/a,8,up_proj,12,0.9999561905860901
full,mnli,n/a,8,up_proj,13,0.9999169111251831
full,mnli,n/a,8,up_proj,14,0.9999042749404907
full,mnli,n/a,8,up_proj,15,0.9999479651451111
full,mnli,n/a,8,up_proj,16,0.999972403049469
full,mnli,n/a,8,up_proj,17,0.9999738931655884
full,mnli,n/a,8,up_proj,18,0.9999356865882874
full,mnli,n/a,8,up_proj,19,0.9999446272850037
full,mnli,n/a,8,up_proj,20,0.999843418598175
full,mnli,n/a,8,up_proj,21,0.9998688101768494
full,mnli,n/a,8,up_proj,22,0.9999455809593201
full,mnli,n/a,8,up_proj,23,0.9836249351501465
full,mnli,n/a,8,up_proj,24,0.9835679531097412
full,mnli,n/a,8,up_proj,25,0.9998405575752258
full,mnli,n/a,8,up_proj,26,0.9997942447662354
full,mnli,n/a,8,up_proj,27,0.9998260140419006
full,mnli,n/a,8,up_proj,28,0.999688446521759
full,mnli,n/a,8,up_proj,29,0.9995248913764954
full,mnli,n/a,8,up_proj,30,0.9995483756065369
full,mnli,n/a,8,up_proj,31,0.9990512728691101
full,mnli,n/a,8,up_proj,32,0.9997455477714539
full,mnli,n/a,8,up_proj,33,0.9986296892166138
full,mnli,n/a,8,up_proj,34,0.9996166825294495
full,mnli,n/a,8,up_proj,35,0.9998427033424377
full,mnli,n/a,8,up_proj,36,0.9998232126235962
full,mnli,n/a,8,up_proj,37,0.9998490810394287
full,mnli,n/a,8,up_proj,38,0.999879002571106
full,mnli,n/a,8,up_proj,39,0.9504579901695251
full,mnli,n/a,8,up_proj,40,0.9504122138023376
full,mnli,n/a,8,up_proj,41,0.9997051358222961
full,mnli,n/a,8,up_proj,42,0.9997721910476685
full,mnli,n/a,8,up_proj,43,0.9996395111083984
full,mnli,n/a,8,up_proj,44,0.9998470544815063
full,mnli,n/a,8,up_proj,45,0.9998055100440979
full,mnli,n/a,8,up_proj,46,0.9997922778129578
full,mnli,n/a,8,up_proj,47,0.9997230768203735
full,mnli,n/a,8,up_proj,48,0.9996234178543091
full,mnli,n/a,8,up_proj,49,0.9991086721420288
full,mnli,n/a,8,up_proj,50,0.9987802505493164
full,mnli,n/a,8,down_proj,1,1.0
full,mnli,n/a,8,down_proj,2,0.9999986290931702
full,mnli,n/a,8,down_proj,3,0.999999463558197
full,mnli,n/a,8,down_proj,4,0.9999985098838806
full,mnli,n/a,8,down_proj,5,0.9999907612800598
full,mnli,n/a,8,down_proj,6,0.9999909400939941
full,mnli,n/a,8,down_proj,7,0.999997079372406
full,mnli,n/a,8,down_proj,8,0.9999964237213135
full,mnli,n/a,8,down_proj,9,0.9999955296516418
full,mnli,n/a,8,down_proj,10,0.9999852180480957
full,mnli,n/a,8,down_proj,11,0.9999567866325378
full,mnli,n/a,8,down_proj,12,0.9999657869338989
full,mnli,n/a,8,down_proj,13,0.9999813437461853
full,mnli,n/a,8,down_proj,14,0.9999526143074036
full,mnli,n/a,8,down_proj,15,0.9999527335166931
full,mnli,n/a,8,down_proj,16,0.9999895691871643
full,mnli,n/a,8,down_proj,17,0.9999890327453613
full,mnli,n/a,8,down_proj,18,0.9999852180480957
full,mnli,n/a,8,down_proj,19,0.9998907446861267
full,mnli,n/a,8,down_proj,20,0.9998657703399658
full,mnli,n/a,8,down_proj,21,0.9999425411224365
full,mnli,n/a,8,down_proj,22,0.9999226331710815
full,mnli,n/a,8,down_proj,23,0.9999216794967651
full,mnli,n/a,8,down_proj,24,0.999971866607666
full,mnli,n/a,8,down_proj,25,0.9999046921730042
full,mnli,n/a,8,down_proj,26,0.9997381567955017
full,mnli,n/a,8,down_proj,27,0.9997667074203491
full,mnli,n/a,8,down_proj,28,0.9999209642410278
full,mnli,n/a,8,down_proj,29,0.9999143481254578
full,mnli,n/a,8,down_proj,30,0.9999173879623413
full,mnli,n/a,8,down_proj,31,0.9999026656150818
full,mnli,n/a,8,down_proj,32,0.9999470114707947
full,mnli,n/a,8,down_proj,33,0.9994583129882812
full,mnli,n/a,8,down_proj,34,0.9994599223136902
full,mnli,n/a,8,down_proj,35,0.9999459981918335
full,mnli,n/a,8,down_proj,36,0.9999352097511292
full,mnli,n/a,8,down_proj,37,0.9998981356620789
full,mnli,n/a,8,down_proj,38,0.9999023675918579
full,mnli,n/a,8,down_proj,39,0.9996414184570312
full,mnli,n/a,8,down_proj,40,0.9996486902236938
full,mnli,n/a,8,down_proj,41,0.9997613430023193
full,mnli,n/a,8,down_proj,42,0.9997488260269165
full,mnli,n/a,8,down_proj,43,0.9999475479125977
full,mnli,n/a,8,down_proj,44,0.9999171495437622
full,mnli,n/a,8,down_proj,45,0.9998571872711182
full,mnli,n/a,8,down_proj,46,0.999845027923584
full,mnli,n/a,8,down_proj,47,0.9999495148658752
full,mnli,n/a,8,down_proj,48,0.9998790621757507
full,mnli,n/a,8,down_proj,49,0.9999253749847412
full,mnli,n/a,8,down_proj,50,0.9993729591369629
full,mnli,n/a,15,q_proj,1,1.0000004768371582
full,mnli,n/a,15,q_proj,2,0.9999996423721313
full,mnli,n/a,15,q_proj,3,0.9999996423721313
full,mnli,n/a,15,q_proj,4,0.9999935030937195
full,mnli,n/a,15,q_proj,5,0.9999943375587463
full,mnli,n/a,15,q_proj,6,0.9999997019767761
full,mnli,n/a,15,q_proj,7,0.9999986886978149
full,mnli,n/a,15,q_proj,8,0.9999984502792358
full,mnli,n/a,15,q_proj,9,0.999998927116394
full,mnli,n/a,15,q_proj,10,0.9999972581863403
full,mnli,n/a,15,q_proj,11,0.9999967813491821
full,mnli,n/a,15,q_proj,12,0.9999992847442627
full,mnli,n/a,15,q_proj,13,0.9999989867210388
full,mnli,n/a,15,q_proj,14,0.9999992251396179
full,mnli,n/a,15,q_proj,15,0.9999990463256836
full,mnli,n/a,15,q_proj,16,0.9999991655349731
full,mnli,n/a,15,q_proj,17,0.999999463558197
full,mnli,n/a,15,q_proj,18,0.9999982714653015
full,mnli,n/a,15,q_proj,19,0.9999984502792358
full,mnli,n/a,15,q_proj,20,0.999998927116394
full,mnli,n/a,15,q_proj,21,0.9999987483024597
full,mnli,n/a,15,q_proj,22,0.999998927116394
full,mnli,n/a,15,q_proj,23,0.9999984502792358
full,mnli,n/a,15,q_proj,24,0.999998927116394
full,mnli,n/a,15,q_proj,25,0.9999992847442627
full,mnli,n/a,15,q_proj,26,0.9999995827674866
full,mnli,n/a,15,q_proj,27,0.9999985098838806
full,mnli,n/a,15,q_proj,28,0.9999960660934448
full,mnli,n/a,15,q_proj,29,0.9999960660934448
full,mnli,n/a,15,q_proj,30,0.9999986290931702
full,mnli,n/a,15,q_proj,31,0.9999992847442627
full,mnli,n/a,15,q_proj,32,0.9999992847442627
full,mnli,n/a,15,q_proj,33,0.9999914765357971
full,mnli,n/a,15,q_proj,34,0.9999896883964539
full,mnli,n/a,15,q_proj,35,0.9999951124191284
full,mnli,n/a,15,q_proj,36,0.9999903440475464
full,mnli,n/a,15,q_proj,37,0.9999911189079285
full,mnli,n/a,15,q_proj,38,0.9999986290931702
full,mnli,n/a,15,q_proj,39,0.9999982118606567
full,mnli,n/a,15,q_proj,40,0.9999961853027344
full,mnli,n/a,15,q_proj,41,0.9999950528144836
full,mnli,n/a,15,q_proj,42,0.9999975562095642
full,mnli,n/a,15,q_proj,43,0.999996542930603
full,mnli,n/a,15,q_proj,44,0.9999841451644897
full,mnli,n/a,15,q_proj,45,0.9999841451644897
full,mnli,n/a,15,q_proj,46,0.9999968409538269
full,mnli,n/a,15,q_proj,47,0.9999972581863403
full,mnli,n/a,15,q_proj,48,0.9999990463256836
full,mnli,n/a,15,q_proj,49,0.9999961256980896
full,mnli,n/a,15,q_proj,50,0.9998233914375305
full,mnli,n/a,15,v_proj,1,0.999998152256012
full,mnli,n/a,15,v_proj,2,0.9999849200248718
full,mnli,n/a,15,v_proj,3,0.9999865889549255
full,mnli,n/a,15,v_proj,4,0.9999983906745911
full,mnli,n/a,15,v_proj,5,0.9999970197677612
full,mnli,n/a,15,v_proj,6,0.9999983310699463
full,mnli,n/a,15,v_proj,7,0.9999968409538269
full,mnli,n/a,15,v_proj,8,0.9999969005584717
full,mnli,n/a,15,v_proj,9,0.999992311000824
full,mnli,n/a,15,v_proj,10,0.9999911785125732
full,mnli,n/a,15,v_proj,11,0.9999903440475464
full,mnli,n/a,15,v_proj,12,0.9999815821647644
full,mnli,n/a,15,v_proj,13,0.9999675750732422
full,mnli,n/a,15,v_proj,14,0.9999730587005615
full,mnli,n/a,15,v_proj,15,0.9998927116394043
full,mnli,n/a,15,v_proj,16,0.9998972415924072
full,mnli,n/a,15,v_proj,17,0.9999816417694092
full,mnli,n/a,15,v_proj,18,0.9999945163726807
full,mnli,n/a,15,v_proj,19,0.9999878406524658
full,mnli,n/a,15,v_proj,20,0.9999851584434509
full,mnli,n/a,15,v_proj,21,0.9999794363975525
full,mnli,n/a,15,v_proj,22,0.9999783039093018
full,mnli,n/a,15,v_proj,23,0.9999913573265076
full,mnli,n/a,15,v_proj,24,0.9999749064445496
full,mnli,n/a,15,v_proj,25,0.9999762773513794
full,mnli,n/a,15,v_proj,26,0.9999769926071167
full,mnli,n/a,15,v_proj,27,0.9999749660491943
full,mnli,n/a,15,v_proj,28,0.999990701675415
full,mnli,n/a,15,v_proj,29,0.9999935626983643
full,mnli,n/a,15,v_proj,30,0.9999938607215881
full,mnli,n/a,15,v_proj,31,0.999992847442627
full,mnli,n/a,15,v_proj,32,0.9999939203262329
full,mnli,n/a,15,v_proj,33,0.9999847412109375
full,mnli,n/a,15,v_proj,34,0.9999591112136841
full,mnli,n/a,15,v_proj,35,0.9999695420265198
full,mnli,n/a,15,v_proj,36,0.9998902082443237
full,mnli,n/a,15,v_proj,37,0.9999013543128967
full,mnli,n/a,15,v_proj,38,0.999985933303833
full,mnli,n/a,15,v_proj,39,0.9999908208847046
full,mnli,n/a,15,v_proj,40,0.9999936819076538
full,mnli,n/a,15,v_proj,41,0.9999798536300659
full,mnli,n/a,15,v_proj,42,0.9999539256095886
full,mnli,n/a,15,v_proj,43,0.9999731183052063
full,mnli,n/a,15,v_proj,44,0.9999889135360718
full,mnli,n/a,15,v_proj,45,0.9999709129333496
full,mnli,n/a,15,v_proj,46,0.9999624490737915
full,mnli,n/a,15,v_proj,47,0.999984622001648
full,mnli,n/a,15,v_proj,48,0.9999896287918091
full,mnli,n/a,15,v_proj,49,0.9999898076057434
full,mnli,n/a,15,v_proj,50,0.9999855160713196
full,mnli,n/a,15,up_proj,1,0.9999991655349731
full,mnli,n/a,15,up_proj,2,1.0000004768371582
full,mnli,n/a,15,up_proj,3,0.9999997019767761
full,mnli,n/a,15,up_proj,4,0.9999988675117493
full,mnli,n/a,15,up_proj,5,0.9999991059303284
full,mnli,n/a,15,up_proj,6,0.9999983310699463
full,mnli,n/a,15,up_proj,7,0.9999986290931702
full,mnli,n/a,15,up_proj,8,0.9999977350234985
full,mnli,n/a,15,up_proj,9,0.9999980330467224
full,mnli,n/a,15,up_proj,10,0.9999984502792358
full,mnli,n/a,15,up_proj,11,0.9999983310699463
full,mnli,n/a,15,up_proj,12,0.9999975562095642
full,mnli,n/a,15,up_proj,13,0.9999948740005493
full,mnli,n/a,15,up_proj,14,0.9999945163726807
full,mnli,n/a,15,up_proj,15,0.9999984502792358
full,mnli,n/a,15,up_proj,16,0.9999971985816956
full,mnli,n/a,15,up_proj,17,0.999997079372406
full,mnli,n/a,15,up_proj,18,0.9999902844429016
full,mnli,n/a,15,up_proj,19,0.9999898076057434
full,mnli,n/a,15,up_proj,20,0.9999974370002747
full,mnli,n/a,15,up_proj,21,0.9999968409538269
full,mnli,n/a,15,up_proj,22,0.9999968409538269
full,mnli,n/a,15,up_proj,23,0.9999974370002747
full,mnli,n/a,15,up_proj,24,0.9999902248382568
full,mnli,n/a,15,up_proj,25,0.9999901056289673
full,mnli,n/a,15,up_proj,26,0.9999863505363464
full,mnli,n/a,15,up_proj,27,0.9999895095825195
full,mnli,n/a,15,up_proj,28,0.9999945759773254
full,mnli,n/a,15,up_proj,29,0.9999952912330627
full,mnli,n/a,15,up_proj,30,0.9999959468841553
full,mnli,n/a,15,up_proj,31,0.9999900460243225
full,mnli,n/a,15,up_proj,32,0.9999898672103882
full,mnli,n/a,15,up_proj,33,0.9999905228614807
full,mnli,n/a,15,up_proj,34,0.9999938011169434
full,mnli,n/a,15,up_proj,35,0.9999921917915344
full,mnli,n/a,15,up_proj,36,0.9999884963035583
full,mnli,n/a,15,up_proj,37,0.9999862909317017
full,mnli,n/a,15,up_proj,38,0.9999947547912598
full,mnli,n/a,15,up_proj,39,0.9998754858970642
full,mnli,n/a,15,up_proj,40,0.9998750686645508
full,mnli,n/a,15,up_proj,41,0.9998351335525513
full,mnli,n/a,15,up_proj,42,0.999836802482605
full,mnli,n/a,15,up_proj,43,0.9999874234199524
full,mnli,n/a,15,up_proj,44,0.9999814629554749
full,mnli,n/a,15,up_proj,45,0.9999682307243347
full,mnli,n/a,15,up_proj,46,0.9999589920043945
full,mnli,n/a,15,up_proj,47,0.9999614953994751
full,mnli,n/a,15,up_proj,48,0.9999731183052063
full,mnli,n/a,15,up_proj,49,0.9999878406524658
full,mnli,n/a,15,up_proj,50,0.9999873638153076
full,mnli,n/a,15,down_proj,1,0.9999996423721313
full,mnli,n/a,15,down_proj,2,0.9999977350234985
full,mnli,n/a,15,down_proj,3,0.9999971985816956
full,mnli,n/a,15,down_proj,4,0.9999896883964539
full,mnli,n/a,15,down_proj,5,0.9999969005584717
full,mnli,n/a,15,down_proj,6,0.9999889731407166
full,mnli,n/a,15,down_proj,7,0.9999890923500061
full,mnli,n/a,15,down_proj,8,0.9999799728393555
full,mnli,n/a,15,down_proj,9,0.9999822974205017
full,mnli,n/a,15,down_proj,10,0.9999837279319763
full,mnli,n/a,15,down_proj,11,0.9999577403068542
full,mnli,n/a,15,down_proj,12,0.9996970295906067
full,mnli,n/a,15,down_proj,13,0.9999436736106873
full,mnli,n/a,15,down_proj,14,0.9996808767318726
full,mnli,n/a,15,down_proj,15,0.9999591708183289
full,mnli,n/a,15,down_proj,16,0.9998617172241211
full,mnli,n/a,15,down_proj,17,0.999884843826294
full,mnli,n/a,15,down_proj,18,0.9996196627616882
full,mnli,n/a,15,down_proj,19,0.9995676875114441
full,mnli,n/a,15,down_proj,20,0.9997425675392151
full,mnli,n/a,15,down_proj,21,0.9997177124023438
full,mnli,n/a,15,down_proj,22,0.9997877478599548
full,mnli,n/a,15,down_proj,23,0.9997786283493042
full,mnli,n/a,15,down_proj,24,0.9998590350151062
full,mnli,n/a,15,down_proj,25,0.9999109506607056
full,mnli,n/a,15,down_proj,26,0.9993842840194702
full,mnli,n/a,15,down_proj,27,0.9993656277656555
full,mnli,n/a,15,down_proj,28,0.9995157122612
full,mnli,n/a,15,down_proj,29,0.9995610117912292
full,mnli,n/a,15,down_proj,30,0.9998989701271057
full,mnli,n/a,15,down_proj,31,0.9998494386672974
full,mnli,n/a,15,down_proj,32,0.9998068809509277
full,mnli,n/a,15,down_proj,33,0.9998385906219482
full,mnli,n/a,15,down_proj,34,0.9997789859771729
full,mnli,n/a,15,down_proj,35,0.9997929334640503
full,mnli,n/a,15,down_proj,36,0.9996833205223083
full,mnli,n/a,15,down_proj,37,0.9996568560600281
full,mnli,n/a,15,down_proj,38,0.9998326301574707
full,mnli,n/a,15,down_proj,39,0.9967173337936401
full,mnli,n/a,15,down_proj,40,0.996505081653595
full,mnli,n/a,15,down_proj,41,0.9995037913322449
full,mnli,n/a,15,down_proj,42,0.9985960125923157
full,mnli,n/a,15,down_proj,43,0.9990938901901245
full,mnli,n/a,15,down_proj,44,0.9997937083244324
full,mnli,n/a,15,down_proj,45,0.9999232888221741
full,mnli,n/a,15,down_proj,46,0.9998396635055542
full,mnli,n/a,15,down_proj,47,0.9998273253440857
full,mnli,n/a,15,down_proj,48,0.9995970726013184
full,mnli,n/a,15,down_proj,49,0.999118447303772
full,mnli,n/a,15,down_proj,50,0.9992421865463257
full,qqp,n/a,0,q_proj,1,0.9999992251396179
full,qqp,n/a,0,q_proj,2,1.0000007152557373
full,qqp,n/a,0,q_proj,3,0.9999995827674866
full,qqp,n/a,0,q_proj,4,0.9999980330467224
full,qqp,n/a,0,q_proj,5,0.9999990463256836
full,qqp,n/a,0,q_proj,6,0.9999985098838806
full,qqp,n/a,0,q_proj,7,0.9999992251396179
full,qqp,n/a,0,q_proj,8,0.9999990463256836
full,qqp,n/a,0,q_proj,9,0.9999986886978149
full,qqp,n/a,0,q_proj,10,0.9999986290931702
full,qqp,n/a,0,q_proj,11,0.9999987483024597
full,qqp,n/a,0,q_proj,12,0.9999988079071045
full,qqp,n/a,0,q_proj,13,0.9999979734420776
full,qqp,n/a,0,q_proj,14,0.9999982714653015
full,qqp,n/a,0,q_proj,15,0.9999966025352478
full,qqp,n/a,0,q_proj,16,0.9999973177909851
full,qqp,n/a,0,q_proj,17,0.9999977946281433
full,qqp,n/a,0,q_proj,18,0.9999979734420776
full,qqp,n/a,0,q_proj,19,0.9999973773956299
full,qqp,n/a,0,q_proj,20,0.9999976754188538
full,qqp,n/a,0,q_proj,21,0.9999977946281433
full,qqp,n/a,0,q_proj,22,0.9999958276748657
full,qqp,n/a,0,q_proj,23,0.9999950528144836
full,qqp,n/a,0,q_proj,24,0.9999915957450867
full,qqp,n/a,0,q_proj,25,0.9999901056289673
full,qqp,n/a,0,q_proj,26,0.9999961853027344
full,qqp,n/a,0,q_proj,27,0.9999555945396423
full,qqp,n/a,0,q_proj,28,0.9999577403068542
full,qqp,n/a,0,q_proj,29,0.9999921321868896
full,qqp,n/a,0,q_proj,30,0.9999874830245972
full,qqp,n/a,0,q_proj,31,0.9999876618385315
full,qqp,n/a,0,q_proj,32,0.9999815821647644
full,qqp,n/a,0,q_proj,33,0.9999817609786987
full,qqp,n/a,0,q_proj,34,0.9999767541885376
full,qqp,n/a,0,q_proj,35,0.9999762177467346
full,qqp,n/a,0,q_proj,36,0.9999900460243225
full,qqp,n/a,0,q_proj,37,0.9999827742576599
full,qqp,n/a,0,q_proj,38,0.9999666213989258
full,qqp,n/a,0,q_proj,39,0.9999697804450989
full,qqp,n/a,0,q_proj,40,0.9999619126319885
full,qqp,n/a,0,q_proj,41,0.999994158744812
full,qqp,n/a,0,q_proj,42,0.9997687339782715
full,qqp,n/a,0,q_proj,43,0.9997738003730774
full,qqp,n/a,0,q_proj,44,0.9999793171882629
full,qqp,n/a,0,q_proj,45,0.9999845027923584
full,qqp,n/a,0,q_proj,46,0.9999793171882629
full,qqp,n/a,0,q_proj,47,0.9998666048049927
full,qqp,n/a,0,q_proj,48,0.99986732006073
full,qqp,n/a,0,q_proj,49,0.9999876022338867
full,qqp,n/a,0,q_proj,50,0.9999688267707825
full,qqp,n/a,0,v_proj,1,0.9999517202377319
full,qqp,n/a,0,v_proj,2,0.9996601939201355
full,qqp,n/a,0,v_proj,3,0.9998494386672974
full,qqp,n/a,0,v_proj,4,0.99979567527771
full,qqp,n/a,0,v_proj,5,0.9997708797454834
full,qqp,n/a,0,v_proj,6,0.9996720552444458
full,qqp,n/a,0,v_proj,7,0.999536395072937
full,qqp,n/a,0,v_proj,8,0.9982801079750061
full,qqp,n/a,0,v_proj,9,0.9983569383621216
full,qqp,n/a,0,v_proj,10,0.9992014169692993
full,qqp,n/a,0,v_proj,11,0.9987677335739136
full,qqp,n/a,0,v_proj,12,0.9976998567581177
full,qqp,n/a,0,v_proj,13,0.9978892803192139
full,qqp,n/a,0,v_proj,14,0.9986518621444702
full,qqp,n/a,0,v_proj,15,0.9972270727157593
full,qqp,n/a,0,v_proj,16,0.9981991052627563
full,qqp,n/a,0,v_proj,17,0.9962103366851807
full,qqp,n/a,0,v_proj,18,0.9928137063980103
full,qqp,n/a,0,v_proj,19,0.9935230016708374
full,qqp,n/a,0,v_proj,20,0.9977272748947144
full,qqp,n/a,0,v_proj,21,0.9929671287536621
full,qqp,n/a,0,v_proj,22,0.9837130308151245
full,qqp,n/a,0,v_proj,23,0.9879354238510132
full,qqp,n/a,0,v_proj,24,0.9978045225143433
full,qqp,n/a,0,v_proj,25,0.9971507787704468
full,qqp,n/a,0,v_proj,26,0.9953548908233643
full,qqp,n/a,0,v_proj,27,0.9915087223052979
full,qqp,n/a,0,v_proj,28,0.9934234619140625
full,qqp,n/a,0,v_proj,29,0.9956453442573547
full,qqp,n/a,0,v_proj,30,0.9959756731987
full,qqp,n/a,0,v_proj,31,0.9799677133560181
full,qqp,n/a,0,v_proj,32,0.9930635690689087
full,qqp,n/a,0,v_proj,33,0.9804866313934326
full,qqp,n/a,0,v_proj,34,0.9949508905410767
full,qqp,n/a,0,v_proj,35,0.990869402885437
full,qqp,n/a,0,v_proj,36,0.987379789352417
full,qqp,n/a,0,v_proj,37,0.9960511922836304
full,qqp,n/a,0,v_proj,38,0.9961694478988647
full,qqp,n/a,0,v_proj,39,0.9923580884933472
full,qqp,n/a,0,v_proj,40,0.9661393165588379
full,qqp,n/a,0,v_proj,41,0.9461020231246948
full,qqp,n/a,0,v_proj,42,0.9669564366340637
full,qqp,n/a,0,v_proj,43,0.9813551306724548
full,qqp,n/a,0,v_proj,44,0.9730116128921509
full,qqp,n/a,0,v_proj,45,0.9870094656944275
full,qqp,n/a,0,v_proj,46,0.9741746187210083
full,qqp,n/a,0,v_proj,47,0.9799384474754333
full,qqp,n/a,0,v_proj,48,0.9921889901161194
full,qqp,n/a,0,v_proj,49,0.9893225431442261
full,qqp,n/a,0,v_proj,50,0.9583640098571777
full,qqp,n/a,0,up_proj,1,0.999970555305481
full,qqp,n/a,0,up_proj,2,0.9999713897705078
full,qqp,n/a,0,up_proj,3,0.9999780654907227
full,qqp,n/a,0,up_proj,4,0.99996417760849
full,qqp,n/a,0,up_proj,5,0.9999213218688965
full,qqp,n/a,0,up_proj,6,0.9998559951782227
full,qqp,n/a,0,up_proj,7,0.9998480081558228
full,qqp,n/a,0,up_proj,8,0.9998587965965271
full,qqp,n/a,0,up_proj,9,0.9997913837432861
full,qqp,n/a,0,up_proj,10,0.9997943043708801
full,qqp,n/a,0,up_proj,11,0.998456597328186
full,qqp,n/a,0,up_proj,12,0.9984296560287476
full,qqp,n/a,0,up_proj,13,0.9996165037155151
full,qqp,n/a,0,up_proj,14,0.9997540712356567
full,qqp,n/a,0,up_proj,15,0.999503493309021
full,qqp,n/a,0,up_proj,16,0.9998437166213989
full,qqp,n/a,0,up_proj,17,0.9996283650398254
full,qqp,n/a,0,up_proj,18,0.9995722770690918
full,qqp,n/a,0,up_proj,19,0.9993124008178711
full,qqp,n/a,0,up_proj,20,0.999211847782135
full,qqp,n/a,0,up_proj,21,0.9998180866241455
full,qqp,n/a,0,up_proj,22,0.9998407959938049
full,qqp,n/a,0,up_proj,23,0.9998555779457092
full,qqp,n/a,0,up_proj,24,0.9999096393585205
full,qqp,n/a,0,up_proj,25,0.9999149441719055
full,qqp,n/a,0,up_proj,26,0.9997437596321106
full,qqp,n/a,0,up_proj,27,0.9987990260124207
full,qqp,n/a,0,up_proj,28,0.9987009763717651
full,qqp,n/a,0,up_proj,29,0.9997527599334717
full,qqp,n/a,0,up_proj,30,0.9997648000717163
full,qqp,n/a,0,up_proj,31,0.999846875667572
full,qqp,n/a,0,up_proj,32,0.9998450875282288
full,qqp,n/a,0,up_proj,33,0.9998628497123718
full,qqp,n/a,0,up_proj,34,0.999870240688324
full,qqp,n/a,0,up_proj,35,0.9998647570610046
full,qqp,n/a,0,up_proj,36,0.999852180480957
full,qqp,n/a,0,up_proj,37,0.998108983039856
full,qqp,n/a,0,up_proj,38,0.9981421828269958
full,qqp,n/a,0,up_proj,39,0.9997600317001343
full,qqp,n/a,0,up_proj,40,0.999534010887146
full,qqp,n/a,0,up_proj,41,0.9996263980865479
full,qqp,n/a,0,up_proj,42,0.9995023608207703
full,qqp,n/a,0,up_proj,43,0.9997119307518005
full,qqp,n/a,0,up_proj,44,0.9998264312744141
full,qqp,n/a,0,up_proj,45,0.9997206330299377
full,qqp,n/a,0,up_proj,46,0.9997691512107849
full,qqp,n/a,0,up_proj,47,0.9997398257255554
full,qqp,n/a,0,up_proj,48,0.9972131252288818
full,qqp,n/a,0,up_proj,49,0.995756983757019
full,qqp,n/a,0,up_proj,50,0.9981565475463867
full,qqp,n/a,0,down_proj,1,0.999996542930603
full,qqp,n/a,0,down_proj,2,0.9999942183494568
full,qqp,n/a,0,down_proj,3,0.9999920725822449
full,qqp,n/a,0,down_proj,4,0.9999904036521912
full,qqp,n/a,0,down_proj,5,0.9999879002571106
full,qqp,n/a,0,down_proj,6,0.9999693036079407
full,qqp,n/a,0,down_proj,7,0.9999651312828064
full,qqp,n/a,0,down_proj,8,0.9999728202819824
full,qqp,n/a,0,down_proj,9,0.9999610185623169
full,qqp,n/a,0,down_proj,10,0.9999027848243713
full,qqp,n/a,0,down_proj,11,0.9998992085456848
full,qqp,n/a,0,down_proj,12,0.9999237060546875
full,qqp,n/a,0,down_proj,13,0.999947190284729
full,qqp,n/a,0,down_proj,14,0.9998844861984253
full,qqp,n/a,0,down_proj,15,0.9999160170555115
full,qqp,n/a,0,down_proj,16,0.9999282956123352
full,qqp,n/a,0,down_proj,17,0.9993224740028381
full,qqp,n/a,0,down_proj,18,0.9993140697479248
full,qqp,n/a,0,down_proj,19,0.9996562600135803
full,qqp,n/a,0,down_proj,20,0.983747661113739
full,qqp,n/a,0,down_proj,21,0.9838812351226807
full,qqp,n/a,0,down_proj,22,0.9998326301574707
full,qqp,n/a,0,down_proj,23,0.9996675848960876
full,qqp,n/a,0,down_proj,24,0.9998788833618164
full,qqp,n/a,0,down_proj,25,0.9998279809951782
full,qqp,n/a,0,down_proj,26,0.999627947807312
full,qqp,n/a,0,down_proj,27,0.9997173547744751
full,qqp,n/a,0,down_proj,28,0.999650239944458
full,qqp,n/a,0,down_proj,29,0.9995975494384766
full,qqp,n/a,0,down_proj,30,0.999482274055481
full,qqp,n/a,0,down_proj,31,0.9996959567070007
full,qqp,n/a,0,down_proj,32,0.9996827244758606
full,qqp,n/a,0,down_proj,33,0.9994605779647827
full,qqp,n/a,0,down_proj,34,0.9991649985313416
full,qqp,n/a,0,down_proj,35,0.9993677139282227
full,qqp,n/a,0,down_proj,36,0.999358057975769
full,qqp,n/a,0,down_proj,37,0.9993000030517578
full,qqp,n/a,0,down_proj,38,0.9997966289520264
full,qqp,n/a,0,down_proj,39,0.9997706413269043
full,qqp,n/a,0,down_proj,40,0.999081015586853
full,qqp,n/a,0,down_proj,41,0.9991579651832581
full,qqp,n/a,0,down_proj,42,0.9809108972549438
full,qqp,n/a,0,down_proj,43,0.9809613227844238
full,qqp,n/a,0,down_proj,44,0.9954224824905396
full,qqp,n/a,0,down_proj,45,0.9950333833694458
full,qqp,n/a,0,down_proj,46,0.999354362487793
full,qqp,n/a,0,down_proj,47,0.999353289604187
full,qqp,n/a,0,down_proj,48,0.9991616010665894
full,qqp,n/a,0,down_proj,49,0.9991782903671265
full,qqp,n/a,0,down_proj,50,0.9992486238479614
full,qqp,n/a,8,q_proj,1,0.9999963641166687
full,qqp,n/a,8,q_proj,2,0.9999973773956299
full,qqp,n/a,8,q_proj,3,0.999998152256012
full,qqp,n/a,8,q_proj,4,0.9999940395355225
full,qqp,n/a,8,q_proj,5,0.999992847442627
full,qqp,n/a,8,q_proj,6,0.9999945759773254
full,qqp,n/a,8,q_proj,7,0.9999852180480957
full,qqp,n/a,8,q_proj,8,0.9999178647994995
full,qqp,n/a,8,q_proj,9,0.9999240636825562
full,qqp,n/a,8,q_proj,10,0.9999913573265076
full,qqp,n/a,8,q_proj,11,0.9999953508377075
full,qqp,n/a,8,q_proj,12,0.999994695186615
full,qqp,n/a,8,q_proj,13,0.9999718070030212
full,qqp,n/a,8,q_proj,14,0.999987006187439
full,qqp,n/a,8,q_proj,15,0.9999178647994995
full,qqp,n/a,8,q_proj,16,0.9998818635940552
full,qqp,n/a,8,q_proj,17,0.9999604225158691
full,qqp,n/a,8,q_proj,18,0.9999853372573853
full,qqp,n/a,8,q_proj,19,0.9999832510948181
full,qqp,n/a,8,q_proj,20,0.9999935030937195
full,qqp,n/a,8,q_proj,21,0.9999921321868896
full,qqp,n/a,8,q_proj,22,0.9999824166297913
full,qqp,n/a,8,q_proj,23,0.9999772310256958
full,qqp,n/a,8,q_proj,24,0.999983549118042
full,qqp,n/a,8,q_proj,25,0.9999791383743286
full,qqp,n/a,8,q_proj,26,0.9999950528144836
full,qqp,n/a,8,q_proj,27,0.9999812245368958
full,qqp,n/a,8,q_proj,28,0.9999851584434509
full,qqp,n/a,8,q_proj,29,0.9998742938041687
full,qqp,n/a,8,q_proj,30,0.9998770356178284
full,qqp,n/a,8,q_proj,31,0.9999611377716064
full,qqp,n/a,8,q_proj,32,0.9999703168869019
full,qqp,n/a,8,q_proj,33,0.9999783635139465
full,qqp,n/a,8,q_proj,34,0.9999714493751526
full,qqp,n/a,8,q_proj,35,0.9999697208404541
full,qqp,n/a,8,q_proj,36,0.9999770522117615
full,qqp,n/a,8,q_proj,37,0.9999216794967651
full,qqp,n/a,8,q_proj,38,0.9997802376747131
full,qqp,n/a,8,q_proj,39,0.9997634291648865
full,qqp,n/a,8,q_proj,40,0.9999535083770752
full,qqp,n/a,8,q_proj,41,0.9999749660491943
full,qqp,n/a,8,q_proj,42,0.999971330165863
full,qqp,n/a,8,q_proj,43,0.9999836683273315
full,qqp,n/a,8,q_proj,44,0.999987781047821
full,qqp,n/a,8,q_proj,45,0.9999754428863525
full,qqp,n/a,8,q_proj,46,0.9999621510505676
full,qqp,n/a,8,q_proj,47,0.999954342842102
full,qqp,n/a,8,q_proj,48,0.9999517798423767
full,qqp,n/a,8,q_proj,49,0.999982476234436
full,qqp,n/a,8,q_proj,50,0.9999464750289917
full,qqp,n/a,8,v_proj,1,0.9992728233337402
full,qqp,n/a,8,v_proj,2,0.999306857585907
full,qqp,n/a,8,v_proj,3,0.9996333718299866
full,qqp,n/a,8,v_proj,4,0.9987901449203491
full,qqp,n/a,8,v_proj,5,0.9995661377906799
full,qqp,n/a,8,v_proj,6,0.9971146583557129
full,qqp,n/a,8,v_proj,7,0.9983069896697998
full,qqp,n/a,8,v_proj,8,0.9989975690841675
full,qqp,n/a,8,v_proj,9,0.9981940984725952
full,qqp,n/a,8,v_proj,10,0.9800854325294495
full,qqp,n/a,8,v_proj,11,0.9772249460220337
full,qqp,n/a,8,v_proj,12,0.9936864972114563
full,qqp,n/a,8,v_proj,13,0.993022084236145
full,qqp,n/a,8,v_proj,14,0.9956998825073242
full,qqp,n/a,8,v_proj,15,0.9983577728271484
full,qqp,n/a,8,v_proj,16,0.9947409629821777
full,qqp,n/a,8,v_proj,17,0.9943933486938477
full,qqp,n/a,8,v_proj,18,0.994807243347168
full,qqp,n/a,8,v_proj,19,0.9950835704803467
full,qqp,n/a,8,v_proj,20,0.9978559017181396
full,qqp,n/a,8,v_proj,21,0.9910143613815308
full,qqp,n/a,8,v_proj,22,0.9947562217712402
full,qqp,n/a,8,v_proj,23,0.9913564920425415
full,qqp,n/a,8,v_proj,24,0.997952401638031
full,qqp,n/a,8,v_proj,25,0.998319149017334
full,qqp,n/a,8,v_proj,26,0.996697723865509
full,qqp,n/a,8,v_proj,27,0.9904701709747314
full,qqp,n/a,8,v_proj,28,0.9883845448493958
full,qqp,n/a,8,v_proj,29,0.9881231188774109
full,qqp,n/a,8,v_proj,30,0.9890832304954529
full,qqp,n/a,8,v_proj,31,0.9957018494606018
full,qqp,n/a,8,v_proj,32,0.9952505826950073
full,qqp,n/a,8,v_proj,33,0.9985148906707764
full,qqp,n/a,8,v_proj,34,0.9981598854064941
full,qqp,n/a,8,v_proj,35,0.9864572286605835
full,qqp,n/a,8,v_proj,36,0.9862020015716553
full,qqp,n/a,8,v_proj,37,0.9957797527313232
full,qqp,n/a,8,v_proj,38,0.9946674704551697
full,qqp,n/a,8,v_proj,39,0.9913520812988281
full,qqp,n/a,8,v_proj,40,0.998475193977356
full,qqp,n/a,8,v_proj,41,0.9951525926589966
full,qqp,n/a,8,v_proj,42,0.9948402643203735
full,qqp,n/a,8,v_proj,43,0.9942058324813843
full,qqp,n/a,8,v_proj,44,0.9971423149108887
full,qqp,n/a,8,v_proj,45,0.9962893724441528
full,qqp,n/a,8,v_proj,46,0.9933002591133118
full,qqp,n/a,8,v_proj,47,0.9955077171325684
full,qqp,n/a,8,v_proj,48,0.9885382056236267
full,qqp,n/a,8,v_proj,49,0.8123270273208618
full,qqp,n/a,8,v_proj,50,0.8153210878372192
full,qqp,n/a,8,up_proj,1,0.9999912977218628
full,qqp,n/a,8,up_proj,2,0.9999777674674988
full,qqp,n/a,8,up_proj,3,0.9999715685844421
full,qqp,n/a,8,up_proj,4,0.9999805688858032
full,qqp,n/a,8,up_proj,5,0.9999696612358093
full,qqp,n/a,8,up_proj,6,0.9999548196792603
full,qqp,n/a,8,up_proj,7,0.9999513626098633
full,qqp,n/a,8,up_proj,8,0.9999352097511292
full,qqp,n/a,8,up_proj,9,0.9999399781227112
full,qqp,n/a,8,up_proj,10,0.9999430775642395
full,qqp,n/a,8,up_proj,11,0.9999616146087646
full,qqp,n/a,8,up_proj,12,0.9999512434005737
full,qqp,n/a,8,up_proj,13,0.9983070492744446
full,qqp,n/a,8,up_proj,14,0.9983280897140503
full,qqp,n/a,8,up_proj,15,0.9998927116394043
full,qqp,n/a,8,up_proj,16,0.9999162554740906
full,qqp,n/a,8,up_proj,17,0.9999449253082275
full,qqp,n/a,8,up_proj,18,0.9998838901519775
full,qqp,n/a,8,up_proj,19,0.9999269843101501
full,qqp,n/a,8,up_proj,20,0.9998338222503662
full,qqp,n/a,8,up_proj,21,0.9998542666435242
full,qqp,n/a,8,up_proj,22,0.9998657703399658
full,qqp,n/a,8,up_proj,23,0.9910262823104858
full,qqp,n/a,8,up_proj,24,0.9909811615943909
full,qqp,n/a,8,up_proj,25,0.9998441934585571
full,qqp,n/a,8,up_proj,26,0.999746561050415
full,qqp,n/a,8,up_proj,27,0.9998132586479187
full,qqp,n/a,8,up_proj,28,0.9998131990432739
full,qqp,n/a,8,up_proj,29,0.9994385242462158
full,qqp,n/a,8,up_proj,30,0.9994364976882935
full,qqp,n/a,8,up_proj,31,0.9990650415420532
full,qqp,n/a,8,up_proj,32,0.996482253074646
full,qqp,n/a,8,up_proj,33,0.9952039122581482
full,qqp,n/a,8,up_proj,34,0.9983465075492859
full,qqp,n/a,8,up_proj,35,0.9996379613876343
full,qqp,n/a,8,up_proj,36,0.9995265603065491
full,qqp,n/a,8,up_proj,37,0.9998765587806702
full,qqp,n/a,8,up_proj,38,0.9995851516723633
full,qqp,n/a,8,up_proj,39,0.9957869648933411
full,qqp,n/a,8,up_proj,40,0.9957690834999084
full,qqp,n/a,8,up_proj,41,0.9998005628585815
full,qqp,n/a,8,up_proj,42,0.9996315836906433
full,qqp,n/a,8,up_proj,43,0.9996277689933777
full,qqp,n/a,8,up_proj,44,0.9997290372848511
full,qqp,n/a,8,up_proj,45,0.999729573726654
full,qqp,n/a,8,up_proj,46,0.99979168176651
full,qqp,n/a,8,up_proj,47,0.999626874923706
full,qqp,n/a,8,up_proj,48,0.9992908835411072
full,qqp,n/a,8,up_proj,49,0.9973737001419067
full,qqp,n/a,8,up_proj,50,0.997062087059021
full,qqp,n/a,8,down_proj,1,0.999999463558197
full,qqp,n/a,8,down_proj,2,0.9999974370002747
full,qqp,n/a,8,down_proj,3,0.9999983310699463
full,qqp,n/a,8,down_proj,4,0.9999967813491821
full,qqp,n/a,8,down_proj,5,0.9999754428863525
full,qqp,n/a,8,down_proj,6,0.9999746084213257
full,qqp,n/a,8,down_proj,7,0.9999945759773254
full,qqp,n/a,8,down_proj,8,0.9999927878379822
full,qqp,n/a,8,down_proj,9,0.9999932646751404
full,qqp,n/a,8,down_proj,10,0.99997478723526
full,qqp,n/a,8,down_proj,11,0.9999420642852783
full,qqp,n/a,8,down_proj,12,0.9999540448188782
full,qqp,n/a,8,down_proj,13,0.9999675750732422
full,qqp,n/a,8,down_proj,14,0.9999765753746033
full,qqp,n/a,8,down_proj,15,0.9999828338623047
full,qqp,n/a,8,down_proj,16,0.9999688267707825
full,qqp,n/a,8,down_proj,17,0.9999671578407288
full,qqp,n/a,8,down_proj,18,0.9999657273292542
full,qqp,n/a,8,down_proj,19,0.999522864818573
full,qqp,n/a,8,down_proj,20,0.9994418621063232
full,qqp,n/a,8,down_proj,21,0.9998517036437988
full,qqp,n/a,8,down_proj,22,0.9999520182609558
full,qqp,n/a,8,down_proj,23,0.9999500513076782
full,qqp,n/a,8,down_proj,24,0.9999715089797974
full,qqp,n/a,8,down_proj,25,0.9998869299888611
full,qqp,n/a,8,down_proj,26,0.9995630979537964
full,qqp,n/a,8,down_proj,27,0.9995919466018677
full,qqp,n/a,8,down_proj,28,0.9999302625656128
full,qqp,n/a,8,down_proj,29,0.9999138712882996
full,qqp,n/a,8,down_proj,30,0.9999001622200012
full,qqp,n/a,8,down_proj,31,0.9998558759689331
full,qqp,n/a,8,down_proj,32,0.9999041557312012
full,qqp,n/a,8,down_proj,33,0.9993549585342407
full,qqp,n/a,8,down_proj,34,0.9993159770965576
full,qqp,n/a,8,down_proj,35,0.9999303221702576
full,qqp,n/a,8,down_proj,36,0.9998641610145569
full,qqp,n/a,8,down_proj,37,0.9998576641082764
full,qqp,n/a,8,down_proj,38,0.9999103546142578
full,qqp,n/a,8,down_proj,39,0.9996870756149292
full,qqp,n/a,8,down_proj,40,0.9996741414070129
full,qqp,n/a,8,down_proj,41,0.9983828067779541
full,qqp,n/a,8,down_proj,42,0.9983880519866943
full,qqp,n/a,8,down_proj,43,0.9998971223831177
full,qqp,n/a,8,down_proj,44,0.9999241232872009
full,qqp,n/a,8,down_proj,45,0.9998984932899475
full,qqp,n/a,8,down_proj,46,0.9997196793556213
full,qqp,n/a,8,down_proj,47,0.9998653531074524
full,qqp,n/a,8,down_proj,48,0.9997174143791199
full,qqp,n/a,8,down_proj,49,0.999894380569458
full,qqp,n/a,8,down_proj,50,0.999541163444519
full,qqp,n/a,15,q_proj,1,0.9999997019767761
full,qqp,n/a,15,q_proj,2,0.9999992847442627
full,qqp,n/a,15,q_proj,3,0.9999990463256836
full,qqp,n/a,15,q_proj,4,0.9999833703041077
full,qqp,n/a,15,q_proj,5,0.9999853372573853
full,qqp,n/a,15,q_proj,6,0.9999960660934448
full,qqp,n/a,15,q_proj,7,0.9999958276748657
full,qqp,n/a,15,q_proj,8,0.9999960064888
full,qqp,n/a,15,q_proj,9,0.9999971985816956
full,qqp,n/a,15,q_proj,10,0.999997615814209
full,qqp,n/a,15,q_proj,11,0.9999967217445374
full,qqp,n/a,15,q_proj,12,0.9999979138374329
full,qqp,n/a,15,q_proj,13,0.9999982714653015
full,qqp,n/a,15,q_proj,14,0.9999986886978149
full,qqp,n/a,15,q_proj,15,0.9999983310699463
full,qqp,n/a,15,q_proj,16,0.999998152256012
full,qqp,n/a,15,q_proj,17,0.9999978542327881
full,qqp,n/a,15,q_proj,18,0.9999972581863403
full,qqp,n/a,15,q_proj,19,0.9999972581863403
full,qqp,n/a,15,q_proj,20,0.9999966025352478
full,qqp,n/a,15,q_proj,21,0.9999964237213135
full,qqp,n/a,15,q_proj,22,0.9999958276748657
full,qqp,n/a,15,q_proj,23,0.9999957084655762
full,qqp,n/a,15,q_proj,24,0.9999986886978149
full,qqp,n/a,15,q_proj,25,0.9999968409538269
full,qqp,n/a,15,q_proj,26,0.9999983310699463
full,qqp,n/a,15,q_proj,27,0.9999963045120239
full,qqp,n/a,15,q_proj,28,0.9999936819076538
full,qqp,n/a,15,q_proj,29,0.9999935626983643
full,qqp,n/a,15,q_proj,30,0.999995768070221
full,qqp,n/a,15,q_proj,31,0.9999901652336121
full,qqp,n/a,15,q_proj,32,0.999990701675415
full,qqp,n/a,15,q_proj,33,0.9999879598617554
full,qqp,n/a,15,q_proj,34,0.9999814033508301
full,qqp,n/a,15,q_proj,35,0.9999841451644897
full,qqp,n/a,15,q_proj,36,0.9999924898147583
full,qqp,n/a,15,q_proj,37,0.9999919533729553
full,qqp,n/a,15,q_proj,38,0.9999973177909851
full,qqp,n/a,15,q_proj,39,0.9999968409538269
full,qqp,n/a,15,q_proj,40,0.9999935030937195
full,qqp,n/a,15,q_proj,41,0.9999938011169434
full,qqp,n/a,15,q_proj,42,0.9999958872795105
full,qqp,n/a,15,q_proj,43,0.9999948740005493
full,qqp,n/a,15,q_proj,44,0.9999588131904602
full,qqp,n/a,15,q_proj,45,0.999956488609314
full,qqp,n/a,15,q_proj,46,0.9999943971633911
full,qqp,n/a,15,q_proj,47,0.9999946355819702
full,qqp,n/a,15,q_proj,48,0.9999943971633911
full,qqp,n/a,15,q_proj,49,0.9999884963035583
full,qqp,n/a,15,q_proj,50,0.9996363520622253
full,qqp,n/a,15,v_proj,1,0.9999956488609314
full,qqp,n/a,15,v_proj,2,0.9999730587005615
full,qqp,n/a,15,v_proj,3,0.9999764561653137
full,qqp,n/a,15,v_proj,4,0.999990701675415
full,qqp,n/a,15,v_proj,5,0.9999858140945435
full,qqp,n/a,15,v_proj,6,0.9999812245368958
full,qqp,n/a,15,v_proj,7,0.9999915361404419
full,qqp,n/a,15,v_proj,8,0.9999934434890747
full,qqp,n/a,15,v_proj,9,0.9999903440475464
full,qqp,n/a,15,v_proj,10,0.9999415874481201
full,qqp,n/a,15,v_proj,11,0.9999379515647888
full,qqp,n/a,15,v_proj,12,0.9999774694442749
full,qqp,n/a,15,v_proj,13,0.9999682903289795
full,qqp,n/a,15,v_proj,14,0.9999498128890991
full,qqp,n/a,15,v_proj,15,0.9999620318412781
full,qqp,n/a,15,v_proj,16,0.9999507665634155
full,qqp,n/a,15,v_proj,17,0.9999574422836304
full,qqp,n/a,15,v_proj,18,0.9999736547470093
full,qqp,n/a,15,v_proj,19,0.9999226331710815
full,qqp,n/a,15,v_proj,20,0.9999492168426514
full,qqp,n/a,15,v_proj,21,0.9999607801437378
full,qqp,n/a,15,v_proj,22,0.9999746084213257
full,qqp,n/a,15,v_proj,23,0.9999642372131348
full,qqp,n/a,15,v_proj,24,0.9999865293502808
full,qqp,n/a,15,v_proj,25,0.9999463558197021
full,qqp,n/a,15,v_proj,26,0.9999167919158936
full,qqp,n/a,15,v_proj,27,0.9999569654464722
full,qqp,n/a,15,v_proj,28,0.9999321103096008
full,qqp,n/a,15,v_proj,29,0.9999657869338989
full,qqp,n/a,15,v_proj,30,0.9999483823776245
full,qqp,n/a,15,v_proj,31,0.9999552965164185
full,qqp,n/a,15,v_proj,32,0.9999752640724182
full,qqp,n/a,15,v_proj,33,0.9999241828918457
full,qqp,n/a,15,v_proj,34,0.9997751712799072
full,qqp,n/a,15,v_proj,35,0.9998087882995605
full,qqp,n/a,15,v_proj,36,0.9984716176986694
full,qqp,n/a,15,v_proj,37,0.9985036849975586
full,qqp,n/a,15,v_proj,38,0.9999277591705322
full,qqp,n/a,15,v_proj,39,0.9996750354766846
full,qqp,n/a,15,v_proj,40,0.9996758103370667
full,qqp,n/a,15,v_proj,41,0.9999387860298157
full,qqp,n/a,15,v_proj,42,0.9999426603317261
full,qqp,n/a,15,v_proj,43,0.9997329711914062
full,qqp,n/a,15,v_proj,44,0.9997332692146301
full,qqp,n/a,15,v_proj,45,0.9999276399612427
full,qqp,n/a,15,v_proj,46,0.9999579191207886
full,qqp,n/a,15,v_proj,47,0.9999059438705444
full,qqp,n/a,15,v_proj,48,0.9999558925628662
full,qqp,n/a,15,v_proj,49,0.9999639987945557
full,qqp,n/a,15,v_proj,50,0.9999861717224121
full,qqp,n/a,15,up_proj,1,0.999999463558197
full,qqp,n/a,15,up_proj,2,1.0000004768371582
full,qqp,n/a,15,up_proj,3,0.9999989867210388
full,qqp,n/a,15,up_proj,4,0.999998152256012
full,qqp,n/a,15,up_proj,5,0.9999979138374329
full,qqp,n/a,15,up_proj,6,0.9999973773956299
full,qqp,n/a,15,up_proj,7,0.9999960660934448
full,qqp,n/a,15,up_proj,8,0.9999960660934448
full,qqp,n/a,15,up_proj,9,0.9999969601631165
full,qqp,n/a,15,up_proj,10,0.9999979734420776
full,qqp,n/a,15,up_proj,11,0.999997615814209
full,qqp,n/a,15,up_proj,12,0.9999963045120239
full,qqp,n/a,15,up_proj,13,0.9999890923500061
full,qqp,n/a,15,up_proj,14,0.9999892711639404
full,qqp,n/a,15,up_proj,15,0.9999966621398926
full,qqp,n/a,15,up_proj,16,0.9999929666519165
full,qqp,n/a,15,up_proj,17,0.9999936819076538
full,qqp,n/a,15,up_proj,18,0.9999865293502808
full,qqp,n/a,15,up_proj,19,0.9999802112579346
full,qqp,n/a,15,up_proj,20,0.9999879598617554
full,qqp,n/a,15,up_proj,21,0.9999943971633911
full,qqp,n/a,15,up_proj,22,0.9999948740005493
full,qqp,n/a,15,up_proj,23,0.9999952912330627
full,qqp,n/a,15,up_proj,24,0.9999935626983643
full,qqp,n/a,15,up_proj,25,0.9999929666519165
full,qqp,n/a,15,up_proj,26,0.9999821186065674
full,qqp,n/a,15,up_proj,27,0.999985933303833
full,qqp,n/a,15,up_proj,28,0.9999911189079285
full,qqp,n/a,15,up_proj,29,0.9999933838844299
full,qqp,n/a,15,up_proj,30,0.9999896883964539
full,qqp,n/a,15,up_proj,31,0.9999900460243225
full,qqp,n/a,15,up_proj,32,0.9999884366989136
full,qqp,n/a,15,up_proj,33,0.9999825954437256
full,qqp,n/a,15,up_proj,34,0.9999873042106628
full,qqp,n/a,15,up_proj,35,0.9999783039093018
full,qqp,n/a,15,up_proj,36,0.9999796152114868
full,qqp,n/a,15,up_proj,37,0.9999774694442749
full,qqp,n/a,15,up_proj,38,0.9999850988388062
full,qqp,n/a,15,up_proj,39,0.999954879283905
full,qqp,n/a,15,up_proj,40,0.9999464750289917
full,qqp,n/a,15,up_proj,41,0.9999322891235352
full,qqp,n/a,15,up_proj,42,0.9998970031738281
full,qqp,n/a,15,up_proj,43,0.9999487400054932
full,qqp,n/a,15,up_proj,44,0.9999709129333496
full,qqp,n/a,15,up_proj,45,0.999919593334198
full,qqp,n/a,15,up_proj,46,0.9999216198921204
full,qqp,n/a,15,up_proj,47,0.999902606010437
full,qqp,n/a,15,up_proj,48,0.9999197125434875
full,qqp,n/a,15,up_proj,49,0.9999768733978271
full,qqp,n/a,15,up_proj,50,0.9999791383743286
full,qqp,n/a,15,down_proj,1,0.9999982118606567
full,qqp,n/a,15,down_proj,2,0.9999954104423523
full,qqp,n/a,15,down_proj,3,0.9999948143959045
full,qqp,n/a,15,down_proj,4,0.999979555606842
full,qqp,n/a,15,down_proj,5,0.9999938011169434
full,qqp,n/a,15,down_proj,6,0.9999844431877136
full,qqp,n/a,15,down_proj,7,0.9999788403511047
full,qqp,n/a,15,down_proj,8,0.999972403049469
full,qqp,n/a,15,down_proj,9,0.9999735355377197
full,qqp,n/a,15,down_proj,10,0.9999744892120361
full,qqp,n/a,15,down_proj,11,0.9999097585678101
full,qqp,n/a,15,down_proj,12,0.9996960759162903
full,qqp,n/a,15,down_proj,13,0.9997944235801697
full,qqp,n/a,15,down_proj,14,0.9995743632316589
full,qqp,n/a,15,down_proj,15,0.9999407529830933
full,qqp,n/a,15,down_proj,16,0.9998027086257935
full,qqp,n/a,15,down_proj,17,0.9998126029968262
full,qqp,n/a,15,down_proj,18,0.9990009665489197
full,qqp,n/a,15,down_proj,19,0.998930037021637
full,qqp,n/a,15,down_proj,20,0.9999276995658875
full,qqp,n/a,15,down_proj,21,0.9998973608016968
full,qqp,n/a,15,down_proj,22,0.9998403191566467
full,qqp,n/a,15,down_proj,23,0.9997971653938293
full,qqp,n/a,15,down_proj,24,0.9998149871826172
full,qqp,n/a,15,down_proj,25,0.9998090267181396
full,qqp,n/a,15,down_proj,26,0.9995107054710388
full,qqp,n/a,15,down_proj,27,0.9993449449539185
full,qqp,n/a,15,down_proj,28,0.9996746778488159
full,qqp,n/a,15,down_proj,29,0.9996843934059143
full,qqp,n/a,15,down_proj,30,0.999581515789032
full,qqp,n/a,15,down_proj,31,0.999587893486023
full,qqp,n/a,15,down_proj,32,0.9998787641525269
full,qqp,n/a,15,down_proj,33,0.9997479915618896
full,qqp,n/a,15,down_proj,34,0.9997112154960632
full,qqp,n/a,15,down_proj,35,0.999691367149353
full,qqp,n/a,15,down_proj,36,0.9997246265411377
full,qqp,n/a,15,down_proj,37,0.9997116327285767
full,qqp,n/a,15,down_proj,38,0.9997466802597046
full,qqp,n/a,15,down_proj,39,0.9977173805236816
full,qqp,n/a,15,down_proj,40,0.9968398809432983
full,qqp,n/a,15,down_proj,41,0.9985871315002441
full,qqp,n/a,15,down_proj,42,0.9984254837036133
full,qqp,n/a,15,down_proj,43,0.9997646808624268
full,qqp,n/a,15,down_proj,44,0.9992225766181946
full,qqp,n/a,15,down_proj,45,0.9997923374176025
full,qqp,n/a,15,down_proj,46,0.999532163143158
full,qqp,n/a,15,down_proj,47,0.9995654225349426
full,qqp,n/a,15,down_proj,48,0.9996707439422607
full,qqp,n/a,15,down_proj,49,0.9984947443008423
full,qqp,n/a,15,down_proj,50,0.9986574649810791
full,siqa,n/a,0,q_proj,1,0.9999991059303284
full,siqa,n/a,0,q_proj,2,0.9999997019767761
full,siqa,n/a,0,q_proj,3,0.9999986290931702
full,siqa,n/a,0,q_proj,4,0.9999966025352478
full,siqa,n/a,0,q_proj,5,0.999997615814209
full,siqa,n/a,0,q_proj,6,0.9999970197677612
full,siqa,n/a,0,q_proj,7,0.9999980926513672
full,siqa,n/a,0,q_proj,8,0.9999978542327881
full,siqa,n/a,0,q_proj,9,0.9999969005584717
full,siqa,n/a,0,q_proj,10,0.9999974370002747
full,siqa,n/a,0,q_proj,11,0.9999959468841553
full,siqa,n/a,0,q_proj,12,0.9999944567680359
full,siqa,n/a,0,q_proj,13,0.9999951720237732
full,siqa,n/a,0,q_proj,14,0.9999933838844299
full,siqa,n/a,0,q_proj,15,0.9999200105667114
full,siqa,n/a,0,q_proj,16,0.9999111890792847
full,siqa,n/a,0,q_proj,17,0.9999743700027466
full,siqa,n/a,0,q_proj,18,0.9999882578849792
full,siqa,n/a,0,q_proj,19,0.999979555606842
full,siqa,n/a,0,q_proj,20,0.9999918341636658
full,siqa,n/a,0,q_proj,21,0.9999884963035583
full,siqa,n/a,0,q_proj,22,0.9999915957450867
full,siqa,n/a,0,q_proj,23,0.9999911785125732
full,siqa,n/a,0,q_proj,24,0.9999693036079407
full,siqa,n/a,0,q_proj,25,0.9999764561653137
full,siqa,n/a,0,q_proj,26,0.9999748468399048
full,siqa,n/a,0,q_proj,27,0.9999761581420898
full,siqa,n/a,0,q_proj,28,0.9999822974205017
full,siqa,n/a,0,q_proj,29,0.9999711513519287
full,siqa,n/a,0,q_proj,30,0.9999731779098511
full,siqa,n/a,0,q_proj,31,0.9999647736549377
full,siqa,n/a,0,q_proj,32,0.9999774694442749
full,siqa,n/a,0,q_proj,33,0.9999706149101257
full,siqa,n/a,0,q_proj,34,0.9999493360519409
full,siqa,n/a,0,q_proj,35,0.9999091625213623
full,siqa,n/a,0,q_proj,36,0.99992436170578
full,siqa,n/a,0,q_proj,37,0.9999520182609558
full,siqa,n/a,0,q_proj,38,0.999958336353302
full,siqa,n/a,0,q_proj,39,0.9998936653137207
full,siqa,n/a,0,q_proj,40,0.9998906254768372
full,siqa,n/a,0,q_proj,41,0.9999394416809082
full,siqa,n/a,0,q_proj,42,0.9991641640663147
full,siqa,n/a,0,q_proj,43,0.9991680383682251
full,siqa,n/a,0,q_proj,44,0.9999096989631653
full,siqa,n/a,0,q_proj,45,0.9999217987060547
full,siqa,n/a,0,q_proj,46,0.9999361634254456
full,siqa,n/a,0,q_proj,47,0.9996600151062012
full,siqa,n/a,0,q_proj,48,0.9996709227561951
full,siqa,n/a,0,q_proj,49,0.9999297261238098
full,siqa,n/a,0,q_proj,50,0.9999285936355591
full,siqa,n/a,0,v_proj,1,0.9998876452445984
full,siqa,n/a,0,v_proj,2,0.9973523616790771
full,siqa,n/a,0,v_proj,3,0.9978495836257935
full,siqa,n/a,0,v_proj,4,0.9990920424461365
full,siqa,n/a,0,v_proj,5,0.9994679093360901
full,siqa,n/a,0,v_proj,6,0.9987460374832153
full,siqa,n/a,0,v_proj,7,0.9986884593963623
full,siqa,n/a,0,v_proj,8,0.9943738579750061
full,siqa,n/a,0,v_proj,9,0.9926204085350037
full,siqa,n/a,0,v_proj,10,0.9964556694030762
full,siqa,n/a,0,v_proj,11,0.9948448538780212
full,siqa,n/a,0,v_proj,12,0.9914548397064209
full,siqa,n/a,0,v_proj,13,0.9708332419395447
full,siqa,n/a,0,v_proj,14,0.9727368950843811
full,siqa,n/a,0,v_proj,15,0.9939044713973999
full,siqa,n/a,0,v_proj,16,0.9938591122627258
full,siqa,n/a,0,v_proj,17,0.9954040050506592
full,siqa,n/a,0,v_proj,18,0.9817228317260742
full,siqa,n/a,0,v_proj,19,0.9800295829772949
full,siqa,n/a,0,v_proj,20,0.9937893152236938
full,siqa,n/a,0,v_proj,21,0.9881472587585449
full,siqa,n/a,0,v_proj,22,0.9819332361221313
full,siqa,n/a,0,v_proj,23,0.9701597690582275
full,siqa,n/a,0,v_proj,24,0.9598733186721802
full,siqa,n/a,0,v_proj,25,0.9766689538955688
full,siqa,n/a,0,v_proj,26,0.9901764392852783
full,siqa,n/a,0,v_proj,27,0.9798088669776917
full,siqa,n/a,0,v_proj,28,0.9864841103553772
full,siqa,n/a,0,v_proj,29,0.9785957336425781
full,siqa,n/a,0,v_proj,30,0.9665012359619141
full,siqa,n/a,0,v_proj,31,0.9193491339683533
full,siqa,n/a,0,v_proj,32,0.8792843818664551
full,siqa,n/a,0,v_proj,33,0.8779616355895996
full,siqa,n/a,0,v_proj,34,0.9875749349594116
full,siqa,n/a,0,v_proj,35,0.9669152498245239
full,siqa,n/a,0,v_proj,36,0.9717273712158203
full,siqa,n/a,0,v_proj,37,0.9747259020805359
full,siqa,n/a,0,v_proj,38,0.969677209854126
full,siqa,n/a,0,v_proj,39,0.9662359952926636
full,siqa,n/a,0,v_proj,40,0.887117862701416
full,siqa,n/a,0,v_proj,41,0.9085886478424072
full,siqa,n/a,0,v_proj,42,0.954809844493866
full,siqa,n/a,0,v_proj,43,0.9306961297988892
full,siqa,n/a,0,v_proj,44,0.8917404413223267
full,siqa,n/a,0,v_proj,45,0.9233913421630859
full,siqa,n/a,0,v_proj,46,0.9634925127029419
full,siqa,n/a,0,v_proj,47,0.9644495248794556
full,siqa,n/a,0,v_proj,48,0.9850345253944397
full,siqa,n/a,0,v_proj,49,0.9810538291931152
full,siqa,n/a,0,v_proj,50,0.9779120683670044
full,siqa,n/a,0,up_proj,1,0.999919593334198
full,siqa,n/a,0,up_proj,2,0.9999279975891113
full,siqa,n/a,0,up_proj,3,0.9999415874481201
full,siqa,n/a,0,up_proj,4,0.9998853802680969
full,siqa,n/a,0,up_proj,5,0.9998580813407898
full,siqa,n/a,0,up_proj,6,0.9986184239387512
full,siqa,n/a,0,up_proj,7,0.9985289573669434
full,siqa,n/a,0,up_proj,8,0.9994818568229675
full,siqa,n/a,0,up_proj,9,0.9995208382606506
full,siqa,n/a,0,up_proj,10,0.9996311664581299
full,siqa,n/a,0,up_proj,11,0.9991008639335632
full,siqa,n/a,0,up_proj,12,0.9990845322608948
full,siqa,n/a,0,up_proj,13,0.9994255304336548
full,siqa,n/a,0,up_proj,14,0.999652087688446
full,siqa,n/a,0,up_proj,15,0.9993955492973328
full,siqa,n/a,0,up_proj,16,0.9993911385536194
full,siqa,n/a,0,up_proj,17,0.9974878430366516
full,siqa,n/a,0,up_proj,18,0.9975398778915405
full,siqa,n/a,0,up_proj,19,0.9988681077957153
full,siqa,n/a,0,up_proj,20,0.9986990690231323
full,siqa,n/a,0,up_proj,21,0.9995867609977722
full,siqa,n/a,0,up_proj,22,0.9997713565826416
full,siqa,n/a,0,up_proj,23,0.9995594620704651
full,siqa,n/a,0,up_proj,24,0.9995177984237671
full,siqa,n/a,0,up_proj,25,0.999579131603241
full,siqa,n/a,0,up_proj,26,0.9981685280799866
full,siqa,n/a,0,up_proj,27,0.9916203022003174
full,siqa,n/a,0,up_proj,28,0.9932816028594971
full,siqa,n/a,0,up_proj,29,0.999341607093811
full,siqa,n/a,0,up_proj,30,0.9994282722473145
full,siqa,n/a,0,up_proj,31,0.9994598627090454
full,siqa,n/a,0,up_proj,32,0.999427318572998
full,siqa,n/a,0,up_proj,33,0.9997292757034302
full,siqa,n/a,0,up_proj,34,0.9997057318687439
full,siqa,n/a,0,up_proj,35,0.9997010231018066
full,siqa,n/a,0,up_proj,36,0.9994262456893921
full,siqa,n/a,0,up_proj,37,0.998836100101471
full,siqa,n/a,0,up_proj,38,0.9994823336601257
full,siqa,n/a,0,up_proj,39,0.9993683099746704
full,siqa,n/a,0,up_proj,40,0.999527633190155
full,siqa,n/a,0,up_proj,41,0.9968706369400024
full,siqa,n/a,0,up_proj,42,0.9968993067741394
full,siqa,n/a,0,up_proj,43,0.9989402294158936
full,siqa,n/a,0,up_proj,44,0.9977229833602905
full,siqa,n/a,0,up_proj,45,0.9988304376602173
full,siqa,n/a,0,up_proj,46,0.9984952211380005
full,siqa,n/a,0,up_proj,47,0.998573362827301
full,siqa,n/a,0,up_proj,48,0.9984877705574036
full,siqa,n/a,0,up_proj,49,0.9981378316879272
full,siqa,n/a,0,up_proj,50,0.9982509613037109
full,siqa,n/a,0,down_proj,1,0.9999891519546509
full,siqa,n/a,0,down_proj,2,0.9999848008155823
full,siqa,n/a,0,down_proj,3,0.9999834299087524
full,siqa,n/a,0,down_proj,4,0.9999781847000122
full,siqa,n/a,0,down_proj,5,0.9999752044677734
full,siqa,n/a,0,down_proj,6,0.9999499320983887
full,siqa,n/a,0,down_proj,7,0.9999442100524902
full,siqa,n/a,0,down_proj,8,0.9999265670776367
full,siqa,n/a,0,down_proj,9,0.9999444484710693
full,siqa,n/a,0,down_proj,10,0.9998385310173035
full,siqa,n/a,0,down_proj,11,0.9998859167098999
full,siqa,n/a,0,down_proj,12,0.9998043775558472
full,siqa,n/a,0,down_proj,13,0.9998928904533386
full,siqa,n/a,0,down_proj,14,0.999563992023468
full,siqa,n/a,0,down_proj,15,0.9995734691619873
full,siqa,n/a,0,down_proj,16,0.9998275637626648
full,siqa,n/a,0,down_proj,17,0.9988973140716553
full,siqa,n/a,0,down_proj,18,0.9989107847213745
full,siqa,n/a,0,down_proj,19,0.9997531175613403
full,siqa,n/a,0,down_proj,20,0.9985437393188477
full,siqa,n/a,0,down_proj,21,0.9986530542373657
full,siqa,n/a,0,down_proj,22,0.9996507167816162
full,siqa,n/a,0,down_proj,23,0.9991190433502197
full,siqa,n/a,0,down_proj,24,0.999315619468689
full,siqa,n/a,0,down_proj,25,0.9992083311080933
full,siqa,n/a,0,down_proj,26,0.9995338320732117
full,siqa,n/a,0,down_proj,27,0.9993933439254761
full,siqa,n/a,0,down_proj,28,0.9992750287055969
full,siqa,n/a,0,down_proj,29,0.9996252655982971
full,siqa,n/a,0,down_proj,30,0.9988120198249817
full,siqa,n/a,0,down_proj,31,0.9988692402839661
full,siqa,n/a,0,down_proj,32,0.999010443687439
full,siqa,n/a,0,down_proj,33,0.9889900088310242
full,siqa,n/a,0,down_proj,34,0.988835334777832
full,siqa,n/a,0,down_proj,35,0.9988145232200623
full,siqa,n/a,0,down_proj,36,0.9954597353935242
full,siqa,n/a,0,down_proj,37,0.9955713748931885
full,siqa,n/a,0,down_proj,38,0.9993723034858704
full,siqa,n/a,0,down_proj,39,0.9989883303642273
full,siqa,n/a,0,down_proj,40,0.9993184208869934
full,siqa,n/a,0,down_proj,41,0.9995764493942261
full,siqa,n/a,0,down_proj,42,0.9977332949638367
full,siqa,n/a,0,down_proj,43,0.9977200031280518
full,siqa,n/a,0,down_proj,44,0.9979726672172546
full,siqa,n/a,0,down_proj,45,0.9977224469184875
full,siqa,n/a,0,down_proj,46,0.9978438019752502
full,siqa,n/a,0,down_proj,47,0.9840826392173767
full,siqa,n/a,0,down_proj,48,0.9846208691596985
full,siqa,n/a,0,down_proj,49,0.9979424476623535
full,siqa,n/a,0,down_proj,50,0.9948248863220215
full,siqa,n/a,8,q_proj,1,0.999986469745636
full,siqa,n/a,8,q_proj,2,0.999995768070221
full,siqa,n/a,8,q_proj,3,0.9999967813491821
full,siqa,n/a,8,q_proj,4,0.9999872446060181
full,siqa,n/a,8,q_proj,5,0.99998539686203
full,siqa,n/a,8,q_proj,6,0.9999915361404419
full,siqa,n/a,8,q_proj,7,0.9999698400497437
full,siqa,n/a,8,q_proj,8,0.9999140501022339
full,siqa,n/a,8,q_proj,9,0.9999349117279053
full,siqa,n/a,8,q_proj,10,0.9999876022338867
full,siqa,n/a,8,q_proj,11,0.9999876022338867
full,siqa,n/a,8,q_proj,12,0.9999700784683228
full,siqa,n/a,8,q_proj,13,0.9999626874923706
full,siqa,n/a,8,q_proj,14,0.9999563097953796
full,siqa,n/a,8,q_proj,15,0.9996711611747742
full,siqa,n/a,8,q_proj,16,0.9996598958969116
full,siqa,n/a,8,q_proj,17,0.9999414682388306
full,siqa,n/a,8,q_proj,18,0.9999661445617676
full,siqa,n/a,8,q_proj,19,0.9999628067016602
full,siqa,n/a,8,q_proj,20,0.9999662637710571
full,siqa,n/a,8,q_proj,21,0.9999613761901855
full,siqa,n/a,8,q_proj,22,0.9999894499778748
full,siqa,n/a,8,q_proj,23,0.9999696612358093
full,siqa,n/a,8,q_proj,24,0.999988317489624
full,siqa,n/a,8,q_proj,25,0.9999648332595825
full,siqa,n/a,8,q_proj,26,0.9999856352806091
full,siqa,n/a,8,q_proj,27,0.9999648332595825
full,siqa,n/a,8,q_proj,28,0.9999565482139587
full,siqa,n/a,8,q_proj,29,0.9999300837516785
full,siqa,n/a,8,q_proj,30,0.9998236894607544
full,siqa,n/a,8,q_proj,31,0.9995599985122681
full,siqa,n/a,8,q_proj,32,0.999637246131897
full,siqa,n/a,8,q_proj,33,0.9999014139175415
full,siqa,n/a,8,q_proj,34,0.9999052286148071
full,siqa,n/a,8,q_proj,35,0.99993497133255
full,siqa,n/a,8,q_proj,36,0.9999548196792603
full,siqa,n/a,8,q_proj,37,0.9999164342880249
full,siqa,n/a,8,q_proj,38,0.9997393488883972
full,siqa,n/a,8,q_proj,39,0.9996909499168396
full,siqa,n/a,8,q_proj,40,0.9999271035194397
full,siqa,n/a,8,q_proj,41,0.9998043179512024
full,siqa,n/a,8,q_proj,42,0.9998050928115845
full,siqa,n/a,8,q_proj,43,0.9999470710754395
full,siqa,n/a,8,q_proj,44,0.9999282956123352
full,siqa,n/a,8,q_proj,45,0.9999527931213379
full,siqa,n/a,8,q_proj,46,0.9999023675918579
full,siqa,n/a,8,q_proj,47,0.9999545216560364
full,siqa,n/a,8,q_proj,48,0.9999504685401917
full,siqa,n/a,8,q_proj,49,0.9999572038650513
full,siqa,n/a,8,q_proj,50,0.9997978806495667
full,siqa,n/a,8,v_proj,1,0.9987726211547852
full,siqa,n/a,8,v_proj,2,0.9911572933197021
full,siqa,n/a,8,v_proj,3,0.97031569480896
full,siqa,n/a,8,v_proj,4,0.9373897910118103
full,siqa,n/a,8,v_proj,5,0.9691054821014404
full,siqa,n/a,8,v_proj,6,0.9633961319923401
full,siqa,n/a,8,v_proj,7,0.9974461793899536
full,siqa,n/a,8,v_proj,8,0.9947597980499268
full,siqa,n/a,8,v_proj,9,0.9937390089035034
full,siqa,n/a,8,v_proj,10,0.9578728675842285
full,siqa,n/a,8,v_proj,11,0.9539943337440491
full,siqa,n/a,8,v_proj,12,0.9837539792060852
full,siqa,n/a,8,v_proj,13,0.9727401733398438
full,siqa,n/a,8,v_proj,14,0.9791067838668823
full,siqa,n/a,8,v_proj,15,0.9943742752075195
full,siqa,n/a,8,v_proj,16,0.9945293068885803
full,siqa,n/a,8,v_proj,17,0.9969459176063538
full,siqa,n/a,8,v_proj,18,0.9933772087097168
full,siqa,n/a,8,v_proj,19,0.9923046231269836
full,siqa,n/a,8,v_proj,20,0.9943527579307556
full,siqa,n/a,8,v_proj,21,0.9911429286003113
full,siqa,n/a,8,v_proj,22,0.9869558811187744
full,siqa,n/a,8,v_proj,23,0.9886327981948853
full,siqa,n/a,8,v_proj,24,0.9947862029075623
full,siqa,n/a,8,v_proj,25,0.9931748509407043
full,siqa,n/a,8,v_proj,26,0.9937303066253662
full,siqa,n/a,8,v_proj,27,0.9557906985282898
full,siqa,n/a,8,v_proj,28,0.9645662307739258
full,siqa,n/a,8,v_proj,29,0.9875795841217041
full,siqa,n/a,8,v_proj,30,0.9934804439544678
full,siqa,n/a,8,v_proj,31,0.990851104259491
full,siqa,n/a,8,v_proj,32,0.9905214309692383
full,siqa,n/a,8,v_proj,33,0.9937276244163513
full,siqa,n/a,8,v_proj,34,0.9956439733505249
full,siqa,n/a,8,v_proj,35,0.9839036464691162
full,siqa,n/a,8,v_proj,36,0.9862837195396423
full,siqa,n/a,8,v_proj,37,0.9944890141487122
full,siqa,n/a,8,v_proj,38,0.9721333980560303
full,siqa,n/a,8,v_proj,39,0.9770846962928772
full,siqa,n/a,8,v_proj,40,0.9933381080627441
full,siqa,n/a,8,v_proj,41,0.9903943538665771
full,siqa,n/a,8,v_proj,42,0.9899121522903442
full,siqa,n/a,8,v_proj,43,0.9900371432304382
full,siqa,n/a,8,v_proj,44,0.991072952747345
full,siqa,n/a,8,v_proj,45,0.9903770685195923
full,siqa,n/a,8,v_proj,46,0.963489830493927
full,siqa,n/a,8,v_proj,47,0.9685178399085999
full,siqa,n/a,8,v_proj,48,0.9814087748527527
full,siqa,n/a,8,v_proj,49,0.8914523124694824
full,siqa,n/a,8,v_proj,50,0.8897611498832703
full,siqa,n/a,8,up_proj,1,0.9999778866767883
full,siqa,n/a,8,up_proj,2,0.999947190284729
full,siqa,n/a,8,up_proj,3,0.9999384880065918
full,siqa,n/a,8,up_proj,4,0.9999472498893738
full,siqa,n/a,8,up_proj,5,0.9999273419380188
full,siqa,n/a,8,up_proj,6,0.9999130368232727
full,siqa,n/a,8,up_proj,7,0.9998515248298645
full,siqa,n/a,8,up_proj,8,0.9997589588165283
full,siqa,n/a,8,up_proj,9,0.9997734427452087
full,siqa,n/a,8,up_proj,10,0.9997557401657104
full,siqa,n/a,8,up_proj,11,0.9996592402458191
full,siqa,n/a,8,up_proj,12,0.9997444152832031
full,siqa,n/a,8,up_proj,13,0.9683282971382141
full,siqa,n/a,8,up_proj,14,0.9682577252388
full,siqa,n/a,8,up_proj,15,0.9997966289520264
full,siqa,n/a,8,up_proj,16,0.999736487865448
full,siqa,n/a,8,up_proj,17,0.9997177124023438
full,siqa,n/a,8,up_proj,18,0.9995372891426086
full,siqa,n/a,8,up_proj,19,0.9995542168617249
full,siqa,n/a,8,up_proj,20,0.9996354579925537
full,siqa,n/a,8,up_proj,21,0.9995135068893433
full,siqa,n/a,8,up_proj,22,0.9991917610168457
full,siqa,n/a,8,up_proj,23,0.9993520975112915
full,siqa,n/a,8,up_proj,24,0.9993075728416443
full,siqa,n/a,8,up_proj,25,0.9996015429496765
full,siqa,n/a,8,up_proj,26,0.9987248182296753
full,siqa,n/a,8,up_proj,27,0.9985694885253906
full,siqa,n/a,8,up_proj,28,0.9994783401489258
full,siqa,n/a,8,up_proj,29,0.9985237121582031
full,siqa,n/a,8,up_proj,30,0.9987082481384277
full,siqa,n/a,8,up_proj,31,0.9960709810256958
full,siqa,n/a,8,up_proj,32,0.9880648255348206
full,siqa,n/a,8,up_proj,33,0.9876928329467773
full,siqa,n/a,8,up_proj,34,0.9970813393592834
full,siqa,n/a,8,up_proj,35,0.9988583922386169
full,siqa,n/a,8,up_proj,36,0.9985304474830627
full,siqa,n/a,8,up_proj,37,0.9985747933387756
full,siqa,n/a,8,up_proj,38,0.9994214177131653
full,siqa,n/a,8,up_proj,39,0.9968247413635254
full,siqa,n/a,8,up_proj,40,0.9962856769561768
full,siqa,n/a,8,up_proj,41,0.9988071322441101
full,siqa,n/a,8,up_proj,42,0.9980933666229248
full,siqa,n/a,8,up_proj,43,0.9988440275192261
full,siqa,n/a,8,up_proj,44,0.9986878037452698
full,siqa,n/a,8,up_proj,45,0.9926883578300476
full,siqa,n/a,8,up_proj,46,0.9917771816253662
full,siqa,n/a,8,up_proj,47,0.999034583568573
full,siqa,n/a,8,up_proj,48,0.9984663128852844
full,siqa,n/a,8,up_proj,49,0.9971872568130493
full,siqa,n/a,8,up_proj,50,0.9976751208305359
full,siqa,n/a,8,down_proj,1,0.9999979734420776
full,siqa,n/a,8,down_proj,2,0.9999910593032837
full,siqa,n/a,8,down_proj,3,0.9999926686286926
full,siqa,n/a,8,down_proj,4,0.999989926815033
full,siqa,n/a,8,down_proj,5,0.9999737739562988
full,siqa,n/a,8,down_proj,6,0.9999587535858154
full,siqa,n/a,8,down_proj,7,0.9999732971191406
full,siqa,n/a,8,down_proj,8,0.9999833106994629
full,siqa,n/a,8,down_proj,9,0.9999811053276062
full,siqa,n/a,8,down_proj,10,0.9999404549598694
full,siqa,n/a,8,down_proj,11,0.999790608882904
full,siqa,n/a,8,down_proj,12,0.9998032450675964
full,siqa,n/a,8,down_proj,13,0.9998749494552612
full,siqa,n/a,8,down_proj,14,0.9998940229415894
full,siqa,n/a,8,down_proj,15,0.9999047517776489
full,siqa,n/a,8,down_proj,16,0.9998783469200134
full,siqa,n/a,8,down_proj,17,0.9999180436134338
full,siqa,n/a,8,down_proj,18,0.9998658299446106
full,siqa,n/a,8,down_proj,19,0.9979982972145081
full,siqa,n/a,8,down_proj,20,0.9979920387268066
full,siqa,n/a,8,down_proj,21,0.9997910857200623
full,siqa,n/a,8,down_proj,22,0.9999144077301025
full,siqa,n/a,8,down_proj,23,0.9999091029167175
full,siqa,n/a,8,down_proj,24,0.9999023675918579
full,siqa,n/a,8,down_proj,25,0.9998740553855896
full,siqa,n/a,8,down_proj,26,0.9992349743843079
full,siqa,n/a,8,down_proj,27,0.9992443919181824
full,siqa,n/a,8,down_proj,28,0.9998770952224731
full,siqa,n/a,8,down_proj,29,0.9999185800552368
full,siqa,n/a,8,down_proj,30,0.9998936653137207
full,siqa,n/a,8,down_proj,31,0.9998330473899841
full,siqa,n/a,8,down_proj,32,0.9998343586921692
full,siqa,n/a,8,down_proj,33,0.9992989301681519
full,siqa,n/a,8,down_proj,34,0.9992042183876038
full,siqa,n/a,8,down_proj,35,0.9997251033782959
full,siqa,n/a,8,down_proj,36,0.999703049659729
full,siqa,n/a,8,down_proj,37,0.9995830655097961
full,siqa,n/a,8,down_proj,38,0.99972003698349
full,siqa,n/a,8,down_proj,39,0.9993540644645691
full,siqa,n/a,8,down_proj,40,0.9993783235549927
full,siqa,n/a,8,down_proj,41,0.9942713975906372
full,siqa,n/a,8,down_proj,42,0.9942986369132996
full,siqa,n/a,8,down_proj,43,0.9996525645256042
full,siqa,n/a,8,down_proj,44,0.999639093875885
full,siqa,n/a,8,down_proj,45,0.9997625946998596
full,siqa,n/a,8,down_proj,46,0.9994726181030273
full,siqa,n/a,8,down_proj,47,0.9991469383239746
full,siqa,n/a,8,down_proj,48,0.9994528293609619
full,siqa,n/a,8,down_proj,49,0.999480128288269
full,siqa,n/a,8,down_proj,50,0.9994421005249023
full,siqa,n/a,15,q_proj,1,0.9999985694885254
full,siqa,n/a,15,q_proj,2,0.9999987483024597
full,siqa,n/a,15,q_proj,3,0.9999985098838806
full,siqa,n/a,15,q_proj,4,0.9999707937240601
full,siqa,n/a,15,q_proj,5,0.9999707937240601
full,siqa,n/a,15,q_proj,6,0.9999964833259583
full,siqa,n/a,15,q_proj,7,0.999990701675415
full,siqa,n/a,15,q_proj,8,0.9999872446060181
full,siqa,n/a,15,q_proj,9,0.9999924302101135
full,siqa,n/a,15,q_proj,10,0.9999960064888
full,siqa,n/a,15,q_proj,11,0.9999944567680359
full,siqa,n/a,15,q_proj,12,0.9999960660934448
full,siqa,n/a,15,q_proj,13,0.9999952912330627
full,siqa,n/a,15,q_proj,14,0.9999949336051941
full,siqa,n/a,15,q_proj,15,0.9999945759773254
full,siqa,n/a,15,q_proj,16,0.9999961853027344
full,siqa,n/a,15,q_proj,17,0.9999936819076538
full,siqa,n/a,15,q_proj,18,0.9999938607215881
full,siqa,n/a,15,q_proj,19,0.9999871850013733
full,siqa,n/a,15,q_proj,20,0.999993622303009
full,siqa,n/a,15,q_proj,21,0.9999839067459106
full,siqa,n/a,15,q_proj,22,0.9999895691871643
full,siqa,n/a,15,q_proj,23,0.9999896287918091
full,siqa,n/a,15,q_proj,24,0.9999905228614807
full,siqa,n/a,15,q_proj,25,0.9999944567680359
full,siqa,n/a,15,q_proj,26,0.999994695186615
full,siqa,n/a,15,q_proj,27,0.9999904036521912
full,siqa,n/a,15,q_proj,28,0.9999540448188782
full,siqa,n/a,15,q_proj,29,0.9999526143074036
full,siqa,n/a,15,q_proj,30,0.9999915361404419
full,siqa,n/a,15,q_proj,31,0.9999715685844421
full,siqa,n/a,15,q_proj,32,0.9999718070030212
full,siqa,n/a,15,q_proj,33,0.9999890923500061
full,siqa,n/a,15,q_proj,34,0.9999502897262573
full,siqa,n/a,15,q_proj,35,0.9999445080757141
full,siqa,n/a,15,q_proj,36,0.9999831914901733
full,siqa,n/a,15,q_proj,37,0.9999886751174927
full,siqa,n/a,15,q_proj,38,0.9999927878379822
full,siqa,n/a,15,q_proj,39,0.9999785423278809
full,siqa,n/a,15,q_proj,40,0.9998813271522522
full,siqa,n/a,15,q_proj,41,0.9999037981033325
full,siqa,n/a,15,q_proj,42,0.999977171421051
full,siqa,n/a,15,q_proj,43,0.9999805688858032
full,siqa,n/a,15,q_proj,44,0.9999748468399048
full,siqa,n/a,15,q_proj,45,0.9999756813049316
full,siqa,n/a,15,q_proj,46,0.9999883770942688
full,siqa,n/a,15,q_proj,47,0.9999911189079285
full,siqa,n/a,15,q_proj,48,0.9999910593032837
full,siqa,n/a,15,q_proj,49,0.9999817609786987
full,siqa,n/a,15,q_proj,50,0.9998718500137329
full,siqa,n/a,15,v_proj,1,0.9999869465827942
full,siqa,n/a,15,v_proj,2,0.999969482421875
full,siqa,n/a,15,v_proj,3,0.9999762177467346
full,siqa,n/a,15,v_proj,4,0.9999747276306152
full,siqa,n/a,15,v_proj,5,0.9999594688415527
full,siqa,n/a,15,v_proj,6,0.9999555945396423
full,siqa,n/a,15,v_proj,7,0.9999866485595703
full,siqa,n/a,15,v_proj,8,0.9999881982803345
full,siqa,n/a,15,v_proj,9,0.9999738931655884
full,siqa,n/a,15,v_proj,10,0.9998989105224609
full,siqa,n/a,15,v_proj,11,0.9999315738677979
full,siqa,n/a,15,v_proj,12,0.9999126195907593
full,siqa,n/a,15,v_proj,13,0.9999336004257202
full,siqa,n/a,15,v_proj,14,0.9997559785842896
full,siqa,n/a,15,v_proj,15,0.9993386268615723
full,siqa,n/a,15,v_proj,16,0.9994475245475769
full,siqa,n/a,15,v_proj,17,0.999876856803894
full,siqa,n/a,15,v_proj,18,0.9999747276306152
full,siqa,n/a,15,v_proj,19,0.9999531507492065
full,siqa,n/a,15,v_proj,20,0.9999538660049438
full,siqa,n/a,15,v_proj,21,0.9999763369560242
full,siqa,n/a,15,v_proj,22,0.9999758005142212
full,siqa,n/a,15,v_proj,23,0.9999680519104004
full,siqa,n/a,15,v_proj,24,0.9999549388885498
full,siqa,n/a,15,v_proj,25,0.9997873306274414
full,siqa,n/a,15,v_proj,26,0.9996334314346313
full,siqa,n/a,15,v_proj,27,0.9999185800552368
full,siqa,n/a,15,v_proj,28,0.9997257590293884
full,siqa,n/a,15,v_proj,29,0.9998452663421631
full,siqa,n/a,15,v_proj,30,0.9999245405197144
full,siqa,n/a,15,v_proj,31,0.9999305009841919
full,siqa,n/a,15,v_proj,32,0.9999279975891113
full,siqa,n/a,15,v_proj,33,0.9995948076248169
full,siqa,n/a,15,v_proj,34,0.9995418190956116
full,siqa,n/a,15,v_proj,35,0.9995929002761841
full,siqa,n/a,15,v_proj,36,0.9979863166809082
full,siqa,n/a,15,v_proj,37,0.9980469942092896
full,siqa,n/a,15,v_proj,38,0.9998054504394531
full,siqa,n/a,15,v_proj,39,0.9993689656257629
full,siqa,n/a,15,v_proj,40,0.9993614554405212
full,siqa,n/a,15,v_proj,41,0.9997411966323853
full,siqa,n/a,15,v_proj,42,0.9997097253799438
full,siqa,n/a,15,v_proj,43,0.999606728553772
full,siqa,n/a,15,v_proj,44,0.9996594786643982
full,siqa,n/a,15,v_proj,45,0.9999021291732788
full,siqa,n/a,15,v_proj,46,0.9998542666435242
full,siqa,n/a,15,v_proj,47,0.9997670650482178
full,siqa,n/a,15,v_proj,48,0.99985271692276
full,siqa,n/a,15,v_proj,49,0.999922513961792
full,siqa,n/a,15,v_proj,50,0.9999395608901978
full,siqa,n/a,15,up_proj,1,0.9999966621398926
full,siqa,n/a,15,up_proj,2,0.9999989867210388
full,siqa,n/a,15,up_proj,3,0.9999976754188538
full,siqa,n/a,15,up_proj,4,0.9999921917915344
full,siqa,n/a,15,up_proj,5,0.9999952912330627
full,siqa,n/a,15,up_proj,6,0.9999954104423523
full,siqa,n/a,15,up_proj,7,0.9999957084655762
full,siqa,n/a,15,up_proj,8,0.9999911785125732
full,siqa,n/a,15,up_proj,9,0.9999910593032837
full,siqa,n/a,15,up_proj,10,0.9999947547912598
full,siqa,n/a,15,up_proj,11,0.9999943375587463
full,siqa,n/a,15,up_proj,12,0.9999893307685852
full,siqa,n/a,15,up_proj,13,0.999984622001648
full,siqa,n/a,15,up_proj,14,0.9999883770942688
full,siqa,n/a,15,up_proj,15,0.9999911189079285
full,siqa,n/a,15,up_proj,16,0.9999907612800598
full,siqa,n/a,15,up_proj,17,0.9999911189079285
full,siqa,n/a,15,up_proj,18,0.999980092048645
full,siqa,n/a,15,up_proj,19,0.999980628490448
full,siqa,n/a,15,up_proj,20,0.9999881386756897
full,siqa,n/a,15,up_proj,21,0.99998539686203
full,siqa,n/a,15,up_proj,22,0.9999852180480957
full,siqa,n/a,15,up_proj,23,0.9999896287918091
full,siqa,n/a,15,up_proj,24,0.9999846816062927
full,siqa,n/a,15,up_proj,25,0.9999827742576599
full,siqa,n/a,15,up_proj,26,0.99997878074646
full,siqa,n/a,15,up_proj,27,0.9999797344207764
full,siqa,n/a,15,up_proj,28,0.9999826550483704
full,siqa,n/a,15,up_proj,29,0.9999836683273315
full,siqa,n/a,15,up_proj,30,0.9999805688858032
full,siqa,n/a,15,up_proj,31,0.9999581575393677
full,siqa,n/a,15,up_proj,32,0.9999558925628662
full,siqa,n/a,15,up_proj,33,0.9999759793281555
full,siqa,n/a,15,up_proj,34,0.9999728202819824
full,siqa,n/a,15,up_proj,35,0.9999160766601562
full,siqa,n/a,15,up_proj,36,0.9998509883880615
full,siqa,n/a,15,up_proj,37,0.9998863339424133
full,siqa,n/a,15,up_proj,38,0.9999650716781616
full,siqa,n/a,15,up_proj,39,0.9995760917663574
full,siqa,n/a,15,up_proj,40,0.9995572566986084
full,siqa,n/a,15,up_proj,41,0.9999781250953674
full,siqa,n/a,15,up_proj,42,0.999948263168335
full,siqa,n/a,15,up_proj,43,0.9999311566352844
full,siqa,n/a,15,up_proj,44,0.999963641166687
full,siqa,n/a,15,up_proj,45,0.9998598694801331
full,siqa,n/a,15,up_proj,46,0.999845564365387
full,siqa,n/a,15,up_proj,47,0.9999195337295532
full,siqa,n/a,15,up_proj,48,0.9999366402626038
full,siqa,n/a,15,up_proj,49,0.9999377131462097
full,siqa,n/a,15,up_proj,50,0.9998981356620789
full,siqa,n/a,15,down_proj,1,0.9999954700469971
full,siqa,n/a,15,down_proj,2,0.9999904632568359
full,siqa,n/a,15,down_proj,3,0.9999910593032837
full,siqa,n/a,15,down_proj,4,0.9999608397483826
full,siqa,n/a,15,down_proj,5,0.9999852180480957
full,siqa,n/a,15,down_proj,6,0.9999517202377319
full,siqa,n/a,15,down_proj,7,0.9999027848243713
full,siqa,n/a,15,down_proj,8,0.999861478805542
full,siqa,n/a,15,down_proj,9,0.9996876120567322
full,siqa,n/a,15,down_proj,10,0.9996631741523743
full,siqa,n/a,15,down_proj,11,0.9996832013130188
full,siqa,n/a,15,down_proj,12,0.9993594288825989
full,siqa,n/a,15,down_proj,13,0.9991751313209534
full,siqa,n/a,15,down_proj,14,0.9987419843673706
full,siqa,n/a,15,down_proj,15,0.999898374080658
full,siqa,n/a,15,down_proj,16,0.9997202157974243
full,siqa,n/a,15,down_proj,17,0.9996485710144043
full,siqa,n/a,15,down_proj,18,0.9972735643386841
full,siqa,n/a,15,down_proj,19,0.9970880150794983
full,siqa,n/a,15,down_proj,20,0.9997439980506897
full,siqa,n/a,15,down_proj,21,0.9997501969337463
full,siqa,n/a,15,down_proj,22,0.9996613264083862
full,siqa,n/a,15,down_proj,23,0.9995805621147156
full,siqa,n/a,15,down_proj,24,0.9994706511497498
full,siqa,n/a,15,down_proj,25,0.9993350505828857
full,siqa,n/a,15,down_proj,26,0.9964527487754822
full,siqa,n/a,15,down_proj,27,0.9962705969810486
full,siqa,n/a,15,down_proj,28,0.9990948438644409
full,siqa,n/a,15,down_proj,29,0.9986783266067505
full,siqa,n/a,15,down_proj,30,0.9993666410446167
full,siqa,n/a,15,down_proj,31,0.9994151592254639
full,siqa,n/a,15,down_proj,32,0.9991601705551147
full,siqa,n/a,15,down_proj,33,0.999198317527771
full,siqa,n/a,15,down_proj,34,0.996362566947937
full,siqa,n/a,15,down_proj,35,0.996594250202179
full,siqa,n/a,15,down_proj,36,0.9981110692024231
full,siqa,n/a,15,down_proj,37,0.9987326860427856
full,siqa,n/a,15,down_proj,38,0.9987741112709045
full,siqa,n/a,15,down_proj,39,0.9954289793968201
full,siqa,n/a,15,down_proj,40,0.9963280558586121
full,siqa,n/a,15,down_proj,41,0.995131254196167
full,siqa,n/a,15,down_proj,42,0.9975759387016296
full,siqa,n/a,15,down_proj,43,0.9993215799331665
full,siqa,n/a,15,down_proj,44,0.9990399479866028
full,siqa,n/a,15,down_proj,45,0.9994157552719116
full,siqa,n/a,15,down_proj,46,0.998953104019165
full,siqa,n/a,15,down_proj,47,0.9990639090538025
full,siqa,n/a,15,down_proj,48,0.9995973706245422
full,siqa,n/a,15,down_proj,49,0.9926753044128418
full,siqa,n/a,15,down_proj,50,0.9923373460769653
full,sst2,n/a,0,q_proj,1,0.9999990463256836
full,sst2,n/a,0,q_proj,2,1.0000001192092896
full,sst2,n/a,0,q_proj,3,0.9999998211860657
full,sst2,n/a,0,q_proj,4,0.9999976754188538
full,sst2,n/a,0,q_proj,5,0.9999982714653015
full,sst2,n/a,0,q_proj,6,0.9999975562095642
full,sst2,n/a,0,q_proj,7,0.9999983906745911
full,sst2,n/a,0,q_proj,8,0.9999984502792358
full,sst2,n/a,0,q_proj,9,0.9999980926513672
full,sst2,n/a,0,q_proj,10,0.9999987483024597
full,sst2,n/a,0,q_proj,11,0.9999980926513672
full,sst2,n/a,0,q_proj,12,0.999998152256012
full,sst2,n/a,0,q_proj,13,0.9999979734420776
full,sst2,n/a,0,q_proj,14,0.9999960660934448
full,sst2,n/a,0,q_proj,15,0.9999858140945435
full,sst2,n/a,0,q_proj,16,0.9999822974205017
full,sst2,n/a,0,q_proj,17,0.9999903440475464
full,sst2,n/a,0,q_proj,18,0.9999960064888
full,sst2,n/a,0,q_proj,19,0.999992311000824
full,sst2,n/a,0,q_proj,20,0.9999951720237732
full,sst2,n/a,0,q_proj,21,0.999991238117218
full,sst2,n/a,0,q_proj,22,0.999992311000824
full,sst2,n/a,0,q_proj,23,0.9999963045120239
full,sst2,n/a,0,q_proj,24,0.9999825954437256
full,sst2,n/a,0,q_proj,25,0.9999870657920837
full,sst2,n/a,0,q_proj,26,0.999984622001648
full,sst2,n/a,0,q_proj,27,0.9997001886367798
full,sst2,n/a,0,q_proj,28,0.9997075200080872
full,sst2,n/a,0,q_proj,29,0.9999861121177673
full,sst2,n/a,0,q_proj,30,0.9999861717224121
full,sst2,n/a,0,q_proj,31,0.9999772906303406
full,sst2,n/a,0,q_proj,32,0.9999843239784241
full,sst2,n/a,0,q_proj,33,0.999979555606842
full,sst2,n/a,0,q_proj,34,0.999976396560669
full,sst2,n/a,0,q_proj,35,0.9999749660491943
full,sst2,n/a,0,q_proj,36,0.9999860525131226
full,sst2,n/a,0,q_proj,37,0.9999887943267822
full,sst2,n/a,0,q_proj,38,0.9999569058418274
full,sst2,n/a,0,q_proj,39,0.9999492168426514
full,sst2,n/a,0,q_proj,40,0.9998483061790466
full,sst2,n/a,0,q_proj,41,0.9999024271965027
full,sst2,n/a,0,q_proj,42,0.9996505379676819
full,sst2,n/a,0,q_proj,43,0.9996493458747864
full,sst2,n/a,0,q_proj,44,0.9999540448188782
full,sst2,n/a,0,q_proj,45,0.9999576807022095
full,sst2,n/a,0,q_proj,46,0.9999665021896362
full,sst2,n/a,0,q_proj,47,0.9998641014099121
full,sst2,n/a,0,q_proj,48,0.9998683929443359
full,sst2,n/a,0,q_proj,49,0.9999614953994751
full,sst2,n/a,0,q_proj,50,0.9999059438705444
full,sst2,n/a,0,v_proj,1,0.9999159574508667
full,sst2,n/a,0,v_proj,2,0.9982858896255493
full,sst2,n/a,0,v_proj,3,0.9987044334411621
full,sst2,n/a,0,v_proj,4,0.9995982646942139
full,sst2,n/a,0,v_proj,5,0.9995757341384888
full,sst2,n/a,0,v_proj,6,0.9992110729217529
full,sst2,n/a,0,v_proj,7,0.9991122484207153
full,sst2,n/a,0,v_proj,8,0.9952821731567383
full,sst2,n/a,0,v_proj,9,0.9959048628807068
full,sst2,n/a,0,v_proj,10,0.997660756111145
full,sst2,n/a,0,v_proj,11,0.9979696273803711
full,sst2,n/a,0,v_proj,12,0.9969958066940308
full,sst2,n/a,0,v_proj,13,0.9923269152641296
full,sst2,n/a,0,v_proj,14,0.9941433668136597
full,sst2,n/a,0,v_proj,15,0.993660032749176
full,sst2,n/a,0,v_proj,16,0.9939393997192383
full,sst2,n/a,0,v_proj,17,0.9951600432395935
full,sst2,n/a,0,v_proj,18,0.9872275590896606
full,sst2,n/a,0,v_proj,19,0.9893021583557129
full,sst2,n/a,0,v_proj,20,0.9916885495185852
full,sst2,n/a,0,v_proj,21,0.9888802766799927
full,sst2,n/a,0,v_proj,22,0.9810896515846252
full,sst2,n/a,0,v_proj,23,0.9831382036209106
full,sst2,n/a,0,v_proj,24,0.9779375791549683
full,sst2,n/a,0,v_proj,25,0.9840974807739258
full,sst2,n/a,0,v_proj,26,0.993323802947998
full,sst2,n/a,0,v_proj,27,0.9804903268814087
full,sst2,n/a,0,v_proj,28,0.9926881790161133
full,sst2,n/a,0,v_proj,29,0.9836376905441284
full,sst2,n/a,0,v_proj,30,0.9679638743400574
full,sst2,n/a,0,v_proj,31,0.9577319025993347
full,sst2,n/a,0,v_proj,32,0.9762511253356934
full,sst2,n/a,0,v_proj,33,0.9657387733459473
full,sst2,n/a,0,v_proj,34,0.9919501543045044
full,sst2,n/a,0,v_proj,35,0.9877550601959229
full,sst2,n/a,0,v_proj,36,0.9859506487846375
full,sst2,n/a,0,v_proj,37,0.9914371967315674
full,sst2,n/a,0,v_proj,38,0.9874401688575745
full,sst2,n/a,0,v_proj,39,0.9840835332870483
full,sst2,n/a,0,v_proj,40,0.9437371492385864
full,sst2,n/a,0,v_proj,41,0.9412308931350708
full,sst2,n/a,0,v_proj,42,0.9450446963310242
full,sst2,n/a,0,v_proj,43,0.964282751083374
full,sst2,n/a,0,v_proj,44,0.9430432915687561
full,sst2,n/a,0,v_proj,45,0.9383355975151062
full,sst2,n/a,0,v_proj,46,0.9810827970504761
full,sst2,n/a,0,v_proj,47,0.9783854484558105
full,sst2,n/a,0,v_proj,48,0.9749218821525574
full,sst2,n/a,0,v_proj,49,0.9715063571929932
full,sst2,n/a,0,v_proj,50,0.9725252389907837
full,sst2,n/a,0,up_proj,1,0.9999494552612305
full,sst2,n/a,0,up_proj,2,0.9999507665634155
full,sst2,n/a,0,up_proj,3,0.9999614953994751
full,sst2,n/a,0,up_proj,4,0.9999164342880249
full,sst2,n/a,0,up_proj,5,0.9998500347137451
full,sst2,n/a,0,up_proj,6,0.9996589422225952
full,sst2,n/a,0,up_proj,7,0.9996285438537598
full,sst2,n/a,0,up_proj,8,0.999692440032959
full,sst2,n/a,0,up_proj,9,0.999321699142456
full,sst2,n/a,0,up_proj,10,0.9993841648101807
full,sst2,n/a,0,up_proj,11,0.9991196990013123
full,sst2,n/a,0,up_proj,12,0.9990136623382568
full,sst2,n/a,0,up_proj,13,0.9991730451583862
full,sst2,n/a,0,up_proj,14,0.9996790289878845
full,sst2,n/a,0,up_proj,15,0.9991165399551392
full,sst2,n/a,0,up_proj,16,0.9992055892944336
full,sst2,n/a,0,up_proj,17,0.9997149705886841
full,sst2,n/a,0,up_proj,18,0.9990500211715698
full,sst2,n/a,0,up_proj,19,0.999096155166626
full,sst2,n/a,0,up_proj,20,0.9990551471710205
full,sst2,n/a,0,up_proj,21,0.9992610216140747
full,sst2,n/a,0,up_proj,22,0.9992398619651794
full,sst2,n/a,0,up_proj,23,0.9996770620346069
full,sst2,n/a,0,up_proj,24,0.9996565580368042
full,sst2,n/a,0,up_proj,25,0.9998157024383545
full,sst2,n/a,0,up_proj,26,0.9990882873535156
full,sst2,n/a,0,up_proj,27,0.9966567158699036
full,sst2,n/a,0,up_proj,28,0.9974116086959839
full,sst2,n/a,0,up_proj,29,0.9995530247688293
full,sst2,n/a,0,up_proj,30,0.999639093875885
full,sst2,n/a,0,up_proj,31,0.9997344017028809
full,sst2,n/a,0,up_proj,32,0.9992946982383728
full,sst2,n/a,0,up_proj,33,0.9994468092918396
full,sst2,n/a,0,up_proj,34,0.9998239874839783
full,sst2,n/a,0,up_proj,35,0.9997257590293884
full,sst2,n/a,0,up_proj,36,0.9997196793556213
full,sst2,n/a,0,up_proj,37,0.9994047284126282
full,sst2,n/a,0,up_proj,38,0.999679684638977
full,sst2,n/a,0,up_proj,39,0.9994674921035767
full,sst2,n/a,0,up_proj,40,0.9995068311691284
full,sst2,n/a,0,up_proj,41,0.9987662434577942
full,sst2,n/a,0,up_proj,42,0.9980413913726807
full,sst2,n/a,0,up_proj,43,0.9994105696678162
full,sst2,n/a,0,up_proj,44,0.9987354278564453
full,sst2,n/a,0,up_proj,45,0.9992117881774902
full,sst2,n/a,0,up_proj,46,0.9989020228385925
full,sst2,n/a,0,up_proj,47,0.9992890954017639
full,sst2,n/a,0,up_proj,48,0.9990044236183167
full,sst2,n/a,0,up_proj,49,0.9981985092163086
full,sst2,n/a,0,up_proj,50,0.9981149435043335
full,sst2,n/a,0,down_proj,1,0.9999929666519165
full,sst2,n/a,0,down_proj,2,0.9999896287918091
full,sst2,n/a,0,down_proj,3,0.9999879598617554
full,sst2,n/a,0,down_proj,4,0.9999852776527405
full,sst2,n/a,0,down_proj,5,0.9999806880950928
full,sst2,n/a,0,down_proj,6,0.9999633431434631
full,sst2,n/a,0,down_proj,7,0.9999504089355469
full,sst2,n/a,0,down_proj,8,0.9999410510063171
full,sst2,n/a,0,down_proj,9,0.9999426603317261
full,sst2,n/a,0,down_proj,10,0.9996721148490906
full,sst2,n/a,0,down_proj,11,0.9997442364692688
full,sst2,n/a,0,down_proj,12,0.99985271692276
full,sst2,n/a,0,down_proj,13,0.999937117099762
full,sst2,n/a,0,down_proj,14,0.9998664259910583
full,sst2,n/a,0,down_proj,15,0.9998874664306641
full,sst2,n/a,0,down_proj,16,0.9999029040336609
full,sst2,n/a,0,down_proj,17,0.9983336925506592
full,sst2,n/a,0,down_proj,18,0.998314619064331
full,sst2,n/a,0,down_proj,19,0.999804675579071
full,sst2,n/a,0,down_proj,20,0.9649535417556763
full,sst2,n/a,0,down_proj,21,0.964913010597229
full,sst2,n/a,0,down_proj,22,0.9998794198036194
full,sst2,n/a,0,down_proj,23,0.999454140663147
full,sst2,n/a,0,down_proj,24,0.9996882081031799
full,sst2,n/a,0,down_proj,25,0.9996582269668579
full,sst2,n/a,0,down_proj,26,0.9994841814041138
full,sst2,n/a,0,down_proj,27,0.9991456866264343
full,sst2,n/a,0,down_proj,28,0.998879075050354
full,sst2,n/a,0,down_proj,29,0.9995054006576538
full,sst2,n/a,0,down_proj,30,0.9987960457801819
full,sst2,n/a,0,down_proj,31,0.9989199638366699
full,sst2,n/a,0,down_proj,32,0.9990116357803345
full,sst2,n/a,0,down_proj,33,0.986958384513855
full,sst2,n/a,0,down_proj,34,0.9873448610305786
full,sst2,n/a,0,down_proj,35,0.999281644821167
full,sst2,n/a,0,down_proj,36,0.9995271563529968
full,sst2,n/a,0,down_proj,37,0.9992207288742065
full,sst2,n/a,0,down_proj,38,0.9994964003562927
full,sst2,n/a,0,down_proj,39,0.9995617866516113
full,sst2,n/a,0,down_proj,40,0.9995477795600891
full,sst2,n/a,0,down_proj,41,0.9994329810142517
full,sst2,n/a,0,down_proj,42,0.9993248581886292
full,sst2,n/a,0,down_proj,43,0.9995782971382141
full,sst2,n/a,0,down_proj,44,0.99700528383255
full,sst2,n/a,0,down_proj,45,0.9965143799781799
full,sst2,n/a,0,down_proj,46,0.999232292175293
full,sst2,n/a,0,down_proj,47,0.9977140426635742
full,sst2,n/a,0,down_proj,48,0.997697651386261
full,sst2,n/a,0,down_proj,49,0.9987070560455322
full,sst2,n/a,0,down_proj,50,0.9969088435173035
full,sst2,n/a,8,q_proj,1,0.9999943971633911
full,sst2,n/a,8,q_proj,2,0.9999970197677612
full,sst2,n/a,8,q_proj,3,0.9999982118606567
full,sst2,n/a,8,q_proj,4,0.9999940395355225
full,sst2,n/a,8,q_proj,5,0.9999909996986389
full,sst2,n/a,8,q_proj,6,0.9999935030937195
full,sst2,n/a,8,q_proj,7,0.9999760389328003
full,sst2,n/a,8,q_proj,8,0.9998976588249207
full,sst2,n/a,8,q_proj,9,0.9999160170555115
full,sst2,n/a,8,q_proj,10,0.9999897480010986
full,sst2,n/a,8,q_proj,11,0.9999949932098389
full,sst2,n/a,8,q_proj,12,0.9999902844429016
full,sst2,n/a,8,q_proj,13,0.9999688863754272
full,sst2,n/a,8,q_proj,14,0.9999331831932068
full,sst2,n/a,8,q_proj,15,0.9998771548271179
full,sst2,n/a,8,q_proj,16,0.9998682141304016
full,sst2,n/a,8,q_proj,17,0.9999329447746277
full,sst2,n/a,8,q_proj,18,0.999975323677063
full,sst2,n/a,8,q_proj,19,0.9999760985374451
full,sst2,n/a,8,q_proj,20,0.9999885559082031
full,sst2,n/a,8,q_proj,21,0.9999820590019226
full,sst2,n/a,8,q_proj,22,0.9999862313270569
full,sst2,n/a,8,q_proj,23,0.9999804496765137
full,sst2,n/a,8,q_proj,24,0.9999813437461853
full,sst2,n/a,8,q_proj,25,0.9999815225601196
full,sst2,n/a,8,q_proj,26,0.9999901056289673
full,sst2,n/a,8,q_proj,27,0.9999722838401794
full,sst2,n/a,8,q_proj,28,0.9999669194221497
full,sst2,n/a,8,q_proj,29,0.9998844861984253
full,sst2,n/a,8,q_proj,30,0.999873697757721
full,sst2,n/a,8,q_proj,31,0.9999030828475952
full,sst2,n/a,8,q_proj,32,0.9999312162399292
full,sst2,n/a,8,q_proj,33,0.9999794363975525
full,sst2,n/a,8,q_proj,34,0.9999775290489197
full,sst2,n/a,8,q_proj,35,0.9999777674674988
full,sst2,n/a,8,q_proj,36,0.999972403049469
full,sst2,n/a,8,q_proj,37,0.999919056892395
full,sst2,n/a,8,q_proj,38,0.999880850315094
full,sst2,n/a,8,q_proj,39,0.9998536705970764
full,sst2,n/a,8,q_proj,40,0.9999417066574097
full,sst2,n/a,8,q_proj,41,0.9999450445175171
full,sst2,n/a,8,q_proj,42,0.9999290704727173
full,sst2,n/a,8,q_proj,43,0.9999005198478699
full,sst2,n/a,8,q_proj,44,0.9998905658721924
full,sst2,n/a,8,q_proj,45,0.9999601244926453
full,sst2,n/a,8,q_proj,46,0.9999551177024841
full,sst2,n/a,8,q_proj,47,0.999980628490448
full,sst2,n/a,8,q_proj,48,0.9999603629112244
full,sst2,n/a,8,q_proj,49,0.9999591112136841
full,sst2,n/a,8,q_proj,50,0.9999077320098877
full,sst2,n/a,8,v_proj,1,0.9993443489074707
full,sst2,n/a,8,v_proj,2,0.9994746446609497
full,sst2,n/a,8,v_proj,3,0.9993680715560913
full,sst2,n/a,8,v_proj,4,0.997035026550293
full,sst2,n/a,8,v_proj,5,0.9973923563957214
full,sst2,n/a,8,v_proj,6,0.997002899646759
full,sst2,n/a,8,v_proj,7,0.9977473020553589
full,sst2,n/a,8,v_proj,8,0.9984844326972961
full,sst2,n/a,8,v_proj,9,0.9975722432136536
full,sst2,n/a,8,v_proj,10,0.9915406703948975
full,sst2,n/a,8,v_proj,11,0.9880602955818176
full,sst2,n/a,8,v_proj,12,0.9868670701980591
full,sst2,n/a,8,v_proj,13,0.9789403676986694
full,sst2,n/a,8,v_proj,14,0.9841198921203613
full,sst2,n/a,8,v_proj,15,0.9935579299926758
full,sst2,n/a,8,v_proj,16,0.9930570125579834
full,sst2,n/a,8,v_proj,17,0.9959447383880615
full,sst2,n/a,8,v_proj,18,0.9955874681472778
full,sst2,n/a,8,v_proj,19,0.994198203086853
full,sst2,n/a,8,v_proj,20,0.9957368969917297
full,sst2,n/a,8,v_proj,21,0.9873453378677368
full,sst2,n/a,8,v_proj,22,0.989320695400238
full,sst2,n/a,8,v_proj,23,0.9928500652313232
full,sst2,n/a,8,v_proj,24,0.996306300163269
full,sst2,n/a,8,v_proj,25,0.9966906905174255
full,sst2,n/a,8,v_proj,26,0.9982074499130249
full,sst2,n/a,8,v_proj,27,0.9916225075721741
full,sst2,n/a,8,v_proj,28,0.9930582046508789
full,sst2,n/a,8,v_proj,29,0.9924322962760925
full,sst2,n/a,8,v_proj,30,0.9966921806335449
full,sst2,n/a,8,v_proj,31,0.9927488565444946
full,sst2,n/a,8,v_proj,32,0.9927237033843994
full,sst2,n/a,8,v_proj,33,0.9960576295852661
full,sst2,n/a,8,v_proj,34,0.9975665807723999
full,sst2,n/a,8,v_proj,35,0.9398328065872192
full,sst2,n/a,8,v_proj,36,0.9392565488815308
full,sst2,n/a,8,v_proj,37,0.9946892261505127
full,sst2,n/a,8,v_proj,38,0.9881095886230469
full,sst2,n/a,8,v_proj,39,0.9849314093589783
full,sst2,n/a,8,v_proj,40,0.9973786473274231
full,sst2,n/a,8,v_proj,41,0.9924948215484619
full,sst2,n/a,8,v_proj,42,0.9930646419525146
full,sst2,n/a,8,v_proj,43,0.9946211576461792
full,sst2,n/a,8,v_proj,44,0.9963005185127258
full,sst2,n/a,8,v_proj,45,0.9906739592552185
full,sst2,n/a,8,v_proj,46,0.9421567320823669
full,sst2,n/a,8,v_proj,47,0.9480747580528259
full,sst2,n/a,8,v_proj,48,0.9687467217445374
full,sst2,n/a,8,v_proj,49,0.7753850817680359
full,sst2,n/a,8,v_proj,50,0.7910137176513672
full,sst2,n/a,8,up_proj,1,0.9999855160713196
full,sst2,n/a,8,up_proj,2,0.9999706745147705
full,sst2,n/a,8,up_proj,3,0.9999606609344482
full,sst2,n/a,8,up_proj,4,0.9999671578407288
full,sst2,n/a,8,up_proj,5,0.9999516606330872
full,sst2,n/a,8,up_proj,6,0.9999340772628784
full,sst2,n/a,8,up_proj,7,0.9999096393585205
full,sst2,n/a,8,up_proj,8,0.9998542070388794
full,sst2,n/a,8,up_proj,9,0.9998937845230103
full,sst2,n/a,8,up_proj,10,0.9998767971992493
full,sst2,n/a,8,up_proj,11,0.9998332858085632
full,sst2,n/a,8,up_proj,12,0.9998780488967896
full,sst2,n/a,8,up_proj,13,0.9874754548072815
full,sst2,n/a,8,up_proj,14,0.9874910712242126
full,sst2,n/a,8,up_proj,15,0.9997923374176025
full,sst2,n/a,8,up_proj,16,0.9998414516448975
full,sst2,n/a,8,up_proj,17,0.9998218417167664
full,sst2,n/a,8,up_proj,18,0.9998654127120972
full,sst2,n/a,8,up_proj,19,0.9998326301574707
full,sst2,n/a,8,up_proj,20,0.9998496770858765
full,sst2,n/a,8,up_proj,21,0.9997802376747131
full,sst2,n/a,8,up_proj,22,0.9998106956481934
full,sst2,n/a,8,up_proj,23,0.9760104417800903
full,sst2,n/a,8,up_proj,24,0.976015567779541
full,sst2,n/a,8,up_proj,25,0.9996402263641357
full,sst2,n/a,8,up_proj,26,0.9994074106216431
full,sst2,n/a,8,up_proj,27,0.9998120665550232
full,sst2,n/a,8,up_proj,28,0.9996679425239563
full,sst2,n/a,8,up_proj,29,0.9990144371986389
full,sst2,n/a,8,up_proj,30,0.9991999864578247
full,sst2,n/a,8,up_proj,31,0.9972439408302307
full,sst2,n/a,8,up_proj,32,0.9941951632499695
full,sst2,n/a,8,up_proj,33,0.9917081594467163
full,sst2,n/a,8,up_proj,34,0.996248185634613
full,sst2,n/a,8,up_proj,35,0.9994346499443054
full,sst2,n/a,8,up_proj,36,0.9989067316055298
full,sst2,n/a,8,up_proj,37,0.9991974830627441
full,sst2,n/a,8,up_proj,38,0.9989563226699829
full,sst2,n/a,8,up_proj,39,0.9997103214263916
full,sst2,n/a,8,up_proj,40,0.9991896748542786
full,sst2,n/a,8,up_proj,41,0.9994586706161499
full,sst2,n/a,8,up_proj,42,0.9987131953239441
full,sst2,n/a,8,up_proj,43,0.9992842078208923
full,sst2,n/a,8,up_proj,44,0.999183177947998
full,sst2,n/a,8,up_proj,45,0.9985491037368774
full,sst2,n/a,8,up_proj,46,0.9983961582183838
full,sst2,n/a,8,up_proj,47,0.9994297027587891
full,sst2,n/a,8,up_proj,48,0.9980424046516418
full,sst2,n/a,8,up_proj,49,0.9980655312538147
full,sst2,n/a,8,up_proj,50,0.9993743896484375
full,sst2,n/a,8,down_proj,1,0.9999986290931702
full,sst2,n/a,8,down_proj,2,0.9999959468841553
full,sst2,n/a,8,down_proj,3,0.9999966025352478
full,sst2,n/a,8,down_proj,4,0.9999946355819702
full,sst2,n/a,8,down_proj,5,0.9999608397483826
full,sst2,n/a,8,down_proj,6,0.9999626278877258
full,sst2,n/a,8,down_proj,7,0.999991774559021
full,sst2,n/a,8,down_proj,8,0.9999905824661255
full,sst2,n/a,8,down_proj,9,0.9999836683273315
full,sst2,n/a,8,down_proj,10,0.9999700784683228
full,sst2,n/a,8,down_proj,11,0.9999289512634277
full,sst2,n/a,8,down_proj,12,0.9999369382858276
full,sst2,n/a,8,down_proj,13,0.9999167919158936
full,sst2,n/a,8,down_proj,14,0.9999355673789978
full,sst2,n/a,8,down_proj,15,0.999954879283905
full,sst2,n/a,8,down_proj,16,0.9999615550041199
full,sst2,n/a,8,down_proj,17,0.9999637007713318
full,sst2,n/a,8,down_proj,18,0.9999204277992249
full,sst2,n/a,8,down_proj,19,0.9992108345031738
full,sst2,n/a,8,down_proj,20,0.9991694688796997
full,sst2,n/a,8,down_proj,21,0.9997735023498535
full,sst2,n/a,8,down_proj,22,0.9995492696762085
full,sst2,n/a,8,down_proj,23,0.9995748400688171
full,sst2,n/a,8,down_proj,24,0.9999372363090515
full,sst2,n/a,8,down_proj,25,0.9998927116394043
full,sst2,n/a,8,down_proj,26,0.9995390772819519
full,sst2,n/a,8,down_proj,27,0.9995948672294617
full,sst2,n/a,8,down_proj,28,0.9999439120292664
full,sst2,n/a,8,down_proj,29,0.9999479055404663
full,sst2,n/a,8,down_proj,30,0.9998778104782104
full,sst2,n/a,8,down_proj,31,0.9998123645782471
full,sst2,n/a,8,down_proj,32,0.999868631362915
full,sst2,n/a,8,down_proj,33,0.9993444085121155
full,sst2,n/a,8,down_proj,34,0.9993566274642944
full,sst2,n/a,8,down_proj,35,0.9999292492866516
full,sst2,n/a,8,down_proj,36,0.9997872710227966
full,sst2,n/a,8,down_proj,37,0.999646782875061
full,sst2,n/a,8,down_proj,38,0.9997608065605164
full,sst2,n/a,8,down_proj,39,0.9996200799942017
full,sst2,n/a,8,down_proj,40,0.9996092319488525
full,sst2,n/a,8,down_proj,41,0.9967443346977234
full,sst2,n/a,8,down_proj,42,0.9967864751815796
full,sst2,n/a,8,down_proj,43,0.9997619390487671
full,sst2,n/a,8,down_proj,44,0.9997859597206116
full,sst2,n/a,8,down_proj,45,0.9998421669006348
full,sst2,n/a,8,down_proj,46,0.999457597732544
full,sst2,n/a,8,down_proj,47,0.9997239708900452
full,sst2,n/a,8,down_proj,48,0.9996349215507507
full,sst2,n/a,8,down_proj,49,0.99981689453125
full,sst2,n/a,8,down_proj,50,0.9995055794715881
full,sst2,n/a,15,q_proj,1,0.9999992251396179
full,sst2,n/a,15,q_proj,2,0.9999991655349731
full,sst2,n/a,15,q_proj,3,0.9999988079071045
full,sst2,n/a,15,q_proj,4,0.9999681711196899
full,sst2,n/a,15,q_proj,5,0.9999684691429138
full,sst2,n/a,15,q_proj,6,0.9999943375587463
full,sst2,n/a,15,q_proj,7,0.9999954104423523
full,sst2,n/a,15,q_proj,8,0.9999942779541016
full,sst2,n/a,15,q_proj,9,0.999993085861206
full,sst2,n/a,15,q_proj,10,0.9999931454658508
full,sst2,n/a,15,q_proj,11,0.9999949932098389
full,sst2,n/a,15,q_proj,12,0.999996542930603
full,sst2,n/a,15,q_proj,13,0.9999972581863403
full,sst2,n/a,15,q_proj,14,0.9999908208847046
full,sst2,n/a,15,q_proj,15,0.9999902248382568
full,sst2,n/a,15,q_proj,16,0.9999979138374329
full,sst2,n/a,15,q_proj,17,0.9999958276748657
full,sst2,n/a,15,q_proj,18,0.9999957084655762
full,sst2,n/a,15,q_proj,19,0.9999933838844299
full,sst2,n/a,15,q_proj,20,0.9999957084655762
full,sst2,n/a,15,q_proj,21,0.9999934434890747
full,sst2,n/a,15,q_proj,22,0.9999958276748657
full,sst2,n/a,15,q_proj,23,0.9999927878379822
full,sst2,n/a,15,q_proj,24,0.9999933242797852
full,sst2,n/a,15,q_proj,25,0.999994695186615
full,sst2,n/a,15,q_proj,26,0.9999975562095642
full,sst2,n/a,15,q_proj,27,0.9999947547912598
full,sst2,n/a,15,q_proj,28,0.9999740123748779
full,sst2,n/a,15,q_proj,29,0.9999762773513794
full,sst2,n/a,15,q_proj,30,0.9999933838844299
full,sst2,n/a,15,q_proj,31,0.9999967217445374
full,sst2,n/a,15,q_proj,32,0.9999966621398926
full,sst2,n/a,15,q_proj,33,0.9999902248382568
full,sst2,n/a,15,q_proj,34,0.9999700784683228
full,sst2,n/a,15,q_proj,35,0.9999767541885376
full,sst2,n/a,15,q_proj,36,0.9999902248382568
full,sst2,n/a,15,q_proj,37,0.9999955296516418
full,sst2,n/a,15,q_proj,38,0.9999943375587463
full,sst2,n/a,15,q_proj,39,0.9999861121177673
full,sst2,n/a,15,q_proj,40,0.9999594688415527
full,sst2,n/a,15,q_proj,41,0.9999724626541138
full,sst2,n/a,15,q_proj,42,0.99998939037323
full,sst2,n/a,15,q_proj,43,0.9999914765357971
full,sst2,n/a,15,q_proj,44,0.9999438524246216
full,sst2,n/a,15,q_proj,45,0.9999410510063171
full,sst2,n/a,15,q_proj,46,0.9999911189079285
full,sst2,n/a,15,q_proj,47,0.9999937415122986
full,sst2,n/a,15,q_proj,48,0.9999922513961792
full,sst2,n/a,15,q_proj,49,0.9999825954437256
full,sst2,n/a,15,q_proj,50,0.9996379613876343
full,sst2,n/a,15,v_proj,1,0.9999915361404419
full,sst2,n/a,15,v_proj,2,0.9999895095825195
full,sst2,n/a,15,v_proj,3,0.9999932646751404
full,sst2,n/a,15,v_proj,4,0.9999797344207764
full,sst2,n/a,15,v_proj,5,0.9999579787254333
full,sst2,n/a,15,v_proj,6,0.999943733215332
full,sst2,n/a,15,v_proj,7,0.9999872446060181
full,sst2,n/a,15,v_proj,8,0.9999901056289673
full,sst2,n/a,15,v_proj,9,0.9999841451644897
full,sst2,n/a,15,v_proj,10,0.9999690055847168
full,sst2,n/a,15,v_proj,11,0.9999628067016602
full,sst2,n/a,15,v_proj,12,0.999953031539917
full,sst2,n/a,15,v_proj,13,0.9999628067016602
full,sst2,n/a,15,v_proj,14,0.9998215436935425
full,sst2,n/a,15,v_proj,15,0.9994632005691528
full,sst2,n/a,15,v_proj,16,0.9995064735412598
full,sst2,n/a,15,v_proj,17,0.9998810291290283
full,sst2,n/a,15,v_proj,18,0.9999679327011108
full,sst2,n/a,15,v_proj,19,0.9999203681945801
full,sst2,n/a,15,v_proj,20,0.9999150633811951
full,sst2,n/a,15,v_proj,21,0.9999477863311768
full,sst2,n/a,15,v_proj,22,0.9999679327011108
full,sst2,n/a,15,v_proj,23,0.9999688863754272
full,sst2,n/a,15,v_proj,24,0.9999666213989258
full,sst2,n/a,15,v_proj,25,0.9998934864997864
full,sst2,n/a,15,v_proj,26,0.999818742275238
full,sst2,n/a,15,v_proj,27,0.9999574422836304
full,sst2,n/a,15,v_proj,28,0.9997646808624268
full,sst2,n/a,15,v_proj,29,0.9998260736465454
full,sst2,n/a,15,v_proj,30,0.9998541474342346
full,sst2,n/a,15,v_proj,31,0.9999139904975891
full,sst2,n/a,15,v_proj,32,0.9999347925186157
full,sst2,n/a,15,v_proj,33,0.9997854232788086
full,sst2,n/a,15,v_proj,34,0.9995187520980835
full,sst2,n/a,15,v_proj,35,0.9995356798171997
full,sst2,n/a,15,v_proj,36,0.9970701336860657
full,sst2,n/a,15,v_proj,37,0.9970843195915222
full,sst2,n/a,15,v_proj,38,0.9999082088470459
full,sst2,n/a,15,v_proj,39,0.9992961883544922
full,sst2,n/a,15,v_proj,40,0.9992703795433044
full,sst2,n/a,15,v_proj,41,0.9998772144317627
full,sst2,n/a,15,v_proj,42,0.9998914003372192
full,sst2,n/a,15,v_proj,43,0.9995543956756592
full,sst2,n/a,15,v_proj,44,0.9995269775390625
full,sst2,n/a,15,v_proj,45,0.9999054670333862
full,sst2,n/a,15,v_proj,46,0.9997349977493286
full,sst2,n/a,15,v_proj,47,0.9997049570083618
full,sst2,n/a,15,v_proj,48,0.9999490976333618
full,sst2,n/a,15,v_proj,49,0.9999588131904602
full,sst2,n/a,15,v_proj,50,0.9999574422836304
full,sst2,n/a,15,up_proj,1,0.9999979138374329
full,sst2,n/a,15,up_proj,2,0.9999991059303284
full,sst2,n/a,15,up_proj,3,0.9999987483024597
full,sst2,n/a,15,up_proj,4,0.9999945759773254
full,sst2,n/a,15,up_proj,5,0.9999963045120239
full,sst2,n/a,15,up_proj,6,0.9999961256980896
full,sst2,n/a,15,up_proj,7,0.9999954104423523
full,sst2,n/a,15,up_proj,8,0.9999911189079285
full,sst2,n/a,15,up_proj,9,0.999992311000824
full,sst2,n/a,15,up_proj,10,0.9999963045120239
full,sst2,n/a,15,up_proj,11,0.9999962449073792
full,sst2,n/a,15,up_proj,12,0.9999932050704956
full,sst2,n/a,15,up_proj,13,0.9999917149543762
full,sst2,n/a,15,up_proj,14,0.9999939799308777
full,sst2,n/a,15,up_proj,15,0.9999935626983643
full,sst2,n/a,15,up_proj,16,0.999990701675415
full,sst2,n/a,15,up_proj,17,0.9999912977218628
full,sst2,n/a,15,up_proj,18,0.9999727010726929
full,sst2,n/a,15,up_proj,19,0.9999766945838928
full,sst2,n/a,15,up_proj,20,0.9999902844429016
full,sst2,n/a,15,up_proj,21,0.9999892711639404
full,sst2,n/a,15,up_proj,22,0.999991774559021
full,sst2,n/a,15,up_proj,23,0.9999919533729553
full,sst2,n/a,15,up_proj,24,0.999977171421051
full,sst2,n/a,15,up_proj,25,0.999976396560669
full,sst2,n/a,15,up_proj,26,0.9999763369560242
full,sst2,n/a,15,up_proj,27,0.999981164932251
full,sst2,n/a,15,up_proj,28,0.9999799728393555
full,sst2,n/a,15,up_proj,29,0.9999859929084778
full,sst2,n/a,15,up_proj,30,0.9999837875366211
full,sst2,n/a,15,up_proj,31,0.9999873638153076
full,sst2,n/a,15,up_proj,32,0.9999861717224121
full,sst2,n/a,15,up_proj,33,0.9999822974205017
full,sst2,n/a,15,up_proj,34,0.9999754428863525
full,sst2,n/a,15,up_proj,35,0.9999576210975647
full,sst2,n/a,15,up_proj,36,0.9999546408653259
full,sst2,n/a,15,up_proj,37,0.9999686479568481
full,sst2,n/a,15,up_proj,38,0.9999732971191406
full,sst2,n/a,15,up_proj,39,0.9997725486755371
full,sst2,n/a,15,up_proj,40,0.9997658729553223
full,sst2,n/a,15,up_proj,41,0.9999726414680481
full,sst2,n/a,15,up_proj,42,0.9999717473983765
full,sst2,n/a,15,up_proj,43,0.9999518394470215
full,sst2,n/a,15,up_proj,44,0.999934196472168
full,sst2,n/a,15,up_proj,45,0.9998493194580078
full,sst2,n/a,15,up_proj,46,0.999862551689148
full,sst2,n/a,15,up_proj,47,0.9999334216117859
full,sst2,n/a,15,up_proj,48,0.9999485015869141
full,sst2,n/a,15,up_proj,49,0.999957799911499
full,sst2,n/a,15,up_proj,50,0.9999493360519409
full,sst2,n/a,15,down_proj,1,0.9999978542327881
full,sst2,n/a,15,down_proj,2,0.999993085861206
full,sst2,n/a,15,down_proj,3,0.9999924302101135
full,sst2,n/a,15,down_proj,4,0.9999759793281555
full,sst2,n/a,15,down_proj,5,0.9999902248382568
full,sst2,n/a,15,down_proj,6,0.9999660849571228
full,sst2,n/a,15,down_proj,7,0.9999458193778992
full,sst2,n/a,15,down_proj,8,0.9999489784240723
full,sst2,n/a,15,down_proj,9,0.999899685382843
full,sst2,n/a,15,down_proj,10,0.9998867511749268
full,sst2,n/a,15,down_proj,11,0.9997664093971252
full,sst2,n/a,15,down_proj,12,0.9994055032730103
full,sst2,n/a,15,down_proj,13,0.9994369745254517
full,sst2,n/a,15,down_proj,14,0.998954713344574
full,sst2,n/a,15,down_proj,15,0.9999005198478699
full,sst2,n/a,15,down_proj,16,0.9995810985565186
full,sst2,n/a,15,down_proj,17,0.999354362487793
full,sst2,n/a,15,down_proj,18,0.9974876046180725
full,sst2,n/a,15,down_proj,19,0.9977207183837891
full,sst2,n/a,15,down_proj,20,0.9998211860656738
full,sst2,n/a,15,down_proj,21,0.999864935874939
full,sst2,n/a,15,down_proj,22,0.999623715877533
full,sst2,n/a,15,down_proj,23,0.9996434450149536
full,sst2,n/a,15,down_proj,24,0.999703049659729
full,sst2,n/a,15,down_proj,25,0.9996513724327087
full,sst2,n/a,15,down_proj,26,0.9966627955436707
full,sst2,n/a,15,down_proj,27,0.9965037107467651
full,sst2,n/a,15,down_proj,28,0.9995549917221069
full,sst2,n/a,15,down_proj,29,0.9991827607154846
full,sst2,n/a,15,down_proj,30,0.999670147895813
full,sst2,n/a,15,down_proj,31,0.9995265603065491
full,sst2,n/a,15,down_proj,32,0.9993681907653809
full,sst2,n/a,15,down_proj,33,0.9994469881057739
full,sst2,n/a,15,down_proj,34,0.9995962977409363
full,sst2,n/a,15,down_proj,35,0.9994350671768188
full,sst2,n/a,15,down_proj,36,0.9995416402816772
full,sst2,n/a,15,down_proj,37,0.9996664524078369
full,sst2,n/a,15,down_proj,38,0.99956214427948
full,sst2,n/a,15,down_proj,39,0.9987611770629883
full,sst2,n/a,15,down_proj,40,0.9967693090438843
full,sst2,n/a,15,down_proj,41,0.9977009296417236
full,sst2,n/a,15,down_proj,42,0.9980267882347107
full,sst2,n/a,15,down_proj,43,0.9995076656341553
full,sst2,n/a,15,down_proj,44,0.9990799427032471
full,sst2,n/a,15,down_proj,45,0.9995787739753723
full,sst2,n/a,15,down_proj,46,0.9995394945144653
full,sst2,n/a,15,down_proj,47,0.9994790554046631
full,sst2,n/a,15,down_proj,48,0.9996610879898071
full,sst2,n/a,15,down_proj,49,0.9972043037414551
full,sst2,n/a,15,down_proj,50,0.9968603849411011
full,winogrande,n/a,0,q_proj,1,0.9999986290931702
full,winogrande,n/a,0,q_proj,2,0.9999989867210388
full,winogrande,n/a,0,q_proj,3,0.9999991655349731
full,winogrande,n/a,0,q_proj,4,0.999995768070221
full,winogrande,n/a,0,q_proj,5,0.9999974370002747
full,winogrande,n/a,0,q_proj,6,0.9999971389770508
full,winogrande,n/a,0,q_proj,7,0.9999969601631165
full,winogrande,n/a,0,q_proj,8,0.9999974370002747
full,winogrande,n/a,0,q_proj,9,0.9999958872795105
full,winogrande,n/a,0,q_proj,10,0.9999975562095642
full,winogrande,n/a,0,q_proj,11,0.9999956488609314
full,winogrande,n/a,0,q_proj,12,0.9999938011169434
full,winogrande,n/a,0,q_proj,13,0.9999933242797852
full,winogrande,n/a,0,q_proj,14,0.9999924898147583
full,winogrande,n/a,0,q_proj,15,0.9998071193695068
full,winogrande,n/a,0,q_proj,16,0.9997991323471069
full,winogrande,n/a,0,q_proj,17,0.9999737739562988
full,winogrande,n/a,0,q_proj,18,0.9999917149543762
full,winogrande,n/a,0,q_proj,19,0.9999832510948181
full,winogrande,n/a,0,q_proj,20,0.9999920725822449
full,winogrande,n/a,0,q_proj,21,0.9999892115592957
full,winogrande,n/a,0,q_proj,22,0.9999915361404419
full,winogrande,n/a,0,q_proj,23,0.9999911189079285
full,winogrande,n/a,0,q_proj,24,0.9999784827232361
full,winogrande,n/a,0,q_proj,25,0.9999845027923584
full,winogrande,n/a,0,q_proj,26,0.9999775886535645
full,winogrande,n/a,0,q_proj,27,0.9999269247055054
full,winogrande,n/a,0,q_proj,28,0.9999175071716309
full,winogrande,n/a,0,q_proj,29,0.999955415725708
full,winogrande,n/a,0,q_proj,30,0.9999769926071167
full,winogrande,n/a,0,q_proj,31,0.999954879283905
full,winogrande,n/a,0,q_proj,32,0.999969482421875
full,winogrande,n/a,0,q_proj,33,0.9999760389328003
full,winogrande,n/a,0,q_proj,34,0.9999598860740662
full,winogrande,n/a,0,q_proj,35,0.9999274015426636
full,winogrande,n/a,0,q_proj,36,0.9998993873596191
full,winogrande,n/a,0,q_proj,37,0.9999336004257202
full,winogrande,n/a,0,q_proj,38,0.9999673366546631
full,winogrande,n/a,0,q_proj,39,0.9999233484268188
full,winogrande,n/a,0,q_proj,40,0.9999000430107117
full,winogrande,n/a,0,q_proj,41,0.9999172687530518
full,winogrande,n/a,0,q_proj,42,0.9996359348297119
full,winogrande,n/a,0,q_proj,43,0.9996395707130432
full,winogrande,n/a,0,q_proj,44,0.9999448657035828
full,winogrande,n/a,0,q_proj,45,0.9999628067016602
full,winogrande,n/a,0,q_proj,46,0.9998641610145569
full,winogrande,n/a,0,q_proj,47,0.9994930028915405
full,winogrande,n/a,0,q_proj,48,0.9995713829994202
full,winogrande,n/a,0,q_proj,49,0.9998980760574341
full,winogrande,n/a,0,q_proj,50,0.9999349117279053
full,winogrande,n/a,0,v_proj,1,0.9998862147331238
full,winogrande,n/a,0,v_proj,2,0.9975321292877197
full,winogrande,n/a,0,v_proj,3,0.9979169368743896
full,winogrande,n/a,0,v_proj,4,0.9986599087715149
full,winogrande,n/a,0,v_proj,5,0.9994276762008667
full,winogrande,n/a,0,v_proj,6,0.9988309144973755
full,winogrande,n/a,0,v_proj,7,0.9985373616218567
full,winogrande,n/a,0,v_proj,8,0.9953998327255249
full,winogrande,n/a,0,v_proj,9,0.9957811236381531
full,winogrande,n/a,0,v_proj,10,0.9960594177246094
full,winogrande,n/a,0,v_proj,11,0.9933146238327026
full,winogrande,n/a,0,v_proj,12,0.9919521808624268
full,winogrande,n/a,0,v_proj,13,0.9636340141296387
full,winogrande,n/a,0,v_proj,14,0.9633456468582153
full,winogrande,n/a,0,v_proj,15,0.9930120706558228
full,winogrande,n/a,0,v_proj,16,0.9931349754333496
full,winogrande,n/a,0,v_proj,17,0.9926283955574036
full,winogrande,n/a,0,v_proj,18,0.9800945520401001
full,winogrande,n/a,0,v_proj,19,0.9754587411880493
full,winogrande,n/a,0,v_proj,20,0.9905444979667664
full,winogrande,n/a,0,v_proj,21,0.9870302677154541
full,winogrande,n/a,0,v_proj,22,0.9861288070678711
full,winogrande,n/a,0,v_proj,23,0.9480890035629272
full,winogrande,n/a,0,v_proj,24,0.937349796295166
full,winogrande,n/a,0,v_proj,25,0.9741843938827515
full,winogrande,n/a,0,v_proj,26,0.9874202013015747
full,winogrande,n/a,0,v_proj,27,0.9483152031898499
full,winogrande,n/a,0,v_proj,28,0.9616676568984985
full,winogrande,n/a,0,v_proj,29,0.9710476398468018
full,winogrande,n/a,0,v_proj,30,0.9728429317474365
full,winogrande,n/a,0,v_proj,31,0.89561927318573
full,winogrande,n/a,0,v_proj,32,0.8075592517852783
full,winogrande,n/a,0,v_proj,33,0.8082559704780579
full,winogrande,n/a,0,v_proj,34,0.9813334941864014
full,winogrande,n/a,0,v_proj,35,0.9669097065925598
full,winogrande,n/a,0,v_proj,36,0.9689536690711975
full,winogrande,n/a,0,v_proj,37,0.9846283197402954
full,winogrande,n/a,0,v_proj,38,0.9761723279953003
full,winogrande,n/a,0,v_proj,39,0.9669942855834961
full,winogrande,n/a,0,v_proj,40,0.8335891962051392
full,winogrande,n/a,0,v_proj,41,0.8448913097381592
full,winogrande,n/a,0,v_proj,42,0.9537444710731506
full,winogrande,n/a,0,v_proj,43,0.9143637418746948
full,winogrande,n/a,0,v_proj,44,0.8768167495727539
full,winogrande,n/a,0,v_proj,45,0.9098672270774841
full,winogrande,n/a,0,v_proj,46,0.9632643461227417
full,winogrande,n/a,0,v_proj,47,0.9564555883407593
full,winogrande,n/a,0,v_proj,48,0.9779632091522217
full,winogrande,n/a,0,v_proj,49,0.9703723192214966
full,winogrande,n/a,0,v_proj,50,0.9664731621742249
full,winogrande,n/a,0,up_proj,1,0.9999075531959534
full,winogrande,n/a,0,up_proj,2,0.9999185800552368
full,winogrande,n/a,0,up_proj,3,0.9999326467514038
full,winogrande,n/a,0,up_proj,4,0.9998744130134583
full,winogrande,n/a,0,up_proj,5,0.9998518228530884
full,winogrande,n/a,0,up_proj,6,0.9979848265647888
full,winogrande,n/a,0,up_proj,7,0.9978616833686829
full,winogrande,n/a,0,up_proj,8,0.9992956519126892
full,winogrande,n/a,0,up_proj,9,0.9994430541992188
full,winogrande,n/a,0,up_proj,10,0.9994688630104065
full,winogrande,n/a,0,up_proj,11,0.9994080662727356
full,winogrande,n/a,0,up_proj,12,0.999400794506073
full,winogrande,n/a,0,up_proj,13,0.9992207884788513
full,winogrande,n/a,0,up_proj,14,0.9987335801124573
full,winogrande,n/a,0,up_proj,15,0.9984880685806274
full,winogrande,n/a,0,up_proj,16,0.9989887475967407
full,winogrande,n/a,0,up_proj,17,0.9959486722946167
full,winogrande,n/a,0,up_proj,18,0.9962007403373718
full,winogrande,n/a,0,up_proj,19,0.9990516304969788
full,winogrande,n/a,0,up_proj,20,0.9989266395568848
full,winogrande,n/a,0,up_proj,21,0.9993884563446045
full,winogrande,n/a,0,up_proj,22,0.9997202157974243
full,winogrande,n/a,0,up_proj,23,0.9994809627532959
full,winogrande,n/a,0,up_proj,24,0.9994720816612244
full,winogrande,n/a,0,up_proj,25,0.9996309280395508
full,winogrande,n/a,0,up_proj,26,0.9978774189949036
full,winogrande,n/a,0,up_proj,27,0.9879879355430603
full,winogrande,n/a,0,up_proj,28,0.9902637600898743
full,winogrande,n/a,0,up_proj,29,0.9990226030349731
full,winogrande,n/a,0,up_proj,30,0.9994966983795166
full,winogrande,n/a,0,up_proj,31,0.9991362690925598
full,winogrande,n/a,0,up_proj,32,0.9991616010665894
full,winogrande,n/a,0,up_proj,33,0.9997380971908569
full,winogrande,n/a,0,up_proj,34,0.9996655583381653
full,winogrande,n/a,0,up_proj,35,0.9996534585952759
full,winogrande,n/a,0,up_proj,36,0.9994791150093079
full,winogrande,n/a,0,up_proj,37,0.9985682964324951
full,winogrande,n/a,0,up_proj,38,0.9991796016693115
full,winogrande,n/a,0,up_proj,39,0.9991678595542908
full,winogrande,n/a,0,up_proj,40,0.999422550201416
full,winogrande,n/a,0,up_proj,41,0.9958833456039429
full,winogrande,n/a,0,up_proj,42,0.9955094456672668
full,winogrande,n/a,0,up_proj,43,0.998911440372467
full,winogrande,n/a,0,up_proj,44,0.9977610111236572
full,winogrande,n/a,0,up_proj,45,0.9986763000488281
full,winogrande,n/a,0,up_proj,46,0.9978585243225098
full,winogrande,n/a,0,up_proj,47,0.9985673427581787
full,winogrande,n/a,0,up_proj,48,0.9977347254753113
full,winogrande,n/a,0,up_proj,49,0.9963771104812622
full,winogrande,n/a,0,up_proj,50,0.9977037906646729
full,winogrande,n/a,0,down_proj,1,0.9999877214431763
full,winogrande,n/a,0,down_proj,2,0.9999829530715942
full,winogrande,n/a,0,down_proj,3,0.9999809861183167
full,winogrande,n/a,0,down_proj,4,0.9999746680259705
full,winogrande,n/a,0,down_proj,5,0.9999712109565735
full,winogrande,n/a,0,down_proj,6,0.9999189376831055
full,winogrande,n/a,0,down_proj,7,0.9999166131019592
full,winogrande,n/a,0,down_proj,8,0.9999313354492188
full,winogrande,n/a,0,down_proj,9,0.9999370574951172
full,winogrande,n/a,0,down_proj,10,0.9998610019683838
full,winogrande,n/a,0,down_proj,11,0.9999160170555115
full,winogrande,n/a,0,down_proj,12,0.9998220205307007
full,winogrande,n/a,0,down_proj,13,0.9999052882194519
full,winogrande,n/a,0,down_proj,14,0.9995076656341553
full,winogrande,n/a,0,down_proj,15,0.9994900822639465
full,winogrande,n/a,0,down_proj,16,0.9998435974121094
full,winogrande,n/a,0,down_proj,17,0.9997738003730774
full,winogrande,n/a,0,down_proj,18,0.9997631907463074
full,winogrande,n/a,0,down_proj,19,0.9996950626373291
full,winogrande,n/a,0,down_proj,20,0.9454155564308167
full,winogrande,n/a,0,down_proj,21,0.945343554019928
full,winogrande,n/a,0,down_proj,22,0.9996069073677063
full,winogrande,n/a,0,down_proj,23,0.9987694621086121
full,winogrande,n/a,0,down_proj,24,0.9990649819374084
full,winogrande,n/a,0,down_proj,25,0.9991434216499329
full,winogrande,n/a,0,down_proj,26,0.9994629621505737
full,winogrande,n/a,0,down_proj,27,0.9996175765991211
full,winogrande,n/a,0,down_proj,28,0.999580979347229
full,winogrande,n/a,0,down_proj,29,0.9995723366737366
full,winogrande,n/a,0,down_proj,30,0.9983775615692139
full,winogrande,n/a,0,down_proj,31,0.9985014796257019
full,winogrande,n/a,0,down_proj,32,0.9985721111297607
full,winogrande,n/a,0,down_proj,33,0.9600291848182678
full,winogrande,n/a,0,down_proj,34,0.9606338739395142
full,winogrande,n/a,0,down_proj,35,0.9990278482437134
full,winogrande,n/a,0,down_proj,36,0.9985278844833374
full,winogrande,n/a,0,down_proj,37,0.9983615279197693
full,winogrande,n/a,0,down_proj,38,0.9992079138755798
full,winogrande,n/a,0,down_proj,39,0.9978553056716919
full,winogrande,n/a,0,down_proj,40,0.998359203338623
full,winogrande,n/a,0,down_proj,41,0.9995229840278625
full,winogrande,n/a,0,down_proj,42,0.9792187809944153
full,winogrande,n/a,0,down_proj,43,0.9791648983955383
full,winogrande,n/a,0,down_proj,44,0.9979708194732666
full,winogrande,n/a,0,down_proj,45,0.9976450204849243
full,winogrande,n/a,0,down_proj,46,0.9973344802856445
full,winogrande,n/a,0,down_proj,47,0.9897308349609375
full,winogrande,n/a,0,down_proj,48,0.9905123114585876
full,winogrande,n/a,0,down_proj,49,0.9977247714996338
full,winogrande,n/a,0,down_proj,50,0.9775112867355347
full,winogrande,n/a,8,q_proj,1,0.9999857544898987
full,winogrande,n/a,8,q_proj,2,0.9999954700469971
full,winogrande,n/a,8,q_proj,3,0.9999961256980896
full,winogrande,n/a,8,q_proj,4,0.9999881982803345
full,winogrande,n/a,8,q_proj,5,0.9999862909317017
full,winogrande,n/a,8,q_proj,6,0.9999919533729553
full,winogrande,n/a,8,q_proj,7,0.9999573230743408
full,winogrande,n/a,8,q_proj,8,0.9998719692230225
full,winogrande,n/a,8,q_proj,9,0.9999091029167175
full,winogrande,n/a,8,q_proj,10,0.9999905228614807
full,winogrande,n/a,8,q_proj,11,0.9999889135360718
full,winogrande,n/a,8,q_proj,12,0.999963104724884
full,winogrande,n/a,8,q_proj,13,0.9999480843544006
full,winogrande,n/a,8,q_proj,14,0.9999241828918457
full,winogrande,n/a,8,q_proj,15,0.9996888041496277
full,winogrande,n/a,8,q_proj,16,0.9996547102928162
full,winogrande,n/a,8,q_proj,17,0.9998942613601685
full,winogrande,n/a,8,q_proj,18,0.9999614357948303
full,winogrande,n/a,8,q_proj,19,0.9999557137489319
full,winogrande,n/a,8,q_proj,20,0.9999696016311646
full,winogrande,n/a,8,q_proj,21,0.9999616742134094
full,winogrande,n/a,8,q_proj,22,0.9999843835830688
full,winogrande,n/a,8,q_proj,23,0.9999668002128601
full,winogrande,n/a,8,q_proj,24,0.9999853372573853
full,winogrande,n/a,8,q_proj,25,0.9999545812606812
full,winogrande,n/a,8,q_proj,26,0.9999779462814331
full,winogrande,n/a,8,q_proj,27,0.9999662041664124
full,winogrande,n/a,8,q_proj,28,0.9999534487724304
full,winogrande,n/a,8,q_proj,29,0.9999369382858276
full,winogrande,n/a,8,q_proj,30,0.9998137354850769
full,winogrande,n/a,8,q_proj,31,0.999563455581665
full,winogrande,n/a,8,q_proj,32,0.9996433258056641
full,winogrande,n/a,8,q_proj,33,0.9999136328697205
full,winogrande,n/a,8,q_proj,34,0.9999074339866638
full,winogrande,n/a,8,q_proj,35,0.9999304413795471
full,winogrande,n/a,8,q_proj,36,0.9999526739120483
full,winogrande,n/a,8,q_proj,37,0.9999021887779236
full,winogrande,n/a,8,q_proj,38,0.9997633695602417
full,winogrande,n/a,8,q_proj,39,0.999731183052063
full,winogrande,n/a,8,q_proj,40,0.9999388456344604
full,winogrande,n/a,8,q_proj,41,0.9998151063919067
full,winogrande,n/a,8,q_proj,42,0.9998378157615662
full,winogrande,n/a,8,q_proj,43,0.999915361404419
full,winogrande,n/a,8,q_proj,44,0.9999017119407654
full,winogrande,n/a,8,q_proj,45,0.9999461770057678
full,winogrande,n/a,8,q_proj,46,0.9999040961265564
full,winogrande,n/a,8,q_proj,47,0.9999613165855408
full,winogrande,n/a,8,q_proj,48,0.9999496936798096
full,winogrande,n/a,8,q_proj,49,0.9999580979347229
full,winogrande,n/a,8,q_proj,50,0.9997577667236328
full,winogrande,n/a,8,v_proj,1,0.998856782913208
full,winogrande,n/a,8,v_proj,2,0.990074634552002
full,winogrande,n/a,8,v_proj,3,0.96858811378479
full,winogrande,n/a,8,v_proj,4,0.929885745048523
full,winogrande,n/a,8,v_proj,5,0.9693846106529236
full,winogrande,n/a,8,v_proj,6,0.9602392911911011
full,winogrande,n/a,8,v_proj,7,0.9967315793037415
full,winogrande,n/a,8,v_proj,8,0.993484616279602
full,winogrande,n/a,8,v_proj,9,0.9924416542053223
full,winogrande,n/a,8,v_proj,10,0.9496448040008545
full,winogrande,n/a,8,v_proj,11,0.9448997378349304
full,winogrande,n/a,8,v_proj,12,0.9826687574386597
full,winogrande,n/a,8,v_proj,13,0.962145209312439
full,winogrande,n/a,8,v_proj,14,0.9700449705123901
full,winogrande,n/a,8,v_proj,15,0.9948037266731262
full,winogrande,n/a,8,v_proj,16,0.994599461555481
full,winogrande,n/a,8,v_proj,17,0.9972019195556641
full,winogrande,n/a,8,v_proj,18,0.9957934617996216
full,winogrande,n/a,8,v_proj,19,0.9929194450378418
full,winogrande,n/a,8,v_proj,20,0.9925101399421692
full,winogrande,n/a,8,v_proj,21,0.9913529753684998
full,winogrande,n/a,8,v_proj,22,0.9879084825515747
full,winogrande,n/a,8,v_proj,23,0.9900102615356445
full,winogrande,n/a,8,v_proj,24,0.994928777217865
full,winogrande,n/a,8,v_proj,25,0.9918366074562073
full,winogrande,n/a,8,v_proj,26,0.9869586825370789
full,winogrande,n/a,8,v_proj,27,0.9395147562026978
full,winogrande,n/a,8,v_proj,28,0.9550043344497681
full,winogrande,n/a,8,v_proj,29,0.9895034432411194
full,winogrande,n/a,8,v_proj,30,0.9942774772644043
full,winogrande,n/a,8,v_proj,31,0.9917705655097961
full,winogrande,n/a,8,v_proj,32,0.9900198578834534
full,winogrande,n/a,8,v_proj,33,0.9928759336471558
full,winogrande,n/a,8,v_proj,34,0.994124174118042
full,winogrande,n/a,8,v_proj,35,0.9841213226318359
full,winogrande,n/a,8,v_proj,36,0.9870997071266174
full,winogrande,n/a,8,v_proj,37,0.9902387857437134
full,winogrande,n/a,8,v_proj,38,0.9627991914749146
full,winogrande,n/a,8,v_proj,39,0.9705191254615784
full,winogrande,n/a,8,v_proj,40,0.9907708168029785
full,winogrande,n/a,8,v_proj,41,0.9937372207641602
full,winogrande,n/a,8,v_proj,42,0.9915235638618469
full,winogrande,n/a,8,v_proj,43,0.9838882684707642
full,winogrande,n/a,8,v_proj,44,0.9844023585319519
full,winogrande,n/a,8,v_proj,45,0.9909149408340454
full,winogrande,n/a,8,v_proj,46,0.9741420745849609
full,winogrande,n/a,8,v_proj,47,0.9722994565963745
full,winogrande,n/a,8,v_proj,48,0.9833962917327881
full,winogrande,n/a,8,v_proj,49,0.925473690032959
full,winogrande,n/a,8,v_proj,50,0.9215906262397766
full,winogrande,n/a,8,up_proj,1,0.9999749660491943
full,winogrande,n/a,8,up_proj,2,0.9999340772628784
full,winogrande,n/a,8,up_proj,3,0.9999261498451233
full,winogrande,n/a,8,up_proj,4,0.9999451637268066
full,winogrande,n/a,8,up_proj,5,0.9999175071716309
full,winogrande,n/a,8,up_proj,6,0.9999118447303772
full,winogrande,n/a,8,up_proj,7,0.9998537302017212
full,winogrande,n/a,8,up_proj,8,0.9997372627258301
full,winogrande,n/a,8,up_proj,9,0.9998056292533875
full,winogrande,n/a,8,up_proj,10,0.9997276663780212
full,winogrande,n/a,8,up_proj,11,0.9996868968009949
full,winogrande,n/a,8,up_proj,12,0.9998044371604919
full,winogrande,n/a,8,up_proj,13,0.9562572836875916
full,winogrande,n/a,8,up_proj,14,0.9561368823051453
full,winogrande,n/a,8,up_proj,15,0.9997397661209106
full,winogrande,n/a,8,up_proj,16,0.999729335308075
full,winogrande,n/a,8,up_proj,17,0.9996874332427979
full,winogrande,n/a,8,up_proj,18,0.9996657967567444
full,winogrande,n/a,8,up_proj,19,0.9996551871299744
full,winogrande,n/a,8,up_proj,20,0.9996315836906433
full,winogrande,n/a,8,up_proj,21,0.9995511174201965
full,winogrande,n/a,8,up_proj,22,0.9990316033363342
full,winogrande,n/a,8,up_proj,23,0.9991449117660522
full,winogrande,n/a,8,up_proj,24,0.9989609122276306
full,winogrande,n/a,8,up_proj,25,0.9995922446250916
full,winogrande,n/a,8,up_proj,26,0.998810350894928
full,winogrande,n/a,8,up_proj,27,0.9986728429794312
full,winogrande,n/a,8,up_proj,28,0.9995855689048767
full,winogrande,n/a,8,up_proj,29,0.9986316561698914
full,winogrande,n/a,8,up_proj,30,0.9987533688545227
full,winogrande,n/a,8,up_proj,31,0.996214747428894
full,winogrande,n/a,8,up_proj,32,0.9890201091766357
full,winogrande,n/a,8,up_proj,33,0.9884242415428162
full,winogrande,n/a,8,up_proj,34,0.9964079856872559
full,winogrande,n/a,8,up_proj,35,0.998598575592041
full,winogrande,n/a,8,up_proj,36,0.9987335801124573
full,winogrande,n/a,8,up_proj,37,0.9983204007148743
full,winogrande,n/a,8,up_proj,38,0.9989538788795471
full,winogrande,n/a,8,up_proj,39,0.9906784296035767
full,winogrande,n/a,8,up_proj,40,0.9899293184280396
full,winogrande,n/a,8,up_proj,41,0.9985067844390869
full,winogrande,n/a,8,up_proj,42,0.9977782368659973
full,winogrande,n/a,8,up_proj,43,0.9988976716995239
full,winogrande,n/a,8,up_proj,44,0.9986288547515869
full,winogrande,n/a,8,up_proj,45,0.9921048879623413
full,winogrande,n/a,8,up_proj,46,0.9916984438896179
full,winogrande,n/a,8,up_proj,47,0.9988717436790466
full,winogrande,n/a,8,up_proj,48,0.9983535408973694
full,winogrande,n/a,8,up_proj,49,0.9975156188011169
full,winogrande,n/a,8,up_proj,50,0.996907114982605
full,winogrande,n/a,8,down_proj,1,0.9999970197677612
full,winogrande,n/a,8,down_proj,2,0.9999909400939941
full,winogrande,n/a,8,down_proj,3,0.9999930262565613
full,winogrande,n/a,8,down_proj,4,0.9999892711639404
full,winogrande,n/a,8,down_proj,5,0.9999833106994629
full,winogrande,n/a,8,down_proj,6,0.9999788403511047
full,winogrande,n/a,8,down_proj,7,0.9999815821647644
full,winogrande,n/a,8,down_proj,8,0.9999824166297913
full,winogrande,n/a,8,down_proj,9,0.9999794363975525
full,winogrande,n/a,8,down_proj,10,0.9999268054962158
full,winogrande,n/a,8,down_proj,11,0.999801754951477
full,winogrande,n/a,8,down_proj,12,0.9998170137405396
full,winogrande,n/a,8,down_proj,13,0.9998812079429626
full,winogrande,n/a,8,down_proj,14,0.9999017119407654
full,winogrande,n/a,8,down_proj,15,0.9998993873596191
full,winogrande,n/a,8,down_proj,16,0.9998628497123718
full,winogrande,n/a,8,down_proj,17,0.9999165534973145
full,winogrande,n/a,8,down_proj,18,0.999821126461029
full,winogrande,n/a,8,down_proj,19,0.9985582828521729
full,winogrande,n/a,8,down_proj,20,0.9985860586166382
full,winogrande,n/a,8,down_proj,21,0.9998596906661987
full,winogrande,n/a,8,down_proj,22,0.9999138712882996
full,winogrande,n/a,8,down_proj,23,0.9999090433120728
full,winogrande,n/a,8,down_proj,24,0.999909520149231
full,winogrande,n/a,8,down_proj,25,0.9998393058776855
full,winogrande,n/a,8,down_proj,26,0.9988961219787598
full,winogrande,n/a,8,down_proj,27,0.998887836933136
full,winogrande,n/a,8,down_proj,28,0.9999037384986877
full,winogrande,n/a,8,down_proj,29,0.9999293684959412
full,winogrande,n/a,8,down_proj,30,0.9997743964195251
full,winogrande,n/a,8,down_proj,31,0.9997156858444214
full,winogrande,n/a,8,down_proj,32,0.9998040199279785
full,winogrande,n/a,8,down_proj,33,0.9994131326675415
full,winogrande,n/a,8,down_proj,34,0.9989049434661865
full,winogrande,n/a,8,down_proj,35,0.999367892742157
full,winogrande,n/a,8,down_proj,36,0.9997206330299377
full,winogrande,n/a,8,down_proj,37,0.9994495511054993
full,winogrande,n/a,8,down_proj,38,0.9996040463447571
full,winogrande,n/a,8,down_proj,39,0.9996035099029541
full,winogrande,n/a,8,down_proj,40,0.9995991587638855
full,winogrande,n/a,8,down_proj,41,0.9951176047325134
full,winogrande,n/a,8,down_proj,42,0.9952526688575745
full,winogrande,n/a,8,down_proj,43,0.9996267557144165
full,winogrande,n/a,8,down_proj,44,0.9992610216140747
full,winogrande,n/a,8,down_proj,45,0.9993512630462646
full,winogrande,n/a,8,down_proj,46,0.9995927214622498
full,winogrande,n/a,8,down_proj,47,0.9995747208595276
full,winogrande,n/a,8,down_proj,48,0.9993910193443298
full,winogrande,n/a,8,down_proj,49,0.9992523789405823
full,winogrande,n/a,8,down_proj,50,0.9994617700576782
full,winogrande,n/a,15,q_proj,1,0.9999979138374329
full,winogrande,n/a,15,q_proj,2,0.9999980330467224
full,winogrande,n/a,15,q_proj,3,0.9999979138374329
full,winogrande,n/a,15,q_proj,4,0.9999777674674988
full,winogrande,n/a,15,q_proj,5,0.9999775290489197
full,winogrande,n/a,15,q_proj,6,0.9999961853027344
full,winogrande,n/a,15,q_proj,7,0.9999926686286926
full,winogrande,n/a,15,q_proj,8,0.9999883770942688
full,winogrande,n/a,15,q_proj,9,0.9999906420707703
full,winogrande,n/a,15,q_proj,10,0.9999935626983643
full,winogrande,n/a,15,q_proj,11,0.9999920129776001
full,winogrande,n/a,15,q_proj,12,0.9999960064888
full,winogrande,n/a,15,q_proj,13,0.9999946355819702
full,winogrande,n/a,15,q_proj,14,0.999996542930603
full,winogrande,n/a,15,q_proj,15,0.9999943971633911
full,winogrande,n/a,15,q_proj,16,0.9999960064888
full,winogrande,n/a,15,q_proj,17,0.9999924898147583
full,winogrande,n/a,15,q_proj,18,0.9999892711639404
full,winogrande,n/a,15,q_proj,19,0.9999801516532898
full,winogrande,n/a,15,q_proj,20,0.9999905824661255
full,winogrande,n/a,15,q_proj,21,0.9999597668647766
full,winogrande,n/a,15,q_proj,22,0.999968409538269
full,winogrande,n/a,15,q_proj,23,0.9999864101409912
full,winogrande,n/a,15,q_proj,24,0.9999854564666748
full,winogrande,n/a,15,q_proj,25,0.9999913573265076
full,winogrande,n/a,15,q_proj,26,0.9999940991401672
full,winogrande,n/a,15,q_proj,27,0.9999890923500061
full,winogrande,n/a,15,q_proj,28,0.9999057650566101
full,winogrande,n/a,15,q_proj,29,0.9999039769172668
full,winogrande,n/a,15,q_proj,30,0.9999895095825195
full,winogrande,n/a,15,q_proj,31,0.9999525547027588
full,winogrande,n/a,15,q_proj,32,0.9999510645866394
full,winogrande,n/a,15,q_proj,33,0.9999873638153076
full,winogrande,n/a,15,q_proj,34,0.9999421238899231
full,winogrande,n/a,15,q_proj,35,0.9999430775642395
full,winogrande,n/a,15,q_proj,36,0.9999813437461853
full,winogrande,n/a,15,q_proj,37,0.9999890923500061
full,winogrande,n/a,15,q_proj,38,0.9999919533729553
full,winogrande,n/a,15,q_proj,39,0.9999698996543884
full,winogrande,n/a,15,q_proj,40,0.9998537302017212
full,winogrande,n/a,15,q_proj,41,0.9998891353607178
full,winogrande,n/a,15,q_proj,42,0.9999701976776123
full,winogrande,n/a,15,q_proj,43,0.9999834895133972
full,winogrande,n/a,15,q_proj,44,0.9999831914901733
full,winogrande,n/a,15,q_proj,45,0.9999818205833435
full,winogrande,n/a,15,q_proj,46,0.9999879002571106
full,winogrande,n/a,15,q_proj,47,0.9999879598617554
full,winogrande,n/a,15,q_proj,48,0.9999853372573853
full,winogrande,n/a,15,q_proj,49,0.999976396560669
full,winogrande,n/a,15,q_proj,50,0.999596893787384
full,winogrande,n/a,15,v_proj,1,0.9999897480010986
full,winogrande,n/a,15,v_proj,2,0.9999864101409912
full,winogrande,n/a,15,v_proj,3,0.9999885559082031
full,winogrande,n/a,15,v_proj,4,0.9999628067016602
full,winogrande,n/a,15,v_proj,5,0.999931812286377
full,winogrande,n/a,15,v_proj,6,0.9999228715896606
full,winogrande,n/a,15,v_proj,7,0.9999719858169556
full,winogrande,n/a,15,v_proj,8,0.9999768733978271
full,winogrande,n/a,15,v_proj,9,0.9999555945396423
full,winogrande,n/a,15,v_proj,10,0.9999080300331116
full,winogrande,n/a,15,v_proj,11,0.9999008178710938
full,winogrande,n/a,15,v_proj,12,0.9998940229415894
full,winogrande,n/a,15,v_proj,13,0.9998974800109863
full,winogrande,n/a,15,v_proj,14,0.9999475479125977
full,winogrande,n/a,15,v_proj,15,0.9996132850646973
full,winogrande,n/a,15,v_proj,16,0.9996060132980347
full,winogrande,n/a,15,v_proj,17,0.9999391436576843
full,winogrande,n/a,15,v_proj,18,0.9999671578407288
full,winogrande,n/a,15,v_proj,19,0.9999570846557617
full,winogrande,n/a,15,v_proj,20,0.9999462366104126
full,winogrande,n/a,15,v_proj,21,0.9999318718910217
full,winogrande,n/a,15,v_proj,22,0.9999113082885742
full,winogrande,n/a,15,v_proj,23,0.9999281764030457
full,winogrande,n/a,15,v_proj,24,0.99991375207901
full,winogrande,n/a,15,v_proj,25,0.9999460577964783
full,winogrande,n/a,15,v_proj,26,0.9996472597122192
full,winogrande,n/a,15,v_proj,27,0.999909520149231
full,winogrande,n/a,15,v_proj,28,0.9995825886726379
full,winogrande,n/a,15,v_proj,29,0.9998628497123718
full,winogrande,n/a,15,v_proj,30,0.999917209148407
full,winogrande,n/a,15,v_proj,31,0.9999357461929321
full,winogrande,n/a,15,v_proj,32,0.9999136924743652
full,winogrande,n/a,15,v_proj,33,0.9998493194580078
full,winogrande,n/a,15,v_proj,34,0.9999083280563354
full,winogrande,n/a,15,v_proj,35,0.9998307824134827
full,winogrande,n/a,15,v_proj,36,0.9979103803634644
full,winogrande,n/a,15,v_proj,37,0.9981155395507812
full,winogrande,n/a,15,v_proj,38,0.9996733665466309
full,winogrande,n/a,15,v_proj,39,0.9995712041854858
full,winogrande,n/a,15,v_proj,40,0.9995874166488647
full,winogrande,n/a,15,v_proj,41,0.9998618364334106
full,winogrande,n/a,15,v_proj,42,0.9998000860214233
full,winogrande,n/a,15,v_proj,43,0.9996210336685181
full,winogrande,n/a,15,v_proj,44,0.9997336268424988
full,winogrande,n/a,15,v_proj,45,0.9994070529937744
full,winogrande,n/a,15,v_proj,46,0.9994341135025024
full,winogrande,n/a,15,v_proj,47,0.9996981620788574
full,winogrande,n/a,15,v_proj,48,0.9997203946113586
full,winogrande,n/a,15,v_proj,49,0.9998684525489807
full,winogrande,n/a,15,v_proj,50,0.9999318718910217
full,winogrande,n/a,15,up_proj,1,0.9999910593032837
full,winogrande,n/a,15,up_proj,2,0.9999979138374329
full,winogrande,n/a,15,up_proj,3,0.9999958872795105
full,winogrande,n/a,15,up_proj,4,0.9999765157699585
full,winogrande,n/a,15,up_proj,5,0.9999883770942688
full,winogrande,n/a,15,up_proj,6,0.9999884366989136
full,winogrande,n/a,15,up_proj,7,0.9999911785125732
full,winogrande,n/a,15,up_proj,8,0.9999896883964539
full,winogrande,n/a,15,up_proj,9,0.9999865889549255
full,winogrande,n/a,15,up_proj,10,0.9999927282333374
full,winogrande,n/a,15,up_proj,11,0.9999903440475464
full,winogrande,n/a,15,up_proj,12,0.9999861717224121
full,winogrande,n/a,15,up_proj,13,0.9999518394470215
full,winogrande,n/a,15,up_proj,14,0.9999693632125854
full,winogrande,n/a,15,up_proj,15,0.9999895691871643
full,winogrande,n/a,15,up_proj,16,0.99998939037323
full,winogrande,n/a,15,up_proj,17,0.9999843239784241
full,winogrande,n/a,15,up_proj,18,0.9999852776527405
full,winogrande,n/a,15,up_proj,19,0.9999803900718689
full,winogrande,n/a,15,up_proj,20,0.9999802708625793
full,winogrande,n/a,15,up_proj,21,0.9999822974205017
full,winogrande,n/a,15,up_proj,22,0.9999772310256958
full,winogrande,n/a,15,up_proj,23,0.9999809861183167
full,winogrande,n/a,15,up_proj,24,0.9999794960021973
full,winogrande,n/a,15,up_proj,25,0.9999828934669495
full,winogrande,n/a,15,up_proj,26,0.9999774694442749
full,winogrande,n/a,15,up_proj,27,0.9999651908874512
full,winogrande,n/a,15,up_proj,28,0.9999710321426392
full,winogrande,n/a,15,up_proj,29,0.9999763369560242
full,winogrande,n/a,15,up_proj,30,0.9999626278877258
full,winogrande,n/a,15,up_proj,31,0.999933660030365
full,winogrande,n/a,15,up_proj,32,0.9999122023582458
full,winogrande,n/a,15,up_proj,33,0.9999269843101501
full,winogrande,n/a,15,up_proj,34,0.9999586343765259
full,winogrande,n/a,15,up_proj,35,0.9998199939727783
full,winogrande,n/a,15,up_proj,36,0.9997180700302124
full,winogrande,n/a,15,up_proj,37,0.9997274875640869
full,winogrande,n/a,15,up_proj,38,0.9998963475227356
full,winogrande,n/a,15,up_proj,39,0.9990060329437256
full,winogrande,n/a,15,up_proj,40,0.9989924430847168
full,winogrande,n/a,15,up_proj,41,0.9999274611473083
full,winogrande,n/a,15,up_proj,42,0.9999215006828308
full,winogrande,n/a,15,up_proj,43,0.9998934268951416
full,winogrande,n/a,15,up_proj,44,0.9998964071273804
full,winogrande,n/a,15,up_proj,45,0.9998836517333984
full,winogrande,n/a,15,up_proj,46,0.9997187256813049
full,winogrande,n/a,15,up_proj,47,0.9996688365936279
full,winogrande,n/a,15,up_proj,48,0.9997325539588928
full,winogrande,n/a,15,up_proj,49,0.9999074935913086
full,winogrande,n/a,15,up_proj,50,0.9998795986175537
full,winogrande,n/a,15,down_proj,1,0.9999738335609436
full,winogrande,n/a,15,down_proj,2,0.9999703764915466
full,winogrande,n/a,15,down_proj,3,0.9999866485595703
full,winogrande,n/a,15,down_proj,4,0.9998506307601929
full,winogrande,n/a,15,down_proj,5,0.9999437928199768
full,winogrande,n/a,15,down_proj,6,0.9999062418937683
full,winogrande,n/a,15,down_proj,7,0.999846339225769
full,winogrande,n/a,15,down_proj,8,0.999803900718689
full,winogrande,n/a,15,down_proj,9,0.9997348189353943
full,winogrande,n/a,15,down_proj,10,0.9996739625930786
full,winogrande,n/a,15,down_proj,11,0.9997178912162781
full,winogrande,n/a,15,down_proj,12,0.9996060132980347
full,winogrande,n/a,15,down_proj,13,0.9956128597259521
full,winogrande,n/a,15,down_proj,14,0.9953930377960205
full,winogrande,n/a,15,down_proj,15,0.9998099207878113
full,winogrande,n/a,15,down_proj,16,0.9998348951339722
full,winogrande,n/a,15,down_proj,17,0.9995216727256775
full,winogrande,n/a,15,down_proj,18,0.9972268342971802
full,winogrande,n/a,15,down_proj,19,0.9967978596687317
full,winogrande,n/a,15,down_proj,20,0.9998086094856262
full,winogrande,n/a,15,down_proj,21,0.9997128248214722
full,winogrande,n/a,15,down_proj,22,0.999272346496582
full,winogrande,n/a,15,down_proj,23,0.999243438243866
full,winogrande,n/a,15,down_proj,24,0.9991233944892883
full,winogrande,n/a,15,down_proj,25,0.9985288977622986
full,winogrande,n/a,15,down_proj,26,0.9988875389099121
full,winogrande,n/a,15,down_proj,27,0.9985589385032654
full,winogrande,n/a,15,down_proj,28,0.9994411468505859
full,winogrande,n/a,15,down_proj,29,0.9993323087692261
full,winogrande,n/a,15,down_proj,30,0.9993064999580383
full,winogrande,n/a,15,down_proj,31,0.9991940855979919
full,winogrande,n/a,15,down_proj,32,0.9988754391670227
full,winogrande,n/a,15,down_proj,33,0.9988664984703064
full,winogrande,n/a,15,down_proj,34,0.9957060217857361
full,winogrande,n/a,15,down_proj,35,0.996702253818512
full,winogrande,n/a,15,down_proj,36,0.9971275925636292
full,winogrande,n/a,15,down_proj,37,0.9991552233695984
full,winogrande,n/a,15,down_proj,38,0.9972013831138611
full,winogrande,n/a,15,down_proj,39,0.9946840405464172
full,winogrande,n/a,15,down_proj,40,0.9958564639091492
full,winogrande,n/a,15,down_proj,41,0.9946311116218567
full,winogrande,n/a,15,down_proj,42,0.996117115020752
full,winogrande,n/a,15,down_proj,43,0.9977983236312866
full,winogrande,n/a,15,down_proj,44,0.9993438124656677
full,winogrande,n/a,15,down_proj,45,0.9993289709091187
full,winogrande,n/a,15,down_proj,46,0.998602569103241
full,winogrande,n/a,15,down_proj,47,0.9984133243560791
full,winogrande,n/a,15,down_proj,48,0.9990189671516418
full,winogrande,n/a,15,down_proj,49,0.9898939728736877
full,winogrande,n/a,15,down_proj,50,0.9894297122955322
single_lora,fever,n/a,0,q_proj,1,0.9999991655349731
single_lora,fever,n/a,0,q_proj,2,1.000001311302185
single_lora,fever,n/a,0,q_proj,3,0.9999995231628418
single_lora,fever,n/a,0,q_proj,4,0.9999991059303284
single_lora,fever,n/a,0,q_proj,5,0.9999991655349731
single_lora,fever,n/a,0,q_proj,6,0.9999988079071045
single_lora,fever,n/a,0,q_proj,7,0.9999926686286926
single_lora,fever,n/a,0,q_proj,8,0.9999937415122986
single_lora,fever,n/a,0,q_proj,9,0.9999998211860657
single_lora,fever,n/a,0,q_proj,10,0.9999990463256836
single_lora,fever,n/a,0,q_proj,11,0.9999996423721313
single_lora,fever,n/a,0,q_proj,12,0.9999992847442627
single_lora,fever,n/a,0,q_proj,13,0.9999992847442627
single_lora,fever,n/a,0,q_proj,14,0.9999990463256836
single_lora,fever,n/a,0,q_proj,15,0.9999598264694214
single_lora,fever,n/a,0,q_proj,16,0.9999589920043945
single_lora,fever,n/a,0,q_proj,17,0.9999958872795105
single_lora,fever,n/a,0,q_proj,18,0.9999960660934448
single_lora,fever,n/a,0,q_proj,19,0.9999986290931702
single_lora,fever,n/a,0,q_proj,20,0.9999973177909851
single_lora,fever,n/a,0,q_proj,21,0.999978244304657
single_lora,fever,n/a,0,q_proj,22,0.9999812245368958
single_lora,fever,n/a,0,q_proj,23,0.9999956488609314
single_lora,fever,n/a,0,q_proj,24,0.9999852180480957
single_lora,fever,n/a,0,q_proj,25,0.9999843835830688
single_lora,fever,n/a,0,q_proj,26,0.999998927116394
single_lora,fever,n/a,0,q_proj,27,0.9999242424964905
single_lora,fever,n/a,0,q_proj,28,0.9999210238456726
single_lora,fever,n/a,0,q_proj,29,0.9999957084655762
single_lora,fever,n/a,0,q_proj,30,0.999973475933075
single_lora,fever,n/a,0,q_proj,31,0.9999722838401794
single_lora,fever,n/a,0,q_proj,32,0.9999967813491821
single_lora,fever,n/a,0,q_proj,33,0.9999963045120239
single_lora,fever,n/a,0,q_proj,34,0.9999922513961792
single_lora,fever,n/a,0,q_proj,35,0.9999909400939941
single_lora,fever,n/a,0,q_proj,36,0.9999905824661255
single_lora,fever,n/a,0,q_proj,37,0.9999917149543762
single_lora,fever,n/a,0,q_proj,38,0.9999953508377075
single_lora,fever,n/a,0,q_proj,39,0.9999821186065674
single_lora,fever,n/a,0,q_proj,40,0.999984860420227
single_lora,fever,n/a,0,q_proj,41,0.9999885559082031
single_lora,fever,n/a,0,q_proj,42,0.9999170303344727
single_lora,fever,n/a,0,q_proj,43,0.9999017715454102
single_lora,fever,n/a,0,q_proj,44,0.9999513626098633
single_lora,fever,n/a,0,q_proj,45,0.999955415725708
single_lora,fever,n/a,0,q_proj,46,0.9999690055847168
single_lora,fever,n/a,0,q_proj,47,0.9999711513519287
single_lora,fever,n/a,0,q_proj,48,0.999980628490448
single_lora,fever,n/a,0,q_proj,49,0.9999861717224121
single_lora,fever,n/a,0,q_proj,50,0.9999436140060425
single_lora,fever,n/a,0,v_proj,1,0.9999871253967285
single_lora,fever,n/a,0,v_proj,2,0.9999691247940063
single_lora,fever,n/a,0,v_proj,3,0.9999544620513916
single_lora,fever,n/a,0,v_proj,4,0.9999106526374817
single_lora,fever,n/a,0,v_proj,5,0.9999402165412903
single_lora,fever,n/a,0,v_proj,6,0.9996964931488037
single_lora,fever,n/a,0,v_proj,7,0.9997003674507141
single_lora,fever,n/a,0,v_proj,8,0.9974503517150879
single_lora,fever,n/a,0,v_proj,9,0.9974620342254639
single_lora,fever,n/a,0,v_proj,10,0.9993979930877686
single_lora,fever,n/a,0,v_proj,11,0.9997797012329102
single_lora,fever,n/a,0,v_proj,12,0.999726414680481
single_lora,fever,n/a,0,v_proj,13,0.9991766214370728
single_lora,fever,n/a,0,v_proj,14,0.9990776777267456
single_lora,fever,n/a,0,v_proj,15,0.9994650483131409
single_lora,fever,n/a,0,v_proj,16,0.9993403553962708
single_lora,fever,n/a,0,v_proj,17,0.9994413256645203
single_lora,fever,n/a,0,v_proj,18,0.9993616342544556
single_lora,fever,n/a,0,v_proj,19,0.9994341731071472
single_lora,fever,n/a,0,v_proj,20,0.999444842338562
single_lora,fever,n/a,0,v_proj,21,0.9990999698638916
single_lora,fever,n/a,0,v_proj,22,0.9990381002426147
single_lora,fever,n/a,0,v_proj,23,0.9991186857223511
single_lora,fever,n/a,0,v_proj,24,0.9984058737754822
single_lora,fever,n/a,0,v_proj,25,0.9985081553459167
single_lora,fever,n/a,0,v_proj,26,0.9988683462142944
single_lora,fever,n/a,0,v_proj,27,0.9993990659713745
single_lora,fever,n/a,0,v_proj,28,0.9989866018295288
single_lora,fever,n/a,0,v_proj,29,0.998467206954956
single_lora,fever,n/a,0,v_proj,30,0.9983786344528198
single_lora,fever,n/a,0,v_proj,31,0.977899432182312
single_lora,fever,n/a,0,v_proj,32,0.9781011939048767
single_lora,fever,n/a,0,v_proj,33,0.9990516901016235
single_lora,fever,n/a,0,v_proj,34,0.9974220991134644
single_lora,fever,n/a,0,v_proj,35,0.997474193572998
single_lora,fever,n/a,0,v_proj,36,0.997611939907074
single_lora,fever,n/a,0,v_proj,37,0.9981433153152466
single_lora,fever,n/a,0,v_proj,38,0.9977737665176392
single_lora,fever,n/a,0,v_proj,39,0.9981473684310913
single_lora,fever,n/a,0,v_proj,40,0.9944667816162109
single_lora,fever,n/a,0,v_proj,41,0.9837698936462402
single_lora,fever,n/a,0,v_proj,42,0.9924173951148987
single_lora,fever,n/a,0,v_proj,43,0.9754058122634888
single_lora,fever,n/a,0,v_proj,44,0.9561455249786377
single_lora,fever,n/a,0,v_proj,45,0.9391952753067017
single_lora,fever,n/a,0,v_proj,46,0.9622306823730469
single_lora,fever,n/a,0,v_proj,47,0.9652433395385742
single_lora,fever,n/a,0,v_proj,48,0.9971504807472229
single_lora,fever,n/a,0,v_proj,49,0.9801020622253418
single_lora,fever,n/a,0,v_proj,50,0.982995867729187
single_lora,fever,n/a,0,up_proj,1,0.9999948740005493
single_lora,fever,n/a,0,up_proj,2,0.9999955296516418
single_lora,fever,n/a,0,up_proj,3,0.9999917149543762
single_lora,fever,n/a,0,up_proj,4,0.9999890923500061
single_lora,fever,n/a,0,up_proj,5,0.9999895095825195
single_lora,fever,n/a,0,up_proj,6,0.9999879598617554
single_lora,fever,n/a,0,up_proj,7,0.9999781250953674
single_lora,fever,n/a,0,up_proj,8,0.9999856352806091
single_lora,fever,n/a,0,up_proj,9,0.9998866319656372
single_lora,fever,n/a,0,up_proj,10,0.9998903274536133
single_lora,fever,n/a,0,up_proj,11,0.9991873502731323
single_lora,fever,n/a,0,up_proj,12,0.9992396831512451
single_lora,fever,n/a,0,up_proj,13,0.9999004602432251
single_lora,fever,n/a,0,up_proj,14,0.9999133348464966
single_lora,fever,n/a,0,up_proj,15,0.9998912215232849
single_lora,fever,n/a,0,up_proj,16,0.9999457001686096
single_lora,fever,n/a,0,up_proj,17,0.9998604655265808
single_lora,fever,n/a,0,up_proj,18,0.9998642802238464
single_lora,fever,n/a,0,up_proj,19,0.9999407529830933
single_lora,fever,n/a,0,up_proj,20,0.9999242424964905
single_lora,fever,n/a,0,up_proj,21,0.9999513626098633
single_lora,fever,n/a,0,up_proj,22,0.9999481439590454
single_lora,fever,n/a,0,up_proj,23,0.9999589920043945
single_lora,fever,n/a,0,up_proj,24,0.9999679327011108
single_lora,fever,n/a,0,up_proj,25,0.9999681115150452
single_lora,fever,n/a,0,up_proj,26,0.9995662569999695
single_lora,fever,n/a,0,up_proj,27,0.9995102286338806
single_lora,fever,n/a,0,up_proj,28,0.9999135136604309
single_lora,fever,n/a,0,up_proj,29,0.9999237060546875
single_lora,fever,n/a,0,up_proj,30,0.9999554753303528
single_lora,fever,n/a,0,up_proj,31,0.9999333024024963
single_lora,fever,n/a,0,up_proj,32,0.9999264478683472
single_lora,fever,n/a,0,up_proj,33,0.9999703168869019
single_lora,fever,n/a,0,up_proj,34,0.9999561309814453
single_lora,fever,n/a,0,up_proj,35,0.9999574422836304
single_lora,fever,n/a,0,up_proj,36,0.9999266266822815
single_lora,fever,n/a,0,up_proj,37,0.9994000792503357
single_lora,fever,n/a,0,up_proj,38,0.9993876218795776
single_lora,fever,n/a,0,up_proj,39,0.9999165534973145
single_lora,fever,n/a,0,up_proj,40,0.9999566078186035
single_lora,fever,n/a,0,up_proj,41,0.9998096823692322
single_lora,fever,n/a,0,up_proj,42,0.9996335506439209
single_lora,fever,n/a,0,up_proj,43,0.9995560050010681
single_lora,fever,n/a,0,up_proj,44,0.9995473027229309
single_lora,fever,n/a,0,up_proj,45,0.9994794726371765
single_lora,fever,n/a,0,up_proj,46,0.999862551689148
single_lora,fever,n/a,0,up_proj,47,0.9999198317527771
single_lora,fever,n/a,0,up_proj,48,0.9994739294052124
single_lora,fever,n/a,0,up_proj,49,0.9994340538978577
single_lora,fever,n/a,0,up_proj,50,0.9988425970077515
single_lora,fever,n/a,0,down_proj,1,0.9999992847442627
single_lora,fever,n/a,0,down_proj,2,0.9999982714653015
single_lora,fever,n/a,0,down_proj,3,0.9999984502792358
single_lora,fever,n/a,0,down_proj,4,0.9999988079071045
single_lora,fever,n/a,0,down_proj,5,0.9999952912330627
single_lora,fever,n/a,0,down_proj,6,0.9999967217445374
single_lora,fever,n/a,0,down_proj,7,0.9999884366989136
single_lora,fever,n/a,0,down_proj,8,0.9999982714653015
single_lora,fever,n/a,0,down_proj,9,0.9999842643737793
single_lora,fever,n/a,0,down_proj,10,0.9999442100524902
single_lora,fever,n/a,0,down_proj,11,0.9999345541000366
single_lora,fever,n/a,0,down_proj,12,0.9998542666435242
single_lora,fever,n/a,0,down_proj,13,0.9998936057090759
single_lora,fever,n/a,0,down_proj,14,0.9999898076057434
single_lora,fever,n/a,0,down_proj,15,0.9999536275863647
single_lora,fever,n/a,0,down_proj,16,0.9999827146530151
single_lora,fever,n/a,0,down_proj,17,0.9999838471412659
single_lora,fever,n/a,0,down_proj,18,0.9999673366546631
single_lora,fever,n/a,0,down_proj,19,0.9999684691429138
single_lora,fever,n/a,0,down_proj,20,0.8547833561897278
single_lora,fever,n/a,0,down_proj,21,0.8547810316085815
single_lora,fever,n/a,0,down_proj,22,0.99985671043396
single_lora,fever,n/a,0,down_proj,23,0.9999259114265442
single_lora,fever,n/a,0,down_proj,24,0.9999462366104126
single_lora,fever,n/a,0,down_proj,25,0.9997406005859375
single_lora,fever,n/a,0,down_proj,26,0.9997859001159668
single_lora,fever,n/a,0,down_proj,27,0.9996880292892456
single_lora,fever,n/a,0,down_proj,28,0.9999879598617554
single_lora,fever,n/a,0,down_proj,29,0.999731719493866
single_lora,fever,n/a,0,down_proj,30,0.9999411106109619
single_lora,fever,n/a,0,down_proj,31,0.9998770952224731
single_lora,fever,n/a,0,down_proj,32,0.9997439384460449
single_lora,fever,n/a,0,down_proj,33,0.9993331432342529
single_lora,fever,n/a,0,down_proj,34,0.9993332624435425
single_lora,fever,n/a,0,down_proj,35,0.9999108910560608
single_lora,fever,n/a,0,down_proj,36,0.9999785423278809
single_lora,fever,n/a,0,down_proj,37,0.9995895624160767
single_lora,fever,n/a,0,down_proj,38,0.9992124438285828
single_lora,fever,n/a,0,down_proj,39,0.9994621872901917
single_lora,fever,n/a,0,down_proj,40,0.9986637830734253
single_lora,fever,n/a,0,down_proj,41,0.9989229440689087
single_lora,fever,n/a,0,down_proj,42,0.999869704246521
single_lora,fever,n/a,0,down_proj,43,0.999940037727356
single_lora,fever,n/a,0,down_proj,44,0.999813437461853
single_lora,fever,n/a,0,down_proj,45,0.9997442364692688
single_lora,fever,n/a,0,down_proj,46,0.999675989151001
single_lora,fever,n/a,0,down_proj,47,0.9991065263748169
single_lora,fever,n/a,0,down_proj,48,0.9991533756256104
single_lora,fever,n/a,0,down_proj,49,0.9998366832733154
single_lora,fever,n/a,0,down_proj,50,0.9888355731964111
single_lora,fever,n/a,8,q_proj,1,0.9999963045120239
single_lora,fever,n/a,8,q_proj,2,0.9999968409538269
single_lora,fever,n/a,8,q_proj,3,0.9999976754188538
single_lora,fever,n/a,8,q_proj,4,0.9999983310699463
single_lora,fever,n/a,8,q_proj,5,0.9999994039535522
single_lora,fever,n/a,8,q_proj,6,0.9999989867210388
single_lora,fever,n/a,8,q_proj,7,0.999995768070221
single_lora,fever,n/a,8,q_proj,8,0.9999877214431763
single_lora,fever,n/a,8,q_proj,9,0.9999977350234985
single_lora,fever,n/a,8,q_proj,10,0.9999915957450867
single_lora,fever,n/a,8,q_proj,11,0.9999963045120239
single_lora,fever,n/a,8,q_proj,12,0.9999980330467224
single_lora,fever,n/a,8,q_proj,13,0.9999904036521912
single_lora,fever,n/a,8,q_proj,14,0.9999897480010986
single_lora,fever,n/a,8,q_proj,15,0.999994158744812
single_lora,fever,n/a,8,q_proj,16,0.9999938011169434
single_lora,fever,n/a,8,q_proj,17,0.9999936819076538
single_lora,fever,n/a,8,q_proj,18,0.9999880194664001
single_lora,fever,n/a,8,q_proj,19,0.999991774559021
single_lora,fever,n/a,8,q_proj,20,0.9999966621398926
single_lora,fever,n/a,8,q_proj,21,0.9999918937683105
single_lora,fever,n/a,8,q_proj,22,0.9999911189079285
single_lora,fever,n/a,8,q_proj,23,0.9999955892562866
single_lora,fever,n/a,8,q_proj,24,0.9999411106109619
single_lora,fever,n/a,8,q_proj,25,0.99996018409729
single_lora,fever,n/a,8,q_proj,26,0.999997615814209
single_lora,fever,n/a,8,q_proj,27,0.9999908208847046
single_lora,fever,n/a,8,q_proj,28,0.9999374747276306
single_lora,fever,n/a,8,q_proj,29,0.9999221563339233
single_lora,fever,n/a,8,q_proj,30,0.9999852180480957
single_lora,fever,n/a,8,q_proj,31,0.9999147057533264
single_lora,fever,n/a,8,q_proj,32,0.9998804926872253
single_lora,fever,n/a,8,q_proj,33,0.999945878982544
single_lora,fever,n/a,8,q_proj,34,0.999980628490448
single_lora,fever,n/a,8,q_proj,35,0.9999865889549255
single_lora,fever,n/a,8,q_proj,36,0.99998939037323
single_lora,fever,n/a,8,q_proj,37,0.9999803304672241
single_lora,fever,n/a,8,q_proj,38,0.9999704957008362
single_lora,fever,n/a,8,q_proj,39,0.9999634027481079
single_lora,fever,n/a,8,q_proj,40,0.9999655485153198
single_lora,fever,n/a,8,q_proj,41,0.999982476234436
single_lora,fever,n/a,8,q_proj,42,0.9999427795410156
single_lora,fever,n/a,8,q_proj,43,0.9999961853027344
single_lora,fever,n/a,8,q_proj,44,0.9996430277824402
single_lora,fever,n/a,8,q_proj,45,0.999640166759491
single_lora,fever,n/a,8,q_proj,46,0.9999954700469971
single_lora,fever,n/a,8,q_proj,47,0.9999094009399414
single_lora,fever,n/a,8,q_proj,48,0.9999580979347229
single_lora,fever,n/a,8,q_proj,49,0.9999555349349976
single_lora,fever,n/a,8,q_proj,50,0.9999775886535645
single_lora,fever,n/a,8,v_proj,1,0.9997633695602417
single_lora,fever,n/a,8,v_proj,2,0.9998475909233093
single_lora,fever,n/a,8,v_proj,3,0.9996309876441956
single_lora,fever,n/a,8,v_proj,4,0.9988797903060913
single_lora,fever,n/a,8,v_proj,5,0.997245192527771
single_lora,fever,n/a,8,v_proj,6,0.9974119067192078
single_lora,fever,n/a,8,v_proj,7,0.9989368915557861
single_lora,fever,n/a,8,v_proj,8,0.9986780881881714
single_lora,fever,n/a,8,v_proj,9,0.9982950091362
single_lora,fever,n/a,8,v_proj,10,0.9994001388549805
single_lora,fever,n/a,8,v_proj,11,0.9994867444038391
single_lora,fever,n/a,8,v_proj,12,0.9994317889213562
single_lora,fever,n/a,8,v_proj,13,0.9976538419723511
single_lora,fever,n/a,8,v_proj,14,0.9976440668106079
single_lora,fever,n/a,8,v_proj,15,0.9984341859817505
single_lora,fever,n/a,8,v_proj,16,0.998957633972168
single_lora,fever,n/a,8,v_proj,17,0.9990605711936951
single_lora,fever,n/a,8,v_proj,18,0.9994481205940247
single_lora,fever,n/a,8,v_proj,19,0.998202919960022
single_lora,fever,n/a,8,v_proj,20,0.9978757500648499
single_lora,fever,n/a,8,v_proj,21,0.9984108209609985
single_lora,fever,n/a,8,v_proj,22,0.9988394975662231
single_lora,fever,n/a,8,v_proj,23,0.9986270070075989
single_lora,fever,n/a,8,v_proj,24,0.9978691339492798
single_lora,fever,n/a,8,v_proj,25,0.9996168613433838
single_lora,fever,n/a,8,v_proj,26,0.9884117245674133
single_lora,fever,n/a,8,v_proj,27,0.9603027701377869
single_lora,fever,n/a,8,v_proj,28,0.9624149203300476
single_lora,fever,n/a,8,v_proj,29,0.9889312982559204
single_lora,fever,n/a,8,v_proj,30,0.9858012795448303
single_lora,fever,n/a,8,v_proj,31,0.9979680180549622
single_lora,fever,n/a,8,v_proj,32,0.9991432428359985
single_lora,fever,n/a,8,v_proj,33,0.998656690120697
single_lora,fever,n/a,8,v_proj,34,0.9977381825447083
single_lora,fever,n/a,8,v_proj,35,0.9963071942329407
single_lora,fever,n/a,8,v_proj,36,0.9957991242408752
single_lora,fever,n/a,8,v_proj,37,0.9983772039413452
single_lora,fever,n/a,8,v_proj,38,0.9950021505355835
single_lora,fever,n/a,8,v_proj,39,0.99495530128479
single_lora,fever,n/a,8,v_proj,40,0.9990493059158325
single_lora,fever,n/a,8,v_proj,41,0.9979054927825928
single_lora,fever,n/a,8,v_proj,42,0.9977667927742004
single_lora,fever,n/a,8,v_proj,43,0.9994316697120667
single_lora,fever,n/a,8,v_proj,44,0.9988617300987244
single_lora,fever,n/a,8,v_proj,45,0.998598039150238
single_lora,fever,n/a,8,v_proj,46,0.9960150122642517
single_lora,fever,n/a,8,v_proj,47,0.9960477948188782
single_lora,fever,n/a,8,v_proj,48,0.9952551126480103
single_lora,fever,n/a,8,v_proj,49,0.9338377118110657
single_lora,fever,n/a,8,v_proj,50,0.9331505298614502
single_lora,fever,n/a,8,up_proj,1,0.9999960064888
single_lora,fever,n/a,8,up_proj,2,0.9999884366989136
single_lora,fever,n/a,8,up_proj,3,0.999986469745636
single_lora,fever,n/a,8,up_proj,4,0.9999905228614807
single_lora,fever,n/a,8,up_proj,5,0.9999791383743286
single_lora,fever,n/a,8,up_proj,6,0.9999823570251465
single_lora,fever,n/a,8,up_proj,7,0.9999791979789734
single_lora,fever,n/a,8,up_proj,8,0.9999868273735046
single_lora,fever,n/a,8,up_proj,9,0.9999794363975525
single_lora,fever,n/a,8,up_proj,10,0.9999720454216003
single_lora,fever,n/a,8,up_proj,11,0.9999669194221497
single_lora,fever,n/a,8,up_proj,12,0.999902069568634
single_lora,fever,n/a,8,up_proj,13,0.9001026153564453
single_lora,fever,n/a,8,up_proj,14,0.9001522064208984
single_lora,fever,n/a,8,up_proj,15,0.9999307990074158
single_lora,fever,n/a,8,up_proj,16,0.9999725222587585
single_lora,fever,n/a,8,up_proj,17,0.9999433755874634
single_lora,fever,n/a,8,up_proj,18,0.999796986579895
single_lora,fever,n/a,8,up_proj,19,0.9997909069061279
single_lora,fever,n/a,8,up_proj,20,0.9998632073402405
single_lora,fever,n/a,8,up_proj,21,0.9998628497123718
single_lora,fever,n/a,8,up_proj,22,0.9998992681503296
single_lora,fever,n/a,8,up_proj,23,0.9991241693496704
single_lora,fever,n/a,8,up_proj,24,0.9990543127059937
single_lora,fever,n/a,8,up_proj,25,0.9992576837539673
single_lora,fever,n/a,8,up_proj,26,0.9992875456809998
single_lora,fever,n/a,8,up_proj,27,0.9999038577079773
single_lora,fever,n/a,8,up_proj,28,0.999849796295166
single_lora,fever,n/a,8,up_proj,29,0.9995847940444946
single_lora,fever,n/a,8,up_proj,30,0.9996086359024048
single_lora,fever,n/a,8,up_proj,31,0.9992362260818481
single_lora,fever,n/a,8,up_proj,32,0.999652624130249
single_lora,fever,n/a,8,up_proj,33,0.9992703199386597
single_lora,fever,n/a,8,up_proj,34,0.9996965527534485
single_lora,fever,n/a,8,up_proj,35,0.9996885061264038
single_lora,fever,n/a,8,up_proj,36,0.9991747140884399
single_lora,fever,n/a,8,up_proj,37,0.9995085000991821
single_lora,fever,n/a,8,up_proj,38,0.9994900822639465
single_lora,fever,n/a,8,up_proj,39,0.9954584836959839
single_lora,fever,n/a,8,up_proj,40,0.995677649974823
single_lora,fever,n/a,8,up_proj,41,0.9988105893135071
single_lora,fever,n/a,8,up_proj,42,0.997981071472168
single_lora,fever,n/a,8,up_proj,43,0.9956917762756348
single_lora,fever,n/a,8,up_proj,44,0.997870683670044
single_lora,fever,n/a,8,up_proj,45,0.9991835355758667
single_lora,fever,n/a,8,up_proj,46,0.9991608262062073
single_lora,fever,n/a,8,up_proj,47,0.9993970990180969
single_lora,fever,n/a,8,up_proj,48,0.9994983673095703
single_lora,fever,n/a,8,up_proj,49,0.9999150037765503
single_lora,fever,n/a,8,up_proj,50,0.9996870756149292
single_lora,fever,n/a,8,down_proj,1,0.9999997615814209
single_lora,fever,n/a,8,down_proj,2,0.9999991655349731
single_lora,fever,n/a,8,down_proj,3,1.0000003576278687
single_lora,fever,n/a,8,down_proj,4,1.0000001192092896
single_lora,fever,n/a,8,down_proj,5,0.9999951720237732
single_lora,fever,n/a,8,down_proj,6,0.9999933838844299
single_lora,fever,n/a,8,down_proj,7,0.9999934434890747
single_lora,fever,n/a,8,down_proj,8,0.9999992847442627
single_lora,fever,n/a,8,down_proj,9,0.9999985694885254
single_lora,fever,n/a,8,down_proj,10,0.9999926686286926
single_lora,fever,n/a,8,down_proj,11,0.9999949336051941
single_lora,fever,n/a,8,down_proj,12,0.9999876022338867
single_lora,fever,n/a,8,down_proj,13,0.999988853931427
single_lora,fever,n/a,8,down_proj,14,0.9999831914901733
single_lora,fever,n/a,8,down_proj,15,0.9999875426292419
single_lora,fever,n/a,8,down_proj,16,0.999994695186615
single_lora,fever,n/a,8,down_proj,17,0.9999959468841553
single_lora,fever,n/a,8,down_proj,18,0.9999867677688599
single_lora,fever,n/a,8,down_proj,19,0.9997813105583191
single_lora,fever,n/a,8,down_proj,20,0.9997812509536743
single_lora,fever,n/a,8,down_proj,21,0.999988853931427
single_lora,fever,n/a,8,down_proj,22,0.9999586343765259
single_lora,fever,n/a,8,down_proj,23,0.9999441504478455
single_lora,fever,n/a,8,down_proj,24,0.9999687075614929
single_lora,fever,n/a,8,down_proj,25,0.9999530911445618
single_lora,fever,n/a,8,down_proj,26,0.9999860525131226
single_lora,fever,n/a,8,down_proj,27,0.9999443888664246
single_lora,fever,n/a,8,down_proj,28,0.9999828934669495
single_lora,fever,n/a,8,down_proj,29,0.9999926686286926
single_lora,fever,n/a,8,down_proj,30,0.9998651146888733
single_lora,fever,n/a,8,down_proj,31,0.9998482465744019
single_lora,fever,n/a,8,down_proj,32,0.999988853931427
single_lora,fever,n/a,8,down_proj,33,0.9998946189880371
single_lora,fever,n/a,8,down_proj,34,0.9999188780784607
single_lora,fever,n/a,8,down_proj,35,0.9998601675033569
single_lora,fever,n/a,8,down_proj,36,0.9999683499336243
single_lora,fever,n/a,8,down_proj,37,0.999969482421875
single_lora,fever,n/a,8,down_proj,38,0.9997965693473816
single_lora,fever,n/a,8,down_proj,39,0.9998080134391785
single_lora,fever,n/a,8,down_proj,40,0.9999760389328003
single_lora,fever,n/a,8,down_proj,41,0.999819278717041
single_lora,fever,n/a,8,down_proj,42,0.9998430609703064
single_lora,fever,n/a,8,down_proj,43,0.9999099969863892
single_lora,fever,n/a,8,down_proj,44,0.9999762773513794
single_lora,fever,n/a,8,down_proj,45,0.9999639391899109
single_lora,fever,n/a,8,down_proj,46,0.9999296069145203
single_lora,fever,n/a,8,down_proj,47,0.9999520778656006
single_lora,fever,n/a,8,down_proj,48,0.9999613761901855
single_lora,fever,n/a,8,down_proj,49,0.9999812841415405
single_lora,fever,n/a,8,down_proj,50,0.9999383687973022
single_lora,fever,n/a,15,q_proj,1,1.0000004768371582
single_lora,fever,n/a,15,q_proj,2,0.9999995231628418
single_lora,fever,n/a,15,q_proj,3,0.9999974966049194
single_lora,fever,n/a,15,q_proj,4,0.9999911189079285
single_lora,fever,n/a,15,q_proj,5,0.9999922513961792
single_lora,fever,n/a,15,q_proj,6,0.9999975562095642
single_lora,fever,n/a,15,q_proj,7,0.9999933242797852
single_lora,fever,n/a,15,q_proj,8,0.9999914169311523
single_lora,fever,n/a,15,q_proj,9,0.9999862313270569
single_lora,fever,n/a,15,q_proj,10,0.9999898672103882
single_lora,fever,n/a,15,q_proj,11,0.9999943971633911
single_lora,fever,n/a,15,q_proj,12,0.9999964833259583
single_lora,fever,n/a,15,q_proj,13,0.9999960660934448
single_lora,fever,n/a,15,q_proj,14,0.9999979138374329
single_lora,fever,n/a,15,q_proj,15,0.9999924898147583
single_lora,fever,n/a,15,q_proj,16,0.9999948143959045
single_lora,fever,n/a,15,q_proj,17,0.999991238117218
single_lora,fever,n/a,15,q_proj,18,0.9999680519104004
single_lora,fever,n/a,15,q_proj,19,0.9999592900276184
single_lora,fever,n/a,15,q_proj,20,0.9999662637710571
single_lora,fever,n/a,15,q_proj,21,0.9999833106994629
single_lora,fever,n/a,15,q_proj,22,0.9999599456787109
single_lora,fever,n/a,15,q_proj,23,0.9999651908874512
single_lora,fever,n/a,15,q_proj,24,0.9999976754188538
single_lora,fever,n/a,15,q_proj,25,0.9999972581863403
single_lora,fever,n/a,15,q_proj,26,0.9999974370002747
single_lora,fever,n/a,15,q_proj,27,0.9999961256980896
single_lora,fever,n/a,15,q_proj,28,0.9999974966049194
single_lora,fever,n/a,15,q_proj,29,0.9999920129776001
single_lora,fever,n/a,15,q_proj,30,0.9999948740005493
single_lora,fever,n/a,15,q_proj,31,0.9999500513076782
single_lora,fever,n/a,15,q_proj,32,0.9999583959579468
single_lora,fever,n/a,15,q_proj,33,0.9999871850013733
single_lora,fever,n/a,15,q_proj,34,0.999995768070221
single_lora,fever,n/a,15,q_proj,35,0.9999867677688599
single_lora,fever,n/a,15,q_proj,36,0.9999955296516418
single_lora,fever,n/a,15,q_proj,37,0.9999948143959045
single_lora,fever,n/a,15,q_proj,38,0.9999830722808838
single_lora,fever,n/a,15,q_proj,39,0.9999781847000122
single_lora,fever,n/a,15,q_proj,40,0.9999452829360962
single_lora,fever,n/a,15,q_proj,41,0.9999436140060425
single_lora,fever,n/a,15,q_proj,42,0.999975323677063
single_lora,fever,n/a,15,q_proj,43,0.9999951124191284
single_lora,fever,n/a,15,q_proj,44,0.999976396560669
single_lora,fever,n/a,15,q_proj,45,0.9999752044677734
single_lora,fever,n/a,15,q_proj,46,0.9999933242797852
single_lora,fever,n/a,15,q_proj,47,0.9999881386756897
single_lora,fever,n/a,15,q_proj,48,0.9999901056289673
single_lora,fever,n/a,15,q_proj,49,0.9999780654907227
single_lora,fever,n/a,15,q_proj,50,0.9999271035194397
single_lora,fever,n/a,15,v_proj,1,0.9999980330467224
single_lora,fever,n/a,15,v_proj,2,0.9999970197677612
single_lora,fever,n/a,15,v_proj,3,0.9999971389770508
single_lora,fever,n/a,15,v_proj,4,0.9999936819076538
single_lora,fever,n/a,15,v_proj,5,0.9999885559082031
single_lora,fever,n/a,15,v_proj,6,0.9999841451644897
single_lora,fever,n/a,15,v_proj,7,0.999987006187439
single_lora,fever,n/a,15,v_proj,8,0.9999861717224121
single_lora,fever,n/a,15,v_proj,9,0.9999873638153076
single_lora,fever,n/a,15,v_proj,10,0.999971330165863
single_lora,fever,n/a,15,v_proj,11,0.9999713897705078
single_lora,fever,n/a,15,v_proj,12,0.9999334812164307
single_lora,fever,n/a,15,v_proj,13,0.9999383091926575
single_lora,fever,n/a,15,v_proj,14,0.999906599521637
single_lora,fever,n/a,15,v_proj,15,0.9998093843460083
single_lora,fever,n/a,15,v_proj,16,0.9998441338539124
single_lora,fever,n/a,15,v_proj,17,0.9999752640724182
single_lora,fever,n/a,15,v_proj,18,0.9999585151672363
single_lora,fever,n/a,15,v_proj,19,0.9999575614929199
single_lora,fever,n/a,15,v_proj,20,0.9999439716339111
single_lora,fever,n/a,15,v_proj,21,0.9999594688415527
single_lora,fever,n/a,15,v_proj,22,0.9998719692230225
single_lora,fever,n/a,15,v_proj,23,0.9999316930770874
single_lora,fever,n/a,15,v_proj,24,0.9999445676803589
single_lora,fever,n/a,15,v_proj,25,0.9999496936798096
single_lora,fever,n/a,15,v_proj,26,0.9999607801437378
single_lora,fever,n/a,15,v_proj,27,0.999961256980896
single_lora,fever,n/a,15,v_proj,28,0.9999249577522278
single_lora,fever,n/a,15,v_proj,29,0.9999592304229736
single_lora,fever,n/a,15,v_proj,30,0.9999661445617676
single_lora,fever,n/a,15,v_proj,31,0.9999650120735168
single_lora,fever,n/a,15,v_proj,32,0.999981164932251
single_lora,fever,n/a,15,v_proj,33,0.99982750415802
single_lora,fever,n/a,15,v_proj,34,0.9999300837516785
single_lora,fever,n/a,15,v_proj,35,0.9998793601989746
single_lora,fever,n/a,15,v_proj,36,0.9998133778572083
single_lora,fever,n/a,15,v_proj,37,0.9998060464859009
single_lora,fever,n/a,15,v_proj,38,0.9999591112136841
single_lora,fever,n/a,15,v_proj,39,0.999936580657959
single_lora,fever,n/a,15,v_proj,40,0.9999164938926697
single_lora,fever,n/a,15,v_proj,41,0.9997187852859497
single_lora,fever,n/a,15,v_proj,42,0.9997285604476929
single_lora,fever,n/a,15,v_proj,43,0.9998520612716675
single_lora,fever,n/a,15,v_proj,44,0.9999349117279053
single_lora,fever,n/a,15,v_proj,45,0.99993896484375
single_lora,fever,n/a,15,v_proj,46,0.9999368190765381
single_lora,fever,n/a,15,v_proj,47,0.9999690651893616
single_lora,fever,n/a,15,v_proj,48,0.999991238117218
single_lora,fever,n/a,15,v_proj,49,0.9999717473983765
single_lora,fever,n/a,15,v_proj,50,0.9999780058860779
single_lora,fever,n/a,15,up_proj,1,0.9999995827674866
single_lora,fever,n/a,15,up_proj,2,0.9999999403953552
single_lora,fever,n/a,15,up_proj,3,0.9999994039535522
single_lora,fever,n/a,15,up_proj,4,0.9999958872795105
single_lora,fever,n/a,15,up_proj,5,0.9999954700469971
single_lora,fever,n/a,15,up_proj,6,0.9999939799308777
single_lora,fever,n/a,15,up_proj,7,0.9999962449073792
single_lora,fever,n/a,15,up_proj,8,0.9999948143959045
single_lora,fever,n/a,15,up_proj,9,0.9999962449073792
single_lora,fever,n/a,15,up_proj,10,0.9999951720237732
single_lora,fever,n/a,15,up_proj,11,0.9999960064888
single_lora,fever,n/a,15,up_proj,12,0.9999967813491821
single_lora,fever,n/a,15,up_proj,13,0.9999735951423645
single_lora,fever,n/a,15,up_proj,14,0.9999734163284302
single_lora,fever,n/a,15,up_proj,15,0.9999829530715942
single_lora,fever,n/a,15,up_proj,16,0.9999769330024719
single_lora,fever,n/a,15,up_proj,17,0.9999966621398926
single_lora,fever,n/a,15,up_proj,18,0.9999859929084778
single_lora,fever,n/a,15,up_proj,19,0.9999892115592957
single_lora,fever,n/a,15,up_proj,20,0.9999910593032837
single_lora,fever,n/a,15,up_proj,21,0.9999951124191284
single_lora,fever,n/a,15,up_proj,22,0.9999905824661255
single_lora,fever,n/a,15,up_proj,23,0.9999839663505554
single_lora,fever,n/a,15,up_proj,24,0.9999808669090271
single_lora,fever,n/a,15,up_proj,25,0.9999940991401672
single_lora,fever,n/a,15,up_proj,26,0.9999774694442749
single_lora,fever,n/a,15,up_proj,27,0.9999848008155823
single_lora,fever,n/a,15,up_proj,28,0.9999895095825195
single_lora,fever,n/a,15,up_proj,29,0.9999843835830688
single_lora,fever,n/a,15,up_proj,30,0.9999862313270569
single_lora,fever,n/a,15,up_proj,31,0.9999145865440369
single_lora,fever,n/a,15,up_proj,32,0.9999023675918579
single_lora,fever,n/a,15,up_proj,33,0.999967098236084
single_lora,fever,n/a,15,up_proj,34,0.9999788403511047
single_lora,fever,n/a,15,up_proj,35,0.9999756217002869
single_lora,fever,n/a,15,up_proj,36,0.9999058246612549
single_lora,fever,n/a,15,up_proj,37,0.9999179244041443
single_lora,fever,n/a,15,up_proj,38,0.9999510645866394
single_lora,fever,n/a,15,up_proj,39,0.9988492727279663
single_lora,fever,n/a,15,up_proj,40,0.9988240003585815
single_lora,fever,n/a,15,up_proj,41,0.9999732375144958
single_lora,fever,n/a,15,up_proj,42,0.9999532103538513
single_lora,fever,n/a,15,up_proj,43,0.9999763369560242
single_lora,fever,n/a,15,up_proj,44,0.9999781250953674
single_lora,fever,n/a,15,up_proj,45,0.9998140335083008
single_lora,fever,n/a,15,up_proj,46,0.9997939467430115
single_lora,fever,n/a,15,up_proj,47,0.9999209046363831
single_lora,fever,n/a,15,up_proj,48,0.9998804330825806
single_lora,fever,n/a,15,up_proj,49,0.9998692274093628
single_lora,fever,n/a,15,up_proj,50,0.9999486207962036
single_lora,fever,n/a,15,down_proj,1,1.0000001192092896
single_lora,fever,n/a,15,down_proj,2,0.9999995827674866
single_lora,fever,n/a,15,down_proj,3,0.9999996423721313
single_lora,fever,n/a,15,down_proj,4,0.9999979734420776
single_lora,fever,n/a,15,down_proj,5,0.9999984502792358
single_lora,fever,n/a,15,down_proj,6,0.9999988675117493
single_lora,fever,n/a,15,down_proj,7,0.9999969005584717
single_lora,fever,n/a,15,down_proj,8,0.9999977350234985
single_lora,fever,n/a,15,down_proj,9,0.9999939203262329
single_lora,fever,n/a,15,down_proj,10,0.9999932646751404
single_lora,fever,n/a,15,down_proj,11,0.9999736547470093
single_lora,fever,n/a,15,down_proj,12,0.9999831914901733
single_lora,fever,n/a,15,down_proj,13,0.9999574422836304
single_lora,fever,n/a,15,down_proj,14,0.9999629259109497
single_lora,fever,n/a,15,down_proj,15,0.9999794960021973
single_lora,fever,n/a,15,down_proj,16,0.9999739527702332
single_lora,fever,n/a,15,down_proj,17,0.9999769926071167
single_lora,fever,n/a,15,down_proj,18,0.9999725818634033
single_lora,fever,n/a,15,down_proj,19,0.9999737739562988
single_lora,fever,n/a,15,down_proj,20,0.9999610781669617
single_lora,fever,n/a,15,down_proj,21,0.9999409317970276
single_lora,fever,n/a,15,down_proj,22,0.9999393224716187
single_lora,fever,n/a,15,down_proj,23,0.9999724626541138
single_lora,fever,n/a,15,down_proj,24,0.9999679923057556
single_lora,fever,n/a,15,down_proj,25,0.999946653842926
single_lora,fever,n/a,15,down_proj,26,0.9998462796211243
single_lora,fever,n/a,15,down_proj,27,0.9998514652252197
single_lora,fever,n/a,15,down_proj,28,0.9999452233314514
single_lora,fever,n/a,15,down_proj,29,0.9999005794525146
single_lora,fever,n/a,15,down_proj,30,0.999932587146759
single_lora,fever,n/a,15,down_proj,31,0.9999579191207886
single_lora,fever,n/a,15,down_proj,32,0.9997497200965881
single_lora,fever,n/a,15,down_proj,33,0.9997097253799438
single_lora,fever,n/a,15,down_proj,34,0.9999274611473083
single_lora,fever,n/a,15,down_proj,35,0.9999376535415649
single_lora,fever,n/a,15,down_proj,36,0.9998511075973511
single_lora,fever,n/a,15,down_proj,37,0.9998154640197754
single_lora,fever,n/a,15,down_proj,38,0.9998270273208618
single_lora,fever,n/a,15,down_proj,39,0.9998769760131836
single_lora,fever,n/a,15,down_proj,40,0.9999291896820068
single_lora,fever,n/a,15,down_proj,41,0.9997052550315857
single_lora,fever,n/a,15,down_proj,42,0.9999485015869141
single_lora,fever,n/a,15,down_proj,43,0.9996468424797058
single_lora,fever,n/a,15,down_proj,44,0.9999452829360962
single_lora,fever,n/a,15,down_proj,45,0.999896228313446
single_lora,fever,n/a,15,down_proj,46,0.9999183416366577
single_lora,fever,n/a,15,down_proj,47,0.999829888343811
single_lora,fever,n/a,15,down_proj,48,0.9998515248298645
single_lora,fever,n/a,15,down_proj,49,0.9998677968978882
single_lora,fever,n/a,15,down_proj,50,0.9997984170913696
single_lora,mnli,n/a,0,q_proj,1,0.9999998211860657
single_lora,mnli,n/a,0,q_proj,2,1.0000004768371582
single_lora,mnli,n/a,0,q_proj,3,1.0000003576278687
single_lora,mnli,n/a,0,q_proj,4,0.9999998211860657
single_lora,mnli,n/a,0,q_proj,5,0.9999996423721313
single_lora,mnli,n/a,0,q_proj,6,0.9999997615814209
single_lora,mnli,n/a,0,q_proj,7,0.9999992847442627
single_lora,mnli,n/a,0,q_proj,8,0.9999998211860657
single_lora,mnli,n/a,0,q_proj,9,1.0000001192092896
single_lora,mnli,n/a,0,q_proj,10,0.9999998211860657
single_lora,mnli,n/a,0,q_proj,11,0.9999998211860657
single_lora,mnli,n/a,0,q_proj,12,1.0
single_lora,mnli,n/a,0,q_proj,13,0.9999998807907104
single_lora,mnli,n/a,0,q_proj,14,0.9999995231628418
single_lora,mnli,n/a,0,q_proj,15,0.9999781847000122
single_lora,mnli,n/a,0,q_proj,16,0.999976634979248
single_lora,mnli,n/a,0,q_proj,17,0.999999463558197
single_lora,mnli,n/a,0,q_proj,18,0.9999995827674866
single_lora,mnli,n/a,0,q_proj,19,0.999999463558197
single_lora,mnli,n/a,0,q_proj,20,0.9999997615814209
single_lora,mnli,n/a,0,q_proj,21,0.9999929666519165
single_lora,mnli,n/a,0,q_proj,22,0.9999918937683105
single_lora,mnli,n/a,0,q_proj,23,0.9999961853027344
single_lora,mnli,n/a,0,q_proj,24,0.9999992847442627
single_lora,mnli,n/a,0,q_proj,25,0.9999991655349731
single_lora,mnli,n/a,0,q_proj,26,0.9999990463256836
single_lora,mnli,n/a,0,q_proj,27,0.9999994039535522
single_lora,mnli,n/a,0,q_proj,28,0.9999979138374329
single_lora,mnli,n/a,0,q_proj,29,0.9999987483024597
single_lora,mnli,n/a,0,q_proj,30,0.9999902248382568
single_lora,mnli,n/a,0,q_proj,31,0.9999915957450867
single_lora,mnli,n/a,0,q_proj,32,0.9999983906745911
single_lora,mnli,n/a,0,q_proj,33,0.9999983310699463
single_lora,mnli,n/a,0,q_proj,34,0.9999983906745911
single_lora,mnli,n/a,0,q_proj,35,0.9999964833259583
single_lora,mnli,n/a,0,q_proj,36,0.9999908804893494
single_lora,mnli,n/a,0,q_proj,37,0.999989926815033
single_lora,mnli,n/a,0,q_proj,38,0.9999879598617554
single_lora,mnli,n/a,0,q_proj,39,0.999988317489624
single_lora,mnli,n/a,0,q_proj,40,0.9999963641166687
single_lora,mnli,n/a,0,q_proj,41,0.9999945759773254
single_lora,mnli,n/a,0,q_proj,42,0.999937891960144
single_lora,mnli,n/a,0,q_proj,43,0.9999325275421143
single_lora,mnli,n/a,0,q_proj,44,0.9999985694885254
single_lora,mnli,n/a,0,q_proj,45,0.9999971389770508
single_lora,mnli,n/a,0,q_proj,46,0.9999973177909851
single_lora,mnli,n/a,0,q_proj,47,0.9999964833259583
single_lora,mnli,n/a,0,q_proj,48,0.9999955892562866
single_lora,mnli,n/a,0,q_proj,49,0.9999951124191284
single_lora,mnli,n/a,0,q_proj,50,0.999995231628418
single_lora,mnli,n/a,0,v_proj,1,0.9999953508377075
single_lora,mnli,n/a,0,v_proj,2,0.9999338388442993
single_lora,mnli,n/a,0,v_proj,3,0.9999071359634399
single_lora,mnli,n/a,0,v_proj,4,0.9999513626098633
single_lora,mnli,n/a,0,v_proj,5,0.9999802112579346
single_lora,mnli,n/a,0,v_proj,6,0.9999227523803711
single_lora,mnli,n/a,0,v_proj,7,0.9999412298202515
single_lora,mnli,n/a,0,v_proj,8,0.9999122619628906
single_lora,mnli,n/a,0,v_proj,9,0.9999712109565735
single_lora,mnli,n/a,0,v_proj,10,0.9998389482498169
single_lora,mnli,n/a,0,v_proj,11,0.9997313022613525
single_lora,mnli,n/a,0,v_proj,12,0.9998385310173035
single_lora,mnli,n/a,0,v_proj,13,0.9999584555625916
single_lora,mnli,n/a,0,v_proj,14,0.9999379515647888
single_lora,mnli,n/a,0,v_proj,15,0.9999376535415649
single_lora,mnli,n/a,0,v_proj,16,0.999947190284729
single_lora,mnli,n/a,0,v_proj,17,0.9998746514320374
single_lora,mnli,n/a,0,v_proj,18,0.9997984766960144
single_lora,mnli,n/a,0,v_proj,19,0.9998653531074524
single_lora,mnli,n/a,0,v_proj,20,0.9998570680618286
single_lora,mnli,n/a,0,v_proj,21,0.9997913837432861
single_lora,mnli,n/a,0,v_proj,22,0.999437689781189
single_lora,mnli,n/a,0,v_proj,23,0.9994818568229675
single_lora,mnli,n/a,0,v_proj,24,0.9990627765655518
single_lora,mnli,n/a,0,v_proj,25,0.9994028806686401
single_lora,mnli,n/a,0,v_proj,26,0.9997363090515137
single_lora,mnli,n/a,0,v_proj,27,0.9996812343597412
single_lora,mnli,n/a,0,v_proj,28,0.9996431469917297
single_lora,mnli,n/a,0,v_proj,29,0.9998358488082886
single_lora,mnli,n/a,0,v_proj,30,0.9984087347984314
single_lora,mnli,n/a,0,v_proj,31,0.9954711198806763
single_lora,mnli,n/a,0,v_proj,32,0.9953440427780151
single_lora,mnli,n/a,0,v_proj,33,0.9988175630569458
single_lora,mnli,n/a,0,v_proj,34,0.999788761138916
single_lora,mnli,n/a,0,v_proj,35,0.9995495080947876
single_lora,mnli,n/a,0,v_proj,36,0.9993521571159363
single_lora,mnli,n/a,0,v_proj,37,0.9996815919876099
single_lora,mnli,n/a,0,v_proj,38,0.9991013407707214
single_lora,mnli,n/a,0,v_proj,39,0.9988754987716675
single_lora,mnli,n/a,0,v_proj,40,0.9967026710510254
single_lora,mnli,n/a,0,v_proj,41,0.996491014957428
single_lora,mnli,n/a,0,v_proj,42,0.9981297254562378
single_lora,mnli,n/a,0,v_proj,43,0.99932861328125
single_lora,mnli,n/a,0,v_proj,44,0.9985104203224182
single_lora,mnli,n/a,0,v_proj,45,0.9985650777816772
single_lora,mnli,n/a,0,v_proj,46,0.9928284883499146
single_lora,mnli,n/a,0,v_proj,47,0.9928034543991089
single_lora,mnli,n/a,0,v_proj,48,0.9982922673225403
single_lora,mnli,n/a,0,v_proj,49,0.9975255131721497
single_lora,mnli,n/a,0,v_proj,50,0.9988706111907959
single_lora,mnli,n/a,0,up_proj,1,0.9999992251396179
single_lora,mnli,n/a,0,up_proj,2,0.9999983906745911
single_lora,mnli,n/a,0,up_proj,3,0.9999969005584717
single_lora,mnli,n/a,0,up_proj,4,0.9999961256980896
single_lora,mnli,n/a,0,up_proj,5,0.9999974966049194
single_lora,mnli,n/a,0,up_proj,6,0.9999769926071167
single_lora,mnli,n/a,0,up_proj,7,0.9999757409095764
single_lora,mnli,n/a,0,up_proj,8,0.9999865293502808
single_lora,mnli,n/a,0,up_proj,9,0.9999683499336243
single_lora,mnli,n/a,0,up_proj,10,0.9999709129333496
single_lora,mnli,n/a,0,up_proj,11,0.9997426867485046
single_lora,mnli,n/a,0,up_proj,12,0.9997567534446716
single_lora,mnli,n/a,0,up_proj,13,0.999951958656311
single_lora,mnli,n/a,0,up_proj,14,0.9998584389686584
single_lora,mnli,n/a,0,up_proj,15,0.9998893141746521
single_lora,mnli,n/a,0,up_proj,16,0.9999897480010986
single_lora,mnli,n/a,0,up_proj,17,0.9999679327011108
single_lora,mnli,n/a,0,up_proj,18,0.9999672174453735
single_lora,mnli,n/a,0,up_proj,19,0.9999936819076538
single_lora,mnli,n/a,0,up_proj,20,0.9999819993972778
single_lora,mnli,n/a,0,up_proj,21,0.9999595880508423
single_lora,mnli,n/a,0,up_proj,22,0.9999600052833557
single_lora,mnli,n/a,0,up_proj,23,0.999984085559845
single_lora,mnli,n/a,0,up_proj,24,0.9999820590019226
single_lora,mnli,n/a,0,up_proj,25,0.9999904036521912
single_lora,mnli,n/a,0,up_proj,26,0.9995707869529724
single_lora,mnli,n/a,0,up_proj,27,0.9995368123054504
single_lora,mnli,n/a,0,up_proj,28,0.999945878982544
single_lora,mnli,n/a,0,up_proj,29,0.9999750852584839
single_lora,mnli,n/a,0,up_proj,30,0.999980628490448
single_lora,mnli,n/a,0,up_proj,31,0.9999760389328003
single_lora,mnli,n/a,0,up_proj,32,0.9999532699584961
single_lora,mnli,n/a,0,up_proj,33,0.9999594688415527
single_lora,mnli,n/a,0,up_proj,34,0.9999916553497314
single_lora,mnli,n/a,0,up_proj,35,0.9999936819076538
single_lora,mnli,n/a,0,up_proj,36,0.9999719262123108
single_lora,mnli,n/a,0,up_proj,37,0.9999117851257324
single_lora,mnli,n/a,0,up_proj,38,0.9998898506164551
single_lora,mnli,n/a,0,up_proj,39,0.999937117099762
single_lora,mnli,n/a,0,up_proj,40,0.9999474287033081
single_lora,mnli,n/a,0,up_proj,41,0.9999246597290039
single_lora,mnli,n/a,0,up_proj,42,0.9999343156814575
single_lora,mnli,n/a,0,up_proj,43,0.9999160766601562
single_lora,mnli,n/a,0,up_proj,44,0.9999785423278809
single_lora,mnli,n/a,0,up_proj,45,0.9999628663063049
single_lora,mnli,n/a,0,up_proj,46,0.9999315142631531
single_lora,mnli,n/a,0,up_proj,47,0.9999403953552246
single_lora,mnli,n/a,0,up_proj,48,0.9996434450149536
single_lora,mnli,n/a,0,up_proj,49,0.9998922944068909
single_lora,mnli,n/a,0,up_proj,50,0.9995793104171753
single_lora,mnli,n/a,0,down_proj,1,1.000000238418579
single_lora,mnli,n/a,0,down_proj,2,0.9999994039535522
single_lora,mnli,n/a,0,down_proj,3,1.000000238418579
single_lora,mnli,n/a,0,down_proj,4,0.9999994039535522
single_lora,mnli,n/a,0,down_proj,5,0.9999988675117493
single_lora,mnli,n/a,0,down_proj,6,0.999998927116394
single_lora,mnli,n/a,0,down_proj,7,0.9999974966049194
single_lora,mnli,n/a,0,down_proj,8,0.9999998807907104
single_lora,mnli,n/a,0,down_proj,9,0.9999943971633911
single_lora,mnli,n/a,0,down_proj,10,0.9999948740005493
single_lora,mnli,n/a,0,down_proj,11,0.9999985098838806
single_lora,mnli,n/a,0,down_proj,12,0.9999877214431763
single_lora,mnli,n/a,0,down_proj,13,0.9999908804893494
single_lora,mnli,n/a,0,down_proj,14,0.9999979734420776
single_lora,mnli,n/a,0,down_proj,15,0.9999944567680359
single_lora,mnli,n/a,0,down_proj,16,0.9999939799308777
single_lora,mnli,n/a,0,down_proj,17,0.9999948740005493
single_lora,mnli,n/a,0,down_proj,18,0.9999968409538269
single_lora,mnli,n/a,0,down_proj,19,0.9999930262565613
single_lora,mnli,n/a,0,down_proj,20,0.9521983861923218
single_lora,mnli,n/a,0,down_proj,21,0.952190101146698
single_lora,mnli,n/a,0,down_proj,22,0.9998986124992371
single_lora,mnli,n/a,0,down_proj,23,0.9998953938484192
single_lora,mnli,n/a,0,down_proj,24,0.9999901056289673
single_lora,mnli,n/a,0,down_proj,25,0.9999733567237854
single_lora,mnli,n/a,0,down_proj,26,0.9999707341194153
single_lora,mnli,n/a,0,down_proj,27,0.9999406337738037
single_lora,mnli,n/a,0,down_proj,28,0.9999837875366211
single_lora,mnli,n/a,0,down_proj,29,0.9999237060546875
single_lora,mnli,n/a,0,down_proj,30,0.9999786019325256
single_lora,mnli,n/a,0,down_proj,31,0.9999882578849792
single_lora,mnli,n/a,0,down_proj,32,0.9999706745147705
single_lora,mnli,n/a,0,down_proj,33,0.9999807476997375
single_lora,mnli,n/a,0,down_proj,34,0.9999834299087524
single_lora,mnli,n/a,0,down_proj,35,0.9999961256980896
single_lora,mnli,n/a,0,down_proj,36,0.9997068047523499
single_lora,mnli,n/a,0,down_proj,37,0.9996830821037292
single_lora,mnli,n/a,0,down_proj,38,0.9999090433120728
single_lora,mnli,n/a,0,down_proj,39,0.9999382495880127
single_lora,mnli,n/a,0,down_proj,40,0.9996552467346191
single_lora,mnli,n/a,0,down_proj,41,0.9996927380561829
single_lora,mnli,n/a,0,down_proj,42,0.999847412109375
single_lora,mnli,n/a,0,down_proj,43,0.9998632073402405
single_lora,mnli,n/a,0,down_proj,44,0.9999914169311523
single_lora,mnli,n/a,0,down_proj,45,0.9999813437461853
single_lora,mnli,n/a,0,down_proj,46,0.9999462962150574
single_lora,mnli,n/a,0,down_proj,47,0.9999889135360718
single_lora,mnli,n/a,0,down_proj,48,0.9999787211418152
single_lora,mnli,n/a,0,down_proj,49,0.9999580383300781
single_lora,mnli,n/a,0,down_proj,50,0.9985936284065247
single_lora,mnli,n/a,8,q_proj,1,0.9999985098838806
single_lora,mnli,n/a,8,q_proj,2,0.9999988675117493
single_lora,mnli,n/a,8,q_proj,3,0.9999991059303284
single_lora,mnli,n/a,8,q_proj,4,0.9999995827674866
single_lora,mnli,n/a,8,q_proj,5,1.0
single_lora,mnli,n/a,8,q_proj,6,0.9999992847442627
single_lora,mnli,n/a,8,q_proj,7,0.9999963045120239
single_lora,mnli,n/a,8,q_proj,8,0.9999907612800598
single_lora,mnli,n/a,8,q_proj,9,0.9999942779541016
single_lora,mnli,n/a,8,q_proj,10,0.9999950528144836
single_lora,mnli,n/a,8,q_proj,11,0.9999988675117493
single_lora,mnli,n/a,8,q_proj,12,0.9999987483024597
single_lora,mnli,n/a,8,q_proj,13,0.9999893307685852
single_lora,mnli,n/a,8,q_proj,14,0.99997478723526
single_lora,mnli,n/a,8,q_proj,15,0.9999674558639526
single_lora,mnli,n/a,8,q_proj,16,0.9999816417694092
single_lora,mnli,n/a,8,q_proj,17,0.9999827742576599
single_lora,mnli,n/a,8,q_proj,18,0.9999923706054688
single_lora,mnli,n/a,8,q_proj,19,0.9999937415122986
single_lora,mnli,n/a,8,q_proj,20,0.9999978542327881
single_lora,mnli,n/a,8,q_proj,21,0.9999960660934448
single_lora,mnli,n/a,8,q_proj,22,0.9999834299087524
single_lora,mnli,n/a,8,q_proj,23,0.999988853931427
single_lora,mnli,n/a,8,q_proj,24,0.9999645948410034
single_lora,mnli,n/a,8,q_proj,25,0.9999764561653137
single_lora,mnli,n/a,8,q_proj,26,0.9999982714653015
single_lora,mnli,n/a,8,q_proj,27,0.9999947547912598
single_lora,mnli,n/a,8,q_proj,28,0.9999806880950928
single_lora,mnli,n/a,8,q_proj,29,0.9999688863754272
single_lora,mnli,n/a,8,q_proj,30,0.9999942183494568
single_lora,mnli,n/a,8,q_proj,31,0.9999786615371704
single_lora,mnli,n/a,8,q_proj,32,0.9999799728393555
single_lora,mnli,n/a,8,q_proj,33,0.9999881982803345
single_lora,mnli,n/a,8,q_proj,34,0.9999881386756897
single_lora,mnli,n/a,8,q_proj,35,0.9999942183494568
single_lora,mnli,n/a,8,q_proj,36,0.9999978542327881
single_lora,mnli,n/a,8,q_proj,37,0.9999860525131226
single_lora,mnli,n/a,8,q_proj,38,0.9999817609786987
single_lora,mnli,n/a,8,q_proj,39,0.9999800324440002
single_lora,mnli,n/a,8,q_proj,40,0.9999852180480957
single_lora,mnli,n/a,8,q_proj,41,0.9999849200248718
single_lora,mnli,n/a,8,q_proj,42,0.9999766945838928
single_lora,mnli,n/a,8,q_proj,43,0.9999802112579346
single_lora,mnli,n/a,8,q_proj,44,0.9998916983604431
single_lora,mnli,n/a,8,q_proj,45,0.9998922944068909
single_lora,mnli,n/a,8,q_proj,46,0.9999924302101135
single_lora,mnli,n/a,8,q_proj,47,0.999957799911499
single_lora,mnli,n/a,8,q_proj,48,0.9999628067016602
single_lora,mnli,n/a,8,q_proj,49,0.9999831318855286
single_lora,mnli,n/a,8,q_proj,50,0.9999839067459106
single_lora,mnli,n/a,8,v_proj,1,0.9999144077301025
single_lora,mnli,n/a,8,v_proj,2,0.999916136264801
single_lora,mnli,n/a,8,v_proj,3,0.9998449087142944
single_lora,mnli,n/a,8,v_proj,4,0.9994698166847229
single_lora,mnli,n/a,8,v_proj,5,0.9985576272010803
single_lora,mnli,n/a,8,v_proj,6,0.998900830745697
single_lora,mnli,n/a,8,v_proj,7,0.9995018243789673
single_lora,mnli,n/a,8,v_proj,8,0.9992605447769165
single_lora,mnli,n/a,8,v_proj,9,0.9996559619903564
single_lora,mnli,n/a,8,v_proj,10,0.9975536465644836
single_lora,mnli,n/a,8,v_proj,11,0.9977964758872986
single_lora,mnli,n/a,8,v_proj,12,0.999529242515564
single_lora,mnli,n/a,8,v_proj,13,0.9993576407432556
single_lora,mnli,n/a,8,v_proj,14,0.9996135234832764
single_lora,mnli,n/a,8,v_proj,15,0.9992051124572754
single_lora,mnli,n/a,8,v_proj,16,0.9996783137321472
single_lora,mnli,n/a,8,v_proj,17,0.9997007250785828
single_lora,mnli,n/a,8,v_proj,18,0.9999518394470215
single_lora,mnli,n/a,8,v_proj,19,0.9997860789299011
single_lora,mnli,n/a,8,v_proj,20,0.9991868734359741
single_lora,mnli,n/a,8,v_proj,21,0.9992223381996155
single_lora,mnli,n/a,8,v_proj,22,0.9992481470108032
single_lora,mnli,n/a,8,v_proj,23,0.9996163249015808
single_lora,mnli,n/a,8,v_proj,24,0.9996399879455566
single_lora,mnli,n/a,8,v_proj,25,0.9996521472930908
single_lora,mnli,n/a,8,v_proj,26,0.9986360669136047
single_lora,mnli,n/a,8,v_proj,27,0.9967883229255676
single_lora,mnli,n/a,8,v_proj,28,0.995022714138031
single_lora,mnli,n/a,8,v_proj,29,0.9968824982643127
single_lora,mnli,n/a,8,v_proj,30,0.995273232460022
single_lora,mnli,n/a,8,v_proj,31,0.9985619783401489
single_lora,mnli,n/a,8,v_proj,32,0.9987549781799316
single_lora,mnli,n/a,8,v_proj,33,0.9997488260269165
single_lora,mnli,n/a,8,v_proj,34,0.9992321133613586
single_lora,mnli,n/a,8,v_proj,35,0.9944993257522583
single_lora,mnli,n/a,8,v_proj,36,0.9944254755973816
single_lora,mnli,n/a,8,v_proj,37,0.9995599389076233
single_lora,mnli,n/a,8,v_proj,38,0.999366283416748
single_lora,mnli,n/a,8,v_proj,39,0.9972703456878662
single_lora,mnli,n/a,8,v_proj,40,0.9969117641448975
single_lora,mnli,n/a,8,v_proj,41,0.9993544816970825
single_lora,mnli,n/a,8,v_proj,42,0.9993305802345276
single_lora,mnli,n/a,8,v_proj,43,0.9994056820869446
single_lora,mnli,n/a,8,v_proj,44,0.9991675019264221
single_lora,mnli,n/a,8,v_proj,45,0.9989109635353088
single_lora,mnli,n/a,8,v_proj,46,0.9972202777862549
single_lora,mnli,n/a,8,v_proj,47,0.9969134330749512
single_lora,mnli,n/a,8,v_proj,48,0.9991527795791626
single_lora,mnli,n/a,8,v_proj,49,0.9696145057678223
single_lora,mnli,n/a,8,v_proj,50,0.9704561233520508
single_lora,mnli,n/a,8,up_proj,1,0.999998152256012
single_lora,mnli,n/a,8,up_proj,2,0.9999964237213135
single_lora,mnli,n/a,8,up_proj,3,0.9999939203262329
single_lora,mnli,n/a,8,up_proj,4,0.999994158744812
single_lora,mnli,n/a,8,up_proj,5,0.9999841451644897
single_lora,mnli,n/a,8,up_proj,6,0.9999868273735046
single_lora,mnli,n/a,8,up_proj,7,0.9999929666519165
single_lora,mnli,n/a,8,up_proj,8,0.9999929666519165
single_lora,mnli,n/a,8,up_proj,9,0.9999864101409912
single_lora,mnli,n/a,8,up_proj,10,0.9999686479568481
single_lora,mnli,n/a,8,up_proj,11,0.9999799728393555
single_lora,mnli,n/a,8,up_proj,12,0.999970555305481
single_lora,mnli,n/a,8,up_proj,13,0.9967963099479675
single_lora,mnli,n/a,8,up_proj,14,0.9967865943908691
single_lora,mnli,n/a,8,up_proj,15,0.9999729990959167
single_lora,mnli,n/a,8,up_proj,16,0.9999780654907227
single_lora,mnli,n/a,8,up_proj,17,0.999987781047821
single_lora,mnli,n/a,8,up_proj,18,0.9999849796295166
single_lora,mnli,n/a,8,up_proj,19,0.9999432563781738
single_lora,mnli,n/a,8,up_proj,20,0.9999187588691711
single_lora,mnli,n/a,8,up_proj,21,0.9999719262123108
single_lora,mnli,n/a,8,up_proj,22,0.9999709129333496
single_lora,mnli,n/a,8,up_proj,23,0.9990343451499939
single_lora,mnli,n/a,8,up_proj,24,0.9990153312683105
single_lora,mnli,n/a,8,up_proj,25,0.9998725652694702
single_lora,mnli,n/a,8,up_proj,26,0.99985271692276
single_lora,mnli,n/a,8,up_proj,27,0.9999752640724182
single_lora,mnli,n/a,8,up_proj,28,0.9999052286148071
single_lora,mnli,n/a,8,up_proj,29,0.9993646740913391
single_lora,mnli,n/a,8,up_proj,30,0.9993587136268616
single_lora,mnli,n/a,8,up_proj,31,0.999792218208313
single_lora,mnli,n/a,8,up_proj,32,0.9997375011444092
single_lora,mnli,n/a,8,up_proj,33,0.9998946785926819
single_lora,mnli,n/a,8,up_proj,34,0.999931275844574
single_lora,mnli,n/a,8,up_proj,35,0.9998471736907959
single_lora,mnli,n/a,8,up_proj,36,0.9998458623886108
single_lora,mnli,n/a,8,up_proj,37,0.9999395608901978
single_lora,mnli,n/a,8,up_proj,38,0.9999753832817078
single_lora,mnli,n/a,8,up_proj,39,0.999824047088623
single_lora,mnli,n/a,8,up_proj,40,0.9998880624771118
single_lora,mnli,n/a,8,up_proj,41,0.9996243715286255
single_lora,mnli,n/a,8,up_proj,42,0.9994231462478638
single_lora,mnli,n/a,8,up_proj,43,0.9991999864578247
single_lora,mnli,n/a,8,up_proj,44,0.9995722770690918
single_lora,mnli,n/a,8,up_proj,45,0.9997424483299255
single_lora,mnli,n/a,8,up_proj,46,0.9997655153274536
single_lora,mnli,n/a,8,up_proj,47,0.9998453855514526
single_lora,mnli,n/a,8,up_proj,48,0.9998427629470825
single_lora,mnli,n/a,8,up_proj,49,0.9998737573623657
single_lora,mnli,n/a,8,up_proj,50,0.999920666217804
single_lora,mnli,n/a,8,down_proj,1,1.0
single_lora,mnli,n/a,8,down_proj,2,0.9999997615814209
single_lora,mnli,n/a,8,down_proj,3,1.0000005960464478
single_lora,mnli,n/a,8,down_proj,4,1.0000003576278687
single_lora,mnli,n/a,8,down_proj,5,0.9999997019767761
single_lora,mnli,n/a,8,down_proj,6,0.9999990463256836
single_lora,mnli,n/a,8,down_proj,7,0.9999990463256836
single_lora,mnli,n/a,8,down_proj,8,0.9999999403953552
single_lora,mnli,n/a,8,down_proj,9,0.9999996423721313
single_lora,mnli,n/a,8,down_proj,10,0.9999958276748657
single_lora,mnli,n/a,8,down_proj,11,0.9999982118606567
single_lora,mnli,n/a,8,down_proj,12,0.9999948143959045
single_lora,mnli,n/a,8,down_proj,13,0.9999997019767761
single_lora,mnli,n/a,8,down_proj,14,0.9999995231628418
single_lora,mnli,n/a,8,down_proj,15,0.9999992251396179
single_lora,mnli,n/a,8,down_proj,16,0.9999985694885254
single_lora,mnli,n/a,8,down_proj,17,0.9999969005584717
single_lora,mnli,n/a,8,down_proj,18,0.9999840259552002
single_lora,mnli,n/a,8,down_proj,19,0.9998873472213745
single_lora,mnli,n/a,8,down_proj,20,0.9998860359191895
single_lora,mnli,n/a,8,down_proj,21,0.9999963641166687
single_lora,mnli,n/a,8,down_proj,22,0.9999552369117737
single_lora,mnli,n/a,8,down_proj,23,0.9999470114707947
single_lora,mnli,n/a,8,down_proj,24,0.9999856948852539
single_lora,mnli,n/a,8,down_proj,25,0.9999924898147583
single_lora,mnli,n/a,8,down_proj,26,0.9999725222587585
single_lora,mnli,n/a,8,down_proj,27,0.9999648332595825
single_lora,mnli,n/a,8,down_proj,28,0.9999966621398926
single_lora,mnli,n/a,8,down_proj,29,0.9999978542327881
single_lora,mnli,n/a,8,down_proj,30,0.9999905824661255
single_lora,mnli,n/a,8,down_proj,31,0.9999915957450867
single_lora,mnli,n/a,8,down_proj,32,0.999994158744812
single_lora,mnli,n/a,8,down_proj,33,0.9999814033508301
single_lora,mnli,n/a,8,down_proj,34,0.9999879002571106
single_lora,mnli,n/a,8,down_proj,35,0.999982476234436
single_lora,mnli,n/a,8,down_proj,36,0.9999746680259705
single_lora,mnli,n/a,8,down_proj,37,0.9999850988388062
single_lora,mnli,n/a,8,down_proj,38,0.999895453453064
single_lora,mnli,n/a,8,down_proj,39,0.9999083280563354
single_lora,mnli,n/a,8,down_proj,40,0.999989926815033
single_lora,mnli,n/a,8,down_proj,41,0.9999456405639648
single_lora,mnli,n/a,8,down_proj,42,0.9999284148216248
single_lora,mnli,n/a,8,down_proj,43,0.9999628067016602
single_lora,mnli,n/a,8,down_proj,44,0.9999842643737793
single_lora,mnli,n/a,8,down_proj,45,0.9999846816062927
single_lora,mnli,n/a,8,down_proj,46,0.9999746084213257
single_lora,mnli,n/a,8,down_proj,47,0.9999921321868896
single_lora,mnli,n/a,8,down_proj,48,0.9999759793281555
single_lora,mnli,n/a,8,down_proj,49,0.9999784231185913
single_lora,mnli,n/a,8,down_proj,50,0.9999457001686096
single_lora,mnli,n/a,15,q_proj,1,1.0000003576278687
single_lora,mnli,n/a,15,q_proj,2,1.0000004768371582
single_lora,mnli,n/a,15,q_proj,3,1.000000238418579
single_lora,mnli,n/a,15,q_proj,4,0.9999988079071045
single_lora,mnli,n/a,15,q_proj,5,0.9999987483024597
single_lora,mnli,n/a,15,q_proj,6,0.9999997615814209
single_lora,mnli,n/a,15,q_proj,7,0.9999927282333374
single_lora,mnli,n/a,15,q_proj,8,0.9999921917915344
single_lora,mnli,n/a,15,q_proj,9,0.9999978542327881
single_lora,mnli,n/a,15,q_proj,10,0.9999979734420776
single_lora,mnli,n/a,15,q_proj,11,0.9999987483024597
single_lora,mnli,n/a,15,q_proj,12,0.9999993443489075
single_lora,mnli,n/a,15,q_proj,13,0.9999992847442627
single_lora,mnli,n/a,15,q_proj,14,0.999999463558197
single_lora,mnli,n/a,15,q_proj,15,0.9999974370002747
single_lora,mnli,n/a,15,q_proj,16,0.9999991059303284
single_lora,mnli,n/a,15,q_proj,17,0.999998927116394
single_lora,mnli,n/a,15,q_proj,18,0.9999985098838806
single_lora,mnli,n/a,15,q_proj,19,0.9999939203262329
single_lora,mnli,n/a,15,q_proj,20,0.9999915361404419
single_lora,mnli,n/a,15,q_proj,21,0.9999966025352478
single_lora,mnli,n/a,15,q_proj,22,0.9999879002571106
single_lora,mnli,n/a,15,q_proj,23,0.999988317489624
single_lora,mnli,n/a,15,q_proj,24,0.9999995231628418
single_lora,mnli,n/a,15,q_proj,25,0.9999997019767761
single_lora,mnli,n/a,15,q_proj,26,0.9999988675117493
single_lora,mnli,n/a,15,q_proj,27,0.9999989867210388
single_lora,mnli,n/a,15,q_proj,28,0.9999955892562866
single_lora,mnli,n/a,15,q_proj,29,0.9999946355819702
single_lora,mnli,n/a,15,q_proj,30,0.9999992251396179
single_lora,mnli,n/a,15,q_proj,31,0.9999984502792358
single_lora,mnli,n/a,15,q_proj,32,0.9999980330467224
single_lora,mnli,n/a,15,q_proj,33,0.9999990463256836
single_lora,mnli,n/a,15,q_proj,34,0.9999994039535522
single_lora,mnli,n/a,15,q_proj,35,0.9999988675117493
single_lora,mnli,n/a,15,q_proj,36,0.9999985694885254
single_lora,mnli,n/a,15,q_proj,37,0.9999967217445374
single_lora,mnli,n/a,15,q_proj,38,0.9999976754188538
single_lora,mnli,n/a,15,q_proj,39,0.9999904036521912
single_lora,mnli,n/a,15,q_proj,40,0.9999984502792358
single_lora,mnli,n/a,15,q_proj,41,0.9999573230743408
single_lora,mnli,n/a,15,q_proj,42,0.9999582171440125
single_lora,mnli,n/a,15,q_proj,43,0.9999979138374329
single_lora,mnli,n/a,15,q_proj,44,0.9999988675117493
single_lora,mnli,n/a,15,q_proj,45,0.9999988675117493
single_lora,mnli,n/a,15,q_proj,46,0.9999977946281433
single_lora,mnli,n/a,15,q_proj,47,0.9999969601631165
single_lora,mnli,n/a,15,q_proj,48,0.9999970197677612
single_lora,mnli,n/a,15,q_proj,49,0.9999980926513672
single_lora,mnli,n/a,15,q_proj,50,0.9999470114707947
single_lora,mnli,n/a,15,v_proj,1,0.9999973773956299
single_lora,mnli,n/a,15,v_proj,2,0.9999961256980896
single_lora,mnli,n/a,15,v_proj,3,0.999996542930603
single_lora,mnli,n/a,15,v_proj,4,0.9999987483024597
single_lora,mnli,n/a,15,v_proj,5,0.9999979734420776
single_lora,mnli,n/a,15,v_proj,6,0.9999972581863403
single_lora,mnli,n/a,15,v_proj,7,0.9999961256980896
single_lora,mnli,n/a,15,v_proj,8,0.9999967813491821
single_lora,mnli,n/a,15,v_proj,9,0.9999955296516418
single_lora,mnli,n/a,15,v_proj,10,0.999992847442627
single_lora,mnli,n/a,15,v_proj,11,0.9999958276748657
single_lora,mnli,n/a,15,v_proj,12,0.9999909400939941
single_lora,mnli,n/a,15,v_proj,13,0.999990701675415
single_lora,mnli,n/a,15,v_proj,14,0.9999819993972778
single_lora,mnli,n/a,15,v_proj,15,0.9998600482940674
single_lora,mnli,n/a,15,v_proj,16,0.9998472929000854
single_lora,mnli,n/a,15,v_proj,17,0.9999817609786987
single_lora,mnli,n/a,15,v_proj,18,0.999988317489624
single_lora,mnli,n/a,15,v_proj,19,0.9999892711639404
single_lora,mnli,n/a,15,v_proj,20,0.9999969601631165
single_lora,mnli,n/a,15,v_proj,21,0.9999921321868896
single_lora,mnli,n/a,15,v_proj,22,0.9999918937683105
single_lora,mnli,n/a,15,v_proj,23,0.9999890923500061
single_lora,mnli,n/a,15,v_proj,24,0.9999926090240479
single_lora,mnli,n/a,15,v_proj,25,0.999988317489624
single_lora,mnli,n/a,15,v_proj,26,0.9999774694442749
single_lora,mnli,n/a,15,v_proj,27,0.9999790191650391
single_lora,mnli,n/a,15,v_proj,28,0.999980092048645
single_lora,mnli,n/a,15,v_proj,29,0.9999967813491821
single_lora,mnli,n/a,15,v_proj,30,0.9999864101409912
single_lora,mnli,n/a,15,v_proj,31,0.9999890923500061
single_lora,mnli,n/a,15,v_proj,32,0.9999939203262329
single_lora,mnli,n/a,15,v_proj,33,0.9999944567680359
single_lora,mnli,n/a,15,v_proj,34,0.9999960660934448
single_lora,mnli,n/a,15,v_proj,35,0.9999933242797852
single_lora,mnli,n/a,15,v_proj,36,0.9998750686645508
single_lora,mnli,n/a,15,v_proj,37,0.9998831152915955
single_lora,mnli,n/a,15,v_proj,38,0.9999955296516418
single_lora,mnli,n/a,15,v_proj,39,0.9999945163726807
single_lora,mnli,n/a,15,v_proj,40,0.9999923706054688
single_lora,mnli,n/a,15,v_proj,41,0.9999483823776245
single_lora,mnli,n/a,15,v_proj,42,0.9999451637268066
single_lora,mnli,n/a,15,v_proj,43,0.9999707937240601
single_lora,mnli,n/a,15,v_proj,44,0.9999828338623047
single_lora,mnli,n/a,15,v_proj,45,0.9999852180480957
single_lora,mnli,n/a,15,v_proj,46,0.9999828934669495
single_lora,mnli,n/a,15,v_proj,47,0.9999904632568359
single_lora,mnli,n/a,15,v_proj,48,0.999993085861206
single_lora,mnli,n/a,15,v_proj,49,0.9999963641166687
single_lora,mnli,n/a,15,v_proj,50,0.9999925494194031
single_lora,mnli,n/a,15,up_proj,1,0.999998927116394
single_lora,mnli,n/a,15,up_proj,2,0.999999463558197
single_lora,mnli,n/a,15,up_proj,3,0.9999996423721313
single_lora,mnli,n/a,15,up_proj,4,0.9999984502792358
single_lora,mnli,n/a,15,up_proj,5,0.9999977350234985
single_lora,mnli,n/a,15,up_proj,6,0.9999970197677612
single_lora,mnli,n/a,15,up_proj,7,0.9999983310699463
single_lora,mnli,n/a,15,up_proj,8,0.9999991655349731
single_lora,mnli,n/a,15,up_proj,9,0.9999984502792358
single_lora,mnli,n/a,15,up_proj,10,0.9999980926513672
single_lora,mnli,n/a,15,up_proj,11,0.9999985098838806
single_lora,mnli,n/a,15,up_proj,12,0.9999991655349731
single_lora,mnli,n/a,15,up_proj,13,0.9999858736991882
single_lora,mnli,n/a,15,up_proj,14,0.9999855756759644
single_lora,mnli,n/a,15,up_proj,15,0.9999963641166687
single_lora,mnli,n/a,15,up_proj,16,0.9999926090240479
single_lora,mnli,n/a,15,up_proj,17,0.9999972581863403
single_lora,mnli,n/a,15,up_proj,18,0.9999978542327881
single_lora,mnli,n/a,15,up_proj,19,0.9999971985816956
single_lora,mnli,n/a,15,up_proj,20,0.9999976754188538
single_lora,mnli,n/a,15,up_proj,21,0.9999975562095642
single_lora,mnli,n/a,15,up_proj,22,0.9999961853027344
single_lora,mnli,n/a,15,up_proj,23,0.9999908208847046
single_lora,mnli,n/a,15,up_proj,24,0.9999934434890747
single_lora,mnli,n/a,15,up_proj,25,0.9999956488609314
single_lora,mnli,n/a,15,up_proj,26,0.9999759793281555
single_lora,mnli,n/a,15,up_proj,27,0.9999804496765137
single_lora,mnli,n/a,15,up_proj,28,0.9999954104423523
single_lora,mnli,n/a,15,up_proj,29,0.9999971985816956
single_lora,mnli,n/a,15,up_proj,30,0.9999947547912598
single_lora,mnli,n/a,15,up_proj,31,0.999996542930603
single_lora,mnli,n/a,15,up_proj,32,0.9999913573265076
single_lora,mnli,n/a,15,up_proj,33,0.9999959468841553
single_lora,mnli,n/a,15,up_proj,34,0.9999924898147583
single_lora,mnli,n/a,15,up_proj,35,0.9999854564666748
single_lora,mnli,n/a,15,up_proj,36,0.999989926815033
single_lora,mnli,n/a,15,up_proj,37,0.9999644756317139
single_lora,mnli,n/a,15,up_proj,38,0.9999634623527527
single_lora,mnli,n/a,15,up_proj,39,0.9999516010284424
single_lora,mnli,n/a,15,up_proj,40,0.9999370574951172
single_lora,mnli,n/a,15,up_proj,41,0.9999747276306152
single_lora,mnli,n/a,15,up_proj,42,0.999981701374054
single_lora,mnli,n/a,15,up_proj,43,0.9999814629554749
single_lora,mnli,n/a,15,up_proj,44,0.9999715685844421
single_lora,mnli,n/a,15,up_proj,45,0.9999373555183411
single_lora,mnli,n/a,15,up_proj,46,0.9999604821205139
single_lora,mnli,n/a,15,up_proj,47,0.9999730587005615
single_lora,mnli,n/a,15,up_proj,48,0.9999560713768005
single_lora,mnli,n/a,15,up_proj,49,0.9999853372573853
single_lora,mnli,n/a,15,up_proj,50,0.9999870657920837
single_lora,mnli,n/a,15,down_proj,1,0.9999998211860657
single_lora,mnli,n/a,15,down_proj,2,1.000000238418579
single_lora,mnli,n/a,15,down_proj,3,0.9999997615814209
single_lora,mnli,n/a,15,down_proj,4,0.9999988675117493
single_lora,mnli,n/a,15,down_proj,5,0.9999993443489075
single_lora,mnli,n/a,15,down_proj,6,0.9999992251396179
single_lora,mnli,n/a,15,down_proj,7,0.9999963641166687
single_lora,mnli,n/a,15,down_proj,8,0.9999956488609314
single_lora,mnli,n/a,15,down_proj,9,0.9999927878379822
single_lora,mnli,n/a,15,down_proj,10,0.9999920129776001
single_lora,mnli,n/a,15,down_proj,11,0.9999927282333374
single_lora,mnli,n/a,15,down_proj,12,0.9999887943267822
single_lora,mnli,n/a,15,down_proj,13,0.9999036192893982
single_lora,mnli,n/a,15,down_proj,14,0.9999006986618042
single_lora,mnli,n/a,15,down_proj,15,0.9999940991401672
single_lora,mnli,n/a,15,down_proj,16,0.999992311000824
single_lora,mnli,n/a,15,down_proj,17,0.9999900460243225
single_lora,mnli,n/a,15,down_proj,18,0.9999920129776001
single_lora,mnli,n/a,15,down_proj,19,0.9999879002571106
single_lora,mnli,n/a,15,down_proj,20,0.9999861121177673
single_lora,mnli,n/a,15,down_proj,21,0.9999871850013733
single_lora,mnli,n/a,15,down_proj,22,0.9999946355819702
single_lora,mnli,n/a,15,down_proj,23,0.999975323677063
single_lora,mnli,n/a,15,down_proj,24,0.9999536275863647
single_lora,mnli,n/a,15,down_proj,25,0.9999700784683228
single_lora,mnli,n/a,15,down_proj,26,0.9999761581420898
single_lora,mnli,n/a,15,down_proj,27,0.9999687075614929
single_lora,mnli,n/a,15,down_proj,28,0.9999916553497314
single_lora,mnli,n/a,15,down_proj,29,0.9999889731407166
single_lora,mnli,n/a,15,down_proj,30,0.9999954700469971
single_lora,mnli,n/a,15,down_proj,31,0.999984622001648
single_lora,mnli,n/a,15,down_proj,32,0.9999637603759766
single_lora,mnli,n/a,15,down_proj,33,0.999967634677887
single_lora,mnli,n/a,15,down_proj,34,0.9999857544898987
single_lora,mnli,n/a,15,down_proj,35,0.9999573826789856
single_lora,mnli,n/a,15,down_proj,36,0.999969482421875
single_lora,mnli,n/a,15,down_proj,37,0.999923050403595
single_lora,mnli,n/a,15,down_proj,38,0.9999593496322632
single_lora,mnli,n/a,15,down_proj,39,0.9999110698699951
single_lora,mnli,n/a,15,down_proj,40,0.9998493790626526
single_lora,mnli,n/a,15,down_proj,41,0.9998917579650879
single_lora,mnli,n/a,15,down_proj,42,0.9999469518661499
single_lora,mnli,n/a,15,down_proj,43,0.999929666519165
single_lora,mnli,n/a,15,down_proj,44,0.9999857544898987
single_lora,mnli,n/a,15,down_proj,45,0.9999735951423645
single_lora,mnli,n/a,15,down_proj,46,0.9999886751174927
single_lora,mnli,n/a,15,down_proj,47,0.9999184012413025
single_lora,mnli,n/a,15,down_proj,48,0.9998914003372192
single_lora,mnli,n/a,15,down_proj,49,0.9999680519104004
single_lora,mnli,n/a,15,down_proj,50,0.9999376535415649
single_lora,qqp,n/a,0,q_proj,1,1.000000238418579
single_lora,qqp,n/a,0,q_proj,2,1.0000009536743164
single_lora,qqp,n/a,0,q_proj,3,0.9999998211860657
single_lora,qqp,n/a,0,q_proj,4,0.9999995827674866
single_lora,qqp,n/a,0,q_proj,5,0.9999995827674866
single_lora,qqp,n/a,0,q_proj,6,0.9999993443489075
single_lora,qqp,n/a,0,q_proj,7,0.9999986290931702
single_lora,qqp,n/a,0,q_proj,8,0.9999991059303284
single_lora,qqp,n/a,0,q_proj,9,1.0000001192092896
single_lora,qqp,n/a,0,q_proj,10,0.9999993443489075
single_lora,qqp,n/a,0,q_proj,11,1.0
single_lora,qqp,n/a,0,q_proj,12,1.0
single_lora,qqp,n/a,0,q_proj,13,0.9999998807907104
single_lora,qqp,n/a,0,q_proj,14,0.9999990463256836
single_lora,qqp,n/a,0,q_proj,15,0.999984860420227
single_lora,qqp,n/a,0,q_proj,16,0.9999840259552002
single_lora,qqp,n/a,0,q_proj,17,0.9999977946281433
single_lora,qqp,n/a,0,q_proj,18,0.9999982118606567
single_lora,qqp,n/a,0,q_proj,19,0.9999992847442627
single_lora,qqp,n/a,0,q_proj,20,0.999999463558197
single_lora,qqp,n/a,0,q_proj,21,0.9999951720237732
single_lora,qqp,n/a,0,q_proj,22,0.999995231628418
single_lora,qqp,n/a,0,q_proj,23,0.9999966025352478
single_lora,qqp,n/a,0,q_proj,24,0.9999995827674866
single_lora,qqp,n/a,0,q_proj,25,0.9999973177909851
single_lora,qqp,n/a,0,q_proj,26,0.9999979734420776
single_lora,qqp,n/a,0,q_proj,27,0.9999551177024841
single_lora,qqp,n/a,0,q_proj,28,0.9999550580978394
single_lora,qqp,n/a,0,q_proj,29,0.999995231628418
single_lora,qqp,n/a,0,q_proj,30,0.9999887347221375
single_lora,qqp,n/a,0,q_proj,31,0.9999898076057434
single_lora,qqp,n/a,0,q_proj,32,0.9999980926513672
single_lora,qqp,n/a,0,q_proj,33,0.9999942183494568
single_lora,qqp,n/a,0,q_proj,34,0.9999950528144836
single_lora,qqp,n/a,0,q_proj,35,0.9999909400939941
single_lora,qqp,n/a,0,q_proj,36,0.9999950528144836
single_lora,qqp,n/a,0,q_proj,37,0.9999926090240479
single_lora,qqp,n/a,0,q_proj,38,0.999993622303009
single_lora,qqp,n/a,0,q_proj,39,0.9999912977218628
single_lora,qqp,n/a,0,q_proj,40,0.9999958872795105
single_lora,qqp,n/a,0,q_proj,41,0.9999960064888
single_lora,qqp,n/a,0,q_proj,42,0.9999971389770508
single_lora,qqp,n/a,0,q_proj,43,0.9999902844429016
single_lora,qqp,n/a,0,q_proj,44,0.9999948143959045
single_lora,qqp,n/a,0,q_proj,45,0.9999954104423523
single_lora,qqp,n/a,0,q_proj,46,0.9999940395355225
single_lora,qqp,n/a,0,q_proj,47,0.9999921321868896
single_lora,qqp,n/a,0,q_proj,48,0.9999939799308777
single_lora,qqp,n/a,0,q_proj,49,0.9999910593032837
single_lora,qqp,n/a,0,q_proj,50,0.9999898076057434
single_lora,qqp,n/a,0,v_proj,1,0.9999936819076538
single_lora,qqp,n/a,0,v_proj,2,0.9999649524688721
single_lora,qqp,n/a,0,v_proj,3,0.9999614953994751
single_lora,qqp,n/a,0,v_proj,4,0.9999532699584961
single_lora,qqp,n/a,0,v_proj,5,0.9999584555625916
single_lora,qqp,n/a,0,v_proj,6,0.999872088432312
single_lora,qqp,n/a,0,v_proj,7,0.9998652935028076
single_lora,qqp,n/a,0,v_proj,8,0.9997806549072266
single_lora,qqp,n/a,0,v_proj,9,0.9999252557754517
single_lora,qqp,n/a,0,v_proj,10,0.9998055696487427
single_lora,qqp,n/a,0,v_proj,11,0.9998350143432617
single_lora,qqp,n/a,0,v_proj,12,0.9998881816864014
single_lora,qqp,n/a,0,v_proj,13,0.9999285936355591
single_lora,qqp,n/a,0,v_proj,14,0.9999094009399414
single_lora,qqp,n/a,0,v_proj,15,0.999933123588562
single_lora,qqp,n/a,0,v_proj,16,0.9999329447746277
single_lora,qqp,n/a,0,v_proj,17,0.999862790107727
single_lora,qqp,n/a,0,v_proj,18,0.9997705817222595
single_lora,qqp,n/a,0,v_proj,19,0.9997771978378296
single_lora,qqp,n/a,0,v_proj,20,0.9997702240943909
single_lora,qqp,n/a,0,v_proj,21,0.9997357130050659
single_lora,qqp,n/a,0,v_proj,22,0.9997053742408752
single_lora,qqp,n/a,0,v_proj,23,0.9996387958526611
single_lora,qqp,n/a,0,v_proj,24,0.9993680715560913
single_lora,qqp,n/a,0,v_proj,25,0.9993927478790283
single_lora,qqp,n/a,0,v_proj,26,0.9997056722640991
single_lora,qqp,n/a,0,v_proj,27,0.9996638298034668
single_lora,qqp,n/a,0,v_proj,28,0.9996742010116577
single_lora,qqp,n/a,0,v_proj,29,0.9993846416473389
single_lora,qqp,n/a,0,v_proj,30,0.9972567558288574
single_lora,qqp,n/a,0,v_proj,31,0.9910560846328735
single_lora,qqp,n/a,0,v_proj,32,0.9916497468948364
single_lora,qqp,n/a,0,v_proj,33,0.9985765218734741
single_lora,qqp,n/a,0,v_proj,34,0.9982421398162842
single_lora,qqp,n/a,0,v_proj,35,0.9982205629348755
single_lora,qqp,n/a,0,v_proj,36,0.9986761808395386
single_lora,qqp,n/a,0,v_proj,37,0.9995031952857971
single_lora,qqp,n/a,0,v_proj,38,0.9993587732315063
single_lora,qqp,n/a,0,v_proj,39,0.9989337921142578
single_lora,qqp,n/a,0,v_proj,40,0.998540997505188
single_lora,qqp,n/a,0,v_proj,41,0.9985398054122925
single_lora,qqp,n/a,0,v_proj,42,0.9990307688713074
single_lora,qqp,n/a,0,v_proj,43,0.997403621673584
single_lora,qqp,n/a,0,v_proj,44,0.9972811341285706
single_lora,qqp,n/a,0,v_proj,45,0.9993457794189453
single_lora,qqp,n/a,0,v_proj,46,0.9623032212257385
single_lora,qqp,n/a,0,v_proj,47,0.9630125164985657
single_lora,qqp,n/a,0,v_proj,48,0.9952106475830078
single_lora,qqp,n/a,0,v_proj,49,0.9942466616630554
single_lora,qqp,n/a,0,v_proj,50,0.9981900453567505
single_lora,qqp,n/a,0,up_proj,1,0.9999977946281433
single_lora,qqp,n/a,0,up_proj,2,0.9999971985816956
single_lora,qqp,n/a,0,up_proj,3,0.9999948143959045
single_lora,qqp,n/a,0,up_proj,4,0.9999936819076538
single_lora,qqp,n/a,0,up_proj,5,0.9999960064888
single_lora,qqp,n/a,0,up_proj,6,0.9999916553497314
single_lora,qqp,n/a,0,up_proj,7,0.9999896883964539
single_lora,qqp,n/a,0,up_proj,8,0.9999877214431763
single_lora,qqp,n/a,0,up_proj,9,0.9999796748161316
single_lora,qqp,n/a,0,up_proj,10,0.9999816417694092
single_lora,qqp,n/a,0,up_proj,11,0.9998753070831299
single_lora,qqp,n/a,0,up_proj,12,0.9999022483825684
single_lora,qqp,n/a,0,up_proj,13,0.9999811053276062
single_lora,qqp,n/a,0,up_proj,14,0.9999529123306274
single_lora,qqp,n/a,0,up_proj,15,0.9999473094940186
single_lora,qqp,n/a,0,up_proj,16,0.9999721646308899
single_lora,qqp,n/a,0,up_proj,17,0.9998951554298401
single_lora,qqp,n/a,0,up_proj,18,0.9999051690101624
single_lora,qqp,n/a,0,up_proj,19,0.9999884963035583
single_lora,qqp,n/a,0,up_proj,20,0.9999821782112122
single_lora,qqp,n/a,0,up_proj,21,0.999982476234436
single_lora,qqp,n/a,0,up_proj,22,0.9999796748161316
single_lora,qqp,n/a,0,up_proj,23,0.9999874234199524
single_lora,qqp,n/a,0,up_proj,24,0.9999846816062927
single_lora,qqp,n/a,0,up_proj,25,0.9999828934669495
single_lora,qqp,n/a,0,up_proj,26,0.9997239112854004
single_lora,qqp,n/a,0,up_proj,27,0.9996997714042664
single_lora,qqp,n/a,0,up_proj,28,0.9999641180038452
single_lora,qqp,n/a,0,up_proj,29,0.9999633431434631
single_lora,qqp,n/a,0,up_proj,30,0.999983549118042
single_lora,qqp,n/a,0,up_proj,31,0.9999727606773376
single_lora,qqp,n/a,0,up_proj,32,0.9999650120735168
single_lora,qqp,n/a,0,up_proj,33,0.9999704957008362
single_lora,qqp,n/a,0,up_proj,34,0.9999792575836182
single_lora,qqp,n/a,0,up_proj,35,0.9999910593032837
single_lora,qqp,n/a,0,up_proj,36,0.999974250793457
single_lora,qqp,n/a,0,up_proj,37,0.9998460412025452
single_lora,qqp,n/a,0,up_proj,38,0.9998468160629272
single_lora,qqp,n/a,0,up_proj,39,0.9999452829360962
single_lora,qqp,n/a,0,up_proj,40,0.9999468326568604
single_lora,qqp,n/a,0,up_proj,41,0.9999009370803833
single_lora,qqp,n/a,0,up_proj,42,0.9999669790267944
single_lora,qqp,n/a,0,up_proj,43,0.9999426007270813
single_lora,qqp,n/a,0,up_proj,44,0.9999297857284546
single_lora,qqp,n/a,0,up_proj,45,0.9999172687530518
single_lora,qqp,n/a,0,up_proj,46,0.9999048709869385
single_lora,qqp,n/a,0,up_proj,47,0.9999474883079529
single_lora,qqp,n/a,0,up_proj,48,0.9996386766433716
single_lora,qqp,n/a,0,up_proj,49,0.9999045729637146
single_lora,qqp,n/a,0,up_proj,50,0.9996042847633362
single_lora,qqp,n/a,0,down_proj,1,0.9999998211860657
single_lora,qqp,n/a,0,down_proj,2,0.9999993443489075
single_lora,qqp,n/a,0,down_proj,3,0.9999997019767761
single_lora,qqp,n/a,0,down_proj,4,0.999999463558197
single_lora,qqp,n/a,0,down_proj,5,0.999998152256012
single_lora,qqp,n/a,0,down_proj,6,0.9999979734420776
single_lora,qqp,n/a,0,down_proj,7,0.999995768070221
single_lora,qqp,n/a,0,down_proj,8,0.9999985694885254
single_lora,qqp,n/a,0,down_proj,9,0.9999876022338867
single_lora,qqp,n/a,0,down_proj,10,0.9999904036521912
single_lora,qqp,n/a,0,down_proj,11,0.9999967217445374
single_lora,qqp,n/a,0,down_proj,12,0.9999411702156067
single_lora,qqp,n/a,0,down_proj,13,0.9999504089355469
single_lora,qqp,n/a,0,down_proj,14,0.9999984502792358
single_lora,qqp,n/a,0,down_proj,15,0.9999948740005493
single_lora,qqp,n/a,0,down_proj,16,0.9999925494194031
single_lora,qqp,n/a,0,down_proj,17,0.9998757243156433
single_lora,qqp,n/a,0,down_proj,18,0.9998799562454224
single_lora,qqp,n/a,0,down_proj,19,0.9999913573265076
single_lora,qqp,n/a,0,down_proj,20,0.907612144947052
single_lora,qqp,n/a,0,down_proj,21,0.9076021909713745
single_lora,qqp,n/a,0,down_proj,22,0.999879777431488
single_lora,qqp,n/a,0,down_proj,23,0.9998721480369568
single_lora,qqp,n/a,0,down_proj,24,0.999993622303009
single_lora,qqp,n/a,0,down_proj,25,0.9999726414680481
single_lora,qqp,n/a,0,down_proj,26,0.9999735951423645
single_lora,qqp,n/a,0,down_proj,27,0.9999547600746155
single_lora,qqp,n/a,0,down_proj,28,0.9999861121177673
single_lora,qqp,n/a,0,down_proj,29,0.9999449253082275
single_lora,qqp,n/a,0,down_proj,30,0.999968409538269
single_lora,qqp,n/a,0,down_proj,31,0.999984860420227
single_lora,qqp,n/a,0,down_proj,32,0.999957799911499
single_lora,qqp,n/a,0,down_proj,33,0.9998873472213745
single_lora,qqp,n/a,0,down_proj,34,0.999836266040802
single_lora,qqp,n/a,0,down_proj,35,0.9999697208404541
single_lora,qqp,n/a,0,down_proj,36,0.9996890425682068
single_lora,qqp,n/a,0,down_proj,37,0.9996736645698547
single_lora,qqp,n/a,0,down_proj,38,0.9999066591262817
single_lora,qqp,n/a,0,down_proj,39,0.9999343156814575
single_lora,qqp,n/a,0,down_proj,40,0.9994184374809265
single_lora,qqp,n/a,0,down_proj,41,0.9994745254516602
single_lora,qqp,n/a,0,down_proj,42,0.999971330165863
single_lora,qqp,n/a,0,down_proj,43,0.9999802112579346
single_lora,qqp,n/a,0,down_proj,44,0.9999819397926331
single_lora,qqp,n/a,0,down_proj,45,0.9999710917472839
single_lora,qqp,n/a,0,down_proj,46,0.999871015548706
single_lora,qqp,n/a,0,down_proj,47,0.9999223351478577
single_lora,qqp,n/a,0,down_proj,48,0.9999561309814453
single_lora,qqp,n/a,0,down_proj,49,0.9999336004257202
single_lora,qqp,n/a,0,down_proj,50,0.999954104423523
single_lora,qqp,n/a,8,q_proj,1,0.9999978542327881
single_lora,qqp,n/a,8,q_proj,2,0.9999994039535522
single_lora,qqp,n/a,8,q_proj,3,0.9999994039535522
single_lora,qqp,n/a,8,q_proj,4,0.9999991655349731
single_lora,qqp,n/a,8,q_proj,5,0.9999999403953552
single_lora,qqp,n/a,8,q_proj,6,0.9999993443489075
single_lora,qqp,n/a,8,q_proj,7,0.9999923706054688
single_lora,qqp,n/a,8,q_proj,8,0.9999858736991882
single_lora,qqp,n/a,8,q_proj,9,0.9999927878379822
single_lora,qqp,n/a,8,q_proj,10,0.9999933838844299
single_lora,qqp,n/a,8,q_proj,11,0.9999991059303284
single_lora,qqp,n/a,8,q_proj,12,0.9999995827674866
single_lora,qqp,n/a,8,q_proj,13,0.9999810457229614
single_lora,qqp,n/a,8,q_proj,14,0.9999717473983765
single_lora,qqp,n/a,8,q_proj,15,0.9999749064445496
single_lora,qqp,n/a,8,q_proj,16,0.9999858736991882
single_lora,qqp,n/a,8,q_proj,17,0.99998939037323
single_lora,qqp,n/a,8,q_proj,18,0.999991774559021
single_lora,qqp,n/a,8,q_proj,19,0.9999926090240479
single_lora,qqp,n/a,8,q_proj,20,0.9999955892562866
single_lora,qqp,n/a,8,q_proj,21,0.9999949932098389
single_lora,qqp,n/a,8,q_proj,22,0.9999769926071167
single_lora,qqp,n/a,8,q_proj,23,0.9999920725822449
single_lora,qqp,n/a,8,q_proj,24,0.9999297261238098
single_lora,qqp,n/a,8,q_proj,25,0.999951958656311
single_lora,qqp,n/a,8,q_proj,26,0.999998927116394
single_lora,qqp,n/a,8,q_proj,27,0.9999880790710449
single_lora,qqp,n/a,8,q_proj,28,0.9999722838401794
single_lora,qqp,n/a,8,q_proj,29,0.999964714050293
single_lora,qqp,n/a,8,q_proj,30,0.9999929070472717
single_lora,qqp,n/a,8,q_proj,31,0.9999805688858032
single_lora,qqp,n/a,8,q_proj,32,0.999947190284729
single_lora,qqp,n/a,8,q_proj,33,0.9999586939811707
single_lora,qqp,n/a,8,q_proj,34,0.9999873638153076
single_lora,qqp,n/a,8,q_proj,35,0.9999953508377075
single_lora,qqp,n/a,8,q_proj,36,0.9999947547912598
single_lora,qqp,n/a,8,q_proj,37,0.9999854564666748
single_lora,qqp,n/a,8,q_proj,38,0.9999825358390808
single_lora,qqp,n/a,8,q_proj,39,0.9999709129333496
single_lora,qqp,n/a,8,q_proj,40,0.9999786615371704
single_lora,qqp,n/a,8,q_proj,41,0.9999836087226868
single_lora,qqp,n/a,8,q_proj,42,0.9999716281890869
single_lora,qqp,n/a,8,q_proj,43,0.9999845623970032
single_lora,qqp,n/a,8,q_proj,44,0.9999440312385559
single_lora,qqp,n/a,8,q_proj,45,0.9999427199363708
single_lora,qqp,n/a,8,q_proj,46,0.9999954700469971
single_lora,qqp,n/a,8,q_proj,47,0.9999500513076782
single_lora,qqp,n/a,8,q_proj,48,0.9999566674232483
single_lora,qqp,n/a,8,q_proj,49,0.9999905228614807
single_lora,qqp,n/a,8,q_proj,50,0.9999829530715942
single_lora,qqp,n/a,8,v_proj,1,0.9998800158500671
single_lora,qqp,n/a,8,v_proj,2,0.9999353885650635
single_lora,qqp,n/a,8,v_proj,3,0.999871015548706
single_lora,qqp,n/a,8,v_proj,4,0.9987731575965881
single_lora,qqp,n/a,8,v_proj,5,0.9978735446929932
single_lora,qqp,n/a,8,v_proj,6,0.9990675449371338
single_lora,qqp,n/a,8,v_proj,7,0.9994558095932007
single_lora,qqp,n/a,8,v_proj,8,0.9989739060401917
single_lora,qqp,n/a,8,v_proj,9,0.9994890689849854
single_lora,qqp,n/a,8,v_proj,10,0.998260498046875
single_lora,qqp,n/a,8,v_proj,11,0.9985678195953369
single_lora,qqp,n/a,8,v_proj,12,0.999535858631134
single_lora,qqp,n/a,8,v_proj,13,0.999391496181488
single_lora,qqp,n/a,8,v_proj,14,0.9996045827865601
single_lora,qqp,n/a,8,v_proj,15,0.9991943836212158
single_lora,qqp,n/a,8,v_proj,16,0.9990286231040955
single_lora,qqp,n/a,8,v_proj,17,0.9990603923797607
single_lora,qqp,n/a,8,v_proj,18,0.9999071359634399
single_lora,qqp,n/a,8,v_proj,19,0.9993575215339661
single_lora,qqp,n/a,8,v_proj,20,0.9993684887886047
single_lora,qqp,n/a,8,v_proj,21,0.9991695880889893
single_lora,qqp,n/a,8,v_proj,22,0.9985977411270142
single_lora,qqp,n/a,8,v_proj,23,0.9990416169166565
single_lora,qqp,n/a,8,v_proj,24,0.9992283582687378
single_lora,qqp,n/a,8,v_proj,25,0.9993056058883667
single_lora,qqp,n/a,8,v_proj,26,0.9977299571037292
single_lora,qqp,n/a,8,v_proj,27,0.9943948984146118
single_lora,qqp,n/a,8,v_proj,28,0.9926029443740845
single_lora,qqp,n/a,8,v_proj,29,0.9933261275291443
single_lora,qqp,n/a,8,v_proj,30,0.9929546117782593
single_lora,qqp,n/a,8,v_proj,31,0.999143123626709
single_lora,qqp,n/a,8,v_proj,32,0.9995812773704529
single_lora,qqp,n/a,8,v_proj,33,0.999335765838623
single_lora,qqp,n/a,8,v_proj,34,0.9987678527832031
single_lora,qqp,n/a,8,v_proj,35,0.9981071352958679
single_lora,qqp,n/a,8,v_proj,36,0.997740626335144
single_lora,qqp,n/a,8,v_proj,37,0.9987098574638367
single_lora,qqp,n/a,8,v_proj,38,0.9994259476661682
single_lora,qqp,n/a,8,v_proj,39,0.9977054595947266
single_lora,qqp,n/a,8,v_proj,40,0.9983618855476379
single_lora,qqp,n/a,8,v_proj,41,0.9992645978927612
single_lora,qqp,n/a,8,v_proj,42,0.9995458722114563
single_lora,qqp,n/a,8,v_proj,43,0.9986479878425598
single_lora,qqp,n/a,8,v_proj,44,0.9982454776763916
single_lora,qqp,n/a,8,v_proj,45,0.9984317421913147
single_lora,qqp,n/a,8,v_proj,46,0.9962979555130005
single_lora,qqp,n/a,8,v_proj,47,0.9942436814308167
single_lora,qqp,n/a,8,v_proj,48,0.9979438781738281
single_lora,qqp,n/a,8,v_proj,49,0.9933017492294312
single_lora,qqp,n/a,8,v_proj,50,0.9945059418678284
single_lora,qqp,n/a,8,up_proj,1,0.9999979138374329
single_lora,qqp,n/a,8,up_proj,2,0.9999962449073792
single_lora,qqp,n/a,8,up_proj,3,0.9999924898147583
single_lora,qqp,n/a,8,up_proj,4,0.9999943971633911
single_lora,qqp,n/a,8,up_proj,5,0.9999780654907227
single_lora,qqp,n/a,8,up_proj,6,0.9999879002571106
single_lora,qqp,n/a,8,up_proj,7,0.9999898076057434
single_lora,qqp,n/a,8,up_proj,8,0.9999886751174927
single_lora,qqp,n/a,8,up_proj,9,0.9999758005142212
single_lora,qqp,n/a,8,up_proj,10,0.9999679923057556
single_lora,qqp,n/a,8,up_proj,11,0.999987006187439
single_lora,qqp,n/a,8,up_proj,12,0.9999700784683228
single_lora,qqp,n/a,8,up_proj,13,0.999684751033783
single_lora,qqp,n/a,8,up_proj,14,0.9996835589408875
single_lora,qqp,n/a,8,up_proj,15,0.9999512434005737
single_lora,qqp,n/a,8,up_proj,16,0.9999527335166931
single_lora,qqp,n/a,8,up_proj,17,0.9999768137931824
single_lora,qqp,n/a,8,up_proj,18,0.9999045133590698
single_lora,qqp,n/a,8,up_proj,19,0.9998845458030701
single_lora,qqp,n/a,8,up_proj,20,0.9998614192008972
single_lora,qqp,n/a,8,up_proj,21,0.9998916387557983
single_lora,qqp,n/a,8,up_proj,22,0.9999686479568481
single_lora,qqp,n/a,8,up_proj,23,0.9989762902259827
single_lora,qqp,n/a,8,up_proj,24,0.9989514350891113
single_lora,qqp,n/a,8,up_proj,25,0.9999060034751892
single_lora,qqp,n/a,8,up_proj,26,0.9997578859329224
single_lora,qqp,n/a,8,up_proj,27,0.9997026324272156
single_lora,qqp,n/a,8,up_proj,28,0.999925434589386
single_lora,qqp,n/a,8,up_proj,29,0.9995376467704773
single_lora,qqp,n/a,8,up_proj,30,0.9995373487472534
single_lora,qqp,n/a,8,up_proj,31,0.9994847774505615
single_lora,qqp,n/a,8,up_proj,32,0.9995502829551697
single_lora,qqp,n/a,8,up_proj,33,0.999793291091919
single_lora,qqp,n/a,8,up_proj,34,0.9997848868370056
single_lora,qqp,n/a,8,up_proj,35,0.9997852444648743
single_lora,qqp,n/a,8,up_proj,36,0.999764621257782
single_lora,qqp,n/a,8,up_proj,37,0.9998457431793213
single_lora,qqp,n/a,8,up_proj,38,0.9999723434448242
single_lora,qqp,n/a,8,up_proj,39,0.9998892545700073
single_lora,qqp,n/a,8,up_proj,40,0.9999259114265442
single_lora,qqp,n/a,8,up_proj,41,0.9992291927337646
single_lora,qqp,n/a,8,up_proj,42,0.9991851449012756
single_lora,qqp,n/a,8,up_proj,43,0.9988669753074646
single_lora,qqp,n/a,8,up_proj,44,0.9990512132644653
single_lora,qqp,n/a,8,up_proj,45,0.9998400807380676
single_lora,qqp,n/a,8,up_proj,46,0.999877393245697
single_lora,qqp,n/a,8,up_proj,47,0.9998190999031067
single_lora,qqp,n/a,8,up_proj,48,0.9998219013214111
single_lora,qqp,n/a,8,up_proj,49,0.9998414516448975
single_lora,qqp,n/a,8,up_proj,50,0.9998593330383301
single_lora,qqp,n/a,8,down_proj,1,1.0
single_lora,qqp,n/a,8,down_proj,2,0.999999463558197
single_lora,qqp,n/a,8,down_proj,3,1.0000001192092896
single_lora,qqp,n/a,8,down_proj,4,0.9999998807907104
single_lora,qqp,n/a,8,down_proj,5,0.9999977350234985
single_lora,qqp,n/a,8,down_proj,6,0.9999977946281433
single_lora,qqp,n/a,8,down_proj,7,0.9999990463256836
single_lora,qqp,n/a,8,down_proj,8,1.000000238418579
single_lora,qqp,n/a,8,down_proj,9,0.9999998807907104
single_lora,qqp,n/a,8,down_proj,10,0.9999957084655762
single_lora,qqp,n/a,8,down_proj,11,0.999998927116394
single_lora,qqp,n/a,8,down_proj,12,0.9999944567680359
single_lora,qqp,n/a,8,down_proj,13,0.9999991059303284
single_lora,qqp,n/a,8,down_proj,14,0.9999960660934448
single_lora,qqp,n/a,8,down_proj,15,0.9999958276748657
single_lora,qqp,n/a,8,down_proj,16,0.9999969005584717
single_lora,qqp,n/a,8,down_proj,17,0.9999976754188538
single_lora,qqp,n/a,8,down_proj,18,0.999979555606842
single_lora,qqp,n/a,8,down_proj,19,0.9999827146530151
single_lora,qqp,n/a,8,down_proj,20,0.9999748468399048
single_lora,qqp,n/a,8,down_proj,21,0.9999966621398926
single_lora,qqp,n/a,8,down_proj,22,0.9999603033065796
single_lora,qqp,n/a,8,down_proj,23,0.9999553561210632
single_lora,qqp,n/a,8,down_proj,24,0.999985933303833
single_lora,qqp,n/a,8,down_proj,25,0.9999929070472717
single_lora,qqp,n/a,8,down_proj,26,0.9999365210533142
single_lora,qqp,n/a,8,down_proj,27,0.9999302625656128
single_lora,qqp,n/a,8,down_proj,28,0.9999938607215881
single_lora,qqp,n/a,8,down_proj,29,0.9999973773956299
single_lora,qqp,n/a,8,down_proj,30,0.9999963045120239
single_lora,qqp,n/a,8,down_proj,31,0.9999975562095642
single_lora,qqp,n/a,8,down_proj,32,0.9999908208847046
single_lora,qqp,n/a,8,down_proj,33,0.9999750256538391
single_lora,qqp,n/a,8,down_proj,34,0.9999840259552002
single_lora,qqp,n/a,8,down_proj,35,0.9999871850013733
single_lora,qqp,n/a,8,down_proj,36,0.999971330165863
single_lora,qqp,n/a,8,down_proj,37,0.9999716877937317
single_lora,qqp,n/a,8,down_proj,38,0.9998297095298767
single_lora,qqp,n/a,8,down_proj,39,0.9998432993888855
single_lora,qqp,n/a,8,down_proj,40,0.9999727010726929
single_lora,qqp,n/a,8,down_proj,41,0.9999411106109619
single_lora,qqp,n/a,8,down_proj,42,0.9999018311500549
single_lora,qqp,n/a,8,down_proj,43,0.9999896287918091
single_lora,qqp,n/a,8,down_proj,44,0.9999710917472839
single_lora,qqp,n/a,8,down_proj,45,0.9999799132347107
single_lora,qqp,n/a,8,down_proj,46,0.9999747276306152
single_lora,qqp,n/a,8,down_proj,47,0.9999693036079407
single_lora,qqp,n/a,8,down_proj,48,0.9999678134918213
single_lora,qqp,n/a,8,down_proj,49,0.9999850392341614
single_lora,qqp,n/a,8,down_proj,50,0.9999588131904602
single_lora,qqp,n/a,15,q_proj,1,1.000000238418579
single_lora,qqp,n/a,15,q_proj,2,1.0000004768371582
single_lora,qqp,n/a,15,q_proj,3,0.9999998807907104
single_lora,qqp,n/a,15,q_proj,4,0.9999979734420776
single_lora,qqp,n/a,15,q_proj,5,0.9999979734420776
single_lora,qqp,n/a,15,q_proj,6,0.999999463558197
single_lora,qqp,n/a,15,q_proj,7,0.9999904036521912
single_lora,qqp,n/a,15,q_proj,8,0.9999904632568359
single_lora,qqp,n/a,15,q_proj,9,0.9999985098838806
single_lora,qqp,n/a,15,q_proj,10,0.9999992847442627
single_lora,qqp,n/a,15,q_proj,11,0.9999991655349731
single_lora,qqp,n/a,15,q_proj,12,0.9999995827674866
single_lora,qqp,n/a,15,q_proj,13,0.9999990463256836
single_lora,qqp,n/a,15,q_proj,14,0.9999996423721313
single_lora,qqp,n/a,15,q_proj,15,0.9999980926513672
single_lora,qqp,n/a,15,q_proj,16,0.9999998211860657
single_lora,qqp,n/a,15,q_proj,17,0.9999982118606567
single_lora,qqp,n/a,15,q_proj,18,0.9999980926513672
single_lora,qqp,n/a,15,q_proj,19,0.9999982118606567
single_lora,qqp,n/a,15,q_proj,20,0.9999923706054688
single_lora,qqp,n/a,15,q_proj,21,0.9999924898147583
single_lora,qqp,n/a,15,q_proj,22,0.9999834299087524
single_lora,qqp,n/a,15,q_proj,23,0.999987006187439
single_lora,qqp,n/a,15,q_proj,24,0.9999996423721313
single_lora,qqp,n/a,15,q_proj,25,0.9999995231628418
single_lora,qqp,n/a,15,q_proj,26,0.9999992847442627
single_lora,qqp,n/a,15,q_proj,27,0.9999986886978149
single_lora,qqp,n/a,15,q_proj,28,0.9999955296516418
single_lora,qqp,n/a,15,q_proj,29,0.9999945163726807
single_lora,qqp,n/a,15,q_proj,30,0.9999980926513672
single_lora,qqp,n/a,15,q_proj,31,0.9999672770500183
single_lora,qqp,n/a,15,q_proj,32,0.9999679923057556
single_lora,qqp,n/a,15,q_proj,33,0.9999986886978149
single_lora,qqp,n/a,15,q_proj,34,0.9999966621398926
single_lora,qqp,n/a,15,q_proj,35,0.9999946355819702
single_lora,qqp,n/a,15,q_proj,36,0.9999964237213135
single_lora,qqp,n/a,15,q_proj,37,0.9999971389770508
single_lora,qqp,n/a,15,q_proj,38,0.9999984502792358
single_lora,qqp,n/a,15,q_proj,39,0.9999920129776001
single_lora,qqp,n/a,15,q_proj,40,0.9999922513961792
single_lora,qqp,n/a,15,q_proj,41,0.9999468326568604
single_lora,qqp,n/a,15,q_proj,42,0.9999470710754395
single_lora,qqp,n/a,15,q_proj,43,0.9999967217445374
single_lora,qqp,n/a,15,q_proj,44,0.999995231628418
single_lora,qqp,n/a,15,q_proj,45,0.9999958276748657
single_lora,qqp,n/a,15,q_proj,46,0.9999961853027344
single_lora,qqp,n/a,15,q_proj,47,0.9999929666519165
single_lora,qqp,n/a,15,q_proj,48,0.9999943971633911
single_lora,qqp,n/a,15,q_proj,49,0.9999975562095642
single_lora,qqp,n/a,15,q_proj,50,0.9999882578849792
single_lora,qqp,n/a,15,v_proj,1,0.9999983310699463
single_lora,qqp,n/a,15,v_proj,2,0.9999966621398926
single_lora,qqp,n/a,15,v_proj,3,0.9999967813491821
single_lora,qqp,n/a,15,v_proj,4,0.9999977350234985
single_lora,qqp,n/a,15,v_proj,5,0.9999969005584717
single_lora,qqp,n/a,15,v_proj,6,0.9999985694885254
single_lora,qqp,n/a,15,v_proj,7,0.9999923706054688
single_lora,qqp,n/a,15,v_proj,8,0.9999917149543762
single_lora,qqp,n/a,15,v_proj,9,0.9999969005584717
single_lora,qqp,n/a,15,v_proj,10,0.9999823570251465
single_lora,qqp,n/a,15,v_proj,11,0.9999812245368958
single_lora,qqp,n/a,15,v_proj,12,0.9999877214431763
single_lora,qqp,n/a,15,v_proj,13,0.9999892711639404
single_lora,qqp,n/a,15,v_proj,14,0.9999301433563232
single_lora,qqp,n/a,15,v_proj,15,0.9997020363807678
single_lora,qqp,n/a,15,v_proj,16,0.9997743368148804
single_lora,qqp,n/a,15,v_proj,17,0.9999909996986389
single_lora,qqp,n/a,15,v_proj,18,0.9999775886535645
single_lora,qqp,n/a,15,v_proj,19,0.9999861717224121
single_lora,qqp,n/a,15,v_proj,20,0.9999961256980896
single_lora,qqp,n/a,15,v_proj,21,0.9999886155128479
single_lora,qqp,n/a,15,v_proj,22,0.9999913573265076
single_lora,qqp,n/a,15,v_proj,23,0.9999916553497314
single_lora,qqp,n/a,15,v_proj,24,0.9999690055847168
single_lora,qqp,n/a,15,v_proj,25,0.9998650550842285
single_lora,qqp,n/a,15,v_proj,26,0.9998881816864014
single_lora,qqp,n/a,15,v_proj,27,0.9999597072601318
single_lora,qqp,n/a,15,v_proj,28,0.999964714050293
single_lora,qqp,n/a,15,v_proj,29,0.9999934434890747
single_lora,qqp,n/a,15,v_proj,30,0.9999853372573853
single_lora,qqp,n/a,15,v_proj,31,0.9999839067459106
single_lora,qqp,n/a,15,v_proj,32,0.9999809265136719
single_lora,qqp,n/a,15,v_proj,33,0.9999852180480957
single_lora,qqp,n/a,15,v_proj,34,0.9999698400497437
single_lora,qqp,n/a,15,v_proj,35,0.9999816417694092
single_lora,qqp,n/a,15,v_proj,36,0.9993366003036499
single_lora,qqp,n/a,15,v_proj,37,0.9993307590484619
single_lora,qqp,n/a,15,v_proj,38,0.9999786615371704
single_lora,qqp,n/a,15,v_proj,39,0.9999712109565735
single_lora,qqp,n/a,15,v_proj,40,0.9999628067016602
single_lora,qqp,n/a,15,v_proj,41,0.9999518394470215
single_lora,qqp,n/a,15,v_proj,42,0.9999431371688843
single_lora,qqp,n/a,15,v_proj,43,0.9999701976776123
single_lora,qqp,n/a,15,v_proj,44,0.9999611973762512
single_lora,qqp,n/a,15,v_proj,45,0.999981701374054
single_lora,qqp,n/a,15,v_proj,46,0.9999713897705078
single_lora,qqp,n/a,15,v_proj,47,0.9999809265136719
single_lora,qqp,n/a,15,v_proj,48,0.9999927282333374
single_lora,qqp,n/a,15,v_proj,49,0.9999939799308777
single_lora,qqp,n/a,15,v_proj,50,0.9999914765357971
single_lora,qqp,n/a,15,up_proj,1,1.0
single_lora,qqp,n/a,15,up_proj,2,1.0000005960464478
single_lora,qqp,n/a,15,up_proj,3,0.9999997615814209
single_lora,qqp,n/a,15,up_proj,4,0.9999983310699463
single_lora,qqp,n/a,15,up_proj,5,0.9999969601631165
single_lora,qqp,n/a,15,up_proj,6,0.9999971389770508
single_lora,qqp,n/a,15,up_proj,7,0.9999973773956299
single_lora,qqp,n/a,15,up_proj,8,0.9999985694885254
single_lora,qqp,n/a,15,up_proj,9,0.9999974370002747
single_lora,qqp,n/a,15,up_proj,10,0.9999978542327881
single_lora,qqp,n/a,15,up_proj,11,0.9999985098838806
single_lora,qqp,n/a,15,up_proj,12,0.999998927116394
single_lora,qqp,n/a,15,up_proj,13,0.9999985098838806
single_lora,qqp,n/a,15,up_proj,14,0.9999985098838806
single_lora,qqp,n/a,15,up_proj,15,0.9999927878379822
single_lora,qqp,n/a,15,up_proj,16,0.9999904036521912
single_lora,qqp,n/a,15,up_proj,17,0.9999975562095642
single_lora,qqp,n/a,15,up_proj,18,0.9999911189079285
single_lora,qqp,n/a,15,up_proj,19,0.9999911785125732
single_lora,qqp,n/a,15,up_proj,20,0.999997615814209
single_lora,qqp,n/a,15,up_proj,21,0.9999966621398926
single_lora,qqp,n/a,15,up_proj,22,0.9999931454658508
single_lora,qqp,n/a,15,up_proj,23,0.9999882578849792
single_lora,qqp,n/a,15,up_proj,24,0.9999776482582092
single_lora,qqp,n/a,15,up_proj,25,0.9999863505363464
single_lora,qqp,n/a,15,up_proj,26,0.9999752640724182
single_lora,qqp,n/a,15,up_proj,27,0.999984085559845
single_lora,qqp,n/a,15,up_proj,28,0.9999954700469971
single_lora,qqp,n/a,15,up_proj,29,0.9999961256980896
single_lora,qqp,n/a,15,up_proj,30,0.9999933242797852
single_lora,qqp,n/a,15,up_proj,31,0.9999904036521912
single_lora,qqp,n/a,15,up_proj,32,0.9999847412109375
single_lora,qqp,n/a,15,up_proj,33,0.9999901056289673
single_lora,qqp,n/a,15,up_proj,34,0.9999918937683105
single_lora,qqp,n/a,15,up_proj,35,0.9999861717224121
single_lora,qqp,n/a,15,up_proj,36,0.9999572038650513
single_lora,qqp,n/a,15,up_proj,37,0.9999471306800842
single_lora,qqp,n/a,15,up_proj,38,0.99991375207901
single_lora,qqp,n/a,15,up_proj,39,0.9997929930686951
single_lora,qqp,n/a,15,up_proj,40,0.9997718930244446
single_lora,qqp,n/a,15,up_proj,41,0.9999162554740906
single_lora,qqp,n/a,15,up_proj,42,0.9999163150787354
single_lora,qqp,n/a,15,up_proj,43,0.9999455809593201
single_lora,qqp,n/a,15,up_proj,44,0.999966025352478
single_lora,qqp,n/a,15,up_proj,45,0.9999445676803589
single_lora,qqp,n/a,15,up_proj,46,0.999971866607666
single_lora,qqp,n/a,15,up_proj,47,0.9999157190322876
single_lora,qqp,n/a,15,up_proj,48,0.9999054670333862
single_lora,qqp,n/a,15,up_proj,49,0.9999889135360718
single_lora,qqp,n/a,15,up_proj,50,0.9999794960021973
single_lora,qqp,n/a,15,down_proj,1,0.9999997615814209
single_lora,qqp,n/a,15,down_proj,2,0.9999998807907104
single_lora,qqp,n/a,15,down_proj,3,0.9999998211860657
single_lora,qqp,n/a,15,down_proj,4,0.9999986886978149
single_lora,qqp,n/a,15,down_proj,5,0.9999994039535522
single_lora,qqp,n/a,15,down_proj,6,0.9999986290931702
single_lora,qqp,n/a,15,down_proj,7,0.999997615814209
single_lora,qqp,n/a,15,down_proj,8,0.999998927116394
single_lora,qqp,n/a,15,down_proj,9,0.9999940991401672
single_lora,qqp,n/a,15,down_proj,10,0.9999939799308777
single_lora,qqp,n/a,15,down_proj,11,0.9999960064888
single_lora,qqp,n/a,15,down_proj,12,0.9999898672103882
single_lora,qqp,n/a,15,down_proj,13,0.9999828934669495
single_lora,qqp,n/a,15,down_proj,14,0.9999813437461853
single_lora,qqp,n/a,15,down_proj,15,0.9999927878379822
single_lora,qqp,n/a,15,down_proj,16,0.9999893307685852
single_lora,qqp,n/a,15,down_proj,17,0.9999840259552002
single_lora,qqp,n/a,15,down_proj,18,0.9999697208404541
single_lora,qqp,n/a,15,down_proj,19,0.9999693036079407
single_lora,qqp,n/a,15,down_proj,20,0.9999866485595703
single_lora,qqp,n/a,15,down_proj,21,0.9999844431877136
single_lora,qqp,n/a,15,down_proj,22,0.9999895095825195
single_lora,qqp,n/a,15,down_proj,23,0.9999852776527405
single_lora,qqp,n/a,15,down_proj,24,0.9999754428863525
single_lora,qqp,n/a,15,down_proj,25,0.9999814033508301
single_lora,qqp,n/a,15,down_proj,26,0.9999838471412659
single_lora,qqp,n/a,15,down_proj,27,0.9999850392341614
single_lora,qqp,n/a,15,down_proj,28,0.9999848008155823
single_lora,qqp,n/a,15,down_proj,29,0.9999880194664001
single_lora,qqp,n/a,15,down_proj,30,0.9999960660934448
single_lora,qqp,n/a,15,down_proj,31,0.999972403049469
single_lora,qqp,n/a,15,down_proj,32,0.9998668432235718
single_lora,qqp,n/a,15,down_proj,33,0.9998733997344971
single_lora,qqp,n/a,15,down_proj,34,0.9999662041664124
single_lora,qqp,n/a,15,down_proj,35,0.9999388456344604
single_lora,qqp,n/a,15,down_proj,36,0.9999834299087524
single_lora,qqp,n/a,15,down_proj,37,0.9999369978904724
single_lora,qqp,n/a,15,down_proj,38,0.9999513030052185
single_lora,qqp,n/a,15,down_proj,39,0.9997893571853638
single_lora,qqp,n/a,15,down_proj,40,0.9998827576637268
single_lora,qqp,n/a,15,down_proj,41,0.9999120831489563
single_lora,qqp,n/a,15,down_proj,42,0.999940037727356
single_lora,qqp,n/a,15,down_proj,43,0.999914288520813
single_lora,qqp,n/a,15,down_proj,44,0.9999496936798096
single_lora,qqp,n/a,15,down_proj,45,0.999979555606842
single_lora,qqp,n/a,15,down_proj,46,0.9999915361404419
single_lora,qqp,n/a,15,down_proj,47,0.9999443292617798
single_lora,qqp,n/a,15,down_proj,48,0.9999290108680725
single_lora,qqp,n/a,15,down_proj,49,0.9999375343322754
single_lora,qqp,n/a,15,down_proj,50,0.99994295835495
single_lora,siqa,n/a,0,q_proj,1,0.999999463558197
single_lora,siqa,n/a,0,q_proj,2,1.000001311302185
single_lora,siqa,n/a,0,q_proj,3,0.9999998807907104
single_lora,siqa,n/a,0,q_proj,4,0.9999995231628418
single_lora,siqa,n/a,0,q_proj,5,0.9999993443489075
single_lora,siqa,n/a,0,q_proj,6,0.999998927116394
single_lora,siqa,n/a,0,q_proj,7,0.9999983310699463
single_lora,siqa,n/a,0,q_proj,8,0.9999984502792358
single_lora,siqa,n/a,0,q_proj,9,1.0000001192092896
single_lora,siqa,n/a,0,q_proj,10,0.9999994039535522
single_lora,siqa,n/a,0,q_proj,11,0.9999995231628418
single_lora,siqa,n/a,0,q_proj,12,0.9999996423721313
single_lora,siqa,n/a,0,q_proj,13,0.9999992847442627
single_lora,siqa,n/a,0,q_proj,14,0.9999980330467224
single_lora,siqa,n/a,0,q_proj,15,0.9999359250068665
single_lora,siqa,n/a,0,q_proj,16,0.9999344944953918
single_lora,siqa,n/a,0,q_proj,17,0.9999971985816956
single_lora,siqa,n/a,0,q_proj,18,0.9999993443489075
single_lora,siqa,n/a,0,q_proj,19,0.9999987483024597
single_lora,siqa,n/a,0,q_proj,20,0.999998152256012
single_lora,siqa,n/a,0,q_proj,21,0.9999880790710449
single_lora,siqa,n/a,0,q_proj,22,0.9999879598617554
single_lora,siqa,n/a,0,q_proj,23,0.9999961256980896
single_lora,siqa,n/a,0,q_proj,24,0.9999979138374329
single_lora,siqa,n/a,0,q_proj,25,0.9999969601631165
single_lora,siqa,n/a,0,q_proj,26,0.999998927116394
single_lora,siqa,n/a,0,q_proj,27,0.9998934268951416
single_lora,siqa,n/a,0,q_proj,28,0.9998902678489685
single_lora,siqa,n/a,0,q_proj,29,0.9999960064888
single_lora,siqa,n/a,0,q_proj,30,0.9999805092811584
single_lora,siqa,n/a,0,q_proj,31,0.9999796152114868
single_lora,siqa,n/a,0,q_proj,32,0.9999964237213135
single_lora,siqa,n/a,0,q_proj,33,0.9999958276748657
single_lora,siqa,n/a,0,q_proj,34,0.9999924898147583
single_lora,siqa,n/a,0,q_proj,35,0.9999879002571106
single_lora,siqa,n/a,0,q_proj,36,0.999987781047821
single_lora,siqa,n/a,0,q_proj,37,0.9999812841415405
single_lora,siqa,n/a,0,q_proj,38,0.9999966621398926
single_lora,siqa,n/a,0,q_proj,39,0.999993085861206
single_lora,siqa,n/a,0,q_proj,40,0.9999951720237732
single_lora,siqa,n/a,0,q_proj,41,0.9999865889549255
single_lora,siqa,n/a,0,q_proj,42,0.9997122883796692
single_lora,siqa,n/a,0,q_proj,43,0.9996989369392395
single_lora,siqa,n/a,0,q_proj,44,0.9999778866767883
single_lora,siqa,n/a,0,q_proj,45,0.999968945980072
single_lora,siqa,n/a,0,q_proj,46,0.9999668002128601
single_lora,siqa,n/a,0,q_proj,47,0.9999764561653137
single_lora,siqa,n/a,0,q_proj,48,0.9999864101409912
single_lora,siqa,n/a,0,q_proj,49,0.9999898076057434
single_lora,siqa,n/a,0,q_proj,50,0.9999899864196777
single_lora,siqa,n/a,0,v_proj,1,0.9999894499778748
single_lora,siqa,n/a,0,v_proj,2,0.9999849796295166
single_lora,siqa,n/a,0,v_proj,3,0.9999698400497437
single_lora,siqa,n/a,0,v_proj,4,0.9999191761016846
single_lora,siqa,n/a,0,v_proj,5,0.9999440908432007
single_lora,siqa,n/a,0,v_proj,6,0.999701738357544
single_lora,siqa,n/a,0,v_proj,7,0.999680757522583
single_lora,siqa,n/a,0,v_proj,8,0.9984970092773438
single_lora,siqa,n/a,0,v_proj,9,0.9986945390701294
single_lora,siqa,n/a,0,v_proj,10,0.9996108412742615
single_lora,siqa,n/a,0,v_proj,11,0.999842643737793
single_lora,siqa,n/a,0,v_proj,12,0.9998626708984375
single_lora,siqa,n/a,0,v_proj,13,0.9995821118354797
single_lora,siqa,n/a,0,v_proj,14,0.9995669722557068
single_lora,siqa,n/a,0,v_proj,15,0.999913215637207
single_lora,siqa,n/a,0,v_proj,16,0.9999387264251709
single_lora,siqa,n/a,0,v_proj,17,0.9998239874839783
single_lora,siqa,n/a,0,v_proj,18,0.9996395111083984
single_lora,siqa,n/a,0,v_proj,19,0.9998199939727783
single_lora,siqa,n/a,0,v_proj,20,0.9998172521591187
single_lora,siqa,n/a,0,v_proj,21,0.9995404481887817
single_lora,siqa,n/a,0,v_proj,22,0.9989640116691589
single_lora,siqa,n/a,0,v_proj,23,0.9982683658599854
single_lora,siqa,n/a,0,v_proj,24,0.9982112646102905
single_lora,siqa,n/a,0,v_proj,25,0.9997208118438721
single_lora,siqa,n/a,0,v_proj,26,0.9987913370132446
single_lora,siqa,n/a,0,v_proj,27,0.9994781017303467
single_lora,siqa,n/a,0,v_proj,28,0.9991825819015503
single_lora,siqa,n/a,0,v_proj,29,0.9992230534553528
single_lora,siqa,n/a,0,v_proj,30,0.998676598072052
single_lora,siqa,n/a,0,v_proj,31,0.9839159250259399
single_lora,siqa,n/a,0,v_proj,32,0.9843888878822327
single_lora,siqa,n/a,0,v_proj,33,0.998879075050354
single_lora,siqa,n/a,0,v_proj,34,0.9956978559494019
single_lora,siqa,n/a,0,v_proj,35,0.9944146871566772
single_lora,siqa,n/a,0,v_proj,36,0.9969961643218994
single_lora,siqa,n/a,0,v_proj,37,0.9990389943122864
single_lora,siqa,n/a,0,v_proj,38,0.9986945390701294
single_lora,siqa,n/a,0,v_proj,39,0.998541533946991
single_lora,siqa,n/a,0,v_proj,40,0.9962952136993408
single_lora,siqa,n/a,0,v_proj,41,0.9966135025024414
single_lora,siqa,n/a,0,v_proj,42,0.9971141219139099
single_lora,siqa,n/a,0,v_proj,43,0.9968189597129822
single_lora,siqa,n/a,0,v_proj,44,0.9869204759597778
single_lora,siqa,n/a,0,v_proj,45,0.9871952533721924
single_lora,siqa,n/a,0,v_proj,46,0.9349009990692139
single_lora,siqa,n/a,0,v_proj,47,0.9384365081787109
single_lora,siqa,n/a,0,v_proj,48,0.9943493008613586
single_lora,siqa,n/a,0,v_proj,49,0.9822624921798706
single_lora,siqa,n/a,0,v_proj,50,0.9892363548278809
single_lora,siqa,n/a,0,up_proj,1,0.9999961853027344
single_lora,siqa,n/a,0,up_proj,2,0.9999962449073792
single_lora,siqa,n/a,0,up_proj,3,0.9999927282333374
single_lora,siqa,n/a,0,up_proj,4,0.9999909996986389
single_lora,siqa,n/a,0,up_proj,5,0.9999921321868896
single_lora,siqa,n/a,0,up_proj,6,0.9999157190322876
single_lora,siqa,n/a,0,up_proj,7,0.999911904335022
single_lora,siqa,n/a,0,up_proj,8,0.9999861717224121
single_lora,siqa,n/a,0,up_proj,9,0.9999651908874512
single_lora,siqa,n/a,0,up_proj,10,0.9999523758888245
single_lora,siqa,n/a,0,up_proj,11,0.9994096159934998
single_lora,siqa,n/a,0,up_proj,12,0.9994434118270874
single_lora,siqa,n/a,0,up_proj,13,0.9998976588249207
single_lora,siqa,n/a,0,up_proj,14,0.999954342842102
single_lora,siqa,n/a,0,up_proj,15,0.9999035596847534
single_lora,siqa,n/a,0,up_proj,16,0.9999462366104126
single_lora,siqa,n/a,0,up_proj,17,0.9997288584709167
single_lora,siqa,n/a,0,up_proj,18,0.9997615218162537
single_lora,siqa,n/a,0,up_proj,19,0.9999683499336243
single_lora,siqa,n/a,0,up_proj,20,0.9999548196792603
single_lora,siqa,n/a,0,up_proj,21,0.9999837279319763
single_lora,siqa,n/a,0,up_proj,22,0.9999721050262451
single_lora,siqa,n/a,0,up_proj,23,0.9999597668647766
single_lora,siqa,n/a,0,up_proj,24,0.9999633431434631
single_lora,siqa,n/a,0,up_proj,25,0.9999778270721436
single_lora,siqa,n/a,0,up_proj,26,0.9992814064025879
single_lora,siqa,n/a,0,up_proj,27,0.9991334676742554
single_lora,siqa,n/a,0,up_proj,28,0.9997992515563965
single_lora,siqa,n/a,0,up_proj,29,0.9999555349349976
single_lora,siqa,n/a,0,up_proj,30,0.999977171421051
single_lora,siqa,n/a,0,up_proj,31,0.9999732971191406
single_lora,siqa,n/a,0,up_proj,32,0.9999271035194397
single_lora,siqa,n/a,0,up_proj,33,0.9999369382858276
single_lora,siqa,n/a,0,up_proj,34,0.9999580383300781
single_lora,siqa,n/a,0,up_proj,35,0.99998539686203
single_lora,siqa,n/a,0,up_proj,36,0.9999587535858154
single_lora,siqa,n/a,0,up_proj,37,0.9995090365409851
single_lora,siqa,n/a,0,up_proj,38,0.9995117783546448
single_lora,siqa,n/a,0,up_proj,39,0.9999470114707947
single_lora,siqa,n/a,0,up_proj,40,0.9999544620513916
single_lora,siqa,n/a,0,up_proj,41,0.9998897314071655
single_lora,siqa,n/a,0,up_proj,42,0.9998077750205994
single_lora,siqa,n/a,0,up_proj,43,0.9997814893722534
single_lora,siqa,n/a,0,up_proj,44,0.9998740553855896
single_lora,siqa,n/a,0,up_proj,45,0.9997776746749878
single_lora,siqa,n/a,0,up_proj,46,0.9998996257781982
single_lora,siqa,n/a,0,up_proj,47,0.9999303817749023
single_lora,siqa,n/a,0,up_proj,48,0.9990424513816833
single_lora,siqa,n/a,0,up_proj,49,0.9998530745506287
single_lora,siqa,n/a,0,up_proj,50,0.9988807439804077
single_lora,siqa,n/a,0,down_proj,1,0.9999996423721313
single_lora,siqa,n/a,0,down_proj,2,0.9999985098838806
single_lora,siqa,n/a,0,down_proj,3,0.9999993443489075
single_lora,siqa,n/a,0,down_proj,4,0.9999989867210388
single_lora,siqa,n/a,0,down_proj,5,0.9999974370002747
single_lora,siqa,n/a,0,down_proj,6,0.9999979138374329
single_lora,siqa,n/a,0,down_proj,7,0.9999939799308777
single_lora,siqa,n/a,0,down_proj,8,0.9999985694885254
single_lora,siqa,n/a,0,down_proj,9,0.9999744892120361
single_lora,siqa,n/a,0,down_proj,10,0.9999629855155945
single_lora,siqa,n/a,0,down_proj,11,0.9999746680259705
single_lora,siqa,n/a,0,down_proj,12,0.9998834133148193
single_lora,siqa,n/a,0,down_proj,13,0.9998997449874878
single_lora,siqa,n/a,0,down_proj,14,0.9999915361404419
single_lora,siqa,n/a,0,down_proj,15,0.9999628067016602
single_lora,siqa,n/a,0,down_proj,16,0.9999908804893494
single_lora,siqa,n/a,0,down_proj,17,0.9999074339866638
single_lora,siqa,n/a,0,down_proj,18,0.9999142289161682
single_lora,siqa,n/a,0,down_proj,19,0.9999880790710449
single_lora,siqa,n/a,0,down_proj,20,0.9787803292274475
single_lora,siqa,n/a,0,down_proj,21,0.9787580370903015
single_lora,siqa,n/a,0,down_proj,22,0.9997298121452332
single_lora,siqa,n/a,0,down_proj,23,0.999732494354248
single_lora,siqa,n/a,0,down_proj,24,0.9999841451644897
single_lora,siqa,n/a,0,down_proj,25,0.999867856502533
single_lora,siqa,n/a,0,down_proj,26,0.9998623132705688
single_lora,siqa,n/a,0,down_proj,27,0.9998683929443359
single_lora,siqa,n/a,0,down_proj,28,0.9999735355377197
single_lora,siqa,n/a,0,down_proj,29,0.9997894763946533
single_lora,siqa,n/a,0,down_proj,30,0.9999447464942932
single_lora,siqa,n/a,0,down_proj,31,0.9999570846557617
single_lora,siqa,n/a,0,down_proj,32,0.9999325275421143
single_lora,siqa,n/a,0,down_proj,33,0.9999486207962036
single_lora,siqa,n/a,0,down_proj,34,0.9998523592948914
single_lora,siqa,n/a,0,down_proj,35,0.9999000430107117
single_lora,siqa,n/a,0,down_proj,36,0.9998900294303894
single_lora,siqa,n/a,0,down_proj,37,0.9998304843902588
single_lora,siqa,n/a,0,down_proj,38,0.9996864795684814
single_lora,siqa,n/a,0,down_proj,39,0.9997327327728271
single_lora,siqa,n/a,0,down_proj,40,0.9992623925209045
single_lora,siqa,n/a,0,down_proj,41,0.999390184879303
single_lora,siqa,n/a,0,down_proj,42,0.9995716214179993
single_lora,siqa,n/a,0,down_proj,43,0.9995797276496887
single_lora,siqa,n/a,0,down_proj,44,0.9999650716781616
single_lora,siqa,n/a,0,down_proj,45,0.9999321699142456
single_lora,siqa,n/a,0,down_proj,46,0.9996335506439209
single_lora,siqa,n/a,0,down_proj,47,0.9995914697647095
single_lora,siqa,n/a,0,down_proj,48,0.9999068975448608
single_lora,siqa,n/a,0,down_proj,49,0.9998131990432739
single_lora,siqa,n/a,0,down_proj,50,0.9968867301940918
single_lora,siqa,n/a,8,q_proj,1,0.9999968409538269
single_lora,siqa,n/a,8,q_proj,2,0.9999983310699463
single_lora,siqa,n/a,8,q_proj,3,0.9999986290931702
single_lora,siqa,n/a,8,q_proj,4,0.9999991655349731
single_lora,siqa,n/a,8,q_proj,5,0.9999995231628418
single_lora,siqa,n/a,8,q_proj,6,0.9999982714653015
single_lora,siqa,n/a,8,q_proj,7,0.9999964833259583
single_lora,siqa,n/a,8,q_proj,8,0.9999914169311523
single_lora,siqa,n/a,8,q_proj,9,0.9999961853027344
single_lora,siqa,n/a,8,q_proj,10,0.9999897480010986
single_lora,siqa,n/a,8,q_proj,11,0.9999926090240479
single_lora,siqa,n/a,8,q_proj,12,0.9999985694885254
single_lora,siqa,n/a,8,q_proj,13,0.999997079372406
single_lora,siqa,n/a,8,q_proj,14,0.9999973773956299
single_lora,siqa,n/a,8,q_proj,15,0.9999934434890747
single_lora,siqa,n/a,8,q_proj,16,0.9999946355819702
single_lora,siqa,n/a,8,q_proj,17,0.999994158744812
single_lora,siqa,n/a,8,q_proj,18,0.9999868273735046
single_lora,siqa,n/a,8,q_proj,19,0.9999862313270569
single_lora,siqa,n/a,8,q_proj,20,0.9999961256980896
single_lora,siqa,n/a,8,q_proj,21,0.9999940395355225
single_lora,siqa,n/a,8,q_proj,22,0.9999825954437256
single_lora,siqa,n/a,8,q_proj,23,0.9999892711639404
single_lora,siqa,n/a,8,q_proj,24,0.9999593496322632
single_lora,siqa,n/a,8,q_proj,25,0.9999780058860779
single_lora,siqa,n/a,8,q_proj,26,0.9999977350234985
single_lora,siqa,n/a,8,q_proj,27,0.9999933242797852
single_lora,siqa,n/a,8,q_proj,28,0.9999664425849915
single_lora,siqa,n/a,8,q_proj,29,0.9999606609344482
single_lora,siqa,n/a,8,q_proj,30,0.9999951124191284
single_lora,siqa,n/a,8,q_proj,31,0.9999223947525024
single_lora,siqa,n/a,8,q_proj,32,0.9998676180839539
single_lora,siqa,n/a,8,q_proj,33,0.9999406337738037
single_lora,siqa,n/a,8,q_proj,34,0.9999927282333374
single_lora,siqa,n/a,8,q_proj,35,0.9999934434890747
single_lora,siqa,n/a,8,q_proj,36,0.9999872446060181
single_lora,siqa,n/a,8,q_proj,37,0.9999807476997375
single_lora,siqa,n/a,8,q_proj,38,0.9999870657920837
single_lora,siqa,n/a,8,q_proj,39,0.999987781047821
single_lora,siqa,n/a,8,q_proj,40,0.9999774098396301
single_lora,siqa,n/a,8,q_proj,41,0.9999687075614929
single_lora,siqa,n/a,8,q_proj,42,0.9999515414237976
single_lora,siqa,n/a,8,q_proj,43,0.999981701374054
single_lora,siqa,n/a,8,q_proj,44,0.9996825456619263
single_lora,siqa,n/a,8,q_proj,45,0.9996867775917053
single_lora,siqa,n/a,8,q_proj,46,0.9999909996986389
single_lora,siqa,n/a,8,q_proj,47,0.9999383091926575
single_lora,siqa,n/a,8,q_proj,48,0.9999788999557495
single_lora,siqa,n/a,8,q_proj,49,0.9999685883522034
single_lora,siqa,n/a,8,q_proj,50,0.9999829530715942
single_lora,siqa,n/a,8,v_proj,1,0.999436616897583
single_lora,siqa,n/a,8,v_proj,2,0.9995002746582031
single_lora,siqa,n/a,8,v_proj,3,0.999630331993103
single_lora,siqa,n/a,8,v_proj,4,0.9986739158630371
single_lora,siqa,n/a,8,v_proj,5,0.9977383017539978
single_lora,siqa,n/a,8,v_proj,6,0.9981886148452759
single_lora,siqa,n/a,8,v_proj,7,0.9991343021392822
single_lora,siqa,n/a,8,v_proj,8,0.9979636073112488
single_lora,siqa,n/a,8,v_proj,9,0.9980451464653015
single_lora,siqa,n/a,8,v_proj,10,0.998562753200531
single_lora,siqa,n/a,8,v_proj,11,0.9988673329353333
single_lora,siqa,n/a,8,v_proj,12,0.9996344447135925
single_lora,siqa,n/a,8,v_proj,13,0.9995481371879578
single_lora,siqa,n/a,8,v_proj,14,0.9994142055511475
single_lora,siqa,n/a,8,v_proj,15,0.9992774724960327
single_lora,siqa,n/a,8,v_proj,16,0.9989385008811951
single_lora,siqa,n/a,8,v_proj,17,0.9986060261726379
single_lora,siqa,n/a,8,v_proj,18,0.9995970129966736
single_lora,siqa,n/a,8,v_proj,19,0.9985681772232056
single_lora,siqa,n/a,8,v_proj,20,0.9987366199493408
single_lora,siqa,n/a,8,v_proj,21,0.9983634948730469
single_lora,siqa,n/a,8,v_proj,22,0.9986591935157776
single_lora,siqa,n/a,8,v_proj,23,0.9991527795791626
single_lora,siqa,n/a,8,v_proj,24,0.9992637634277344
single_lora,siqa,n/a,8,v_proj,25,0.9992876052856445
single_lora,siqa,n/a,8,v_proj,26,0.9964866638183594
single_lora,siqa,n/a,8,v_proj,27,0.9911841750144958
single_lora,siqa,n/a,8,v_proj,28,0.9871139526367188
single_lora,siqa,n/a,8,v_proj,29,0.9945483207702637
single_lora,siqa,n/a,8,v_proj,30,0.9939684867858887
single_lora,siqa,n/a,8,v_proj,31,0.9965168833732605
single_lora,siqa,n/a,8,v_proj,32,0.9970364570617676
single_lora,siqa,n/a,8,v_proj,33,0.9994425177574158
single_lora,siqa,n/a,8,v_proj,34,0.9985039830207825
single_lora,siqa,n/a,8,v_proj,35,0.9986214637756348
single_lora,siqa,n/a,8,v_proj,36,0.9980053305625916
single_lora,siqa,n/a,8,v_proj,37,0.9977446794509888
single_lora,siqa,n/a,8,v_proj,38,0.9964396357536316
single_lora,siqa,n/a,8,v_proj,39,0.9965877532958984
single_lora,siqa,n/a,8,v_proj,40,0.9987024068832397
single_lora,siqa,n/a,8,v_proj,41,0.9988499879837036
single_lora,siqa,n/a,8,v_proj,42,0.9990601539611816
single_lora,siqa,n/a,8,v_proj,43,0.9982079267501831
single_lora,siqa,n/a,8,v_proj,44,0.9979676008224487
single_lora,siqa,n/a,8,v_proj,45,0.9983140826225281
single_lora,siqa,n/a,8,v_proj,46,0.9957255125045776
single_lora,siqa,n/a,8,v_proj,47,0.9939892292022705
single_lora,siqa,n/a,8,v_proj,48,0.9947393536567688
single_lora,siqa,n/a,8,v_proj,49,0.7884683609008789
single_lora,siqa,n/a,8,v_proj,50,0.7929668426513672
single_lora,siqa,n/a,8,up_proj,1,0.9999961256980896
single_lora,siqa,n/a,8,up_proj,2,0.9999920725822449
single_lora,siqa,n/a,8,up_proj,3,0.9999873638153076
single_lora,siqa,n/a,8,up_proj,4,0.9999921917915344
single_lora,siqa,n/a,8,up_proj,5,0.9999780058860779
single_lora,siqa,n/a,8,up_proj,6,0.9999794960021973
single_lora,siqa,n/a,8,up_proj,7,0.9999826550483704
single_lora,siqa,n/a,8,up_proj,8,0.9999867081642151
single_lora,siqa,n/a,8,up_proj,9,0.9999731183052063
single_lora,siqa,n/a,8,up_proj,10,0.9999630451202393
single_lora,siqa,n/a,8,up_proj,11,0.9999799132347107
single_lora,siqa,n/a,8,up_proj,12,0.9999328851699829
single_lora,siqa,n/a,8,up_proj,13,0.8076915144920349
single_lora,siqa,n/a,8,up_proj,14,0.8077672719955444
single_lora,siqa,n/a,8,up_proj,15,0.9998629689216614
single_lora,siqa,n/a,8,up_proj,16,0.9999731779098511
single_lora,siqa,n/a,8,up_proj,17,0.999952495098114
single_lora,siqa,n/a,8,up_proj,18,0.9999269843101501
single_lora,siqa,n/a,8,up_proj,19,0.999943196773529
single_lora,siqa,n/a,8,up_proj,20,0.9998782873153687
single_lora,siqa,n/a,8,up_proj,21,0.9998945593833923
single_lora,siqa,n/a,8,up_proj,22,0.9999219179153442
single_lora,siqa,n/a,8,up_proj,23,0.9984635710716248
single_lora,siqa,n/a,8,up_proj,24,0.9984102249145508
single_lora,siqa,n/a,8,up_proj,25,0.9996997714042664
single_lora,siqa,n/a,8,up_proj,26,0.9996587634086609
single_lora,siqa,n/a,8,up_proj,27,0.9998282790184021
single_lora,siqa,n/a,8,up_proj,28,0.999842643737793
single_lora,siqa,n/a,8,up_proj,29,0.999427318572998
single_lora,siqa,n/a,8,up_proj,30,0.9994058012962341
single_lora,siqa,n/a,8,up_proj,31,0.9993039965629578
single_lora,siqa,n/a,8,up_proj,32,0.9997277855873108
single_lora,siqa,n/a,8,up_proj,33,0.9993035793304443
single_lora,siqa,n/a,8,up_proj,34,0.9994460940361023
single_lora,siqa,n/a,8,up_proj,35,0.9995431900024414
single_lora,siqa,n/a,8,up_proj,36,0.9996769428253174
single_lora,siqa,n/a,8,up_proj,37,0.9996881484985352
single_lora,siqa,n/a,8,up_proj,38,0.9995309114456177
single_lora,siqa,n/a,8,up_proj,39,0.9943361282348633
single_lora,siqa,n/a,8,up_proj,40,0.994938313961029
single_lora,siqa,n/a,8,up_proj,41,0.9985393285751343
single_lora,siqa,n/a,8,up_proj,42,0.9981516599655151
single_lora,siqa,n/a,8,up_proj,43,0.996590793132782
single_lora,siqa,n/a,8,up_proj,44,0.9983214139938354
single_lora,siqa,n/a,8,up_proj,45,0.999126136302948
single_lora,siqa,n/a,8,up_proj,46,0.9993645548820496
single_lora,siqa,n/a,8,up_proj,47,0.9997248649597168
single_lora,siqa,n/a,8,up_proj,48,0.9996778964996338
single_lora,siqa,n/a,8,up_proj,49,0.9998617768287659
single_lora,siqa,n/a,8,up_proj,50,0.9995250105857849
single_lora,siqa,n/a,8,down_proj,1,0.9999998807907104
single_lora,siqa,n/a,8,down_proj,2,0.9999994039535522
single_lora,siqa,n/a,8,down_proj,3,1.000000238418579
single_lora,siqa,n/a,8,down_proj,4,0.9999998211860657
single_lora,siqa,n/a,8,down_proj,5,0.9999915957450867
single_lora,siqa,n/a,8,down_proj,6,0.9999926090240479
single_lora,siqa,n/a,8,down_proj,7,0.9999978542327881
single_lora,siqa,n/a,8,down_proj,8,0.9999995231628418
single_lora,siqa,n/a,8,down_proj,9,0.9999990463256836
single_lora,siqa,n/a,8,down_proj,10,0.999995768070221
single_lora,siqa,n/a,8,down_proj,11,0.9999979138374329
single_lora,siqa,n/a,8,down_proj,12,0.9999939203262329
single_lora,siqa,n/a,8,down_proj,13,0.999996542930603
single_lora,siqa,n/a,8,down_proj,14,0.9999973177909851
single_lora,siqa,n/a,8,down_proj,15,0.9999980330467224
single_lora,siqa,n/a,8,down_proj,16,0.9999946355819702
single_lora,siqa,n/a,8,down_proj,17,0.9999973177909851
single_lora,siqa,n/a,8,down_proj,18,0.999985933303833
single_lora,siqa,n/a,8,down_proj,19,0.9996539950370789
single_lora,siqa,n/a,8,down_proj,20,0.9996541142463684
single_lora,siqa,n/a,8,down_proj,21,0.9999859929084778
single_lora,siqa,n/a,8,down_proj,22,0.9999876022338867
single_lora,siqa,n/a,8,down_proj,23,0.9999710321426392
single_lora,siqa,n/a,8,down_proj,24,0.999981701374054
single_lora,siqa,n/a,8,down_proj,25,0.9999625086784363
single_lora,siqa,n/a,8,down_proj,26,0.9999869465827942
single_lora,siqa,n/a,8,down_proj,27,0.9999662637710571
single_lora,siqa,n/a,8,down_proj,28,0.9999909400939941
single_lora,siqa,n/a,8,down_proj,29,0.9999893307685852
single_lora,siqa,n/a,8,down_proj,30,0.9999499320983887
single_lora,siqa,n/a,8,down_proj,31,0.9999602437019348
single_lora,siqa,n/a,8,down_proj,32,0.9999815821647644
single_lora,siqa,n/a,8,down_proj,33,0.9999342560768127
single_lora,siqa,n/a,8,down_proj,34,0.9999750256538391
single_lora,siqa,n/a,8,down_proj,35,0.999917209148407
single_lora,siqa,n/a,8,down_proj,36,0.999970555305481
single_lora,siqa,n/a,8,down_proj,37,0.9999580383300781
single_lora,siqa,n/a,8,down_proj,38,0.999752938747406
single_lora,siqa,n/a,8,down_proj,39,0.9996067881584167
single_lora,siqa,n/a,8,down_proj,40,0.9997954964637756
single_lora,siqa,n/a,8,down_proj,41,0.9998824596405029
single_lora,siqa,n/a,8,down_proj,42,0.9998420476913452
single_lora,siqa,n/a,8,down_proj,43,0.9999238848686218
single_lora,siqa,n/a,8,down_proj,44,0.9999840259552002
single_lora,siqa,n/a,8,down_proj,45,0.9999648928642273
single_lora,siqa,n/a,8,down_proj,46,0.9999369382858276
single_lora,siqa,n/a,8,down_proj,47,0.9999390840530396
single_lora,siqa,n/a,8,down_proj,48,0.9999069571495056
single_lora,siqa,n/a,8,down_proj,49,0.9999501705169678
single_lora,siqa,n/a,8,down_proj,50,0.9999278783798218
single_lora,siqa,n/a,15,q_proj,1,1.0
single_lora,siqa,n/a,15,q_proj,2,0.9999997615814209
single_lora,siqa,n/a,15,q_proj,3,0.9999978542327881
single_lora,siqa,n/a,15,q_proj,4,0.9999918937683105
single_lora,siqa,n/a,15,q_proj,5,0.9999898076057434
single_lora,siqa,n/a,15,q_proj,6,0.9999967813491821
single_lora,siqa,n/a,15,q_proj,7,0.9999948740005493
single_lora,siqa,n/a,15,q_proj,8,0.9999954700469971
single_lora,siqa,n/a,15,q_proj,9,0.9999899864196777
single_lora,siqa,n/a,15,q_proj,10,0.9999917149543762
single_lora,siqa,n/a,15,q_proj,11,0.9999940991401672
single_lora,siqa,n/a,15,q_proj,12,0.9999958872795105
single_lora,siqa,n/a,15,q_proj,13,0.9999974966049194
single_lora,siqa,n/a,15,q_proj,14,0.999997615814209
single_lora,siqa,n/a,15,q_proj,15,0.9999958872795105
single_lora,siqa,n/a,15,q_proj,16,0.9999971389770508
single_lora,siqa,n/a,15,q_proj,17,0.9999932646751404
single_lora,siqa,n/a,15,q_proj,18,0.999979555606842
single_lora,siqa,n/a,15,q_proj,19,0.9999725222587585
single_lora,siqa,n/a,15,q_proj,20,0.9999707937240601
single_lora,siqa,n/a,15,q_proj,21,0.9999788403511047
single_lora,siqa,n/a,15,q_proj,22,0.9999676942825317
single_lora,siqa,n/a,15,q_proj,23,0.9999798536300659
single_lora,siqa,n/a,15,q_proj,24,0.9999991655349731
single_lora,siqa,n/a,15,q_proj,25,0.9999983906745911
single_lora,siqa,n/a,15,q_proj,26,0.9999984502792358
single_lora,siqa,n/a,15,q_proj,27,0.9999977350234985
single_lora,siqa,n/a,15,q_proj,28,0.9999982714653015
single_lora,siqa,n/a,15,q_proj,29,0.9999905228614807
single_lora,siqa,n/a,15,q_proj,30,0.9999954104423523
single_lora,siqa,n/a,15,q_proj,31,0.9999279975891113
single_lora,siqa,n/a,15,q_proj,32,0.9999354481697083
single_lora,siqa,n/a,15,q_proj,33,0.9999902248382568
single_lora,siqa,n/a,15,q_proj,34,0.9999949336051941
single_lora,siqa,n/a,15,q_proj,35,0.9999930262565613
single_lora,siqa,n/a,15,q_proj,36,0.9999892115592957
single_lora,siqa,n/a,15,q_proj,37,0.9999883770942688
single_lora,siqa,n/a,15,q_proj,38,0.9999895691871643
single_lora,siqa,n/a,15,q_proj,39,0.9999830722808838
single_lora,siqa,n/a,15,q_proj,40,0.999976396560669
single_lora,siqa,n/a,15,q_proj,41,0.9999226331710815
single_lora,siqa,n/a,15,q_proj,42,0.999947726726532
single_lora,siqa,n/a,15,q_proj,43,0.9999942183494568
single_lora,siqa,n/a,15,q_proj,44,0.9999874830245972
single_lora,siqa,n/a,15,q_proj,45,0.9999895095825195
single_lora,siqa,n/a,15,q_proj,46,0.9999949336051941
single_lora,siqa,n/a,15,q_proj,47,0.9999929070472717
single_lora,siqa,n/a,15,q_proj,48,0.9999905824661255
single_lora,siqa,n/a,15,q_proj,49,0.9999668598175049
single_lora,siqa,n/a,15,q_proj,50,0.9997943639755249
single_lora,siqa,n/a,15,v_proj,1,0.9999970197677612
single_lora,siqa,n/a,15,v_proj,2,0.9999860525131226
single_lora,siqa,n/a,15,v_proj,3,0.9999890327453613
single_lora,siqa,n/a,15,v_proj,4,0.9999961256980896
single_lora,siqa,n/a,15,v_proj,5,0.9999819993972778
single_lora,siqa,n/a,15,v_proj,6,0.9999796152114868
single_lora,siqa,n/a,15,v_proj,7,0.999997615814209
single_lora,siqa,n/a,15,v_proj,8,0.9999955296516418
single_lora,siqa,n/a,15,v_proj,9,0.9999830722808838
single_lora,siqa,n/a,15,v_proj,10,0.9999656677246094
single_lora,siqa,n/a,15,v_proj,11,0.9999790191650391
single_lora,siqa,n/a,15,v_proj,12,0.9999645948410034
single_lora,siqa,n/a,15,v_proj,13,0.9999752044677734
single_lora,siqa,n/a,15,v_proj,14,0.999947726726532
single_lora,siqa,n/a,15,v_proj,15,0.999946117401123
single_lora,siqa,n/a,15,v_proj,16,0.9998982548713684
single_lora,siqa,n/a,15,v_proj,17,0.9999874830245972
single_lora,siqa,n/a,15,v_proj,18,0.999968409538269
single_lora,siqa,n/a,15,v_proj,19,0.9999680519104004
single_lora,siqa,n/a,15,v_proj,20,0.999983549118042
single_lora,siqa,n/a,15,v_proj,21,0.9999724626541138
single_lora,siqa,n/a,15,v_proj,22,0.9998834133148193
single_lora,siqa,n/a,15,v_proj,23,0.9999121427536011
single_lora,siqa,n/a,15,v_proj,24,0.9999813437461853
single_lora,siqa,n/a,15,v_proj,25,0.9999305009841919
single_lora,siqa,n/a,15,v_proj,26,0.9999258518218994
single_lora,siqa,n/a,15,v_proj,27,0.9999207854270935
single_lora,siqa,n/a,15,v_proj,28,0.9999251365661621
single_lora,siqa,n/a,15,v_proj,29,0.9999798536300659
single_lora,siqa,n/a,15,v_proj,30,0.9999647736549377
single_lora,siqa,n/a,15,v_proj,31,0.9999293088912964
single_lora,siqa,n/a,15,v_proj,32,0.9999421834945679
single_lora,siqa,n/a,15,v_proj,33,0.9999803304672241
single_lora,siqa,n/a,15,v_proj,34,0.9999831318855286
single_lora,siqa,n/a,15,v_proj,35,0.9999837875366211
single_lora,siqa,n/a,15,v_proj,36,0.9999895095825195
single_lora,siqa,n/a,15,v_proj,37,0.999981164932251
single_lora,siqa,n/a,15,v_proj,38,0.9999792575836182
single_lora,siqa,n/a,15,v_proj,39,0.9999800324440002
single_lora,siqa,n/a,15,v_proj,40,0.9999590516090393
single_lora,siqa,n/a,15,v_proj,41,0.9998188018798828
single_lora,siqa,n/a,15,v_proj,42,0.9998178482055664
single_lora,siqa,n/a,15,v_proj,43,0.9999731779098511
single_lora,siqa,n/a,15,v_proj,44,0.9999628067016602
single_lora,siqa,n/a,15,v_proj,45,0.9999337196350098
single_lora,siqa,n/a,15,v_proj,46,0.999951958656311
single_lora,siqa,n/a,15,v_proj,47,0.9999879598617554
single_lora,siqa,n/a,15,v_proj,48,0.99998939037323
single_lora,siqa,n/a,15,v_proj,49,0.9999778270721436
single_lora,siqa,n/a,15,v_proj,50,0.9999679327011108
single_lora,siqa,n/a,15,up_proj,1,1.0000003576278687
single_lora,siqa,n/a,15,up_proj,2,1.0000011920928955
single_lora,siqa,n/a,15,up_proj,3,1.000000238418579
single_lora,siqa,n/a,15,up_proj,4,0.9999958872795105
single_lora,siqa,n/a,15,up_proj,5,0.9999968409538269
single_lora,siqa,n/a,15,up_proj,6,0.9999960064888
single_lora,siqa,n/a,15,up_proj,7,0.9999964237213135
single_lora,siqa,n/a,15,up_proj,8,0.9999954104423523
single_lora,siqa,n/a,15,up_proj,9,0.9999961256980896
single_lora,siqa,n/a,15,up_proj,10,0.9999962449073792
single_lora,siqa,n/a,15,up_proj,11,0.9999963045120239
single_lora,siqa,n/a,15,up_proj,12,0.9999971985816956
single_lora,siqa,n/a,15,up_proj,13,0.999983549118042
single_lora,siqa,n/a,15,up_proj,14,0.9999829530715942
single_lora,siqa,n/a,15,up_proj,15,0.9999862909317017
single_lora,siqa,n/a,15,up_proj,16,0.9999820590019226
single_lora,siqa,n/a,15,up_proj,17,0.9999964237213135
single_lora,siqa,n/a,15,up_proj,18,0.9999899864196777
single_lora,siqa,n/a,15,up_proj,19,0.9999955892562866
single_lora,siqa,n/a,15,up_proj,20,0.9999899864196777
single_lora,siqa,n/a,15,up_proj,21,0.9999963641166687
single_lora,siqa,n/a,15,up_proj,22,0.9999921321868896
single_lora,siqa,n/a,15,up_proj,23,0.9999894499778748
single_lora,siqa,n/a,15,up_proj,24,0.9999849796295166
single_lora,siqa,n/a,15,up_proj,25,0.9999871253967285
single_lora,siqa,n/a,15,up_proj,26,0.9999808073043823
single_lora,siqa,n/a,15,up_proj,27,0.9999847412109375
single_lora,siqa,n/a,15,up_proj,28,0.9999899864196777
single_lora,siqa,n/a,15,up_proj,29,0.9999885559082031
single_lora,siqa,n/a,15,up_proj,30,0.9999886751174927
single_lora,siqa,n/a,15,up_proj,31,0.9998892545700073
single_lora,siqa,n/a,15,up_proj,32,0.9998787641525269
single_lora,siqa,n/a,15,up_proj,33,0.9999768137931824
single_lora,siqa,n/a,15,up_proj,34,0.9999743103981018
single_lora,siqa,n/a,15,up_proj,35,0.9999715089797974
single_lora,siqa,n/a,15,up_proj,36,0.9999054670333862
single_lora,siqa,n/a,15,up_proj,37,0.999922513961792
single_lora,siqa,n/a,15,up_proj,38,0.9999218583106995
single_lora,siqa,n/a,15,up_proj,39,0.9993160367012024
single_lora,siqa,n/a,15,up_proj,40,0.9992707967758179
single_lora,siqa,n/a,15,up_proj,41,0.9999319314956665
single_lora,siqa,n/a,15,up_proj,42,0.9998981952667236
single_lora,siqa,n/a,15,up_proj,43,0.9999579191207886
single_lora,siqa,n/a,15,up_proj,44,0.9999749064445496
single_lora,siqa,n/a,15,up_proj,45,0.9999279975891113
single_lora,siqa,n/a,15,up_proj,46,0.9999194145202637
single_lora,siqa,n/a,15,up_proj,47,0.9999809265136719
single_lora,siqa,n/a,15,up_proj,48,0.9999699592590332
single_lora,siqa,n/a,15,up_proj,49,0.9999744892120361
single_lora,siqa,n/a,15,up_proj,50,0.999983012676239
single_lora,siqa,n/a,15,down_proj,1,1.0000004768371582
single_lora,siqa,n/a,15,down_proj,2,1.000000238418579
single_lora,siqa,n/a,15,down_proj,3,1.000000238418579
single_lora,siqa,n/a,15,down_proj,4,0.9999982714653015
single_lora,siqa,n/a,15,down_proj,5,0.9999993443489075
single_lora,siqa,n/a,15,down_proj,6,0.9999984502792358
single_lora,siqa,n/a,15,down_proj,7,0.9999945163726807
single_lora,siqa,n/a,15,down_proj,8,0.9999958872795105
single_lora,siqa,n/a,15,down_proj,9,0.9999901056289673
single_lora,siqa,n/a,15,down_proj,10,0.9999918937683105
single_lora,siqa,n/a,15,down_proj,11,0.9999873042106628
single_lora,siqa,n/a,15,down_proj,12,0.9999936819076538
single_lora,siqa,n/a,15,down_proj,13,0.9999903440475464
single_lora,siqa,n/a,15,down_proj,14,0.9999814033508301
single_lora,siqa,n/a,15,down_proj,15,0.9999901652336121
single_lora,siqa,n/a,15,down_proj,16,0.9999949336051941
single_lora,siqa,n/a,15,down_proj,17,0.9999909400939941
single_lora,siqa,n/a,15,down_proj,18,0.9999797940254211
single_lora,siqa,n/a,15,down_proj,19,0.9999810457229614
single_lora,siqa,n/a,15,down_proj,20,0.9999825954437256
single_lora,siqa,n/a,15,down_proj,21,0.9999829530715942
single_lora,siqa,n/a,15,down_proj,22,0.9999786019325256
single_lora,siqa,n/a,15,down_proj,23,0.9999889135360718
single_lora,siqa,n/a,15,down_proj,24,0.9999638199806213
single_lora,siqa,n/a,15,down_proj,25,0.9999798536300659
single_lora,siqa,n/a,15,down_proj,26,0.9999657273292542
single_lora,siqa,n/a,15,down_proj,27,0.999976396560669
single_lora,siqa,n/a,15,down_proj,28,0.9999550580978394
single_lora,siqa,n/a,15,down_proj,29,0.9999525547027588
single_lora,siqa,n/a,15,down_proj,30,0.999954104423523
single_lora,siqa,n/a,15,down_proj,31,0.9999443888664246
single_lora,siqa,n/a,15,down_proj,32,0.9999698996543884
single_lora,siqa,n/a,15,down_proj,33,0.9999656081199646
single_lora,siqa,n/a,15,down_proj,34,0.9999731183052063
single_lora,siqa,n/a,15,down_proj,35,0.9999431371688843
single_lora,siqa,n/a,15,down_proj,36,0.9999696016311646
single_lora,siqa,n/a,15,down_proj,37,0.9999101161956787
single_lora,siqa,n/a,15,down_proj,38,0.9999309778213501
single_lora,siqa,n/a,15,down_proj,39,0.9997767210006714
single_lora,siqa,n/a,15,down_proj,40,0.99985271692276
single_lora,siqa,n/a,15,down_proj,41,0.9999451041221619
single_lora,siqa,n/a,15,down_proj,42,0.9999784827232361
single_lora,siqa,n/a,15,down_proj,43,0.999969482421875
single_lora,siqa,n/a,15,down_proj,44,0.9999630451202393
single_lora,siqa,n/a,15,down_proj,45,0.9999600648880005
single_lora,siqa,n/a,15,down_proj,46,0.9998853206634521
single_lora,siqa,n/a,15,down_proj,47,0.9997398257255554
single_lora,siqa,n/a,15,down_proj,48,0.9998209476470947
single_lora,siqa,n/a,15,down_proj,49,0.9998840093612671
single_lora,siqa,n/a,15,down_proj,50,0.999890923500061
single_lora,sst2,n/a,0,q_proj,1,0.9999997615814209
single_lora,sst2,n/a,0,q_proj,2,1.000001072883606
single_lora,sst2,n/a,0,q_proj,3,0.9999997019767761
single_lora,sst2,n/a,0,q_proj,4,0.999999463558197
single_lora,sst2,n/a,0,q_proj,5,0.999999463558197
single_lora,sst2,n/a,0,q_proj,6,0.9999994039535522
single_lora,sst2,n/a,0,q_proj,7,0.9999991059303284
single_lora,sst2,n/a,0,q_proj,8,0.9999992251396179
single_lora,sst2,n/a,0,q_proj,9,0.9999997019767761
single_lora,sst2,n/a,0,q_proj,10,0.9999992251396179
single_lora,sst2,n/a,0,q_proj,11,0.9999992847442627
single_lora,sst2,n/a,0,q_proj,12,1.0
single_lora,sst2,n/a,0,q_proj,13,0.9999999403953552
single_lora,sst2,n/a,0,q_proj,14,0.9999992251396179
single_lora,sst2,n/a,0,q_proj,15,0.9999411702156067
single_lora,sst2,n/a,0,q_proj,16,0.9999408721923828
single_lora,sst2,n/a,0,q_proj,17,0.9999982714653015
single_lora,sst2,n/a,0,q_proj,18,0.9999988675117493
single_lora,sst2,n/a,0,q_proj,19,0.9999993443489075
single_lora,sst2,n/a,0,q_proj,20,0.9999995827674866
single_lora,sst2,n/a,0,q_proj,21,0.9999966621398926
single_lora,sst2,n/a,0,q_proj,22,0.9999974966049194
single_lora,sst2,n/a,0,q_proj,23,0.9999959468841553
single_lora,sst2,n/a,0,q_proj,24,0.9999975562095642
single_lora,sst2,n/a,0,q_proj,25,0.9999963045120239
single_lora,sst2,n/a,0,q_proj,26,0.9999982714653015
single_lora,sst2,n/a,0,q_proj,27,0.9999950528144836
single_lora,sst2,n/a,0,q_proj,28,0.9999940395355225
single_lora,sst2,n/a,0,q_proj,29,0.9999906420707703
single_lora,sst2,n/a,0,q_proj,30,0.9999792575836182
single_lora,sst2,n/a,0,q_proj,31,0.9999808669090271
single_lora,sst2,n/a,0,q_proj,32,0.9999967217445374
single_lora,sst2,n/a,0,q_proj,33,0.9999960660934448
single_lora,sst2,n/a,0,q_proj,34,0.9999933838844299
single_lora,sst2,n/a,0,q_proj,35,0.9999926090240479
single_lora,sst2,n/a,0,q_proj,36,0.9999916553497314
single_lora,sst2,n/a,0,q_proj,37,0.9999937415122986
single_lora,sst2,n/a,0,q_proj,38,0.9999852776527405
single_lora,sst2,n/a,0,q_proj,39,0.9999843239784241
single_lora,sst2,n/a,0,q_proj,40,0.9999953508377075
single_lora,sst2,n/a,0,q_proj,41,0.999993622303009
single_lora,sst2,n/a,0,q_proj,42,0.9998875260353088
single_lora,sst2,n/a,0,q_proj,43,0.999871015548706
single_lora,sst2,n/a,0,q_proj,44,0.9999870657920837
single_lora,sst2,n/a,0,q_proj,45,0.9999872446060181
single_lora,sst2,n/a,0,q_proj,46,0.9999948143959045
single_lora,sst2,n/a,0,q_proj,47,0.999961256980896
single_lora,sst2,n/a,0,q_proj,48,0.9999576210975647
single_lora,sst2,n/a,0,q_proj,49,0.9999915361404419
single_lora,sst2,n/a,0,q_proj,50,0.9999629855155945
single_lora,sst2,n/a,0,v_proj,1,0.9999918937683105
single_lora,sst2,n/a,0,v_proj,2,0.9999551773071289
single_lora,sst2,n/a,0,v_proj,3,0.9999480247497559
single_lora,sst2,n/a,0,v_proj,4,0.9999412298202515
single_lora,sst2,n/a,0,v_proj,5,0.9999611973762512
single_lora,sst2,n/a,0,v_proj,6,0.9998545050621033
single_lora,sst2,n/a,0,v_proj,7,0.9998666048049927
single_lora,sst2,n/a,0,v_proj,8,0.999735951423645
single_lora,sst2,n/a,0,v_proj,9,0.9998031854629517
single_lora,sst2,n/a,0,v_proj,10,0.9997093081474304
single_lora,sst2,n/a,0,v_proj,11,0.9998342394828796
single_lora,sst2,n/a,0,v_proj,12,0.999881386756897
single_lora,sst2,n/a,0,v_proj,13,0.9999727606773376
single_lora,sst2,n/a,0,v_proj,14,0.9999010562896729
single_lora,sst2,n/a,0,v_proj,15,0.9999492168426514
single_lora,sst2,n/a,0,v_proj,16,0.999910831451416
single_lora,sst2,n/a,0,v_proj,17,0.9997533559799194
single_lora,sst2,n/a,0,v_proj,18,0.9996496438980103
single_lora,sst2,n/a,0,v_proj,19,0.9997104406356812
single_lora,sst2,n/a,0,v_proj,20,0.9997383952140808
single_lora,sst2,n/a,0,v_proj,21,0.9997407793998718
single_lora,sst2,n/a,0,v_proj,22,0.9994946718215942
single_lora,sst2,n/a,0,v_proj,23,0.9994643926620483
single_lora,sst2,n/a,0,v_proj,24,0.9992754459381104
single_lora,sst2,n/a,0,v_proj,25,0.9997515082359314
single_lora,sst2,n/a,0,v_proj,26,0.9993582963943481
single_lora,sst2,n/a,0,v_proj,27,0.9992145299911499
single_lora,sst2,n/a,0,v_proj,28,0.9993038177490234
single_lora,sst2,n/a,0,v_proj,29,0.9990367889404297
single_lora,sst2,n/a,0,v_proj,30,0.997011125087738
single_lora,sst2,n/a,0,v_proj,31,0.9876289367675781
single_lora,sst2,n/a,0,v_proj,32,0.9892809391021729
single_lora,sst2,n/a,0,v_proj,33,0.9992589354515076
single_lora,sst2,n/a,0,v_proj,34,0.9975780248641968
single_lora,sst2,n/a,0,v_proj,35,0.9976465702056885
single_lora,sst2,n/a,0,v_proj,36,0.9987839460372925
single_lora,sst2,n/a,0,v_proj,37,0.9992446899414062
single_lora,sst2,n/a,0,v_proj,38,0.9981871843338013
single_lora,sst2,n/a,0,v_proj,39,0.998028039932251
single_lora,sst2,n/a,0,v_proj,40,0.9968429207801819
single_lora,sst2,n/a,0,v_proj,41,0.9950917959213257
single_lora,sst2,n/a,0,v_proj,42,0.9954975843429565
single_lora,sst2,n/a,0,v_proj,43,0.9981809258460999
single_lora,sst2,n/a,0,v_proj,44,0.9983757138252258
single_lora,sst2,n/a,0,v_proj,45,0.9984789490699768
single_lora,sst2,n/a,0,v_proj,46,0.9649834632873535
single_lora,sst2,n/a,0,v_proj,47,0.9645926356315613
single_lora,sst2,n/a,0,v_proj,48,0.9960501194000244
single_lora,sst2,n/a,0,v_proj,49,0.9932701587677002
single_lora,sst2,n/a,0,v_proj,50,0.9955142736434937
single_lora,sst2,n/a,0,up_proj,1,0.999997615814209
single_lora,sst2,n/a,0,up_proj,2,0.9999977946281433
single_lora,sst2,n/a,0,up_proj,3,0.9999938011169434
single_lora,sst2,n/a,0,up_proj,4,0.9999915957450867
single_lora,sst2,n/a,0,up_proj,5,0.9999914169311523
single_lora,sst2,n/a,0,up_proj,6,0.9999903440475464
single_lora,sst2,n/a,0,up_proj,7,0.9999865889549255
single_lora,sst2,n/a,0,up_proj,8,0.9999839067459106
single_lora,sst2,n/a,0,up_proj,9,0.9999826550483704
single_lora,sst2,n/a,0,up_proj,10,0.9999815225601196
single_lora,sst2,n/a,0,up_proj,11,0.9995318055152893
single_lora,sst2,n/a,0,up_proj,12,0.9995529055595398
single_lora,sst2,n/a,0,up_proj,13,0.9999713897705078
single_lora,sst2,n/a,0,up_proj,14,0.9999276399612427
single_lora,sst2,n/a,0,up_proj,15,0.9999197125434875
single_lora,sst2,n/a,0,up_proj,16,0.9999785423278809
single_lora,sst2,n/a,0,up_proj,17,0.9994609951972961
single_lora,sst2,n/a,0,up_proj,18,0.9994805455207825
single_lora,sst2,n/a,0,up_proj,19,0.9999735951423645
single_lora,sst2,n/a,0,up_proj,20,0.9999707937240601
single_lora,sst2,n/a,0,up_proj,21,0.9999861121177673
single_lora,sst2,n/a,0,up_proj,22,0.999981164932251
single_lora,sst2,n/a,0,up_proj,23,0.9999808669090271
single_lora,sst2,n/a,0,up_proj,24,0.999981701374054
single_lora,sst2,n/a,0,up_proj,25,0.9999787211418152
single_lora,sst2,n/a,0,up_proj,26,0.9994953274726868
single_lora,sst2,n/a,0,up_proj,27,0.9995113611221313
single_lora,sst2,n/a,0,up_proj,28,0.9998751282691956
single_lora,sst2,n/a,0,up_proj,29,0.9999663233757019
single_lora,sst2,n/a,0,up_proj,30,0.9999820590019226
single_lora,sst2,n/a,0,up_proj,31,0.9999629855155945
single_lora,sst2,n/a,0,up_proj,32,0.9999638199806213
single_lora,sst2,n/a,0,up_proj,33,0.9999847412109375
single_lora,sst2,n/a,0,up_proj,34,0.999976396560669
single_lora,sst2,n/a,0,up_proj,35,0.9999866485595703
single_lora,sst2,n/a,0,up_proj,36,0.9999657273292542
single_lora,sst2,n/a,0,up_proj,37,0.9998496770858765
single_lora,sst2,n/a,0,up_proj,38,0.9998351335525513
single_lora,sst2,n/a,0,up_proj,39,0.9998918771743774
single_lora,sst2,n/a,0,up_proj,40,0.9999644756317139
single_lora,sst2,n/a,0,up_proj,41,0.9998164772987366
single_lora,sst2,n/a,0,up_proj,42,0.9999157786369324
single_lora,sst2,n/a,0,up_proj,43,0.9998598098754883
single_lora,sst2,n/a,0,up_proj,44,0.9999340772628784
single_lora,sst2,n/a,0,up_proj,45,0.999901533126831
single_lora,sst2,n/a,0,up_proj,46,0.9998849034309387
single_lora,sst2,n/a,0,up_proj,47,0.9999305009841919
single_lora,sst2,n/a,0,up_proj,48,0.9995299577713013
single_lora,sst2,n/a,0,up_proj,49,0.9999247193336487
single_lora,sst2,n/a,0,up_proj,50,0.9995177984237671
single_lora,sst2,n/a,0,down_proj,1,0.9999996423721313
single_lora,sst2,n/a,0,down_proj,2,0.999998927116394
single_lora,sst2,n/a,0,down_proj,3,0.999999463558197
single_lora,sst2,n/a,0,down_proj,4,0.9999992251396179
single_lora,sst2,n/a,0,down_proj,5,0.9999974966049194
single_lora,sst2,n/a,0,down_proj,6,0.9999968409538269
single_lora,sst2,n/a,0,down_proj,7,0.999995231628418
single_lora,sst2,n/a,0,down_proj,8,0.9999980926513672
single_lora,sst2,n/a,0,down_proj,9,0.9999805688858032
single_lora,sst2,n/a,0,down_proj,10,0.9999810457229614
single_lora,sst2,n/a,0,down_proj,11,0.9999909996986389
single_lora,sst2,n/a,0,down_proj,12,0.9999408721923828
single_lora,sst2,n/a,0,down_proj,13,0.9999474287033081
single_lora,sst2,n/a,0,down_proj,14,0.9999947547912598
single_lora,sst2,n/a,0,down_proj,15,0.9999925494194031
single_lora,sst2,n/a,0,down_proj,16,0.9999905228614807
single_lora,sst2,n/a,0,down_proj,17,0.9998759627342224
single_lora,sst2,n/a,0,down_proj,18,0.9998836517333984
single_lora,sst2,n/a,0,down_proj,19,0.9999774098396301
single_lora,sst2,n/a,0,down_proj,20,0.9750972986221313
single_lora,sst2,n/a,0,down_proj,21,0.9750666618347168
single_lora,sst2,n/a,0,down_proj,22,0.999873697757721
single_lora,sst2,n/a,0,down_proj,23,0.9998944401741028
single_lora,sst2,n/a,0,down_proj,24,0.9999768733978271
single_lora,sst2,n/a,0,down_proj,25,0.9999521374702454
single_lora,sst2,n/a,0,down_proj,26,0.9999513030052185
single_lora,sst2,n/a,0,down_proj,27,0.9999067783355713
single_lora,sst2,n/a,0,down_proj,28,0.9999958276748657
single_lora,sst2,n/a,0,down_proj,29,0.9998878240585327
single_lora,sst2,n/a,0,down_proj,30,0.999960720539093
single_lora,sst2,n/a,0,down_proj,31,0.9999806880950928
single_lora,sst2,n/a,0,down_proj,32,0.9999443292617798
single_lora,sst2,n/a,0,down_proj,33,0.9999510049819946
single_lora,sst2,n/a,0,down_proj,34,0.9998886585235596
single_lora,sst2,n/a,0,down_proj,35,0.9999546408653259
single_lora,sst2,n/a,0,down_proj,36,0.999724268913269
single_lora,sst2,n/a,0,down_proj,37,0.9996914267539978
single_lora,sst2,n/a,0,down_proj,38,0.9997994899749756
single_lora,sst2,n/a,0,down_proj,39,0.9997971057891846
single_lora,sst2,n/a,0,down_proj,40,0.999771773815155
single_lora,sst2,n/a,0,down_proj,41,0.9997544288635254
single_lora,sst2,n/a,0,down_proj,42,0.9992266893386841
single_lora,sst2,n/a,0,down_proj,43,0.9992736577987671
single_lora,sst2,n/a,0,down_proj,44,0.9998970627784729
single_lora,sst2,n/a,0,down_proj,45,0.9999024868011475
single_lora,sst2,n/a,0,down_proj,46,0.999804675579071
single_lora,sst2,n/a,0,down_proj,47,0.999860405921936
single_lora,sst2,n/a,0,down_proj,48,0.9999793767929077
single_lora,sst2,n/a,0,down_proj,49,0.9999227523803711
single_lora,sst2,n/a,0,down_proj,50,0.9992949366569519
single_lora,sst2,n/a,8,q_proj,1,0.9999976754188538
single_lora,sst2,n/a,8,q_proj,2,0.999997079372406
single_lora,sst2,n/a,8,q_proj,3,0.9999979734420776
single_lora,sst2,n/a,8,q_proj,4,0.9999985694885254
single_lora,sst2,n/a,8,q_proj,5,1.0
single_lora,sst2,n/a,8,q_proj,6,0.9999991059303284
single_lora,sst2,n/a,8,q_proj,7,0.999995231628418
single_lora,sst2,n/a,8,q_proj,8,0.9999852776527405
single_lora,sst2,n/a,8,q_proj,9,0.9999904632568359
single_lora,sst2,n/a,8,q_proj,10,0.9999945759773254
single_lora,sst2,n/a,8,q_proj,11,0.9999980926513672
single_lora,sst2,n/a,8,q_proj,12,0.9999995231628418
single_lora,sst2,n/a,8,q_proj,13,0.9999834895133972
single_lora,sst2,n/a,8,q_proj,14,0.9999800324440002
single_lora,sst2,n/a,8,q_proj,15,0.999983549118042
single_lora,sst2,n/a,8,q_proj,16,0.9999908804893494
single_lora,sst2,n/a,8,q_proj,17,0.9999918937683105
single_lora,sst2,n/a,8,q_proj,18,0.9999929666519165
single_lora,sst2,n/a,8,q_proj,19,0.9999927282333374
single_lora,sst2,n/a,8,q_proj,20,0.9999955892562866
single_lora,sst2,n/a,8,q_proj,21,0.9999951124191284
single_lora,sst2,n/a,8,q_proj,22,0.9999797344207764
single_lora,sst2,n/a,8,q_proj,23,0.9999950528144836
single_lora,sst2,n/a,8,q_proj,24,0.9999561309814453
single_lora,sst2,n/a,8,q_proj,25,0.999974250793457
single_lora,sst2,n/a,8,q_proj,26,0.9999991655349731
single_lora,sst2,n/a,8,q_proj,27,0.9999887943267822
single_lora,sst2,n/a,8,q_proj,28,0.9999563694000244
single_lora,sst2,n/a,8,q_proj,29,0.9999620914459229
single_lora,sst2,n/a,8,q_proj,30,0.9999967813491821
single_lora,sst2,n/a,8,q_proj,31,0.999965250492096
single_lora,sst2,n/a,8,q_proj,32,0.9999415874481201
single_lora,sst2,n/a,8,q_proj,33,0.9999659657478333
single_lora,sst2,n/a,8,q_proj,34,0.9999899864196777
single_lora,sst2,n/a,8,q_proj,35,0.9999950528144836
single_lora,sst2,n/a,8,q_proj,36,0.9999934434890747
single_lora,sst2,n/a,8,q_proj,37,0.9999878406524658
single_lora,sst2,n/a,8,q_proj,38,0.9999938607215881
single_lora,sst2,n/a,8,q_proj,39,0.9999951720237732
single_lora,sst2,n/a,8,q_proj,40,0.9999880790710449
single_lora,sst2,n/a,8,q_proj,41,0.9999887943267822
single_lora,sst2,n/a,8,q_proj,42,0.9999768733978271
single_lora,sst2,n/a,8,q_proj,43,0.9999911785125732
single_lora,sst2,n/a,8,q_proj,44,0.9999198913574219
single_lora,sst2,n/a,8,q_proj,45,0.9999009966850281
single_lora,sst2,n/a,8,q_proj,46,0.9999957084655762
single_lora,sst2,n/a,8,q_proj,47,0.9999616146087646
single_lora,sst2,n/a,8,q_proj,48,0.9999678730964661
single_lora,sst2,n/a,8,q_proj,49,0.9999793171882629
single_lora,sst2,n/a,8,q_proj,50,0.9999872446060181
single_lora,sst2,n/a,8,v_proj,1,0.999807596206665
single_lora,sst2,n/a,8,v_proj,2,0.9999182224273682
single_lora,sst2,n/a,8,v_proj,3,0.9998356103897095
single_lora,sst2,n/a,8,v_proj,4,0.9981392621994019
single_lora,sst2,n/a,8,v_proj,5,0.9962155818939209
single_lora,sst2,n/a,8,v_proj,6,0.998027503490448
single_lora,sst2,n/a,8,v_proj,7,0.9992854595184326
single_lora,sst2,n/a,8,v_proj,8,0.9990137815475464
single_lora,sst2,n/a,8,v_proj,9,0.9994733929634094
single_lora,sst2,n/a,8,v_proj,10,0.9983885288238525
single_lora,sst2,n/a,8,v_proj,11,0.9985707998275757
single_lora,sst2,n/a,8,v_proj,12,0.9996353387832642
single_lora,sst2,n/a,8,v_proj,13,0.9995808005332947
single_lora,sst2,n/a,8,v_proj,14,0.9997537136077881
single_lora,sst2,n/a,8,v_proj,15,0.9994584321975708
single_lora,sst2,n/a,8,v_proj,16,0.9984013438224792
single_lora,sst2,n/a,8,v_proj,17,0.998310923576355
single_lora,sst2,n/a,8,v_proj,18,0.999900221824646
single_lora,sst2,n/a,8,v_proj,19,0.998633623123169
single_lora,sst2,n/a,8,v_proj,20,0.9986935257911682
single_lora,sst2,n/a,8,v_proj,21,0.998897135257721
single_lora,sst2,n/a,8,v_proj,22,0.9988564252853394
single_lora,sst2,n/a,8,v_proj,23,0.9993782639503479
single_lora,sst2,n/a,8,v_proj,24,0.9992344975471497
single_lora,sst2,n/a,8,v_proj,25,0.9990195035934448
single_lora,sst2,n/a,8,v_proj,26,0.9976514577865601
single_lora,sst2,n/a,8,v_proj,27,0.993158221244812
single_lora,sst2,n/a,8,v_proj,28,0.9913409948348999
single_lora,sst2,n/a,8,v_proj,29,0.9957188367843628
single_lora,sst2,n/a,8,v_proj,30,0.9960572719573975
single_lora,sst2,n/a,8,v_proj,31,0.9987344145774841
single_lora,sst2,n/a,8,v_proj,32,0.9990857839584351
single_lora,sst2,n/a,8,v_proj,33,0.9990125894546509
single_lora,sst2,n/a,8,v_proj,34,0.9983930587768555
single_lora,sst2,n/a,8,v_proj,35,0.9989006519317627
single_lora,sst2,n/a,8,v_proj,36,0.9990974068641663
single_lora,sst2,n/a,8,v_proj,37,0.9990575313568115
single_lora,sst2,n/a,8,v_proj,38,0.9995043277740479
single_lora,sst2,n/a,8,v_proj,39,0.9983565807342529
single_lora,sst2,n/a,8,v_proj,40,0.998834490776062
single_lora,sst2,n/a,8,v_proj,41,0.9990056753158569
single_lora,sst2,n/a,8,v_proj,42,0.999164342880249
single_lora,sst2,n/a,8,v_proj,43,0.9986954927444458
single_lora,sst2,n/a,8,v_proj,44,0.9983571767807007
single_lora,sst2,n/a,8,v_proj,45,0.9975488185882568
single_lora,sst2,n/a,8,v_proj,46,0.993442952632904
single_lora,sst2,n/a,8,v_proj,47,0.9891979098320007
single_lora,sst2,n/a,8,v_proj,48,0.9961254596710205
single_lora,sst2,n/a,8,v_proj,49,0.9739712476730347
single_lora,sst2,n/a,8,v_proj,50,0.9763356447219849
single_lora,sst2,n/a,8,up_proj,1,0.9999968409538269
single_lora,sst2,n/a,8,up_proj,2,0.9999954700469971
single_lora,sst2,n/a,8,up_proj,3,0.9999910593032837
single_lora,sst2,n/a,8,up_proj,4,0.9999922513961792
single_lora,sst2,n/a,8,up_proj,5,0.9999763369560242
single_lora,sst2,n/a,8,up_proj,6,0.9999872446060181
single_lora,sst2,n/a,8,up_proj,7,0.9999890327453613
single_lora,sst2,n/a,8,up_proj,8,0.9999901056289673
single_lora,sst2,n/a,8,up_proj,9,0.9999914765357971
single_lora,sst2,n/a,8,up_proj,10,0.9999681711196899
single_lora,sst2,n/a,8,up_proj,11,0.9999723434448242
single_lora,sst2,n/a,8,up_proj,12,0.9999681711196899
single_lora,sst2,n/a,8,up_proj,13,0.992094874382019
single_lora,sst2,n/a,8,up_proj,14,0.9920918941497803
single_lora,sst2,n/a,8,up_proj,15,0.9999620914459229
single_lora,sst2,n/a,8,up_proj,16,0.9999833703041077
single_lora,sst2,n/a,8,up_proj,17,0.999960720539093
single_lora,sst2,n/a,8,up_proj,18,0.9998593330383301
single_lora,sst2,n/a,8,up_proj,19,0.9998788237571716
single_lora,sst2,n/a,8,up_proj,20,0.9998873472213745
single_lora,sst2,n/a,8,up_proj,21,0.9998862743377686
single_lora,sst2,n/a,8,up_proj,22,0.9999577403068542
single_lora,sst2,n/a,8,up_proj,23,0.9996558427810669
single_lora,sst2,n/a,8,up_proj,24,0.9996298551559448
single_lora,sst2,n/a,8,up_proj,25,0.9998669624328613
single_lora,sst2,n/a,8,up_proj,26,0.9997864961624146
single_lora,sst2,n/a,8,up_proj,27,0.9998310208320618
single_lora,sst2,n/a,8,up_proj,28,0.9998363256454468
single_lora,sst2,n/a,8,up_proj,29,0.9991999864578247
single_lora,sst2,n/a,8,up_proj,30,0.9991751909255981
single_lora,sst2,n/a,8,up_proj,31,0.9998019337654114
single_lora,sst2,n/a,8,up_proj,32,0.9999231100082397
single_lora,sst2,n/a,8,up_proj,33,0.9996310472488403
single_lora,sst2,n/a,8,up_proj,34,0.9995982050895691
single_lora,sst2,n/a,8,up_proj,35,0.9995859861373901
single_lora,sst2,n/a,8,up_proj,36,0.9997676610946655
single_lora,sst2,n/a,8,up_proj,37,0.9998736381530762
single_lora,sst2,n/a,8,up_proj,38,0.9999591708183289
single_lora,sst2,n/a,8,up_proj,39,0.9996013641357422
single_lora,sst2,n/a,8,up_proj,40,0.9997220039367676
single_lora,sst2,n/a,8,up_proj,41,0.9993521571159363
single_lora,sst2,n/a,8,up_proj,42,0.9994745850563049
single_lora,sst2,n/a,8,up_proj,43,0.9981895685195923
single_lora,sst2,n/a,8,up_proj,44,0.9987079501152039
single_lora,sst2,n/a,8,up_proj,45,0.9997498393058777
single_lora,sst2,n/a,8,up_proj,46,0.9998725652694702
single_lora,sst2,n/a,8,up_proj,47,0.9998024106025696
single_lora,sst2,n/a,8,up_proj,48,0.9997124671936035
single_lora,sst2,n/a,8,up_proj,49,0.9996944665908813
single_lora,sst2,n/a,8,up_proj,50,0.9996552467346191
single_lora,sst2,n/a,8,down_proj,1,1.0
single_lora,sst2,n/a,8,down_proj,2,0.9999998211860657
single_lora,sst2,n/a,8,down_proj,3,1.000000238418579
single_lora,sst2,n/a,8,down_proj,4,1.0000001192092896
single_lora,sst2,n/a,8,down_proj,5,0.9999968409538269
single_lora,sst2,n/a,8,down_proj,6,0.9999972581863403
single_lora,sst2,n/a,8,down_proj,7,0.9999984502792358
single_lora,sst2,n/a,8,down_proj,8,0.9999998807907104
single_lora,sst2,n/a,8,down_proj,9,0.9999993443489075
single_lora,sst2,n/a,8,down_proj,10,0.9999935626983643
single_lora,sst2,n/a,8,down_proj,11,0.9999967217445374
single_lora,sst2,n/a,8,down_proj,12,0.9999900460243225
single_lora,sst2,n/a,8,down_proj,13,0.9999998211860657
single_lora,sst2,n/a,8,down_proj,14,0.9999964237213135
single_lora,sst2,n/a,8,down_proj,15,0.9999969601631165
single_lora,sst2,n/a,8,down_proj,16,0.9999975562095642
single_lora,sst2,n/a,8,down_proj,17,0.9999984502792358
single_lora,sst2,n/a,8,down_proj,18,0.9999814629554749
single_lora,sst2,n/a,8,down_proj,19,0.9999987483024597
single_lora,sst2,n/a,8,down_proj,20,0.9999949336051941
single_lora,sst2,n/a,8,down_proj,21,0.999995231628418
single_lora,sst2,n/a,8,down_proj,22,0.9999182224273682
single_lora,sst2,n/a,8,down_proj,23,0.9999098181724548
single_lora,sst2,n/a,8,down_proj,24,0.9999884366989136
single_lora,sst2,n/a,8,down_proj,25,0.9999929070472717
single_lora,sst2,n/a,8,down_proj,26,0.9999485611915588
single_lora,sst2,n/a,8,down_proj,27,0.999948263168335
single_lora,sst2,n/a,8,down_proj,28,0.9999980330467224
single_lora,sst2,n/a,8,down_proj,29,0.9999961853027344
single_lora,sst2,n/a,8,down_proj,30,0.9999620318412781
single_lora,sst2,n/a,8,down_proj,31,0.999961793422699
single_lora,sst2,n/a,8,down_proj,32,0.99998939037323
single_lora,sst2,n/a,8,down_proj,33,0.9999715685844421
single_lora,sst2,n/a,8,down_proj,34,0.9999883770942688
single_lora,sst2,n/a,8,down_proj,35,0.9999858736991882
single_lora,sst2,n/a,8,down_proj,36,0.9999792575836182
single_lora,sst2,n/a,8,down_proj,37,0.9999799728393555
single_lora,sst2,n/a,8,down_proj,38,0.9998723864555359
single_lora,sst2,n/a,8,down_proj,39,0.9998500943183899
single_lora,sst2,n/a,8,down_proj,40,0.9999436140060425
single_lora,sst2,n/a,8,down_proj,41,0.9999274611473083
single_lora,sst2,n/a,8,down_proj,42,0.9998940825462341
single_lora,sst2,n/a,8,down_proj,43,0.9999871850013733
single_lora,sst2,n/a,8,down_proj,44,0.9999743103981018
single_lora,sst2,n/a,8,down_proj,45,0.9999862909317017
single_lora,sst2,n/a,8,down_proj,46,0.9999675154685974
single_lora,sst2,n/a,8,down_proj,47,0.9999853372573853
single_lora,sst2,n/a,8,down_proj,48,0.9999688863754272
single_lora,sst2,n/a,8,down_proj,49,0.999968945980072
single_lora,sst2,n/a,8,down_proj,50,0.9999593496322632
single_lora,sst2,n/a,15,q_proj,1,1.0000003576278687
single_lora,sst2,n/a,15,q_proj,2,1.000000238418579
single_lora,sst2,n/a,15,q_proj,3,0.9999998807907104
single_lora,sst2,n/a,15,q_proj,4,0.9999960660934448
single_lora,sst2,n/a,15,q_proj,5,0.9999958276748657
single_lora,sst2,n/a,15,q_proj,6,0.9999996423721313
single_lora,sst2,n/a,15,q_proj,7,0.9999991655349731
single_lora,sst2,n/a,15,q_proj,8,0.9999984502792358
single_lora,sst2,n/a,15,q_proj,9,0.9999963045120239
single_lora,sst2,n/a,15,q_proj,10,0.9999974370002747
single_lora,sst2,n/a,15,q_proj,11,0.9999985098838806
single_lora,sst2,n/a,15,q_proj,12,0.999998927116394
single_lora,sst2,n/a,15,q_proj,13,0.9999991059303284
single_lora,sst2,n/a,15,q_proj,14,0.9999992847442627
single_lora,sst2,n/a,15,q_proj,15,0.9999988079071045
single_lora,sst2,n/a,15,q_proj,16,0.9999995231628418
single_lora,sst2,n/a,15,q_proj,17,0.9999971389770508
single_lora,sst2,n/a,15,q_proj,18,0.9999951124191284
single_lora,sst2,n/a,15,q_proj,19,0.9999984502792358
single_lora,sst2,n/a,15,q_proj,20,0.999992847442627
single_lora,sst2,n/a,15,q_proj,21,0.9999972581863403
single_lora,sst2,n/a,15,q_proj,22,0.99998939037323
single_lora,sst2,n/a,15,q_proj,23,0.9999899864196777
single_lora,sst2,n/a,15,q_proj,24,0.9999988675117493
single_lora,sst2,n/a,15,q_proj,25,0.9999988079071045
single_lora,sst2,n/a,15,q_proj,26,0.9999973773956299
single_lora,sst2,n/a,15,q_proj,27,0.999998927116394
single_lora,sst2,n/a,15,q_proj,28,0.999988317489624
single_lora,sst2,n/a,15,q_proj,29,0.9999864101409912
single_lora,sst2,n/a,15,q_proj,30,0.9999964833259583
single_lora,sst2,n/a,15,q_proj,31,0.9999908804893494
single_lora,sst2,n/a,15,q_proj,32,0.9999915957450867
single_lora,sst2,n/a,15,q_proj,33,0.9999984502792358
single_lora,sst2,n/a,15,q_proj,34,0.999998927116394
single_lora,sst2,n/a,15,q_proj,35,0.9999979734420776
single_lora,sst2,n/a,15,q_proj,36,0.9999880790710449
single_lora,sst2,n/a,15,q_proj,37,0.999987781047821
single_lora,sst2,n/a,15,q_proj,38,0.9999978542327881
single_lora,sst2,n/a,15,q_proj,39,0.9999912977218628
single_lora,sst2,n/a,15,q_proj,40,0.9999932646751404
single_lora,sst2,n/a,15,q_proj,41,0.999936580657959
single_lora,sst2,n/a,15,q_proj,42,0.9999409914016724
single_lora,sst2,n/a,15,q_proj,43,0.9999951124191284
single_lora,sst2,n/a,15,q_proj,44,0.9999902248382568
single_lora,sst2,n/a,15,q_proj,45,0.9999908208847046
single_lora,sst2,n/a,15,q_proj,46,0.9999926686286926
single_lora,sst2,n/a,15,q_proj,47,0.9999914765357971
single_lora,sst2,n/a,15,q_proj,48,0.999993622303009
single_lora,sst2,n/a,15,q_proj,49,0.9999868869781494
single_lora,sst2,n/a,15,q_proj,50,0.9997769594192505
single_lora,sst2,n/a,15,v_proj,1,0.9999987483024597
single_lora,sst2,n/a,15,v_proj,2,0.9999963045120239
single_lora,sst2,n/a,15,v_proj,3,0.9999958276748657
single_lora,sst2,n/a,15,v_proj,4,0.9999930262565613
single_lora,sst2,n/a,15,v_proj,5,0.9999772906303406
single_lora,sst2,n/a,15,v_proj,6,0.9999746084213257
single_lora,sst2,n/a,15,v_proj,7,0.9999879002571106
single_lora,sst2,n/a,15,v_proj,8,0.9999875426292419
single_lora,sst2,n/a,15,v_proj,9,0.9999935626983643
single_lora,sst2,n/a,15,v_proj,10,0.999982476234436
single_lora,sst2,n/a,15,v_proj,11,0.9999920129776001
single_lora,sst2,n/a,15,v_proj,12,0.9999611377716064
single_lora,sst2,n/a,15,v_proj,13,0.9999580383300781
single_lora,sst2,n/a,15,v_proj,14,0.9999383687973022
single_lora,sst2,n/a,15,v_proj,15,0.9999091625213623
single_lora,sst2,n/a,15,v_proj,16,0.9999523162841797
single_lora,sst2,n/a,15,v_proj,17,0.999981164932251
single_lora,sst2,n/a,15,v_proj,18,0.9999867677688599
single_lora,sst2,n/a,15,v_proj,19,0.9999870657920837
single_lora,sst2,n/a,15,v_proj,20,0.9999877214431763
single_lora,sst2,n/a,15,v_proj,21,0.9999486207962036
single_lora,sst2,n/a,15,v_proj,22,0.9999533891677856
single_lora,sst2,n/a,15,v_proj,23,0.9999814033508301
single_lora,sst2,n/a,15,v_proj,24,0.9999715089797974
single_lora,sst2,n/a,15,v_proj,25,0.9999136924743652
single_lora,sst2,n/a,15,v_proj,26,0.9998982548713684
single_lora,sst2,n/a,15,v_proj,27,0.9999480247497559
single_lora,sst2,n/a,15,v_proj,28,0.9999172687530518
single_lora,sst2,n/a,15,v_proj,29,0.9999436140060425
single_lora,sst2,n/a,15,v_proj,30,0.9999853372573853
single_lora,sst2,n/a,15,v_proj,31,0.9999830722808838
single_lora,sst2,n/a,15,v_proj,32,0.9999861121177673
single_lora,sst2,n/a,15,v_proj,33,0.9999809265136719
single_lora,sst2,n/a,15,v_proj,34,0.9999904036521912
single_lora,sst2,n/a,15,v_proj,35,0.9999816417694092
single_lora,sst2,n/a,15,v_proj,36,0.9995458126068115
single_lora,sst2,n/a,15,v_proj,37,0.9995396137237549
single_lora,sst2,n/a,15,v_proj,38,0.999988317489624
single_lora,sst2,n/a,15,v_proj,39,0.9998887777328491
single_lora,sst2,n/a,15,v_proj,40,0.9998834133148193
single_lora,sst2,n/a,15,v_proj,41,0.9999244213104248
single_lora,sst2,n/a,15,v_proj,42,0.9999076128005981
single_lora,sst2,n/a,15,v_proj,43,0.9999789595603943
single_lora,sst2,n/a,15,v_proj,44,0.9999798536300659
single_lora,sst2,n/a,15,v_proj,45,0.9999428987503052
single_lora,sst2,n/a,15,v_proj,46,0.9999229907989502
single_lora,sst2,n/a,15,v_proj,47,0.9999750852584839
single_lora,sst2,n/a,15,v_proj,48,0.999991774559021
single_lora,sst2,n/a,15,v_proj,49,0.9999822974205017
single_lora,sst2,n/a,15,v_proj,50,0.9999735951423645
single_lora,sst2,n/a,15,up_proj,1,0.9999993443489075
single_lora,sst2,n/a,15,up_proj,2,1.0000005960464478
single_lora,sst2,n/a,15,up_proj,3,0.9999997019767761
single_lora,sst2,n/a,15,up_proj,4,0.9999984502792358
single_lora,sst2,n/a,15,up_proj,5,0.9999964237213135
single_lora,sst2,n/a,15,up_proj,6,0.9999969601631165
single_lora,sst2,n/a,15,up_proj,7,0.9999971985816956
single_lora,sst2,n/a,15,up_proj,8,0.9999980330467224
single_lora,sst2,n/a,15,up_proj,9,0.9999979734420776
single_lora,sst2,n/a,15,up_proj,10,0.9999973773956299
single_lora,sst2,n/a,15,up_proj,11,0.9999977946281433
single_lora,sst2,n/a,15,up_proj,12,0.9999985694885254
single_lora,sst2,n/a,15,up_proj,13,0.9999959468841553
single_lora,sst2,n/a,15,up_proj,14,0.9999949336051941
single_lora,sst2,n/a,15,up_proj,15,0.9999932050704956
single_lora,sst2,n/a,15,up_proj,16,0.9999901056289673
single_lora,sst2,n/a,15,up_proj,17,0.9999963045120239
single_lora,sst2,n/a,15,up_proj,18,0.9999946355819702
single_lora,sst2,n/a,15,up_proj,19,0.9999945759773254
single_lora,sst2,n/a,15,up_proj,20,0.9999949336051941
single_lora,sst2,n/a,15,up_proj,21,0.9999966621398926
single_lora,sst2,n/a,15,up_proj,22,0.9999933242797852
single_lora,sst2,n/a,15,up_proj,23,0.9999898076057434
single_lora,sst2,n/a,15,up_proj,24,0.999988317489624
single_lora,sst2,n/a,15,up_proj,25,0.9999944567680359
single_lora,sst2,n/a,15,up_proj,26,0.9999774098396301
single_lora,sst2,n/a,15,up_proj,27,0.9999829530715942
single_lora,sst2,n/a,15,up_proj,28,0.9999918341636658
single_lora,sst2,n/a,15,up_proj,29,0.9999912977218628
single_lora,sst2,n/a,15,up_proj,30,0.9999942183494568
single_lora,sst2,n/a,15,up_proj,31,0.9999694228172302
single_lora,sst2,n/a,15,up_proj,32,0.9999584555625916
single_lora,sst2,n/a,15,up_proj,33,0.9999841451644897
single_lora,sst2,n/a,15,up_proj,34,0.9999932050704956
single_lora,sst2,n/a,15,up_proj,35,0.9999777674674988
single_lora,sst2,n/a,15,up_proj,36,0.9999344348907471
single_lora,sst2,n/a,15,up_proj,37,0.9999530911445618
single_lora,sst2,n/a,15,up_proj,38,0.9999549388885498
single_lora,sst2,n/a,15,up_proj,39,0.9989466667175293
single_lora,sst2,n/a,15,up_proj,40,0.9989233016967773
single_lora,sst2,n/a,15,up_proj,41,0.9999152421951294
single_lora,sst2,n/a,15,up_proj,42,0.9998893737792969
single_lora,sst2,n/a,15,up_proj,43,0.9999096393585205
single_lora,sst2,n/a,15,up_proj,44,0.99991774559021
single_lora,sst2,n/a,15,up_proj,45,0.999836266040802
single_lora,sst2,n/a,15,up_proj,46,0.9999110102653503
single_lora,sst2,n/a,15,up_proj,47,0.9999405145645142
single_lora,sst2,n/a,15,up_proj,48,0.9999399781227112
single_lora,sst2,n/a,15,up_proj,49,0.9999909400939941
single_lora,sst2,n/a,15,up_proj,50,0.9999804496765137
single_lora,sst2,n/a,15,down_proj,1,1.0000004768371582
single_lora,sst2,n/a,15,down_proj,2,1.0
single_lora,sst2,n/a,15,down_proj,3,1.0000005960464478
single_lora,sst2,n/a,15,down_proj,4,0.9999989867210388
single_lora,sst2,n/a,15,down_proj,5,0.9999994039535522
single_lora,sst2,n/a,15,down_proj,6,0.9999986886978149
single_lora,sst2,n/a,15,down_proj,7,0.9999971389770508
single_lora,sst2,n/a,15,down_proj,8,0.9999980330467224
single_lora,sst2,n/a,15,down_proj,9,0.999995768070221
single_lora,sst2,n/a,15,down_proj,10,0.9999953508377075
single_lora,sst2,n/a,15,down_proj,11,0.9999957084655762
single_lora,sst2,n/a,15,down_proj,12,0.9999842047691345
single_lora,sst2,n/a,15,down_proj,13,0.9999520182609558
single_lora,sst2,n/a,15,down_proj,14,0.9999526739120483
single_lora,sst2,n/a,15,down_proj,15,0.9999889135360718
single_lora,sst2,n/a,15,down_proj,16,0.999980092048645
single_lora,sst2,n/a,15,down_proj,17,0.9999721050262451
single_lora,sst2,n/a,15,down_proj,18,0.9999549388885498
single_lora,sst2,n/a,15,down_proj,19,0.9999415278434753
single_lora,sst2,n/a,15,down_proj,20,0.9999721646308899
single_lora,sst2,n/a,15,down_proj,21,0.9999741911888123
single_lora,sst2,n/a,15,down_proj,22,0.9999858140945435
single_lora,sst2,n/a,15,down_proj,23,0.9999819397926331
single_lora,sst2,n/a,15,down_proj,24,0.9999629855155945
single_lora,sst2,n/a,15,down_proj,25,0.9999563097953796
single_lora,sst2,n/a,15,down_proj,26,0.9999341368675232
single_lora,sst2,n/a,15,down_proj,27,0.9999468922615051
single_lora,sst2,n/a,15,down_proj,28,0.9999861717224121
single_lora,sst2,n/a,15,down_proj,29,0.9999789595603943
single_lora,sst2,n/a,15,down_proj,30,0.9999582171440125
single_lora,sst2,n/a,15,down_proj,31,0.9999634027481079
single_lora,sst2,n/a,15,down_proj,32,0.9997742772102356
single_lora,sst2,n/a,15,down_proj,33,0.9997778534889221
single_lora,sst2,n/a,15,down_proj,34,0.999891996383667
single_lora,sst2,n/a,15,down_proj,35,0.999854326248169
single_lora,sst2,n/a,15,down_proj,36,0.9998999238014221
single_lora,sst2,n/a,15,down_proj,37,0.9998646974563599
single_lora,sst2,n/a,15,down_proj,38,0.99993896484375
single_lora,sst2,n/a,15,down_proj,39,0.999798059463501
single_lora,sst2,n/a,15,down_proj,40,0.9998767971992493
single_lora,sst2,n/a,15,down_proj,41,0.9998593330383301
single_lora,sst2,n/a,15,down_proj,42,0.999982476234436
single_lora,sst2,n/a,15,down_proj,43,0.9999632835388184
single_lora,sst2,n/a,15,down_proj,44,0.9999667406082153
single_lora,sst2,n/a,15,down_proj,45,0.9999748468399048
single_lora,sst2,n/a,15,down_proj,46,0.9999716877937317
single_lora,sst2,n/a,15,down_proj,47,0.9998106360435486
single_lora,sst2,n/a,15,down_proj,48,0.9998130798339844
single_lora,sst2,n/a,15,down_proj,49,0.9997298717498779
single_lora,sst2,n/a,15,down_proj,50,0.9997355937957764
single_lora,winogrande,n/a,0,q_proj,1,0.9999998807907104
single_lora,winogrande,n/a,0,q_proj,2,1.0000011920928955
single_lora,winogrande,n/a,0,q_proj,3,1.0000001192092896
single_lora,winogrande,n/a,0,q_proj,4,0.999998927116394
single_lora,winogrande,n/a,0,q_proj,5,0.9999994039535522
single_lora,winogrande,n/a,0,q_proj,6,0.9999983310699463
single_lora,winogrande,n/a,0,q_proj,7,0.999998152256012
single_lora,winogrande,n/a,0,q_proj,8,0.9999988675117493
single_lora,winogrande,n/a,0,q_proj,9,0.9999998211860657
single_lora,winogrande,n/a,0,q_proj,10,0.9999985694885254
single_lora,winogrande,n/a,0,q_proj,11,0.9999992847442627
single_lora,winogrande,n/a,0,q_proj,12,0.9999997019767761
single_lora,winogrande,n/a,0,q_proj,13,0.9999999403953552
single_lora,winogrande,n/a,0,q_proj,14,0.9999983310699463
single_lora,winogrande,n/a,0,q_proj,15,0.9999693036079407
single_lora,winogrande,n/a,0,q_proj,16,0.9999665021896362
single_lora,winogrande,n/a,0,q_proj,17,0.9999968409538269
single_lora,winogrande,n/a,0,q_proj,18,0.999998152256012
single_lora,winogrande,n/a,0,q_proj,19,0.9999982714653015
single_lora,winogrande,n/a,0,q_proj,20,0.9999982714653015
single_lora,winogrande,n/a,0,q_proj,21,0.9999955296516418
single_lora,winogrande,n/a,0,q_proj,22,0.999996542930603
single_lora,winogrande,n/a,0,q_proj,23,0.999996542930603
single_lora,winogrande,n/a,0,q_proj,24,0.9999961256980896
single_lora,winogrande,n/a,0,q_proj,25,0.9999949932098389
single_lora,winogrande,n/a,0,q_proj,26,0.9999986886978149
single_lora,winogrande,n/a,0,q_proj,27,0.9998266696929932
single_lora,winogrande,n/a,0,q_proj,28,0.9998244047164917
single_lora,winogrande,n/a,0,q_proj,29,0.9999933242797852
single_lora,winogrande,n/a,0,q_proj,30,0.9999632239341736
single_lora,winogrande,n/a,0,q_proj,31,0.9999620914459229
single_lora,winogrande,n/a,0,q_proj,32,0.9999955296516418
single_lora,winogrande,n/a,0,q_proj,33,0.9999956488609314
single_lora,winogrande,n/a,0,q_proj,34,0.9999932646751404
single_lora,winogrande,n/a,0,q_proj,35,0.9999883770942688
single_lora,winogrande,n/a,0,q_proj,36,0.9999923706054688
single_lora,winogrande,n/a,0,q_proj,37,0.9999871850013733
single_lora,winogrande,n/a,0,q_proj,38,0.9999945163726807
single_lora,winogrande,n/a,0,q_proj,39,0.9999917149543762
single_lora,winogrande,n/a,0,q_proj,40,0.999994695186615
single_lora,winogrande,n/a,0,q_proj,41,0.9999857544898987
single_lora,winogrande,n/a,0,q_proj,42,0.9999147057533264
single_lora,winogrande,n/a,0,q_proj,43,0.9998972415924072
single_lora,winogrande,n/a,0,q_proj,44,0.999975323677063
single_lora,winogrande,n/a,0,q_proj,45,0.9999741911888123
single_lora,winogrande,n/a,0,q_proj,46,0.9999468326568604
single_lora,winogrande,n/a,0,q_proj,47,0.9999497532844543
single_lora,winogrande,n/a,0,q_proj,48,0.9999913573265076
single_lora,winogrande,n/a,0,q_proj,49,0.9999912977218628
single_lora,winogrande,n/a,0,q_proj,50,0.9999860525131226
single_lora,winogrande,n/a,0,v_proj,1,0.9999886155128479
single_lora,winogrande,n/a,0,v_proj,2,0.9999617338180542
single_lora,winogrande,n/a,0,v_proj,3,0.9999486207962036
single_lora,winogrande,n/a,0,v_proj,4,0.9999291896820068
single_lora,winogrande,n/a,0,v_proj,5,0.9999397397041321
single_lora,winogrande,n/a,0,v_proj,6,0.9997685551643372
single_lora,winogrande,n/a,0,v_proj,7,0.9997802376747131
single_lora,winogrande,n/a,0,v_proj,8,0.9986236691474915
single_lora,winogrande,n/a,0,v_proj,9,0.9988617897033691
single_lora,winogrande,n/a,0,v_proj,10,0.9994499087333679
single_lora,winogrande,n/a,0,v_proj,11,0.9997880458831787
single_lora,winogrande,n/a,0,v_proj,12,0.9998399019241333
single_lora,winogrande,n/a,0,v_proj,13,0.9996894598007202
single_lora,winogrande,n/a,0,v_proj,14,0.9997013807296753
single_lora,winogrande,n/a,0,v_proj,15,0.9998171329498291
single_lora,winogrande,n/a,0,v_proj,16,0.9998184442520142
single_lora,winogrande,n/a,0,v_proj,17,0.9995290040969849
single_lora,winogrande,n/a,0,v_proj,18,0.9993026256561279
single_lora,winogrande,n/a,0,v_proj,19,0.9996695518493652
single_lora,winogrande,n/a,0,v_proj,20,0.9996083974838257
single_lora,winogrande,n/a,0,v_proj,21,0.999397337436676
single_lora,winogrande,n/a,0,v_proj,22,0.9992055892944336
single_lora,winogrande,n/a,0,v_proj,23,0.9979276657104492
single_lora,winogrande,n/a,0,v_proj,24,0.9979538917541504
single_lora,winogrande,n/a,0,v_proj,25,0.9994044899940491
single_lora,winogrande,n/a,0,v_proj,26,0.9988594055175781
single_lora,winogrande,n/a,0,v_proj,27,0.999300479888916
single_lora,winogrande,n/a,0,v_proj,28,0.9988735318183899
single_lora,winogrande,n/a,0,v_proj,29,0.999183714389801
single_lora,winogrande,n/a,0,v_proj,30,0.998762309551239
single_lora,winogrande,n/a,0,v_proj,31,0.9793378114700317
single_lora,winogrande,n/a,0,v_proj,32,0.9795929193496704
single_lora,winogrande,n/a,0,v_proj,33,0.9991021156311035
single_lora,winogrande,n/a,0,v_proj,34,0.9948086142539978
single_lora,winogrande,n/a,0,v_proj,35,0.9940909147262573
single_lora,winogrande,n/a,0,v_proj,36,0.9976943731307983
single_lora,winogrande,n/a,0,v_proj,37,0.998651385307312
single_lora,winogrande,n/a,0,v_proj,38,0.9978983998298645
single_lora,winogrande,n/a,0,v_proj,39,0.9977545738220215
single_lora,winogrande,n/a,0,v_proj,40,0.9956187605857849
single_lora,winogrande,n/a,0,v_proj,41,0.9943410158157349
single_lora,winogrande,n/a,0,v_proj,42,0.9953501224517822
single_lora,winogrande,n/a,0,v_proj,43,0.9967778921127319
single_lora,winogrande,n/a,0,v_proj,44,0.9836394786834717
single_lora,winogrande,n/a,0,v_proj,45,0.983605682849884
single_lora,winogrande,n/a,0,v_proj,46,0.9377386569976807
single_lora,winogrande,n/a,0,v_proj,47,0.9407474398612976
single_lora,winogrande,n/a,0,v_proj,48,0.9947350025177002
single_lora,winogrande,n/a,0,v_proj,49,0.9845234155654907
single_lora,winogrande,n/a,0,v_proj,50,0.9898808002471924
single_lora,winogrande,n/a,0,up_proj,1,0.9999956488609314
single_lora,winogrande,n/a,0,up_proj,2,0.999996542930603
single_lora,winogrande,n/a,0,up_proj,3,0.9999923706054688
single_lora,winogrande,n/a,0,up_proj,4,0.9999900460243225
single_lora,winogrande,n/a,0,up_proj,5,0.9999915361404419
single_lora,winogrande,n/a,0,up_proj,6,0.9999536275863647
single_lora,winogrande,n/a,0,up_proj,7,0.9999525547027588
single_lora,winogrande,n/a,0,up_proj,8,0.99998939037323
single_lora,winogrande,n/a,0,up_proj,9,0.9999819397926331
single_lora,winogrande,n/a,0,up_proj,10,0.9999663233757019
single_lora,winogrande,n/a,0,up_proj,11,0.9993401169776917
single_lora,winogrande,n/a,0,up_proj,12,0.999364972114563
single_lora,winogrande,n/a,0,up_proj,13,0.9999147057533264
single_lora,winogrande,n/a,0,up_proj,14,0.9999682903289795
single_lora,winogrande,n/a,0,up_proj,15,0.9999037384986877
single_lora,winogrande,n/a,0,up_proj,16,0.9999663829803467
single_lora,winogrande,n/a,0,up_proj,17,0.999553918838501
single_lora,winogrande,n/a,0,up_proj,18,0.9995617866516113
single_lora,winogrande,n/a,0,up_proj,19,0.9999532103538513
single_lora,winogrande,n/a,0,up_proj,20,0.9999422430992126
single_lora,winogrande,n/a,0,up_proj,21,0.9999816417694092
single_lora,winogrande,n/a,0,up_proj,22,0.9999777674674988
single_lora,winogrande,n/a,0,up_proj,23,0.9999634027481079
single_lora,winogrande,n/a,0,up_proj,24,0.9999657273292542
single_lora,winogrande,n/a,0,up_proj,25,0.9999772906303406
single_lora,winogrande,n/a,0,up_proj,26,0.9991790652275085
single_lora,winogrande,n/a,0,up_proj,27,0.9990002512931824
single_lora,winogrande,n/a,0,up_proj,28,0.9997550249099731
single_lora,winogrande,n/a,0,up_proj,29,0.9999497532844543
single_lora,winogrande,n/a,0,up_proj,30,0.9999591708183289
single_lora,winogrande,n/a,0,up_proj,31,0.9999628663063049
single_lora,winogrande,n/a,0,up_proj,32,0.9999041557312012
single_lora,winogrande,n/a,0,up_proj,33,0.9999201893806458
single_lora,winogrande,n/a,0,up_proj,34,0.9999651908874512
single_lora,winogrande,n/a,0,up_proj,35,0.999984860420227
single_lora,winogrande,n/a,0,up_proj,36,0.9999618530273438
single_lora,winogrande,n/a,0,up_proj,37,0.9996398687362671
single_lora,winogrande,n/a,0,up_proj,38,0.9996421337127686
single_lora,winogrande,n/a,0,up_proj,39,0.9999439120292664
single_lora,winogrande,n/a,0,up_proj,40,0.9999434351921082
single_lora,winogrande,n/a,0,up_proj,41,0.9998754858970642
single_lora,winogrande,n/a,0,up_proj,42,0.9999369978904724
single_lora,winogrande,n/a,0,up_proj,43,0.9998869299888611
single_lora,winogrande,n/a,0,up_proj,44,0.9998395442962646
single_lora,winogrande,n/a,0,up_proj,45,0.9997530579566956
single_lora,winogrande,n/a,0,up_proj,46,0.9999049305915833
single_lora,winogrande,n/a,0,up_proj,47,0.9999486804008484
single_lora,winogrande,n/a,0,up_proj,48,0.9989771246910095
single_lora,winogrande,n/a,0,up_proj,49,0.9998179078102112
single_lora,winogrande,n/a,0,up_proj,50,0.9987751245498657
single_lora,winogrande,n/a,0,down_proj,1,0.9999993443489075
single_lora,winogrande,n/a,0,down_proj,2,0.9999988079071045
single_lora,winogrande,n/a,0,down_proj,3,0.999998927116394
single_lora,winogrande,n/a,0,down_proj,4,0.9999988079071045
single_lora,winogrande,n/a,0,down_proj,5,0.9999972581863403
single_lora,winogrande,n/a,0,down_proj,6,0.9999982118606567
single_lora,winogrande,n/a,0,down_proj,7,0.9999908804893494
single_lora,winogrande,n/a,0,down_proj,8,0.9999982118606567
single_lora,winogrande,n/a,0,down_proj,9,0.9999772310256958
single_lora,winogrande,n/a,0,down_proj,10,0.9999613165855408
single_lora,winogrande,n/a,0,down_proj,11,0.9999692440032959
single_lora,winogrande,n/a,0,down_proj,12,0.9998604655265808
single_lora,winogrande,n/a,0,down_proj,13,0.9998729825019836
single_lora,winogrande,n/a,0,down_proj,14,0.9999884366989136
single_lora,winogrande,n/a,0,down_proj,15,0.999960720539093
single_lora,winogrande,n/a,0,down_proj,16,0.9999914169311523
single_lora,winogrande,n/a,0,down_proj,17,0.9999381899833679
single_lora,winogrande,n/a,0,down_proj,18,0.9999473690986633
single_lora,winogrande,n/a,0,down_proj,19,0.9999858140945435
single_lora,winogrande,n/a,0,down_proj,20,0.9799528121948242
single_lora,winogrande,n/a,0,down_proj,21,0.9799293279647827
single_lora,winogrande,n/a,0,down_proj,22,0.9998899698257446
single_lora,winogrande,n/a,0,down_proj,23,0.9999085664749146
single_lora,winogrande,n/a,0,down_proj,24,0.9999878406524658
single_lora,winogrande,n/a,0,down_proj,25,0.9998911023139954
single_lora,winogrande,n/a,0,down_proj,26,0.9998899102210999
single_lora,winogrande,n/a,0,down_proj,27,0.9998530149459839
single_lora,winogrande,n/a,0,down_proj,28,0.9999752044677734
single_lora,winogrande,n/a,0,down_proj,29,0.9998281002044678
single_lora,winogrande,n/a,0,down_proj,30,0.9999809861183167
single_lora,winogrande,n/a,0,down_proj,31,0.999962329864502
single_lora,winogrande,n/a,0,down_proj,32,0.9999063014984131
single_lora,winogrande,n/a,0,down_proj,33,0.9999555349349976
single_lora,winogrande,n/a,0,down_proj,34,0.9998123645782471
single_lora,winogrande,n/a,0,down_proj,35,0.9998746514320374
single_lora,winogrande,n/a,0,down_proj,36,0.9998927116394043
single_lora,winogrande,n/a,0,down_proj,37,0.9998753070831299
single_lora,winogrande,n/a,0,down_proj,38,0.9997423887252808
single_lora,winogrande,n/a,0,down_proj,39,0.9997707009315491
single_lora,winogrande,n/a,0,down_proj,40,0.9993629455566406
single_lora,winogrande,n/a,0,down_proj,41,0.9994178414344788
single_lora,winogrande,n/a,0,down_proj,42,0.9994553923606873
single_lora,winogrande,n/a,0,down_proj,43,0.9994691610336304
single_lora,winogrande,n/a,0,down_proj,44,0.9999790787696838
single_lora,winogrande,n/a,0,down_proj,45,0.9999619126319885
single_lora,winogrande,n/a,0,down_proj,46,0.9996604919433594
single_lora,winogrande,n/a,0,down_proj,47,0.9995884299278259
single_lora,winogrande,n/a,0,down_proj,48,0.9999423027038574
single_lora,winogrande,n/a,0,down_proj,49,0.9997348785400391
single_lora,winogrande,n/a,0,down_proj,50,0.9979650974273682
single_lora,winogrande,n/a,8,q_proj,1,0.9999966621398926
single_lora,winogrande,n/a,8,q_proj,2,0.9999985098838806
single_lora,winogrande,n/a,8,q_proj,3,0.9999988079071045
single_lora,winogrande,n/a,8,q_proj,4,0.9999992847442627
single_lora,winogrande,n/a,8,q_proj,5,0.9999995231628418
single_lora,winogrande,n/a,8,q_proj,6,0.9999984502792358
single_lora,winogrande,n/a,8,q_proj,7,0.9999947547912598
single_lora,winogrande,n/a,8,q_proj,8,0.9999884963035583
single_lora,winogrande,n/a,8,q_proj,9,0.9999955296516418
single_lora,winogrande,n/a,8,q_proj,10,0.9999926090240479
single_lora,winogrande,n/a,8,q_proj,11,0.9999960064888
single_lora,winogrande,n/a,8,q_proj,12,0.9999987483024597
single_lora,winogrande,n/a,8,q_proj,13,0.9999960660934448
single_lora,winogrande,n/a,8,q_proj,14,0.9999985694885254
single_lora,winogrande,n/a,8,q_proj,15,0.9999884366989136
single_lora,winogrande,n/a,8,q_proj,16,0.9999953508377075
single_lora,winogrande,n/a,8,q_proj,17,0.9999899864196777
single_lora,winogrande,n/a,8,q_proj,18,0.9999919533729553
single_lora,winogrande,n/a,8,q_proj,19,0.9999901056289673
single_lora,winogrande,n/a,8,q_proj,20,0.9999943375587463
single_lora,winogrande,n/a,8,q_proj,21,0.9999924898147583
single_lora,winogrande,n/a,8,q_proj,22,0.9999864101409912
single_lora,winogrande,n/a,8,q_proj,23,0.9999957084655762
single_lora,winogrande,n/a,8,q_proj,24,0.9999582767486572
single_lora,winogrande,n/a,8,q_proj,25,0.9999761581420898
single_lora,winogrande,n/a,8,q_proj,26,0.9999971389770508
single_lora,winogrande,n/a,8,q_proj,27,0.9999920129776001
single_lora,winogrande,n/a,8,q_proj,28,0.9999643564224243
single_lora,winogrande,n/a,8,q_proj,29,0.9999555945396423
single_lora,winogrande,n/a,8,q_proj,30,0.9999904632568359
single_lora,winogrande,n/a,8,q_proj,31,0.9999327063560486
single_lora,winogrande,n/a,8,q_proj,32,0.9998975396156311
single_lora,winogrande,n/a,8,q_proj,33,0.9999637603759766
single_lora,winogrande,n/a,8,q_proj,34,0.9999904632568359
single_lora,winogrande,n/a,8,q_proj,35,0.9999913573265076
single_lora,winogrande,n/a,8,q_proj,36,0.9999872446060181
single_lora,winogrande,n/a,8,q_proj,37,0.9999756813049316
single_lora,winogrande,n/a,8,q_proj,38,0.9999844431877136
single_lora,winogrande,n/a,8,q_proj,39,0.9999881386756897
single_lora,winogrande,n/a,8,q_proj,40,0.9999813437461853
single_lora,winogrande,n/a,8,q_proj,41,0.9999746680259705
single_lora,winogrande,n/a,8,q_proj,42,0.9999537467956543
single_lora,winogrande,n/a,8,q_proj,43,0.9999885559082031
single_lora,winogrande,n/a,8,q_proj,44,0.9996890425682068
single_lora,winogrande,n/a,8,q_proj,45,0.9996727108955383
single_lora,winogrande,n/a,8,q_proj,46,0.9999913573265076
single_lora,winogrande,n/a,8,q_proj,47,0.9999319911003113
single_lora,winogrande,n/a,8,q_proj,48,0.9999709725379944
single_lora,winogrande,n/a,8,q_proj,49,0.9999651312828064
single_lora,winogrande,n/a,8,q_proj,50,0.9999832510948181
single_lora,winogrande,n/a,8,v_proj,1,0.9995403289794922
single_lora,winogrande,n/a,8,v_proj,2,0.9996300339698792
single_lora,winogrande,n/a,8,v_proj,3,0.9997432827949524
single_lora,winogrande,n/a,8,v_proj,4,0.999029815196991
single_lora,winogrande,n/a,8,v_proj,5,0.9972997307777405
single_lora,winogrande,n/a,8,v_proj,6,0.9975363612174988
single_lora,winogrande,n/a,8,v_proj,7,0.9989372491836548
single_lora,winogrande,n/a,8,v_proj,8,0.9981791973114014
single_lora,winogrande,n/a,8,v_proj,9,0.9982953071594238
single_lora,winogrande,n/a,8,v_proj,10,0.9994220733642578
single_lora,winogrande,n/a,8,v_proj,11,0.999736487865448
single_lora,winogrande,n/a,8,v_proj,12,0.9997043609619141
single_lora,winogrande,n/a,8,v_proj,13,0.9995864629745483
single_lora,winogrande,n/a,8,v_proj,14,0.9993360638618469
single_lora,winogrande,n/a,8,v_proj,15,0.9991135001182556
single_lora,winogrande,n/a,8,v_proj,16,0.9986906051635742
single_lora,winogrande,n/a,8,v_proj,17,0.9984205961227417
single_lora,winogrande,n/a,8,v_proj,18,0.9996912479400635
single_lora,winogrande,n/a,8,v_proj,19,0.9991582036018372
single_lora,winogrande,n/a,8,v_proj,20,0.9993047714233398
single_lora,winogrande,n/a,8,v_proj,21,0.9982100129127502
single_lora,winogrande,n/a,8,v_proj,22,0.9979085326194763
single_lora,winogrande,n/a,8,v_proj,23,0.9982408285140991
single_lora,winogrande,n/a,8,v_proj,24,0.9989415407180786
single_lora,winogrande,n/a,8,v_proj,25,0.9995375871658325
single_lora,winogrande,n/a,8,v_proj,26,0.9973671436309814
single_lora,winogrande,n/a,8,v_proj,27,0.9888253211975098
single_lora,winogrande,n/a,8,v_proj,28,0.9857972860336304
single_lora,winogrande,n/a,8,v_proj,29,0.9914019107818604
single_lora,winogrande,n/a,8,v_proj,30,0.9895743131637573
single_lora,winogrande,n/a,8,v_proj,31,0.9980973601341248
single_lora,winogrande,n/a,8,v_proj,32,0.9984115362167358
single_lora,winogrande,n/a,8,v_proj,33,0.9993283748626709
single_lora,winogrande,n/a,8,v_proj,34,0.9983525276184082
single_lora,winogrande,n/a,8,v_proj,35,0.9990118145942688
single_lora,winogrande,n/a,8,v_proj,36,0.997881293296814
single_lora,winogrande,n/a,8,v_proj,37,0.9974656105041504
single_lora,winogrande,n/a,8,v_proj,38,0.997821033000946
single_lora,winogrande,n/a,8,v_proj,39,0.9968924522399902
single_lora,winogrande,n/a,8,v_proj,40,0.998485803604126
single_lora,winogrande,n/a,8,v_proj,41,0.9983240365982056
single_lora,winogrande,n/a,8,v_proj,42,0.9986276626586914
single_lora,winogrande,n/a,8,v_proj,43,0.9988046288490295
single_lora,winogrande,n/a,8,v_proj,44,0.9986972808837891
single_lora,winogrande,n/a,8,v_proj,45,0.9981024861335754
single_lora,winogrande,n/a,8,v_proj,46,0.9971659779548645
single_lora,winogrande,n/a,8,v_proj,47,0.9960687756538391
single_lora,winogrande,n/a,8,v_proj,48,0.9929279088973999
single_lora,winogrande,n/a,8,v_proj,49,0.7277237176895142
single_lora,winogrande,n/a,8,v_proj,50,0.7320131063461304
single_lora,winogrande,n/a,8,up_proj,1,0.9999969005584717
single_lora,winogrande,n/a,8,up_proj,2,0.9999921321868896
single_lora,winogrande,n/a,8,up_proj,3,0.9999890923500061
single_lora,winogrande,n/a,8,up_proj,4,0.9999927282333374
single_lora,winogrande,n/a,8,up_proj,5,0.9999787211418152
single_lora,winogrande,n/a,8,up_proj,6,0.9999818205833435
single_lora,winogrande,n/a,8,up_proj,7,0.99998539686203
single_lora,winogrande,n/a,8,up_proj,8,0.99998939037323
single_lora,winogrande,n/a,8,up_proj,9,0.999980628490448
single_lora,winogrande,n/a,8,up_proj,10,0.9999684691429138
single_lora,winogrande,n/a,8,up_proj,11,0.9999659061431885
single_lora,winogrande,n/a,8,up_proj,12,0.9999367594718933
single_lora,winogrande,n/a,8,up_proj,13,0.8200414180755615
single_lora,winogrande,n/a,8,up_proj,14,0.8201268315315247
single_lora,winogrande,n/a,8,up_proj,15,0.9998666048049927
single_lora,winogrande,n/a,8,up_proj,16,0.999971866607666
single_lora,winogrande,n/a,8,up_proj,17,0.9999468922615051
single_lora,winogrande,n/a,8,up_proj,18,0.9998856782913208
single_lora,winogrande,n/a,8,up_proj,19,0.9998868107795715
single_lora,winogrande,n/a,8,up_proj,20,0.9998487234115601
single_lora,winogrande,n/a,8,up_proj,21,0.9998788833618164
single_lora,winogrande,n/a,8,up_proj,22,0.9999221563339233
single_lora,winogrande,n/a,8,up_proj,23,0.9984004497528076
single_lora,winogrande,n/a,8,up_proj,24,0.998362123966217
single_lora,winogrande,n/a,8,up_proj,25,0.9995110034942627
single_lora,winogrande,n/a,8,up_proj,26,0.9995425939559937
single_lora,winogrande,n/a,8,up_proj,27,0.9998929500579834
single_lora,winogrande,n/a,8,up_proj,28,0.9998128414154053
single_lora,winogrande,n/a,8,up_proj,29,0.9994663000106812
single_lora,winogrande,n/a,8,up_proj,30,0.9994571208953857
single_lora,winogrande,n/a,8,up_proj,31,0.9995907545089722
single_lora,winogrande,n/a,8,up_proj,32,0.9995314478874207
single_lora,winogrande,n/a,8,up_proj,33,0.9990087747573853
single_lora,winogrande,n/a,8,up_proj,34,0.9994339346885681
single_lora,winogrande,n/a,8,up_proj,35,0.9995676279067993
single_lora,winogrande,n/a,8,up_proj,36,0.9996480345726013
single_lora,winogrande,n/a,8,up_proj,37,0.9997082352638245
single_lora,winogrande,n/a,8,up_proj,38,0.9994772672653198
single_lora,winogrande,n/a,8,up_proj,39,0.9964747428894043
single_lora,winogrande,n/a,8,up_proj,40,0.9971837997436523
single_lora,winogrande,n/a,8,up_proj,41,0.9984016418457031
single_lora,winogrande,n/a,8,up_proj,42,0.9982759952545166
single_lora,winogrande,n/a,8,up_proj,43,0.9966459274291992
single_lora,winogrande,n/a,8,up_proj,44,0.9984608292579651
single_lora,winogrande,n/a,8,up_proj,45,0.9991640448570251
single_lora,winogrande,n/a,8,up_proj,46,0.9992885589599609
single_lora,winogrande,n/a,8,up_proj,47,0.999610424041748
single_lora,winogrande,n/a,8,up_proj,48,0.9995743632316589
single_lora,winogrande,n/a,8,up_proj,49,0.9998164772987366
single_lora,winogrande,n/a,8,up_proj,50,0.9994196891784668
single_lora,winogrande,n/a,8,down_proj,1,0.9999999403953552
single_lora,winogrande,n/a,8,down_proj,2,0.9999995231628418
single_lora,winogrande,n/a,8,down_proj,3,1.0000003576278687
single_lora,winogrande,n/a,8,down_proj,4,0.9999998807907104
single_lora,winogrande,n/a,8,down_proj,5,0.9999939799308777
single_lora,winogrande,n/a,8,down_proj,6,0.9999954700469971
single_lora,winogrande,n/a,8,down_proj,7,0.9999979734420776
single_lora,winogrande,n/a,8,down_proj,8,0.9999993443489075
single_lora,winogrande,n/a,8,down_proj,9,0.9999990463256836
single_lora,winogrande,n/a,8,down_proj,10,0.9999959468841553
single_lora,winogrande,n/a,8,down_proj,11,0.9999988675117493
single_lora,winogrande,n/a,8,down_proj,12,0.9999951124191284
single_lora,winogrande,n/a,8,down_proj,13,0.9999980330467224
single_lora,winogrande,n/a,8,down_proj,14,0.9999982118606567
single_lora,winogrande,n/a,8,down_proj,15,0.9999973773956299
single_lora,winogrande,n/a,8,down_proj,16,0.9999949932098389
single_lora,winogrande,n/a,8,down_proj,17,0.9999974370002747
single_lora,winogrande,n/a,8,down_proj,18,0.9999878406524658
single_lora,winogrande,n/a,8,down_proj,19,0.9992541074752808
single_lora,winogrande,n/a,8,down_proj,20,0.9992547631263733
single_lora,winogrande,n/a,8,down_proj,21,0.9999889731407166
single_lora,winogrande,n/a,8,down_proj,22,0.9999938607215881
single_lora,winogrande,n/a,8,down_proj,23,0.9999827146530151
single_lora,winogrande,n/a,8,down_proj,24,0.9999833106994629
single_lora,winogrande,n/a,8,down_proj,25,0.9999701976776123
single_lora,winogrande,n/a,8,down_proj,26,0.9999909400939941
single_lora,winogrande,n/a,8,down_proj,27,0.9999678730964661
single_lora,winogrande,n/a,8,down_proj,28,0.9999916553497314
single_lora,winogrande,n/a,8,down_proj,29,0.9999926090240479
single_lora,winogrande,n/a,8,down_proj,30,0.9999295473098755
single_lora,winogrande,n/a,8,down_proj,31,0.9999349117279053
single_lora,winogrande,n/a,8,down_proj,32,0.9999893307685852
single_lora,winogrande,n/a,8,down_proj,33,0.9999340176582336
single_lora,winogrande,n/a,8,down_proj,34,0.9999590516090393
single_lora,winogrande,n/a,8,down_proj,35,0.9999042749404907
single_lora,winogrande,n/a,8,down_proj,36,0.9999780654907227
single_lora,winogrande,n/a,8,down_proj,37,0.9999724626541138
single_lora,winogrande,n/a,8,down_proj,38,0.9998092651367188
single_lora,winogrande,n/a,8,down_proj,39,0.9997410774230957
single_lora,winogrande,n/a,8,down_proj,40,0.9998863935470581
single_lora,winogrande,n/a,8,down_proj,41,0.9998700022697449
single_lora,winogrande,n/a,8,down_proj,42,0.9998916387557983
single_lora,winogrande,n/a,8,down_proj,43,0.999887228012085
single_lora,winogrande,n/a,8,down_proj,44,0.9999842643737793
single_lora,winogrande,n/a,8,down_proj,45,0.99997878074646
single_lora,winogrande,n/a,8,down_proj,46,0.9999415278434753
single_lora,winogrande,n/a,8,down_proj,47,0.9999536275863647
single_lora,winogrande,n/a,8,down_proj,48,0.9998968243598938
single_lora,winogrande,n/a,8,down_proj,49,0.9999266862869263
single_lora,winogrande,n/a,8,down_proj,50,0.999894380569458
single_lora,winogrande,n/a,15,q_proj,1,1.000000238418579
single_lora,winogrande,n/a,15,q_proj,2,0.9999998807907104
single_lora,winogrande,n/a,15,q_proj,3,0.9999975562095642
single_lora,winogrande,n/a,15,q_proj,4,0.9999915361404419
single_lora,winogrande,n/a,15,q_proj,5,0.9999889135360718
single_lora,winogrande,n/a,15,q_proj,6,0.9999959468841553
single_lora,winogrande,n/a,15,q_proj,7,0.9999914765357971
single_lora,winogrande,n/a,15,q_proj,8,0.9999885559082031
single_lora,winogrande,n/a,15,q_proj,9,0.9999794363975525
single_lora,winogrande,n/a,15,q_proj,10,0.999984622001648
single_lora,winogrande,n/a,15,q_proj,11,0.9999937415122986
single_lora,winogrande,n/a,15,q_proj,12,0.9999957084655762
single_lora,winogrande,n/a,15,q_proj,13,0.9999977350234985
single_lora,winogrande,n/a,15,q_proj,14,0.9999979734420776
single_lora,winogrande,n/a,15,q_proj,15,0.9999974370002747
single_lora,winogrande,n/a,15,q_proj,16,0.9999988675117493
single_lora,winogrande,n/a,15,q_proj,17,0.9999924302101135
single_lora,winogrande,n/a,15,q_proj,18,0.9999812841415405
single_lora,winogrande,n/a,15,q_proj,19,0.9999644756317139
single_lora,winogrande,n/a,15,q_proj,20,0.9999556541442871
single_lora,winogrande,n/a,15,q_proj,21,0.9999943971633911
single_lora,winogrande,n/a,15,q_proj,22,0.9999812245368958
single_lora,winogrande,n/a,15,q_proj,23,0.999978244304657
single_lora,winogrande,n/a,15,q_proj,24,0.9999968409538269
single_lora,winogrande,n/a,15,q_proj,25,0.9999980330467224
single_lora,winogrande,n/a,15,q_proj,26,0.999998152256012
single_lora,winogrande,n/a,15,q_proj,27,0.9999971985816956
single_lora,winogrande,n/a,15,q_proj,28,0.9999946355819702
single_lora,winogrande,n/a,15,q_proj,29,0.9999880790710449
single_lora,winogrande,n/a,15,q_proj,30,0.999993622303009
single_lora,winogrande,n/a,15,q_proj,31,0.9999591112136841
single_lora,winogrande,n/a,15,q_proj,32,0.999968945980072
single_lora,winogrande,n/a,15,q_proj,33,0.9999813437461853
single_lora,winogrande,n/a,15,q_proj,34,0.9999803304672241
single_lora,winogrande,n/a,15,q_proj,35,0.9999760389328003
single_lora,winogrande,n/a,15,q_proj,36,0.9999948143959045
single_lora,winogrande,n/a,15,q_proj,37,0.9999957084655762
single_lora,winogrande,n/a,15,q_proj,38,0.9999865889549255
single_lora,winogrande,n/a,15,q_proj,39,0.9999914169311523
single_lora,winogrande,n/a,15,q_proj,40,0.9999784827232361
single_lora,winogrande,n/a,15,q_proj,41,0.9999486804008484
single_lora,winogrande,n/a,15,q_proj,42,0.9999657869338989
single_lora,winogrande,n/a,15,q_proj,43,0.9999915957450867
single_lora,winogrande,n/a,15,q_proj,44,0.9999810457229614
single_lora,winogrande,n/a,15,q_proj,45,0.999979555606842
single_lora,winogrande,n/a,15,q_proj,46,0.9999939203262329
single_lora,winogrande,n/a,15,q_proj,47,0.9999880790710449
single_lora,winogrande,n/a,15,q_proj,48,0.9999902248382568
single_lora,winogrande,n/a,15,q_proj,49,0.999973475933075
single_lora,winogrande,n/a,15,q_proj,50,0.9996643662452698
single_lora,winogrande,n/a,15,v_proj,1,0.9999985098838806
single_lora,winogrande,n/a,15,v_proj,2,0.9999754428863525
single_lora,winogrande,n/a,15,v_proj,3,0.9999774694442749
single_lora,winogrande,n/a,15,v_proj,4,0.9999923706054688
single_lora,winogrande,n/a,15,v_proj,5,0.9999830722808838
single_lora,winogrande,n/a,15,v_proj,6,0.9999799728393555
single_lora,winogrande,n/a,15,v_proj,7,0.9999929070472717
single_lora,winogrande,n/a,15,v_proj,8,0.9999912977218628
single_lora,winogrande,n/a,15,v_proj,9,0.9999849796295166
single_lora,winogrande,n/a,15,v_proj,10,0.9999696016311646
single_lora,winogrande,n/a,15,v_proj,11,0.9999741315841675
single_lora,winogrande,n/a,15,v_proj,12,0.9999549388885498
single_lora,winogrande,n/a,15,v_proj,13,0.9999581575393677
single_lora,winogrande,n/a,15,v_proj,14,0.9998874068260193
single_lora,winogrande,n/a,15,v_proj,15,0.9997425079345703
single_lora,winogrande,n/a,15,v_proj,16,0.9998195171356201
single_lora,winogrande,n/a,15,v_proj,17,0.9998964071273804
single_lora,winogrande,n/a,15,v_proj,18,0.9999762773513794
single_lora,winogrande,n/a,15,v_proj,19,0.9999731779098511
single_lora,winogrande,n/a,15,v_proj,20,0.9999520778656006
single_lora,winogrande,n/a,15,v_proj,21,0.99994957447052
single_lora,winogrande,n/a,15,v_proj,22,0.9998830556869507
single_lora,winogrande,n/a,15,v_proj,23,0.9999138116836548
single_lora,winogrande,n/a,15,v_proj,24,0.999956488609314
single_lora,winogrande,n/a,15,v_proj,25,0.9999591112136841
single_lora,winogrande,n/a,15,v_proj,26,0.9999575614929199
single_lora,winogrande,n/a,15,v_proj,27,0.9999011754989624
single_lora,winogrande,n/a,15,v_proj,28,0.9999116659164429
single_lora,winogrande,n/a,15,v_proj,29,0.9999809861183167
single_lora,winogrande,n/a,15,v_proj,30,0.9999707341194153
single_lora,winogrande,n/a,15,v_proj,31,0.9999388456344604
single_lora,winogrande,n/a,15,v_proj,32,0.9999415874481201
single_lora,winogrande,n/a,15,v_proj,33,0.9999642372131348
single_lora,winogrande,n/a,15,v_proj,34,0.9999635815620422
single_lora,winogrande,n/a,15,v_proj,35,0.9999701976776123
single_lora,winogrande,n/a,15,v_proj,36,0.9998986721038818
single_lora,winogrande,n/a,15,v_proj,37,0.9998754262924194
single_lora,winogrande,n/a,15,v_proj,38,0.9999381303787231
single_lora,winogrande,n/a,15,v_proj,39,0.9999542236328125
single_lora,winogrande,n/a,15,v_proj,40,0.999937891960144
single_lora,winogrande,n/a,15,v_proj,41,0.9998195171356201
single_lora,winogrande,n/a,15,v_proj,42,0.9998399019241333
single_lora,winogrande,n/a,15,v_proj,43,0.9998692274093628
single_lora,winogrande,n/a,15,v_proj,44,0.9998883605003357
single_lora,winogrande,n/a,15,v_proj,45,0.9999611377716064
single_lora,winogrande,n/a,15,v_proj,46,0.9999740123748779
single_lora,winogrande,n/a,15,v_proj,47,0.9999640583992004
single_lora,winogrande,n/a,15,v_proj,48,0.9999604225158691
single_lora,winogrande,n/a,15,v_proj,49,0.9999618530273438
single_lora,winogrande,n/a,15,v_proj,50,0.9999681115150452
single_lora,winogrande,n/a,15,up_proj,1,0.9999998807907104
single_lora,winogrande,n/a,15,up_proj,2,0.9999998807907104
single_lora,winogrande,n/a,15,up_proj,3,0.9999992847442627
single_lora,winogrande,n/a,15,up_proj,4,0.9999958872795105
single_lora,winogrande,n/a,15,up_proj,5,0.9999964833259583
single_lora,winogrande,n/a,15,up_proj,6,0.9999961853027344
single_lora,winogrande,n/a,15,up_proj,7,0.9999966025352478
single_lora,winogrande,n/a,15,up_proj,8,0.9999959468841553
single_lora,winogrande,n/a,15,up_proj,9,0.9999964237213135
single_lora,winogrande,n/a,15,up_proj,10,0.9999960660934448
single_lora,winogrande,n/a,15,up_proj,11,0.9999961853027344
single_lora,winogrande,n/a,15,up_proj,12,0.9999966025352478
single_lora,winogrande,n/a,15,up_proj,13,0.9999794960021973
single_lora,winogrande,n/a,15,up_proj,14,0.9999788999557495
single_lora,winogrande,n/a,15,up_proj,15,0.9999891519546509
single_lora,winogrande,n/a,15,up_proj,16,0.999984622001648
single_lora,winogrande,n/a,15,up_proj,17,0.9999966621398926
single_lora,winogrande,n/a,15,up_proj,18,0.9999897480010986
single_lora,winogrande,n/a,15,up_proj,19,0.9999940395355225
single_lora,winogrande,n/a,15,up_proj,20,0.9999899864196777
single_lora,winogrande,n/a,15,up_proj,21,0.9999963045120239
single_lora,winogrande,n/a,15,up_proj,22,0.999990701675415
single_lora,winogrande,n/a,15,up_proj,23,0.9999882578849792
single_lora,winogrande,n/a,15,up_proj,24,0.9999861717224121
single_lora,winogrande,n/a,15,up_proj,25,0.9999920725822449
single_lora,winogrande,n/a,15,up_proj,26,0.9999774098396301
single_lora,winogrande,n/a,15,up_proj,27,0.9999738931655884
single_lora,winogrande,n/a,15,up_proj,28,0.9999818205833435
single_lora,winogrande,n/a,15,up_proj,29,0.9999837279319763
single_lora,winogrande,n/a,15,up_proj,30,0.9999870657920837
single_lora,winogrande,n/a,15,up_proj,31,0.9999141097068787
single_lora,winogrande,n/a,15,up_proj,32,0.9998968839645386
single_lora,winogrande,n/a,15,up_proj,33,0.9999751448631287
single_lora,winogrande,n/a,15,up_proj,34,0.9999770522117615
single_lora,winogrande,n/a,15,up_proj,35,0.9999775886535645
single_lora,winogrande,n/a,15,up_proj,36,0.9999292492866516
single_lora,winogrande,n/a,15,up_proj,37,0.9999523162841797
single_lora,winogrande,n/a,15,up_proj,38,0.999934732913971
single_lora,winogrande,n/a,15,up_proj,39,0.9991897940635681
single_lora,winogrande,n/a,15,up_proj,40,0.9991388320922852
single_lora,winogrande,n/a,15,up_proj,41,0.9998835921287537
single_lora,winogrande,n/a,15,up_proj,42,0.9998729228973389
single_lora,winogrande,n/a,15,up_proj,43,0.9999712109565735
single_lora,winogrande,n/a,15,up_proj,44,0.9999681115150452
single_lora,winogrande,n/a,15,up_proj,45,0.999912679195404
single_lora,winogrande,n/a,15,up_proj,46,0.9999239444732666
single_lora,winogrande,n/a,15,up_proj,47,0.9999828338623047
single_lora,winogrande,n/a,15,up_proj,48,0.9999491572380066
single_lora,winogrande,n/a,15,up_proj,49,0.9999488592147827
single_lora,winogrande,n/a,15,up_proj,50,0.9999853372573853
single_lora,winogrande,n/a,15,down_proj,1,1.0000007152557373
single_lora,winogrande,n/a,15,down_proj,2,1.0000001192092896
single_lora,winogrande,n/a,15,down_proj,3,1.000000238418579
single_lora,winogrande,n/a,15,down_proj,4,0.9999984502792358
single_lora,winogrande,n/a,15,down_proj,5,0.9999991059303284
single_lora,winogrande,n/a,15,down_proj,6,0.999998152256012
single_lora,winogrande,n/a,15,down_proj,7,0.9999956488609314
single_lora,winogrande,n/a,15,down_proj,8,0.9999959468841553
single_lora,winogrande,n/a,15,down_proj,9,0.9999861717224121
single_lora,winogrande,n/a,15,down_proj,10,0.9999880194664001
single_lora,winogrande,n/a,15,down_proj,11,0.9999892711639404
single_lora,winogrande,n/a,15,down_proj,12,0.9999954104423523
single_lora,winogrande,n/a,15,down_proj,13,0.9999916553497314
single_lora,winogrande,n/a,15,down_proj,14,0.9999843239784241
single_lora,winogrande,n/a,15,down_proj,15,0.9999932646751404
single_lora,winogrande,n/a,15,down_proj,16,0.9999883770942688
single_lora,winogrande,n/a,15,down_proj,17,0.999989926815033
single_lora,winogrande,n/a,15,down_proj,18,0.9999808073043823
single_lora,winogrande,n/a,15,down_proj,19,0.9999828338623047
single_lora,winogrande,n/a,15,down_proj,20,0.9999828338623047
single_lora,winogrande,n/a,15,down_proj,21,0.9999758005142212
single_lora,winogrande,n/a,15,down_proj,22,0.9999774098396301
single_lora,winogrande,n/a,15,down_proj,23,0.9999815225601196
single_lora,winogrande,n/a,15,down_proj,24,0.9999539852142334
single_lora,winogrande,n/a,15,down_proj,25,0.9999622702598572
single_lora,winogrande,n/a,15,down_proj,26,0.999919593334198
single_lora,winogrande,n/a,15,down_proj,27,0.9999151229858398
single_lora,winogrande,n/a,15,down_proj,28,0.9999257326126099
single_lora,winogrande,n/a,15,down_proj,29,0.999917209148407
single_lora,winogrande,n/a,15,down_proj,30,0.9999756813049316
single_lora,winogrande,n/a,15,down_proj,31,0.999963104724884
single_lora,winogrande,n/a,15,down_proj,32,0.9999710917472839
single_lora,winogrande,n/a,15,down_proj,33,0.9999780654907227
single_lora,winogrande,n/a,15,down_proj,34,0.9998741745948792
single_lora,winogrande,n/a,15,down_proj,35,0.9998190402984619
single_lora,winogrande,n/a,15,down_proj,36,0.9999186396598816
single_lora,winogrande,n/a,15,down_proj,37,0.9998507499694824
single_lora,winogrande,n/a,15,down_proj,38,0.9999050498008728
single_lora,winogrande,n/a,15,down_proj,39,0.999826192855835
single_lora,winogrande,n/a,15,down_proj,40,0.9997653961181641
single_lora,winogrande,n/a,15,down_proj,41,0.9998375773429871
single_lora,winogrande,n/a,15,down_proj,42,0.9999536871910095
single_lora,winogrande,n/a,15,down_proj,43,0.9999479651451111
single_lora,winogrande,n/a,15,down_proj,44,0.9999606609344482
single_lora,winogrande,n/a,15,down_proj,45,0.999954879283905
single_lora,winogrande,n/a,15,down_proj,46,0.9998542666435242
single_lora,winogrande,n/a,15,down_proj,47,0.999480128288269
single_lora,winogrande,n/a,15,down_proj,48,0.9995806813240051
single_lora,winogrande,n/a,15,down_proj,49,0.9999096393585205
single_lora,winogrande,n/a,15,down_proj,50,0.9999099969863892
stacked_lora,fever,all,0,q_proj,1,0.9999991655349731
stacked_lora,fever,all,0,q_proj,2,1.000001311302185
stacked_lora,fever,all,0,q_proj,3,0.9999996423721313
stacked_lora,fever,all,0,q_proj,4,0.9999991655349731
stacked_lora,fever,all,0,q_proj,5,0.9999994039535522
stacked_lora,fever,all,0,q_proj,6,0.9999990463256836
stacked_lora,fever,all,0,q_proj,7,0.9999975562095642
stacked_lora,fever,all,0,q_proj,8,0.9999978542327881
stacked_lora,fever,all,0,q_proj,9,0.9999986290931702
stacked_lora,fever,all,0,q_proj,10,0.9999987483024597
stacked_lora,fever,all,0,q_proj,11,0.9999991059303284
stacked_lora,fever,all,0,q_proj,12,0.9999982714653015
stacked_lora,fever,all,0,q_proj,13,0.9999977350234985
stacked_lora,fever,all,0,q_proj,14,0.9999973773956299
stacked_lora,fever,all,0,q_proj,15,0.9999806880950928
stacked_lora,fever,all,0,q_proj,16,0.9999790191650391
stacked_lora,fever,all,0,q_proj,17,0.999997079372406
stacked_lora,fever,all,0,q_proj,18,0.9999973773956299
stacked_lora,fever,all,0,q_proj,19,0.9999984502792358
stacked_lora,fever,all,0,q_proj,20,0.9999980926513672
stacked_lora,fever,all,0,q_proj,21,0.9999957084655762
stacked_lora,fever,all,0,q_proj,22,0.9999904036521912
stacked_lora,fever,all,0,q_proj,23,0.9999911785125732
stacked_lora,fever,all,0,q_proj,24,0.9999492764472961
stacked_lora,fever,all,0,q_proj,25,0.9999487400054932
stacked_lora,fever,all,0,q_proj,26,0.9999958872795105
stacked_lora,fever,all,0,q_proj,27,0.9999663829803467
stacked_lora,fever,all,0,q_proj,28,0.9999657273292542
stacked_lora,fever,all,0,q_proj,29,0.999990701675415
stacked_lora,fever,all,0,q_proj,30,0.9999741911888123
stacked_lora,fever,all,0,q_proj,31,0.9999764561653137
stacked_lora,fever,all,0,q_proj,32,0.9999444484710693
stacked_lora,fever,all,0,q_proj,33,0.9999505281448364
stacked_lora,fever,all,0,q_proj,34,0.9999942183494568
stacked_lora,fever,all,0,q_proj,35,0.9999867677688599
stacked_lora,fever,all,0,q_proj,36,0.9999755024909973
stacked_lora,fever,all,0,q_proj,37,0.9999727606773376
stacked_lora,fever,all,0,q_proj,38,0.9999825358390808
stacked_lora,fever,all,0,q_proj,39,0.9999889731407166
stacked_lora,fever,all,0,q_proj,40,0.9999791383743286
stacked_lora,fever,all,0,q_proj,41,0.999984622001648
stacked_lora,fever,all,0,q_proj,42,0.9997550249099731
stacked_lora,fever,all,0,q_proj,43,0.9997522830963135
stacked_lora,fever,all,0,q_proj,44,0.9999768733978271
stacked_lora,fever,all,0,q_proj,45,0.9999788999557495
stacked_lora,fever,all,0,q_proj,46,0.9999715089797974
stacked_lora,fever,all,0,q_proj,47,0.9999806880950928
stacked_lora,fever,all,0,q_proj,48,0.999982476234436
stacked_lora,fever,all,0,q_proj,49,0.9999887943267822
stacked_lora,fever,all,0,q_proj,50,0.9999297857284546
stacked_lora,fever,all,0,v_proj,1,0.9999846816062927
stacked_lora,fever,all,0,v_proj,2,0.9996114373207092
stacked_lora,fever,all,0,v_proj,3,0.9995982646942139
stacked_lora,fever,all,0,v_proj,4,0.9999365210533142
stacked_lora,fever,all,0,v_proj,5,0.9999383091926575
stacked_lora,fever,all,0,v_proj,6,0.9997992515563965
stacked_lora,fever,all,0,v_proj,7,0.9997385144233704
stacked_lora,fever,all,0,v_proj,8,0.9996541738510132
stacked_lora,fever,all,0,v_proj,9,0.9995739459991455
stacked_lora,fever,all,0,v_proj,10,0.9992605447769165
stacked_lora,fever,all,0,v_proj,11,0.9987386465072632
stacked_lora,fever,all,0,v_proj,12,0.9988939762115479
stacked_lora,fever,all,0,v_proj,13,0.9995101690292358
stacked_lora,fever,all,0,v_proj,14,0.998953104019165
stacked_lora,fever,all,0,v_proj,15,0.9992784261703491
stacked_lora,fever,all,0,v_proj,16,0.9991307258605957
stacked_lora,fever,all,0,v_proj,17,0.9992527961730957
stacked_lora,fever,all,0,v_proj,18,0.9993758201599121
stacked_lora,fever,all,0,v_proj,19,0.9992727637290955
stacked_lora,fever,all,0,v_proj,20,0.9989266395568848
stacked_lora,fever,all,0,v_proj,21,0.9984208345413208
stacked_lora,fever,all,0,v_proj,22,0.9980001449584961
stacked_lora,fever,all,0,v_proj,23,0.9973816871643066
stacked_lora,fever,all,0,v_proj,24,0.9981889724731445
stacked_lora,fever,all,0,v_proj,25,0.9977555871009827
stacked_lora,fever,all,0,v_proj,26,0.9972471594810486
stacked_lora,fever,all,0,v_proj,27,0.9985877275466919
stacked_lora,fever,all,0,v_proj,28,0.9986947774887085
stacked_lora,fever,all,0,v_proj,29,0.9985216856002808
stacked_lora,fever,all,0,v_proj,30,0.9968480467796326
stacked_lora,fever,all,0,v_proj,31,0.9758080244064331
stacked_lora,fever,all,0,v_proj,32,0.9365153908729553
stacked_lora,fever,all,0,v_proj,33,0.9515984058380127
stacked_lora,fever,all,0,v_proj,34,0.9972328543663025
stacked_lora,fever,all,0,v_proj,35,0.9945740103721619
stacked_lora,fever,all,0,v_proj,36,0.9953568577766418
stacked_lora,fever,all,0,v_proj,37,0.9963645935058594
stacked_lora,fever,all,0,v_proj,38,0.9858018755912781
stacked_lora,fever,all,0,v_proj,39,0.9845750331878662
stacked_lora,fever,all,0,v_proj,40,0.985271692276001
stacked_lora,fever,all,0,v_proj,41,0.9684585332870483
stacked_lora,fever,all,0,v_proj,42,0.977590799331665
stacked_lora,fever,all,0,v_proj,43,0.9879313707351685
stacked_lora,fever,all,0,v_proj,44,0.9787596464157104
stacked_lora,fever,all,0,v_proj,45,0.9894580245018005
stacked_lora,fever,all,0,v_proj,46,0.9911956787109375
stacked_lora,fever,all,0,v_proj,47,0.9929590821266174
stacked_lora,fever,all,0,v_proj,48,0.9948163032531738
stacked_lora,fever,all,0,v_proj,49,0.997901201248169
stacked_lora,fever,all,0,v_proj,50,0.9953137636184692
stacked_lora,fever,all,0,up_proj,1,0.9999958276748657
stacked_lora,fever,all,0,up_proj,2,0.9999920129776001
stacked_lora,fever,all,0,up_proj,3,0.99998939037323
stacked_lora,fever,all,0,up_proj,4,0.9999830722808838
stacked_lora,fever,all,0,up_proj,5,0.9999799132347107
stacked_lora,fever,all,0,up_proj,6,0.9999627470970154
stacked_lora,fever,all,0,up_proj,7,0.9999619722366333
stacked_lora,fever,all,0,up_proj,8,0.9999585151672363
stacked_lora,fever,all,0,up_proj,9,0.9999069571495056
stacked_lora,fever,all,0,up_proj,10,0.9999145269393921
stacked_lora,fever,all,0,up_proj,11,0.9995651245117188
stacked_lora,fever,all,0,up_proj,12,0.9996020793914795
stacked_lora,fever,all,0,up_proj,13,0.9998529553413391
stacked_lora,fever,all,0,up_proj,14,0.9994593262672424
stacked_lora,fever,all,0,up_proj,15,0.9995370507240295
stacked_lora,fever,all,0,up_proj,16,0.9998313188552856
stacked_lora,fever,all,0,up_proj,17,0.9997282028198242
stacked_lora,fever,all,0,up_proj,18,0.9997493624687195
stacked_lora,fever,all,0,up_proj,19,0.9999043941497803
stacked_lora,fever,all,0,up_proj,20,0.9998001456260681
stacked_lora,fever,all,0,up_proj,21,0.9989284873008728
stacked_lora,fever,all,0,up_proj,22,0.999038815498352
stacked_lora,fever,all,0,up_proj,23,0.9999145865440369
stacked_lora,fever,all,0,up_proj,24,0.9999215006828308
stacked_lora,fever,all,0,up_proj,25,0.9999004006385803
stacked_lora,fever,all,0,up_proj,26,0.9992305636405945
stacked_lora,fever,all,0,up_proj,27,0.9992192983627319
stacked_lora,fever,all,0,up_proj,28,0.9998914003372192
stacked_lora,fever,all,0,up_proj,29,0.9999405741691589
stacked_lora,fever,all,0,up_proj,30,0.9999233484268188
stacked_lora,fever,all,0,up_proj,31,0.9999223947525024
stacked_lora,fever,all,0,up_proj,32,0.9999016523361206
stacked_lora,fever,all,0,up_proj,33,0.999936580657959
stacked_lora,fever,all,0,up_proj,34,0.9999468922615051
stacked_lora,fever,all,0,up_proj,35,0.9998963475227356
stacked_lora,fever,all,0,up_proj,36,0.9998650550842285
stacked_lora,fever,all,0,up_proj,37,0.9999088048934937
stacked_lora,fever,all,0,up_proj,38,0.9997134804725647
stacked_lora,fever,all,0,up_proj,39,0.9997391700744629
stacked_lora,fever,all,0,up_proj,40,0.9998469352722168
stacked_lora,fever,all,0,up_proj,41,0.9994117021560669
stacked_lora,fever,all,0,up_proj,42,0.9994917511940002
stacked_lora,fever,all,0,up_proj,43,0.9997528791427612
stacked_lora,fever,all,0,up_proj,44,0.9996950030326843
stacked_lora,fever,all,0,up_proj,45,0.9997840523719788
stacked_lora,fever,all,0,up_proj,46,0.999798059463501
stacked_lora,fever,all,0,up_proj,47,0.9997906684875488
stacked_lora,fever,all,0,up_proj,48,0.9992644786834717
stacked_lora,fever,all,0,up_proj,49,0.9987840056419373
stacked_lora,fever,all,0,up_proj,50,0.99833744764328
stacked_lora,fever,all,0,down_proj,1,0.9999995827674866
stacked_lora,fever,all,0,down_proj,2,0.9999991655349731
stacked_lora,fever,all,0,down_proj,3,0.9999983906745911
stacked_lora,fever,all,0,down_proj,4,0.9999984502792358
stacked_lora,fever,all,0,down_proj,5,0.9999970197677612
stacked_lora,fever,all,0,down_proj,6,0.9999896287918091
stacked_lora,fever,all,0,down_proj,7,0.9999883770942688
stacked_lora,fever,all,0,down_proj,8,0.9999975562095642
stacked_lora,fever,all,0,down_proj,9,0.9999961853027344
stacked_lora,fever,all,0,down_proj,10,0.9999908804893494
stacked_lora,fever,all,0,down_proj,11,0.9999902248382568
stacked_lora,fever,all,0,down_proj,12,0.9999719262123108
stacked_lora,fever,all,0,down_proj,13,0.9999803304672241
stacked_lora,fever,all,0,down_proj,14,0.999993622303009
stacked_lora,fever,all,0,down_proj,15,0.9999850988388062
stacked_lora,fever,all,0,down_proj,16,0.9999814629554749
stacked_lora,fever,all,0,down_proj,17,0.9999837875366211
stacked_lora,fever,all,0,down_proj,18,0.9999913573265076
stacked_lora,fever,all,0,down_proj,19,0.9999885559082031
stacked_lora,fever,all,0,down_proj,20,0.8644596338272095
stacked_lora,fever,all,0,down_proj,21,0.8644620180130005
stacked_lora,fever,all,0,down_proj,22,0.9996173977851868
stacked_lora,fever,all,0,down_proj,23,0.9996313452720642
stacked_lora,fever,all,0,down_proj,24,0.9999511241912842
stacked_lora,fever,all,0,down_proj,25,0.9999575018882751
stacked_lora,fever,all,0,down_proj,26,0.9999573826789856
stacked_lora,fever,all,0,down_proj,27,0.9997406601905823
stacked_lora,fever,all,0,down_proj,28,0.9998728036880493
stacked_lora,fever,all,0,down_proj,29,0.9997715353965759
stacked_lora,fever,all,0,down_proj,30,0.9999576807022095
stacked_lora,fever,all,0,down_proj,31,0.9999613165855408
stacked_lora,fever,all,0,down_proj,32,0.9999091625213623
stacked_lora,fever,all,0,down_proj,33,0.9991843700408936
stacked_lora,fever,all,0,down_proj,34,0.9992280602455139
stacked_lora,fever,all,0,down_proj,35,0.9999551177024841
stacked_lora,fever,all,0,down_proj,36,0.9999314546585083
stacked_lora,fever,all,0,down_proj,37,0.9998031258583069
stacked_lora,fever,all,0,down_proj,38,0.9996973276138306
stacked_lora,fever,all,0,down_proj,39,0.9998193383216858
stacked_lora,fever,all,0,down_proj,40,0.9995888471603394
stacked_lora,fever,all,0,down_proj,41,0.9995987415313721
stacked_lora,fever,all,0,down_proj,42,0.9986649751663208
stacked_lora,fever,all,0,down_proj,43,0.9986833333969116
stacked_lora,fever,all,0,down_proj,44,0.9999071955680847
stacked_lora,fever,all,0,down_proj,45,0.9998021721839905
stacked_lora,fever,all,0,down_proj,46,0.9997270703315735
stacked_lora,fever,all,0,down_proj,47,0.9997215270996094
stacked_lora,fever,all,0,down_proj,48,0.999752402305603
stacked_lora,fever,all,0,down_proj,49,0.9998752474784851
stacked_lora,fever,all,0,down_proj,50,0.9955808520317078
stacked_lora,fever,all,8,q_proj,1,0.9999918937683105
stacked_lora,fever,all,8,q_proj,2,0.9999953508377075
stacked_lora,fever,all,8,q_proj,3,0.9999971389770508
stacked_lora,fever,all,8,q_proj,4,0.9999949932098389
stacked_lora,fever,all,8,q_proj,5,0.9999929666519165
stacked_lora,fever,all,8,q_proj,6,0.9999891519546509
stacked_lora,fever,all,8,q_proj,7,0.9999725818634033
stacked_lora,fever,all,8,q_proj,8,0.9999725818634033
stacked_lora,fever,all,8,q_proj,9,0.9999790787696838
stacked_lora,fever,all,8,q_proj,10,0.9999845623970032
stacked_lora,fever,all,8,q_proj,11,0.9999822378158569
stacked_lora,fever,all,8,q_proj,12,0.9999874830245972
stacked_lora,fever,all,8,q_proj,13,0.9999552369117737
stacked_lora,fever,all,8,q_proj,14,0.9999891519546509
stacked_lora,fever,all,8,q_proj,15,0.999953031539917
stacked_lora,fever,all,8,q_proj,16,0.9999451041221619
stacked_lora,fever,all,8,q_proj,17,0.999941349029541
stacked_lora,fever,all,8,q_proj,18,0.9999770522117615
stacked_lora,fever,all,8,q_proj,19,0.9999668598175049
stacked_lora,fever,all,8,q_proj,20,0.9999921917915344
stacked_lora,fever,all,8,q_proj,21,0.9999675750732422
stacked_lora,fever,all,8,q_proj,22,0.9999099969863892
stacked_lora,fever,all,8,q_proj,23,0.9998864531517029
stacked_lora,fever,all,8,q_proj,24,0.9999332427978516
stacked_lora,fever,all,8,q_proj,25,0.999937891960144
stacked_lora,fever,all,8,q_proj,26,0.9999707937240601
stacked_lora,fever,all,8,q_proj,27,0.9999702572822571
stacked_lora,fever,all,8,q_proj,28,0.9999476671218872
stacked_lora,fever,all,8,q_proj,29,0.9999402761459351
stacked_lora,fever,all,8,q_proj,30,0.9999468922615051
stacked_lora,fever,all,8,q_proj,31,0.9998886585235596
stacked_lora,fever,all,8,q_proj,32,0.9998399615287781
stacked_lora,fever,all,8,q_proj,33,0.9998754858970642
stacked_lora,fever,all,8,q_proj,34,0.9999465942382812
stacked_lora,fever,all,8,q_proj,35,0.9999527931213379
stacked_lora,fever,all,8,q_proj,36,0.9999821782112122
stacked_lora,fever,all,8,q_proj,37,0.9999499917030334
stacked_lora,fever,all,8,q_proj,38,0.9998723268508911
stacked_lora,fever,all,8,q_proj,39,0.9999330043792725
stacked_lora,fever,all,8,q_proj,40,0.999853253364563
stacked_lora,fever,all,8,q_proj,41,0.999845564365387
stacked_lora,fever,all,8,q_proj,42,0.9998033046722412
stacked_lora,fever,all,8,q_proj,43,0.9999502897262573
stacked_lora,fever,all,8,q_proj,44,0.9999067783355713
stacked_lora,fever,all,8,q_proj,45,0.9999307990074158
stacked_lora,fever,all,8,q_proj,46,0.999981164932251
stacked_lora,fever,all,8,q_proj,47,0.9999394416809082
stacked_lora,fever,all,8,q_proj,48,0.9999589323997498
stacked_lora,fever,all,8,q_proj,49,0.9999430179595947
stacked_lora,fever,all,8,q_proj,50,0.9999169111251831
stacked_lora,fever,all,8,v_proj,1,0.9997387528419495
stacked_lora,fever,all,8,v_proj,2,0.9995487928390503
stacked_lora,fever,all,8,v_proj,3,0.9986472129821777
stacked_lora,fever,all,8,v_proj,4,0.9971831440925598
stacked_lora,fever,all,8,v_proj,5,0.9964858889579773
stacked_lora,fever,all,8,v_proj,6,0.9927932620048523
stacked_lora,fever,all,8,v_proj,7,0.9955111742019653
stacked_lora,fever,all,8,v_proj,8,0.9953319430351257
stacked_lora,fever,all,8,v_proj,9,0.9938404560089111
stacked_lora,fever,all,8,v_proj,10,0.9960002899169922
stacked_lora,fever,all,8,v_proj,11,0.997724711894989
stacked_lora,fever,all,8,v_proj,12,0.9990087747573853
stacked_lora,fever,all,8,v_proj,13,0.9926493167877197
stacked_lora,fever,all,8,v_proj,14,0.9926571846008301
stacked_lora,fever,all,8,v_proj,15,0.997814416885376
stacked_lora,fever,all,8,v_proj,16,0.9978376626968384
stacked_lora,fever,all,8,v_proj,17,0.9993300437927246
stacked_lora,fever,all,8,v_proj,18,0.9966990351676941
stacked_lora,fever,all,8,v_proj,19,0.996470034122467
stacked_lora,fever,all,8,v_proj,20,0.998162031173706
stacked_lora,fever,all,8,v_proj,21,0.9972141981124878
stacked_lora,fever,all,8,v_proj,22,0.9976834058761597
stacked_lora,fever,all,8,v_proj,23,0.9986991882324219
stacked_lora,fever,all,8,v_proj,24,0.9990825653076172
stacked_lora,fever,all,8,v_proj,25,0.9972625970840454
stacked_lora,fever,all,8,v_proj,26,0.9902101755142212
stacked_lora,fever,all,8,v_proj,27,0.9920063018798828
stacked_lora,fever,all,8,v_proj,28,0.997341513633728
stacked_lora,fever,all,8,v_proj,29,0.9633769392967224
stacked_lora,fever,all,8,v_proj,30,0.963137149810791
stacked_lora,fever,all,8,v_proj,31,0.9922483563423157
stacked_lora,fever,all,8,v_proj,32,0.9922205209732056
stacked_lora,fever,all,8,v_proj,33,0.9966965913772583
stacked_lora,fever,all,8,v_proj,34,0.9977203607559204
stacked_lora,fever,all,8,v_proj,35,0.980178952217102
stacked_lora,fever,all,8,v_proj,36,0.9796502590179443
stacked_lora,fever,all,8,v_proj,37,0.9948971271514893
stacked_lora,fever,all,8,v_proj,38,0.9899821281433105
stacked_lora,fever,all,8,v_proj,39,0.9921063780784607
stacked_lora,fever,all,8,v_proj,40,0.9970639944076538
stacked_lora,fever,all,8,v_proj,41,0.9963768720626831
stacked_lora,fever,all,8,v_proj,42,0.9980978965759277
stacked_lora,fever,all,8,v_proj,43,0.9988643527030945
stacked_lora,fever,all,8,v_proj,44,0.9979726076126099
stacked_lora,fever,all,8,v_proj,45,0.9932298064231873
stacked_lora,fever,all,8,v_proj,46,0.9361119866371155
stacked_lora,fever,all,8,v_proj,47,0.9394764304161072
stacked_lora,fever,all,8,v_proj,48,0.985447883605957
stacked_lora,fever,all,8,v_proj,49,0.9572191834449768
stacked_lora,fever,all,8,v_proj,50,0.9681487083435059
stacked_lora,fever,all,8,up_proj,1,0.9999895095825195
stacked_lora,fever,all,8,up_proj,2,0.9999800324440002
stacked_lora,fever,all,8,up_proj,3,0.9999703168869019
stacked_lora,fever,all,8,up_proj,4,0.9999792575836182
stacked_lora,fever,all,8,up_proj,5,0.9999629855155945
stacked_lora,fever,all,8,up_proj,6,0.9999516606330872
stacked_lora,fever,all,8,up_proj,7,0.9999479055404663
stacked_lora,fever,all,8,up_proj,8,0.9999489784240723
stacked_lora,fever,all,8,up_proj,9,0.999910295009613
stacked_lora,fever,all,8,up_proj,10,0.999889075756073
stacked_lora,fever,all,8,up_proj,11,0.9999520182609558
stacked_lora,fever,all,8,up_proj,12,0.9998676776885986
stacked_lora,fever,all,8,up_proj,13,0.9867889881134033
stacked_lora,fever,all,8,up_proj,14,0.9867711067199707
stacked_lora,fever,all,8,up_proj,15,0.9998193979263306
stacked_lora,fever,all,8,up_proj,16,0.9998446702957153
stacked_lora,fever,all,8,up_proj,17,0.9999449253082275
stacked_lora,fever,all,8,up_proj,18,0.9999014735221863
stacked_lora,fever,all,8,up_proj,19,0.9998456835746765
stacked_lora,fever,all,8,up_proj,20,0.9996321201324463
stacked_lora,fever,all,8,up_proj,21,0.9996418356895447
stacked_lora,fever,all,8,up_proj,22,0.9998427033424377
stacked_lora,fever,all,8,up_proj,23,0.9936037659645081
stacked_lora,fever,all,8,up_proj,24,0.9935195446014404
stacked_lora,fever,all,8,up_proj,25,0.9990583062171936
stacked_lora,fever,all,8,up_proj,26,0.9988245964050293
stacked_lora,fever,all,8,up_proj,27,0.9991798400878906
stacked_lora,fever,all,8,up_proj,28,0.9994599223136902
stacked_lora,fever,all,8,up_proj,29,0.9997159838676453
stacked_lora,fever,all,8,up_proj,30,0.9996933341026306
stacked_lora,fever,all,8,up_proj,31,0.9984984397888184
stacked_lora,fever,all,8,up_proj,32,0.9981041550636292
stacked_lora,fever,all,8,up_proj,33,0.9982101321220398
stacked_lora,fever,all,8,up_proj,34,0.998302698135376
stacked_lora,fever,all,8,up_proj,35,0.9996568560600281
stacked_lora,fever,all,8,up_proj,36,0.9983582496643066
stacked_lora,fever,all,8,up_proj,37,0.9954352974891663
stacked_lora,fever,all,8,up_proj,38,0.9965008497238159
stacked_lora,fever,all,8,up_proj,39,0.9865731000900269
stacked_lora,fever,all,8,up_proj,40,0.9865560531616211
stacked_lora,fever,all,8,up_proj,41,0.9996954202651978
stacked_lora,fever,all,8,up_proj,42,0.9994521141052246
stacked_lora,fever,all,8,up_proj,43,0.999492347240448
stacked_lora,fever,all,8,up_proj,44,0.9992131590843201
stacked_lora,fever,all,8,up_proj,45,0.9996111392974854
stacked_lora,fever,all,8,up_proj,46,0.9993228316307068
stacked_lora,fever,all,8,up_proj,47,0.9991865754127502
stacked_lora,fever,all,8,up_proj,48,0.9993231296539307
stacked_lora,fever,all,8,up_proj,49,0.9975754022598267
stacked_lora,fever,all,8,up_proj,50,0.9975168108940125
stacked_lora,fever,all,8,down_proj,1,0.9999995231628418
stacked_lora,fever,all,8,down_proj,2,0.9999992251396179
stacked_lora,fever,all,8,down_proj,3,0.9999980926513672
stacked_lora,fever,all,8,down_proj,4,0.9999970197677612
stacked_lora,fever,all,8,down_proj,5,0.9999958872795105
stacked_lora,fever,all,8,down_proj,6,0.9999982118606567
stacked_lora,fever,all,8,down_proj,7,0.9999977350234985
stacked_lora,fever,all,8,down_proj,8,0.9999901652336121
stacked_lora,fever,all,8,down_proj,9,0.9999846816062927
stacked_lora,fever,all,8,down_proj,10,0.9999885559082031
stacked_lora,fever,all,8,down_proj,11,0.9999721050262451
stacked_lora,fever,all,8,down_proj,12,0.9999681115150452
stacked_lora,fever,all,8,down_proj,13,0.9999834895133972
stacked_lora,fever,all,8,down_proj,14,0.9999799132347107
stacked_lora,fever,all,8,down_proj,15,0.9999802112579346
stacked_lora,fever,all,8,down_proj,16,0.9999707341194153
stacked_lora,fever,all,8,down_proj,17,0.999971330165863
stacked_lora,fever,all,8,down_proj,18,0.9999397397041321
stacked_lora,fever,all,8,down_proj,19,0.9976592063903809
stacked_lora,fever,all,8,down_proj,20,0.9976397156715393
stacked_lora,fever,all,8,down_proj,21,0.999960720539093
stacked_lora,fever,all,8,down_proj,22,0.999987006187439
stacked_lora,fever,all,8,down_proj,23,0.9999673366546631
stacked_lora,fever,all,8,down_proj,24,0.9999854564666748
stacked_lora,fever,all,8,down_proj,25,0.9999858140945435
stacked_lora,fever,all,8,down_proj,26,0.9998148679733276
stacked_lora,fever,all,8,down_proj,27,0.9998015761375427
stacked_lora,fever,all,8,down_proj,28,0.9999572038650513
stacked_lora,fever,all,8,down_proj,29,0.9999694228172302
stacked_lora,fever,all,8,down_proj,30,0.9997996091842651
stacked_lora,fever,all,8,down_proj,31,0.9997993111610413
stacked_lora,fever,all,8,down_proj,32,0.9999321699142456
stacked_lora,fever,all,8,down_proj,33,0.9996247291564941
stacked_lora,fever,all,8,down_proj,34,0.9996875524520874
stacked_lora,fever,all,8,down_proj,35,0.9999399185180664
stacked_lora,fever,all,8,down_proj,36,0.9999375343322754
stacked_lora,fever,all,8,down_proj,37,0.9999759197235107
stacked_lora,fever,all,8,down_proj,38,0.9999276995658875
stacked_lora,fever,all,8,down_proj,39,0.9998319745063782
stacked_lora,fever,all,8,down_proj,40,0.9998565316200256
stacked_lora,fever,all,8,down_proj,41,0.999839186668396
stacked_lora,fever,all,8,down_proj,42,0.999825119972229
stacked_lora,fever,all,8,down_proj,43,0.9999464154243469
stacked_lora,fever,all,8,down_proj,44,0.9999231696128845
stacked_lora,fever,all,8,down_proj,45,0.9998828172683716
stacked_lora,fever,all,8,down_proj,46,0.9999322295188904
stacked_lora,fever,all,8,down_proj,47,0.9997982978820801
stacked_lora,fever,all,8,down_proj,48,0.9998349547386169
stacked_lora,fever,all,8,down_proj,49,0.9998414516448975
stacked_lora,fever,all,8,down_proj,50,0.9998990297317505
stacked_lora,fever,all,15,q_proj,1,1.0000001192092896
stacked_lora,fever,all,15,q_proj,2,0.9999986290931702
stacked_lora,fever,all,15,q_proj,3,0.9999982118606567
stacked_lora,fever,all,15,q_proj,4,0.999996542930603
stacked_lora,fever,all,15,q_proj,5,0.9999921321868896
stacked_lora,fever,all,15,q_proj,6,0.999993622303009
stacked_lora,fever,all,15,q_proj,7,0.9999889135360718
stacked_lora,fever,all,15,q_proj,8,0.9999914765357971
stacked_lora,fever,all,15,q_proj,9,0.9999802112579346
stacked_lora,fever,all,15,q_proj,10,0.9999833106994629
stacked_lora,fever,all,15,q_proj,11,0.9999926686286926
stacked_lora,fever,all,15,q_proj,12,0.9999905824661255
stacked_lora,fever,all,15,q_proj,13,0.999995231628418
stacked_lora,fever,all,15,q_proj,14,0.9999930262565613
stacked_lora,fever,all,15,q_proj,15,0.9999891519546509
stacked_lora,fever,all,15,q_proj,16,0.9999955296516418
stacked_lora,fever,all,15,q_proj,17,0.9999933838844299
stacked_lora,fever,all,15,q_proj,18,0.9999889135360718
stacked_lora,fever,all,15,q_proj,19,0.9999880790710449
stacked_lora,fever,all,15,q_proj,20,0.9999950528144836
stacked_lora,fever,all,15,q_proj,21,0.9999740123748779
stacked_lora,fever,all,15,q_proj,22,0.9999920725822449
stacked_lora,fever,all,15,q_proj,23,0.999976634979248
stacked_lora,fever,all,15,q_proj,24,0.9999948143959045
stacked_lora,fever,all,15,q_proj,25,0.9999926090240479
stacked_lora,fever,all,15,q_proj,26,0.9999967217445374
stacked_lora,fever,all,15,q_proj,27,0.9999842643737793
stacked_lora,fever,all,15,q_proj,28,0.9999805092811584
stacked_lora,fever,all,15,q_proj,29,0.9999945759773254
stacked_lora,fever,all,15,q_proj,30,0.9999902844429016
stacked_lora,fever,all,15,q_proj,31,0.9999953508377075
stacked_lora,fever,all,15,q_proj,32,0.999994158744812
stacked_lora,fever,all,15,q_proj,33,0.9999949932098389
stacked_lora,fever,all,15,q_proj,34,0.9999979138374329
stacked_lora,fever,all,15,q_proj,35,0.999991774559021
stacked_lora,fever,all,15,q_proj,36,0.999968945980072
stacked_lora,fever,all,15,q_proj,37,0.9999685287475586
stacked_lora,fever,all,15,q_proj,38,0.9999920129776001
stacked_lora,fever,all,15,q_proj,39,0.9999806880950928
stacked_lora,fever,all,15,q_proj,40,0.9999681115150452
stacked_lora,fever,all,15,q_proj,41,0.9998658895492554
stacked_lora,fever,all,15,q_proj,42,0.9998881816864014
stacked_lora,fever,all,15,q_proj,43,0.9999870657920837
stacked_lora,fever,all,15,q_proj,44,0.9999874234199524
stacked_lora,fever,all,15,q_proj,45,0.9999858736991882
stacked_lora,fever,all,15,q_proj,46,0.9999884963035583
stacked_lora,fever,all,15,q_proj,47,0.9999796152114868
stacked_lora,fever,all,15,q_proj,48,0.9999626278877258
stacked_lora,fever,all,15,q_proj,49,0.9999622702598572
stacked_lora,fever,all,15,q_proj,50,0.9999172687530518
stacked_lora,fever,all,15,v_proj,1,0.9999816417694092
stacked_lora,fever,all,15,v_proj,2,0.9999377131462097
stacked_lora,fever,all,15,v_proj,3,0.9999459385871887
stacked_lora,fever,all,15,v_proj,4,0.9999885559082031
stacked_lora,fever,all,15,v_proj,5,0.9999753832817078
stacked_lora,fever,all,15,v_proj,6,0.999977707862854
stacked_lora,fever,all,15,v_proj,7,0.9999905228614807
stacked_lora,fever,all,15,v_proj,8,0.9999906420707703
stacked_lora,fever,all,15,v_proj,9,0.9999885559082031
stacked_lora,fever,all,15,v_proj,10,0.9999080896377563
stacked_lora,fever,all,15,v_proj,11,0.9999262094497681
stacked_lora,fever,all,15,v_proj,12,0.9999737739562988
stacked_lora,fever,all,15,v_proj,13,0.9999738335609436
stacked_lora,fever,all,15,v_proj,14,0.9999579787254333
stacked_lora,fever,all,15,v_proj,15,0.9993375539779663
stacked_lora,fever,all,15,v_proj,16,0.9993559122085571
stacked_lora,fever,all,15,v_proj,17,0.9999759197235107
stacked_lora,fever,all,15,v_proj,18,0.9998961091041565
stacked_lora,fever,all,15,v_proj,19,0.9998871088027954
stacked_lora,fever,all,15,v_proj,20,0.9999359846115112
stacked_lora,fever,all,15,v_proj,21,0.9998795390129089
stacked_lora,fever,all,15,v_proj,22,0.9999253749847412
stacked_lora,fever,all,15,v_proj,23,0.9999721050262451
stacked_lora,fever,all,15,v_proj,24,0.9999687671661377
stacked_lora,fever,all,15,v_proj,25,0.9999133944511414
stacked_lora,fever,all,15,v_proj,26,0.999908447265625
stacked_lora,fever,all,15,v_proj,27,0.9998918771743774
stacked_lora,fever,all,15,v_proj,28,0.9999333620071411
stacked_lora,fever,all,15,v_proj,29,0.9999295473098755
stacked_lora,fever,all,15,v_proj,30,0.9999237656593323
stacked_lora,fever,all,15,v_proj,31,0.9999674558639526
stacked_lora,fever,all,15,v_proj,32,0.9999534487724304
stacked_lora,fever,all,15,v_proj,33,0.9992066025733948
stacked_lora,fever,all,15,v_proj,34,0.9994813203811646
stacked_lora,fever,all,15,v_proj,35,0.999671220779419
stacked_lora,fever,all,15,v_proj,36,0.99955153465271
stacked_lora,fever,all,15,v_proj,37,0.9995765686035156
stacked_lora,fever,all,15,v_proj,38,0.9999470114707947
stacked_lora,fever,all,15,v_proj,39,0.9998199343681335
stacked_lora,fever,all,15,v_proj,40,0.9998184442520142
stacked_lora,fever,all,15,v_proj,41,0.9999473094940186
stacked_lora,fever,all,15,v_proj,42,0.999935507774353
stacked_lora,fever,all,15,v_proj,43,0.9999398589134216
stacked_lora,fever,all,15,v_proj,44,0.9999574422836304
stacked_lora,fever,all,15,v_proj,45,0.9998490810394287
stacked_lora,fever,all,15,v_proj,46,0.9998127222061157
stacked_lora,fever,all,15,v_proj,47,0.9997799396514893
stacked_lora,fever,all,15,v_proj,48,0.9998313784599304
stacked_lora,fever,all,15,v_proj,49,0.9999153017997742
stacked_lora,fever,all,15,v_proj,50,0.999946117401123
stacked_lora,fever,all,15,up_proj,1,0.9999986290931702
stacked_lora,fever,all,15,up_proj,2,0.999999463558197
stacked_lora,fever,all,15,up_proj,3,0.9999984502792358
stacked_lora,fever,all,15,up_proj,4,0.9999960064888
stacked_lora,fever,all,15,up_proj,5,0.9999949336051941
stacked_lora,fever,all,15,up_proj,6,0.999991774559021
stacked_lora,fever,all,15,up_proj,7,0.999991774559021
stacked_lora,fever,all,15,up_proj,8,0.9999961853027344
stacked_lora,fever,all,15,up_proj,9,0.9999964237213135
stacked_lora,fever,all,15,up_proj,10,0.999995231628418
stacked_lora,fever,all,15,up_proj,11,0.9999904632568359
stacked_lora,fever,all,15,up_proj,12,0.9999793171882629
stacked_lora,fever,all,15,up_proj,13,0.9999832510948181
stacked_lora,fever,all,15,up_proj,14,0.9999931454658508
stacked_lora,fever,all,15,up_proj,15,0.9999875426292419
stacked_lora,fever,all,15,up_proj,16,0.999984622001648
stacked_lora,fever,all,15,up_proj,17,0.999992847442627
stacked_lora,fever,all,15,up_proj,18,0.9999891519546509
stacked_lora,fever,all,15,up_proj,19,0.9999760389328003
stacked_lora,fever,all,15,up_proj,20,0.9999774694442749
stacked_lora,fever,all,15,up_proj,21,0.9999911785125732
stacked_lora,fever,all,15,up_proj,22,0.9999895691871643
stacked_lora,fever,all,15,up_proj,23,0.9999858736991882
stacked_lora,fever,all,15,up_proj,24,0.9999672770500183
stacked_lora,fever,all,15,up_proj,25,0.999962568283081
stacked_lora,fever,all,15,up_proj,26,0.9999733567237854
stacked_lora,fever,all,15,up_proj,27,0.9999664425849915
stacked_lora,fever,all,15,up_proj,28,0.9999739527702332
stacked_lora,fever,all,15,up_proj,29,0.9999862313270569
stacked_lora,fever,all,15,up_proj,30,0.9999802112579346
stacked_lora,fever,all,15,up_proj,31,0.9999833106994629
stacked_lora,fever,all,15,up_proj,32,0.999978244304657
stacked_lora,fever,all,15,up_proj,33,0.9999767541885376
stacked_lora,fever,all,15,up_proj,34,0.9999684691429138
stacked_lora,fever,all,15,up_proj,35,0.9999591112136841
stacked_lora,fever,all,15,up_proj,36,0.9998282790184021
stacked_lora,fever,all,15,up_proj,37,0.9997493624687195
stacked_lora,fever,all,15,up_proj,38,0.9998570084571838
stacked_lora,fever,all,15,up_proj,39,0.9997391104698181
stacked_lora,fever,all,15,up_proj,40,0.999725878238678
stacked_lora,fever,all,15,up_proj,41,0.9999244809150696
stacked_lora,fever,all,15,up_proj,42,0.9998513460159302
stacked_lora,fever,all,15,up_proj,43,0.9998820424079895
stacked_lora,fever,all,15,up_proj,44,0.9997890591621399
stacked_lora,fever,all,15,up_proj,45,0.9996949434280396
stacked_lora,fever,all,15,up_proj,46,0.9998563528060913
stacked_lora,fever,all,15,up_proj,47,0.9998553991317749
stacked_lora,fever,all,15,up_proj,48,0.9998322129249573
stacked_lora,fever,all,15,up_proj,49,0.9999447464942932
stacked_lora,fever,all,15,up_proj,50,0.99991774559021
stacked_lora,fever,all,15,down_proj,1,1.0000003576278687
stacked_lora,fever,all,15,down_proj,2,1.0
stacked_lora,fever,all,15,down_proj,3,0.9999992251396179
stacked_lora,fever,all,15,down_proj,4,0.9999975562095642
stacked_lora,fever,all,15,down_proj,5,0.9999988675117493
stacked_lora,fever,all,15,down_proj,6,0.999997079372406
stacked_lora,fever,all,15,down_proj,7,0.999986469745636
stacked_lora,fever,all,15,down_proj,8,0.9999850988388062
stacked_lora,fever,all,15,down_proj,9,0.9999504089355469
stacked_lora,fever,all,15,down_proj,10,0.9999533295631409
stacked_lora,fever,all,15,down_proj,11,0.9999892711639404
stacked_lora,fever,all,15,down_proj,12,0.9999908804893494
stacked_lora,fever,all,15,down_proj,13,0.9997502565383911
stacked_lora,fever,all,15,down_proj,14,0.9997486472129822
stacked_lora,fever,all,15,down_proj,15,0.9999874234199524
stacked_lora,fever,all,15,down_proj,16,0.999948263168335
stacked_lora,fever,all,15,down_proj,17,0.9998503923416138
stacked_lora,fever,all,15,down_proj,18,0.999871015548706
stacked_lora,fever,all,15,down_proj,19,0.9999573826789856
stacked_lora,fever,all,15,down_proj,20,0.999983549118042
stacked_lora,fever,all,15,down_proj,21,0.9999861717224121
stacked_lora,fever,all,15,down_proj,22,0.9999505281448364
stacked_lora,fever,all,15,down_proj,23,0.9999581575393677
stacked_lora,fever,all,15,down_proj,24,0.9998572468757629
stacked_lora,fever,all,15,down_proj,25,0.9999001622200012
stacked_lora,fever,all,15,down_proj,26,0.9999744892120361
stacked_lora,fever,all,15,down_proj,27,0.9999830722808838
stacked_lora,fever,all,15,down_proj,28,0.9999618530273438
stacked_lora,fever,all,15,down_proj,29,0.9999561905860901
stacked_lora,fever,all,15,down_proj,30,0.9999330043792725
stacked_lora,fever,all,15,down_proj,31,0.9999150633811951
stacked_lora,fever,all,15,down_proj,32,0.9999356865882874
stacked_lora,fever,all,15,down_proj,33,0.9999709725379944
stacked_lora,fever,all,15,down_proj,34,0.999922513961792
stacked_lora,fever,all,15,down_proj,35,0.9998440742492676
stacked_lora,fever,all,15,down_proj,36,0.9997679591178894
stacked_lora,fever,all,15,down_proj,37,0.9996601343154907
stacked_lora,fever,all,15,down_proj,38,0.9999236464500427
stacked_lora,fever,all,15,down_proj,39,0.9997512102127075
stacked_lora,fever,all,15,down_proj,40,0.9971162676811218
stacked_lora,fever,all,15,down_proj,41,0.9971414804458618
stacked_lora,fever,all,15,down_proj,42,0.9999089241027832
stacked_lora,fever,all,15,down_proj,43,0.9998424649238586
stacked_lora,fever,all,15,down_proj,44,0.9999558329582214
stacked_lora,fever,all,15,down_proj,45,0.9999627470970154
stacked_lora,fever,all,15,down_proj,46,0.9999454021453857
stacked_lora,fever,all,15,down_proj,47,0.9999107122421265
stacked_lora,fever,all,15,down_proj,48,0.9998453855514526
stacked_lora,fever,all,15,down_proj,49,0.999872624874115
stacked_lora,fever,all,15,down_proj,50,0.9998964071273804
stacked_lora,mnli,all,0,q_proj,1,1.0
stacked_lora,mnli,all,0,q_proj,2,1.0000009536743164
stacked_lora,mnli,all,0,q_proj,3,0.9999997019767761
stacked_lora,mnli,all,0,q_proj,4,0.9999989867210388
stacked_lora,mnli,all,0,q_proj,5,0.9999989867210388
stacked_lora,mnli,all,0,q_proj,6,0.9999995827674866
stacked_lora,mnli,all,0,q_proj,7,0.9999999403953552
stacked_lora,mnli,all,0,q_proj,8,0.9999996423721313
stacked_lora,mnli,all,0,q_proj,9,1.0000004768371582
stacked_lora,mnli,all,0,q_proj,10,0.9999998807907104
stacked_lora,mnli,all,0,q_proj,11,0.9999996423721313
stacked_lora,mnli,all,0,q_proj,12,1.000000238418579
stacked_lora,mnli,all,0,q_proj,13,0.9999998211860657
stacked_lora,mnli,all,0,q_proj,14,0.9999991655349731
stacked_lora,mnli,all,0,q_proj,15,0.9999781250953674
stacked_lora,mnli,all,0,q_proj,16,0.9999775290489197
stacked_lora,mnli,all,0,q_proj,17,0.9999994039535522
stacked_lora,mnli,all,0,q_proj,18,0.9999993443489075
stacked_lora,mnli,all,0,q_proj,19,0.9999992847442627
stacked_lora,mnli,all,0,q_proj,20,0.9999995231628418
stacked_lora,mnli,all,0,q_proj,21,0.999993085861206
stacked_lora,mnli,all,0,q_proj,22,0.9999916553497314
stacked_lora,mnli,all,0,q_proj,23,0.9999961256980896
stacked_lora,mnli,all,0,q_proj,24,0.9999994039535522
stacked_lora,mnli,all,0,q_proj,25,0.9999988675117493
stacked_lora,mnli,all,0,q_proj,26,0.9999986886978149
stacked_lora,mnli,all,0,q_proj,27,0.9999992847442627
stacked_lora,mnli,all,0,q_proj,28,0.9999980330467224
stacked_lora,mnli,all,0,q_proj,29,0.9999988675117493
stacked_lora,mnli,all,0,q_proj,30,0.9999899864196777
stacked_lora,mnli,all,0,q_proj,31,0.9999917149543762
stacked_lora,mnli,all,0,q_proj,32,0.9999983906745911
stacked_lora,mnli,all,0,q_proj,33,0.9999980330467224
stacked_lora,mnli,all,0,q_proj,34,0.9999984502792358
stacked_lora,mnli,all,0,q_proj,35,0.9999963045120239
stacked_lora,mnli,all,0,q_proj,36,0.9999908804893494
stacked_lora,mnli,all,0,q_proj,37,0.9999901652336121
stacked_lora,mnli,all,0,q_proj,38,0.9999875426292419
stacked_lora,mnli,all,0,q_proj,39,0.999988317489624
stacked_lora,mnli,all,0,q_proj,40,0.9999961256980896
stacked_lora,mnli,all,0,q_proj,41,0.9999943375587463
stacked_lora,mnli,all,0,q_proj,42,0.999944806098938
stacked_lora,mnli,all,0,q_proj,43,0.9999396800994873
stacked_lora,mnli,all,0,q_proj,44,0.9999985098838806
stacked_lora,mnli,all,0,q_proj,45,0.9999973177909851
stacked_lora,mnli,all,0,q_proj,46,0.999997615814209
stacked_lora,mnli,all,0,q_proj,47,0.9999967217445374
stacked_lora,mnli,all,0,q_proj,48,0.9999953508377075
stacked_lora,mnli,all,0,q_proj,49,0.9999950528144836
stacked_lora,mnli,all,0,q_proj,50,0.9999954700469971
stacked_lora,mnli,all,0,v_proj,1,0.9999955296516418
stacked_lora,mnli,all,0,v_proj,2,0.9999313354492188
stacked_lora,mnli,all,0,v_proj,3,0.9999037981033325
stacked_lora,mnli,all,0,v_proj,4,0.999951183795929
stacked_lora,mnli,all,0,v_proj,5,0.9999805688858032
stacked_lora,mnli,all,0,v_proj,6,0.9999284744262695
stacked_lora,mnli,all,0,v_proj,7,0.999946117401123
stacked_lora,mnli,all,0,v_proj,8,0.9999114274978638
stacked_lora,mnli,all,0,v_proj,9,0.9999686479568481
stacked_lora,mnli,all,0,v_proj,10,0.9998356103897095
stacked_lora,mnli,all,0,v_proj,11,0.999713659286499
stacked_lora,mnli,all,0,v_proj,12,0.9998205304145813
stacked_lora,mnli,all,0,v_proj,13,0.9999575018882751
stacked_lora,mnli,all,0,v_proj,14,0.9999389052391052
stacked_lora,mnli,all,0,v_proj,15,0.9999380707740784
stacked_lora,mnli,all,0,v_proj,16,0.9999474883079529
stacked_lora,mnli,all,0,v_proj,17,0.9998657703399658
stacked_lora,mnli,all,0,v_proj,18,0.9997817277908325
stacked_lora,mnli,all,0,v_proj,19,0.9998606443405151
stacked_lora,mnli,all,0,v_proj,20,0.9998636245727539
stacked_lora,mnli,all,0,v_proj,21,0.9997994303703308
stacked_lora,mnli,all,0,v_proj,22,0.9994220733642578
stacked_lora,mnli,all,0,v_proj,23,0.9994722604751587
stacked_lora,mnli,all,0,v_proj,24,0.999049186706543
stacked_lora,mnli,all,0,v_proj,25,0.9993863105773926
stacked_lora,mnli,all,0,v_proj,26,0.9997401237487793
stacked_lora,mnli,all,0,v_proj,27,0.9996654987335205
stacked_lora,mnli,all,0,v_proj,28,0.9996248483657837
stacked_lora,mnli,all,0,v_proj,29,0.9998293519020081
stacked_lora,mnli,all,0,v_proj,30,0.9984312653541565
stacked_lora,mnli,all,0,v_proj,31,0.9953790903091431
stacked_lora,mnli,all,0,v_proj,32,0.9951913356781006
stacked_lora,mnli,all,0,v_proj,33,0.9987765550613403
stacked_lora,mnli,all,0,v_proj,34,0.9997897148132324
stacked_lora,mnli,all,0,v_proj,35,0.9995540976524353
stacked_lora,mnli,all,0,v_proj,36,0.9993593692779541
stacked_lora,mnli,all,0,v_proj,37,0.9996961355209351
stacked_lora,mnli,all,0,v_proj,38,0.999089241027832
stacked_lora,mnli,all,0,v_proj,39,0.9988361597061157
stacked_lora,mnli,all,0,v_proj,40,0.9967435598373413
stacked_lora,mnli,all,0,v_proj,41,0.9965337514877319
stacked_lora,mnli,all,0,v_proj,42,0.9981417655944824
stacked_lora,mnli,all,0,v_proj,43,0.9993353486061096
stacked_lora,mnli,all,0,v_proj,44,0.998557448387146
stacked_lora,mnli,all,0,v_proj,45,0.9986011981964111
stacked_lora,mnli,all,0,v_proj,46,0.993058443069458
stacked_lora,mnli,all,0,v_proj,47,0.9930682182312012
stacked_lora,mnli,all,0,v_proj,48,0.9983200430870056
stacked_lora,mnli,all,0,v_proj,49,0.9975228309631348
stacked_lora,mnli,all,0,v_proj,50,0.9988342523574829
stacked_lora,mnli,all,0,up_proj,1,0.9999991059303284
stacked_lora,mnli,all,0,up_proj,2,0.9999986886978149
stacked_lora,mnli,all,0,up_proj,3,0.9999966621398926
stacked_lora,mnli,all,0,up_proj,4,0.9999967217445374
stacked_lora,mnli,all,0,up_proj,5,0.999997615814209
stacked_lora,mnli,all,0,up_proj,6,0.999976634979248
stacked_lora,mnli,all,0,up_proj,7,0.9999753832817078
stacked_lora,mnli,all,0,up_proj,8,0.9999866485595703
stacked_lora,mnli,all,0,up_proj,9,0.9999732375144958
stacked_lora,mnli,all,0,up_proj,10,0.9999753832817078
stacked_lora,mnli,all,0,up_proj,11,0.9997620582580566
stacked_lora,mnli,all,0,up_proj,12,0.9997757077217102
stacked_lora,mnli,all,0,up_proj,13,0.9999493360519409
stacked_lora,mnli,all,0,up_proj,14,0.9998747706413269
stacked_lora,mnli,all,0,up_proj,15,0.9999074935913086
stacked_lora,mnli,all,0,up_proj,16,0.9999881982803345
stacked_lora,mnli,all,0,up_proj,17,0.9999632239341736
stacked_lora,mnli,all,0,up_proj,18,0.9999632239341736
stacked_lora,mnli,all,0,up_proj,19,0.9999933242797852
stacked_lora,mnli,all,0,up_proj,20,0.9999820590019226
stacked_lora,mnli,all,0,up_proj,21,0.9999573826789856
stacked_lora,mnli,all,0,up_proj,22,0.9999570846557617
stacked_lora,mnli,all,0,up_proj,23,0.9999833703041077
stacked_lora,mnli,all,0,up_proj,24,0.9999812245368958
stacked_lora,mnli,all,0,up_proj,25,0.9999906420707703
stacked_lora,mnli,all,0,up_proj,26,0.9995842576026917
stacked_lora,mnli,all,0,up_proj,27,0.9995514154434204
stacked_lora,mnli,all,0,up_proj,28,0.9999452233314514
stacked_lora,mnli,all,0,up_proj,29,0.9999744892120361
stacked_lora,mnli,all,0,up_proj,30,0.9999808669090271
stacked_lora,mnli,all,0,up_proj,31,0.9999765753746033
stacked_lora,mnli,all,0,up_proj,32,0.9999569654464722
stacked_lora,mnli,all,0,up_proj,33,0.9999625086784363
stacked_lora,mnli,all,0,up_proj,34,0.9999921917915344
stacked_lora,mnli,all,0,up_proj,35,0.9999934434890747
stacked_lora,mnli,all,0,up_proj,36,0.9999722242355347
stacked_lora,mnli,all,0,up_proj,37,0.999910295009613
stacked_lora,mnli,all,0,up_proj,38,0.9998881220817566
stacked_lora,mnli,all,0,up_proj,39,0.9999369382858276
stacked_lora,mnli,all,0,up_proj,40,0.9999475479125977
stacked_lora,mnli,all,0,up_proj,41,0.99992436170578
stacked_lora,mnli,all,0,up_proj,42,0.999945342540741
stacked_lora,mnli,all,0,up_proj,43,0.9999269247055054
stacked_lora,mnli,all,0,up_proj,44,0.9999791979789734
stacked_lora,mnli,all,0,up_proj,45,0.9999628067016602
stacked_lora,mnli,all,0,up_proj,46,0.9999326467514038
stacked_lora,mnli,all,0,up_proj,47,0.9999420642852783
stacked_lora,mnli,all,0,up_proj,48,0.9996525645256042
stacked_lora,mnli,all,0,up_proj,49,0.9998844861984253
stacked_lora,mnli,all,0,up_proj,50,0.9995830059051514
stacked_lora,mnli,all,0,down_proj,1,1.000000238418579
stacked_lora,mnli,all,0,down_proj,2,0.9999996423721313
stacked_lora,mnli,all,0,down_proj,3,0.9999994039535522
stacked_lora,mnli,all,0,down_proj,4,0.9999997019767761
stacked_lora,mnli,all,0,down_proj,5,0.9999988079071045
stacked_lora,mnli,all,0,down_proj,6,0.9999992847442627
stacked_lora,mnli,all,0,down_proj,7,0.9999974966049194
stacked_lora,mnli,all,0,down_proj,8,0.9999995827674866
stacked_lora,mnli,all,0,down_proj,9,0.9999946355819702
stacked_lora,mnli,all,0,down_proj,10,0.9999952912330627
stacked_lora,mnli,all,0,down_proj,11,0.9999990463256836
stacked_lora,mnli,all,0,down_proj,12,0.9999879598617554
stacked_lora,mnli,all,0,down_proj,13,0.9999911189079285
stacked_lora,mnli,all,0,down_proj,14,0.999998152256012
stacked_lora,mnli,all,0,down_proj,15,0.9999945163726807
stacked_lora,mnli,all,0,down_proj,16,0.9999942183494568
stacked_lora,mnli,all,0,down_proj,17,0.9999946355819702
stacked_lora,mnli,all,0,down_proj,18,0.9999972581863403
stacked_lora,mnli,all,0,down_proj,19,0.9999932646751404
stacked_lora,mnli,all,0,down_proj,20,0.9541672468185425
stacked_lora,mnli,all,0,down_proj,21,0.9541592001914978
stacked_lora,mnli,all,0,down_proj,22,0.9998983144760132
stacked_lora,mnli,all,0,down_proj,23,0.9998952746391296
stacked_lora,mnli,all,0,down_proj,24,0.9999905228614807
stacked_lora,mnli,all,0,down_proj,25,0.9999732971191406
stacked_lora,mnli,all,0,down_proj,26,0.999970555305481
stacked_lora,mnli,all,0,down_proj,27,0.9999402761459351
stacked_lora,mnli,all,0,down_proj,28,0.9999852776527405
stacked_lora,mnli,all,0,down_proj,29,0.9999244809150696
stacked_lora,mnli,all,0,down_proj,30,0.9999784231185913
stacked_lora,mnli,all,0,down_proj,31,0.9999879598617554
stacked_lora,mnli,all,0,down_proj,32,0.9999707937240601
stacked_lora,mnli,all,0,down_proj,33,0.9999778866767883
stacked_lora,mnli,all,0,down_proj,34,0.9999802112579346
stacked_lora,mnli,all,0,down_proj,35,0.9999956488609314
stacked_lora,mnli,all,0,down_proj,36,0.9997268319129944
stacked_lora,mnli,all,0,down_proj,37,0.9997031688690186
stacked_lora,mnli,all,0,down_proj,38,0.9999102354049683
stacked_lora,mnli,all,0,down_proj,39,0.999938428401947
stacked_lora,mnli,all,0,down_proj,40,0.9996454119682312
stacked_lora,mnli,all,0,down_proj,41,0.9996838569641113
stacked_lora,mnli,all,0,down_proj,42,0.9998510479927063
stacked_lora,mnli,all,0,down_proj,43,0.9998664855957031
stacked_lora,mnli,all,0,down_proj,44,0.9999904632568359
stacked_lora,mnli,all,0,down_proj,45,0.9999812841415405
stacked_lora,mnli,all,0,down_proj,46,0.9999459981918335
stacked_lora,mnli,all,0,down_proj,47,0.9999879598617554
stacked_lora,mnli,all,0,down_proj,48,0.9999777674674988
stacked_lora,mnli,all,0,down_proj,49,0.9999586343765259
stacked_lora,mnli,all,0,down_proj,50,0.9985954761505127
stacked_lora,mnli,all,8,q_proj,1,0.9999986886978149
stacked_lora,mnli,all,8,q_proj,2,0.9999991655349731
stacked_lora,mnli,all,8,q_proj,3,0.9999992847442627
stacked_lora,mnli,all,8,q_proj,4,0.9999998807907104
stacked_lora,mnli,all,8,q_proj,5,0.9999997615814209
stacked_lora,mnli,all,8,q_proj,6,0.9999993443489075
stacked_lora,mnli,all,8,q_proj,7,0.9999958872795105
stacked_lora,mnli,all,8,q_proj,8,0.9999907612800598
stacked_lora,mnli,all,8,q_proj,9,0.9999942779541016
stacked_lora,mnli,all,8,q_proj,10,0.9999956488609314
stacked_lora,mnli,all,8,q_proj,11,0.9999987483024597
stacked_lora,mnli,all,8,q_proj,12,0.9999986290931702
stacked_lora,mnli,all,8,q_proj,13,0.9999889731407166
stacked_lora,mnli,all,8,q_proj,14,0.9999748468399048
stacked_lora,mnli,all,8,q_proj,15,0.999967098236084
stacked_lora,mnli,all,8,q_proj,16,0.9999797940254211
stacked_lora,mnli,all,8,q_proj,17,0.9999819993972778
stacked_lora,mnli,all,8,q_proj,18,0.9999922513961792
stacked_lora,mnli,all,8,q_proj,19,0.9999936819076538
stacked_lora,mnli,all,8,q_proj,20,0.999997615814209
stacked_lora,mnli,all,8,q_proj,21,0.9999958276748657
stacked_lora,mnli,all,8,q_proj,22,0.9999827742576599
stacked_lora,mnli,all,8,q_proj,23,0.9999882578849792
stacked_lora,mnli,all,8,q_proj,24,0.9999642372131348
stacked_lora,mnli,all,8,q_proj,25,0.999976634979248
stacked_lora,mnli,all,8,q_proj,26,0.9999983906745911
stacked_lora,mnli,all,8,q_proj,27,0.9999945759773254
stacked_lora,mnli,all,8,q_proj,28,0.9999809265136719
stacked_lora,mnli,all,8,q_proj,29,0.9999682307243347
stacked_lora,mnli,all,8,q_proj,30,0.9999940395355225
stacked_lora,mnli,all,8,q_proj,31,0.9999790191650391
stacked_lora,mnli,all,8,q_proj,32,0.9999814629554749
stacked_lora,mnli,all,8,q_proj,33,0.999988317489624
stacked_lora,mnli,all,8,q_proj,34,0.9999883770942688
stacked_lora,mnli,all,8,q_proj,35,0.9999940991401672
stacked_lora,mnli,all,8,q_proj,36,0.9999982118606567
stacked_lora,mnli,all,8,q_proj,37,0.9999861121177673
stacked_lora,mnli,all,8,q_proj,38,0.9999819397926331
stacked_lora,mnli,all,8,q_proj,39,0.9999812245368958
stacked_lora,mnli,all,8,q_proj,40,0.9999865889549255
stacked_lora,mnli,all,8,q_proj,41,0.9999847412109375
stacked_lora,mnli,all,8,q_proj,42,0.999976396560669
stacked_lora,mnli,all,8,q_proj,43,0.9999799132347107
stacked_lora,mnli,all,8,q_proj,44,0.9998910427093506
stacked_lora,mnli,all,8,q_proj,45,0.9998915195465088
stacked_lora,mnli,all,8,q_proj,46,0.9999926686286926
stacked_lora,mnli,all,8,q_proj,47,0.9999574422836304
stacked_lora,mnli,all,8,q_proj,48,0.9999626874923706
stacked_lora,mnli,all,8,q_proj,49,0.9999828338623047
stacked_lora,mnli,all,8,q_proj,50,0.9999838471412659
stacked_lora,mnli,all,8,v_proj,1,0.9999082684516907
stacked_lora,mnli,all,8,v_proj,2,0.9999120235443115
stacked_lora,mnli,all,8,v_proj,3,0.9998503923416138
stacked_lora,mnli,all,8,v_proj,4,0.9994746446609497
stacked_lora,mnli,all,8,v_proj,5,0.998542308807373
stacked_lora,mnli,all,8,v_proj,6,0.9988822340965271
stacked_lora,mnli,all,8,v_proj,7,0.9994966983795166
stacked_lora,mnli,all,8,v_proj,8,0.999269425868988
stacked_lora,mnli,all,8,v_proj,9,0.9996713995933533
stacked_lora,mnli,all,8,v_proj,10,0.9975881576538086
stacked_lora,mnli,all,8,v_proj,11,0.997830867767334
stacked_lora,mnli,all,8,v_proj,12,0.9995247721672058
stacked_lora,mnli,all,8,v_proj,13,0.9993571639060974
stacked_lora,mnli,all,8,v_proj,14,0.9996183514595032
stacked_lora,mnli,all,8,v_proj,15,0.9992035031318665
stacked_lora,mnli,all,8,v_proj,16,0.999687135219574
stacked_lora,mnli,all,8,v_proj,17,0.9997116923332214
stacked_lora,mnli,all,8,v_proj,18,0.9999569058418274
stacked_lora,mnli,all,8,v_proj,19,0.9997954964637756
stacked_lora,mnli,all,8,v_proj,20,0.9992390871047974
stacked_lora,mnli,all,8,v_proj,21,0.9992541074752808
stacked_lora,mnli,all,8,v_proj,22,0.9992179870605469
stacked_lora,mnli,all,8,v_proj,23,0.9996165633201599
stacked_lora,mnli,all,8,v_proj,24,0.999639093875885
stacked_lora,mnli,all,8,v_proj,25,0.9996569752693176
stacked_lora,mnli,all,8,v_proj,26,0.9986382126808167
stacked_lora,mnli,all,8,v_proj,27,0.996753454208374
stacked_lora,mnli,all,8,v_proj,28,0.9950284361839294
stacked_lora,mnli,all,8,v_proj,29,0.9969552755355835
stacked_lora,mnli,all,8,v_proj,30,0.9953581094741821
stacked_lora,mnli,all,8,v_proj,31,0.9985270500183105
stacked_lora,mnli,all,8,v_proj,32,0.9986962080001831
stacked_lora,mnli,all,8,v_proj,33,0.9997484683990479
stacked_lora,mnli,all,8,v_proj,34,0.9992304444313049
stacked_lora,mnli,all,8,v_proj,35,0.994256854057312
stacked_lora,mnli,all,8,v_proj,36,0.9941725134849548
stacked_lora,mnli,all,8,v_proj,37,0.9995599985122681
stacked_lora,mnli,all,8,v_proj,38,0.9993675351142883
stacked_lora,mnli,all,8,v_proj,39,0.9973528385162354
stacked_lora,mnli,all,8,v_proj,40,0.9969717264175415
stacked_lora,mnli,all,8,v_proj,41,0.9992950558662415
stacked_lora,mnli,all,8,v_proj,42,0.9992541670799255
stacked_lora,mnli,all,8,v_proj,43,0.9993903636932373
stacked_lora,mnli,all,8,v_proj,44,0.9991508722305298
stacked_lora,mnli,all,8,v_proj,45,0.9989286661148071
stacked_lora,mnli,all,8,v_proj,46,0.9972915649414062
stacked_lora,mnli,all,8,v_proj,47,0.9969879984855652
stacked_lora,mnli,all,8,v_proj,48,0.9991385340690613
stacked_lora,mnli,all,8,v_proj,49,0.967326283454895
stacked_lora,mnli,all,8,v_proj,50,0.968221127986908
stacked_lora,mnli,all,8,up_proj,1,0.9999986290931702
stacked_lora,mnli,all,8,up_proj,2,0.9999964237213135
stacked_lora,mnli,all,8,up_proj,3,0.9999938011169434
stacked_lora,mnli,all,8,up_proj,4,0.9999939203262329
stacked_lora,mnli,all,8,up_proj,5,0.9999843835830688
stacked_lora,mnli,all,8,up_proj,6,0.9999868273735046
stacked_lora,mnli,all,8,up_proj,7,0.9999932050704956
stacked_lora,mnli,all,8,up_proj,8,0.9999932646751404
stacked_lora,mnli,all,8,up_proj,9,0.9999868273735046
stacked_lora,mnli,all,8,up_proj,10,0.9999675154685974
stacked_lora,mnli,all,8,up_proj,11,0.9999793171882629
stacked_lora,mnli,all,8,up_proj,12,0.9999706745147705
stacked_lora,mnli,all,8,up_proj,13,0.9966253042221069
stacked_lora,mnli,all,8,up_proj,14,0.9966157674789429
stacked_lora,mnli,all,8,up_proj,15,0.9999727010726929
stacked_lora,mnli,all,8,up_proj,16,0.9999775886535645
stacked_lora,mnli,all,8,up_proj,17,0.999987781047821
stacked_lora,mnli,all,8,up_proj,18,0.9999847412109375
stacked_lora,mnli,all,8,up_proj,19,0.9999456405639648
stacked_lora,mnli,all,8,up_proj,20,0.9999194145202637
stacked_lora,mnli,all,8,up_proj,21,0.9999698400497437
stacked_lora,mnli,all,8,up_proj,22,0.999970555305481
stacked_lora,mnli,all,8,up_proj,23,0.9990296959877014
stacked_lora,mnli,all,8,up_proj,24,0.9990103244781494
stacked_lora,mnli,all,8,up_proj,25,0.9998798370361328
stacked_lora,mnli,all,8,up_proj,26,0.9998591542243958
stacked_lora,mnli,all,8,up_proj,27,0.9999751448631287
stacked_lora,mnli,all,8,up_proj,28,0.9999020099639893
stacked_lora,mnli,all,8,up_proj,29,0.9993466734886169
stacked_lora,mnli,all,8,up_proj,30,0.9993422031402588
stacked_lora,mnli,all,8,up_proj,31,0.999783992767334
stacked_lora,mnli,all,8,up_proj,32,0.9997299909591675
stacked_lora,mnli,all,8,up_proj,33,0.999894917011261
stacked_lora,mnli,all,8,up_proj,34,0.9999346733093262
stacked_lora,mnli,all,8,up_proj,35,0.9998495578765869
stacked_lora,mnli,all,8,up_proj,36,0.9998441934585571
stacked_lora,mnli,all,8,up_proj,37,0.9999369978904724
stacked_lora,mnli,all,8,up_proj,38,0.9999752640724182
stacked_lora,mnli,all,8,up_proj,39,0.9998091459274292
stacked_lora,mnli,all,8,up_proj,40,0.9998749494552612
stacked_lora,mnli,all,8,up_proj,41,0.9996322989463806
stacked_lora,mnli,all,8,up_proj,42,0.9994228482246399
stacked_lora,mnli,all,8,up_proj,43,0.9992049932479858
stacked_lora,mnli,all,8,up_proj,44,0.9995746612548828
stacked_lora,mnli,all,8,up_proj,45,0.9997291564941406
stacked_lora,mnli,all,8,up_proj,46,0.999757707118988
stacked_lora,mnli,all,8,up_proj,47,0.9998500347137451
stacked_lora,mnli,all,8,up_proj,48,0.9998442530632019
stacked_lora,mnli,all,8,up_proj,49,0.9998683929443359
stacked_lora,mnli,all,8,up_proj,50,0.9999123215675354
stacked_lora,mnli,all,8,down_proj,1,1.0000001192092896
stacked_lora,mnli,all,8,down_proj,2,0.9999998807907104
stacked_lora,mnli,all,8,down_proj,3,0.9999998807907104
stacked_lora,mnli,all,8,down_proj,4,0.9999997615814209
stacked_lora,mnli,all,8,down_proj,5,0.9999995827674866
stacked_lora,mnli,all,8,down_proj,6,0.999998927116394
stacked_lora,mnli,all,8,down_proj,7,0.9999992251396179
stacked_lora,mnli,all,8,down_proj,8,1.0
stacked_lora,mnli,all,8,down_proj,9,0.9999995827674866
stacked_lora,mnli,all,8,down_proj,10,0.999995768070221
stacked_lora,mnli,all,8,down_proj,11,0.9999979734420776
stacked_lora,mnli,all,8,down_proj,12,0.9999945163726807
stacked_lora,mnli,all,8,down_proj,13,0.9999998211860657
stacked_lora,mnli,all,8,down_proj,14,0.9999998807907104
stacked_lora,mnli,all,8,down_proj,15,0.9999989867210388
stacked_lora,mnli,all,8,down_proj,16,0.9999982118606567
stacked_lora,mnli,all,8,down_proj,17,0.9999969601631165
stacked_lora,mnli,all,8,down_proj,18,0.9999836087226868
stacked_lora,mnli,all,8,down_proj,19,0.9998948574066162
stacked_lora,mnli,all,8,down_proj,20,0.999893069267273
stacked_lora,mnli,all,8,down_proj,21,0.9999959468841553
stacked_lora,mnli,all,8,down_proj,22,0.9999582767486572
stacked_lora,mnli,all,8,down_proj,23,0.9999498128890991
stacked_lora,mnli,all,8,down_proj,24,0.9999852180480957
stacked_lora,mnli,all,8,down_proj,25,0.9999922513961792
stacked_lora,mnli,all,8,down_proj,26,0.9999716877937317
stacked_lora,mnli,all,8,down_proj,27,0.9999639987945557
stacked_lora,mnli,all,8,down_proj,28,0.999996542930603
stacked_lora,mnli,all,8,down_proj,29,0.9999978542327881
stacked_lora,mnli,all,8,down_proj,30,0.9999895691871643
stacked_lora,mnli,all,8,down_proj,31,0.9999908208847046
stacked_lora,mnli,all,8,down_proj,32,0.999994158744812
stacked_lora,mnli,all,8,down_proj,33,0.9999813437461853
stacked_lora,mnli,all,8,down_proj,34,0.9999874234199524
stacked_lora,mnli,all,8,down_proj,35,0.9999820590019226
stacked_lora,mnli,all,8,down_proj,36,0.9999746084213257
stacked_lora,mnli,all,8,down_proj,37,0.9999849200248718
stacked_lora,mnli,all,8,down_proj,38,0.999895453453064
stacked_lora,mnli,all,8,down_proj,39,0.9999077320098877
stacked_lora,mnli,all,8,down_proj,40,0.9999886155128479
stacked_lora,mnli,all,8,down_proj,41,0.9999499917030334
stacked_lora,mnli,all,8,down_proj,42,0.9999327063560486
stacked_lora,mnli,all,8,down_proj,43,0.9999637603759766
stacked_lora,mnli,all,8,down_proj,44,0.9999842643737793
stacked_lora,mnli,all,8,down_proj,45,0.9999845623970032
stacked_lora,mnli,all,8,down_proj,46,0.9999741315841675
stacked_lora,mnli,all,8,down_proj,47,0.9999921321868896
stacked_lora,mnli,all,8,down_proj,48,0.9999756813049316
stacked_lora,mnli,all,8,down_proj,49,0.9999786019325256
stacked_lora,mnli,all,8,down_proj,50,0.999946117401123
stacked_lora,mnli,all,15,q_proj,1,1.000000238418579
stacked_lora,mnli,all,15,q_proj,2,1.0000001192092896
stacked_lora,mnli,all,15,q_proj,3,0.9999998807907104
stacked_lora,mnli,all,15,q_proj,4,0.9999988675117493
stacked_lora,mnli,all,15,q_proj,5,0.9999987483024597
stacked_lora,mnli,all,15,q_proj,6,0.999999463558197
stacked_lora,mnli,all,15,q_proj,7,0.9999932646751404
stacked_lora,mnli,all,15,q_proj,8,0.9999929070472717
stacked_lora,mnli,all,15,q_proj,9,0.9999976754188538
stacked_lora,mnli,all,15,q_proj,10,0.9999978542327881
stacked_lora,mnli,all,15,q_proj,11,0.9999982714653015
stacked_lora,mnli,all,15,q_proj,12,0.9999991655349731
stacked_lora,mnli,all,15,q_proj,13,0.9999992251396179
stacked_lora,mnli,all,15,q_proj,14,0.9999992847442627
stacked_lora,mnli,all,15,q_proj,15,0.9999974966049194
stacked_lora,mnli,all,15,q_proj,16,0.9999991655349731
stacked_lora,mnli,all,15,q_proj,17,0.9999988675117493
stacked_lora,mnli,all,15,q_proj,18,0.999998927116394
stacked_lora,mnli,all,15,q_proj,19,0.9999940991401672
stacked_lora,mnli,all,15,q_proj,20,0.9999915361404419
stacked_lora,mnli,all,15,q_proj,21,0.999996542930603
stacked_lora,mnli,all,15,q_proj,22,0.9999874830245972
stacked_lora,mnli,all,15,q_proj,23,0.9999880790710449
stacked_lora,mnli,all,15,q_proj,24,0.9999998211860657
stacked_lora,mnli,all,15,q_proj,25,0.9999997019767761
stacked_lora,mnli,all,15,q_proj,26,0.9999990463256836
stacked_lora,mnli,all,15,q_proj,27,0.9999989867210388
stacked_lora,mnli,all,15,q_proj,28,0.9999956488609314
stacked_lora,mnli,all,15,q_proj,29,0.9999949336051941
stacked_lora,mnli,all,15,q_proj,30,0.9999991655349731
stacked_lora,mnli,all,15,q_proj,31,0.9999980330467224
stacked_lora,mnli,all,15,q_proj,32,0.9999983310699463
stacked_lora,mnli,all,15,q_proj,33,0.9999992847442627
stacked_lora,mnli,all,15,q_proj,34,0.999998927116394
stacked_lora,mnli,all,15,q_proj,35,0.9999986886978149
stacked_lora,mnli,all,15,q_proj,36,0.9999985694885254
stacked_lora,mnli,all,15,q_proj,37,0.9999967813491821
stacked_lora,mnli,all,15,q_proj,38,0.9999978542327881
stacked_lora,mnli,all,15,q_proj,39,0.9999906420707703
stacked_lora,mnli,all,15,q_proj,40,0.9999980926513672
stacked_lora,mnli,all,15,q_proj,41,0.9999563694000244
stacked_lora,mnli,all,15,q_proj,42,0.9999575018882751
stacked_lora,mnli,all,15,q_proj,43,0.999998152256012
stacked_lora,mnli,all,15,q_proj,44,0.9999986886978149
stacked_lora,mnli,all,15,q_proj,45,0.9999988675117493
stacked_lora,mnli,all,15,q_proj,46,0.999998152256012
stacked_lora,mnli,all,15,q_proj,47,0.9999967217445374
stacked_lora,mnli,all,15,q_proj,48,0.999997079372406
stacked_lora,mnli,all,15,q_proj,49,0.9999983310699463
stacked_lora,mnli,all,15,q_proj,50,0.9999462962150574
stacked_lora,mnli,all,15,v_proj,1,0.9999974966049194
stacked_lora,mnli,all,15,v_proj,2,0.9999960660934448
stacked_lora,mnli,all,15,v_proj,3,0.9999968409538269
stacked_lora,mnli,all,15,v_proj,4,0.9999983906745911
stacked_lora,mnli,all,15,v_proj,5,0.9999978542327881
stacked_lora,mnli,all,15,v_proj,6,0.9999974966049194
stacked_lora,mnli,all,15,v_proj,7,0.9999958276748657
stacked_lora,mnli,all,15,v_proj,8,0.9999967813491821
stacked_lora,mnli,all,15,v_proj,9,0.9999957084655762
stacked_lora,mnli,all,15,v_proj,10,0.9999932050704956
stacked_lora,mnli,all,15,v_proj,11,0.9999958276748657
stacked_lora,mnli,all,15,v_proj,12,0.9999911785125732
stacked_lora,mnli,all,15,v_proj,13,0.9999908208847046
stacked_lora,mnli,all,15,v_proj,14,0.9999818801879883
stacked_lora,mnli,all,15,v_proj,15,0.9998586177825928
stacked_lora,mnli,all,15,v_proj,16,0.999846339225769
stacked_lora,mnli,all,15,v_proj,17,0.9999821186065674
stacked_lora,mnli,all,15,v_proj,18,0.9999887347221375
stacked_lora,mnli,all,15,v_proj,19,0.9999897480010986
stacked_lora,mnli,all,15,v_proj,20,0.9999973177909851
stacked_lora,mnli,all,15,v_proj,21,0.9999918937683105
stacked_lora,mnli,all,15,v_proj,22,0.9999921321868896
stacked_lora,mnli,all,15,v_proj,23,0.9999891519546509
stacked_lora,mnli,all,15,v_proj,24,0.9999926090240479
stacked_lora,mnli,all,15,v_proj,25,0.99998939037323
stacked_lora,mnli,all,15,v_proj,26,0.9999796152114868
stacked_lora,mnli,all,15,v_proj,27,0.9999797344207764
stacked_lora,mnli,all,15,v_proj,28,0.9999809265136719
stacked_lora,mnli,all,15,v_proj,29,0.9999967217445374
stacked_lora,mnli,all,15,v_proj,30,0.9999867677688599
stacked_lora,mnli,all,15,v_proj,31,0.9999880790710449
stacked_lora,mnli,all,15,v_proj,32,0.9999936819076538
stacked_lora,mnli,all,15,v_proj,33,0.999991774559021
stacked_lora,mnli,all,15,v_proj,34,0.9999926090240479
stacked_lora,mnli,all,15,v_proj,35,0.999991774559021
stacked_lora,mnli,all,15,v_proj,36,0.9998747110366821
stacked_lora,mnli,all,15,v_proj,37,0.9998818635940552
stacked_lora,mnli,all,15,v_proj,38,0.9999961256980896
stacked_lora,mnli,all,15,v_proj,39,0.9999935030937195
stacked_lora,mnli,all,15,v_proj,40,0.9999922513961792
stacked_lora,mnli,all,15,v_proj,41,0.9999507665634155
stacked_lora,mnli,all,15,v_proj,42,0.9999473690986633
stacked_lora,mnli,all,15,v_proj,43,0.9999716281890869
stacked_lora,mnli,all,15,v_proj,44,0.9999827146530151
stacked_lora,mnli,all,15,v_proj,45,0.9999842643737793
stacked_lora,mnli,all,15,v_proj,46,0.9999821186065674
stacked_lora,mnli,all,15,v_proj,47,0.9999892711639404
stacked_lora,mnli,all,15,v_proj,48,0.9999937415122986
stacked_lora,mnli,all,15,v_proj,49,0.9999957084655762
stacked_lora,mnli,all,15,v_proj,50,0.9999922513961792
stacked_lora,mnli,all,15,up_proj,1,0.9999993443489075
stacked_lora,mnli,all,15,up_proj,2,1.0000001192092896
stacked_lora,mnli,all,15,up_proj,3,0.9999995231628418
stacked_lora,mnli,all,15,up_proj,4,0.9999978542327881
stacked_lora,mnli,all,15,up_proj,5,0.999997079372406
stacked_lora,mnli,all,15,up_proj,6,0.9999967217445374
stacked_lora,mnli,all,15,up_proj,7,0.9999979734420776
stacked_lora,mnli,all,15,up_proj,8,0.9999987483024597
stacked_lora,mnli,all,15,up_proj,9,0.9999985098838806
stacked_lora,mnli,all,15,up_proj,10,0.9999977946281433
stacked_lora,mnli,all,15,up_proj,11,0.9999985694885254
stacked_lora,mnli,all,15,up_proj,12,0.9999991655349731
stacked_lora,mnli,all,15,up_proj,13,0.999983012676239
stacked_lora,mnli,all,15,up_proj,14,0.9999827146530151
stacked_lora,mnli,all,15,up_proj,15,0.9999960660934448
stacked_lora,mnli,all,15,up_proj,16,0.9999926090240479
stacked_lora,mnli,all,15,up_proj,17,0.9999974370002747
stacked_lora,mnli,all,15,up_proj,18,0.9999980330467224
stacked_lora,mnli,all,15,up_proj,19,0.9999973773956299
stacked_lora,mnli,all,15,up_proj,20,0.999997615814209
stacked_lora,mnli,all,15,up_proj,21,0.999998152256012
stacked_lora,mnli,all,15,up_proj,22,0.9999961256980896
stacked_lora,mnli,all,15,up_proj,23,0.9999913573265076
stacked_lora,mnli,all,15,up_proj,24,0.9999933838844299
stacked_lora,mnli,all,15,up_proj,25,0.999995768070221
stacked_lora,mnli,all,15,up_proj,26,0.9999760389328003
stacked_lora,mnli,all,15,up_proj,27,0.9999805092811584
stacked_lora,mnli,all,15,up_proj,28,0.9999957084655762
stacked_lora,mnli,all,15,up_proj,29,0.9999971389770508
stacked_lora,mnli,all,15,up_proj,30,0.9999949336051941
stacked_lora,mnli,all,15,up_proj,31,0.9999961853027344
stacked_lora,mnli,all,15,up_proj,32,0.9999909996986389
stacked_lora,mnli,all,15,up_proj,33,0.9999956488609314
stacked_lora,mnli,all,15,up_proj,34,0.9999921917915344
stacked_lora,mnli,all,15,up_proj,35,0.9999843835830688
stacked_lora,mnli,all,15,up_proj,36,0.9999898672103882
stacked_lora,mnli,all,15,up_proj,37,0.9999655485153198
stacked_lora,mnli,all,15,up_proj,38,0.9999645948410034
stacked_lora,mnli,all,15,up_proj,39,0.9999434351921082
stacked_lora,mnli,all,15,up_proj,40,0.9999292492866516
stacked_lora,mnli,all,15,up_proj,41,0.999975323677063
stacked_lora,mnli,all,15,up_proj,42,0.9999819397926331
stacked_lora,mnli,all,15,up_proj,43,0.9999819397926331
stacked_lora,mnli,all,15,up_proj,44,0.9999738931655884
stacked_lora,mnli,all,15,up_proj,45,0.9999390840530396
stacked_lora,mnli,all,15,up_proj,46,0.9999603629112244
stacked_lora,mnli,all,15,up_proj,47,0.999976396560669
stacked_lora,mnli,all,15,up_proj,48,0.9999595880508423
stacked_lora,mnli,all,15,up_proj,49,0.9999861717224121
stacked_lora,mnli,all,15,up_proj,50,0.9999877214431763
stacked_lora,mnli,all,15,down_proj,1,1.000000238418579
stacked_lora,mnli,all,15,down_proj,2,1.0000008344650269
stacked_lora,mnli,all,15,down_proj,3,1.0000005960464478
stacked_lora,mnli,all,15,down_proj,4,0.9999994039535522
stacked_lora,mnli,all,15,down_proj,5,0.9999997019767761
stacked_lora,mnli,all,15,down_proj,6,0.9999999403953552
stacked_lora,mnli,all,15,down_proj,7,0.9999967813491821
stacked_lora,mnli,all,15,down_proj,8,0.999995768070221
stacked_lora,mnli,all,15,down_proj,9,0.9999929666519165
stacked_lora,mnli,all,15,down_proj,10,0.999992311000824
stacked_lora,mnli,all,15,down_proj,11,0.999993085861206
stacked_lora,mnli,all,15,down_proj,12,0.999988317489624
stacked_lora,mnli,all,15,down_proj,13,0.9999025464057922
stacked_lora,mnli,all,15,down_proj,14,0.999899685382843
stacked_lora,mnli,all,15,down_proj,15,0.9999942779541016
stacked_lora,mnli,all,15,down_proj,16,0.9999925494194031
stacked_lora,mnli,all,15,down_proj,17,0.9999902248382568
stacked_lora,mnli,all,15,down_proj,18,0.9999920725822449
stacked_lora,mnli,all,15,down_proj,19,0.9999876618385315
stacked_lora,mnli,all,15,down_proj,20,0.9999861121177673
stacked_lora,mnli,all,15,down_proj,21,0.9999873638153076
stacked_lora,mnli,all,15,down_proj,22,0.9999942779541016
stacked_lora,mnli,all,15,down_proj,23,0.9999761581420898
stacked_lora,mnli,all,15,down_proj,24,0.9999551773071289
stacked_lora,mnli,all,15,down_proj,25,0.9999712109565735
stacked_lora,mnli,all,15,down_proj,26,0.9999724626541138
stacked_lora,mnli,all,15,down_proj,27,0.9999645948410034
stacked_lora,mnli,all,15,down_proj,28,0.9999904632568359
stacked_lora,mnli,all,15,down_proj,29,0.9999878406524658
stacked_lora,mnli,all,15,down_proj,30,0.9999957084655762
stacked_lora,mnli,all,15,down_proj,31,0.9999849796295166
stacked_lora,mnli,all,15,down_proj,32,0.9999645948410034
stacked_lora,mnli,all,15,down_proj,33,0.9999682903289795
stacked_lora,mnli,all,15,down_proj,34,0.9999879002571106
stacked_lora,mnli,all,15,down_proj,35,0.9999597072601318
stacked_lora,mnli,all,15,down_proj,36,0.9999733567237854
stacked_lora,mnli,all,15,down_proj,37,0.9999276995658875
stacked_lora,mnli,all,15,down_proj,38,0.9999593496322632
stacked_lora,mnli,all,15,down_proj,39,0.9999170303344727
stacked_lora,mnli,all,15,down_proj,40,0.999850332736969
stacked_lora,mnli,all,15,down_proj,41,0.9998883008956909
stacked_lora,mnli,all,15,down_proj,42,0.9999462366104126
stacked_lora,mnli,all,15,down_proj,43,0.9999297261238098
stacked_lora,mnli,all,15,down_proj,44,0.9999865293502808
stacked_lora,mnli,all,15,down_proj,45,0.9999735355377197
stacked_lora,mnli,all,15,down_proj,46,0.9999886155128479
stacked_lora,mnli,all,15,down_proj,47,0.99991774559021
stacked_lora,mnli,all,15,down_proj,48,0.9998915791511536
stacked_lora,mnli,all,15,down_proj,49,0.9999656677246094
stacked_lora,mnli,all,15,down_proj,50,0.9999353289604187
stacked_lora,qqp,all,0,q_proj,1,0.9999992847442627
stacked_lora,qqp,all,0,q_proj,2,1.0000007152557373
stacked_lora,qqp,all,0,q_proj,3,0.9999998211860657
stacked_lora,qqp,all,0,q_proj,4,0.9999991059303284
stacked_lora,qqp,all,0,q_proj,5,0.9999986886978149
stacked_lora,qqp,all,0,q_proj,6,0.9999996423721313
stacked_lora,qqp,all,0,q_proj,7,0.999998927116394
stacked_lora,qqp,all,0,q_proj,8,0.9999991059303284
stacked_lora,qqp,all,0,q_proj,9,1.0000004768371582
stacked_lora,qqp,all,0,q_proj,10,0.9999998211860657
stacked_lora,qqp,all,0,q_proj,11,1.0000001192092896
stacked_lora,qqp,all,0,q_proj,12,0.9999995827674866
stacked_lora,qqp,all,0,q_proj,13,0.9999995827674866
stacked_lora,qqp,all,0,q_proj,14,0.9999985098838806
stacked_lora,qqp,all,0,q_proj,15,0.9999980330467224
stacked_lora,qqp,all,0,q_proj,16,0.9999970197677612
stacked_lora,qqp,all,0,q_proj,17,0.9999988079071045
stacked_lora,qqp,all,0,q_proj,18,0.999998152256012
stacked_lora,qqp,all,0,q_proj,19,0.9999984502792358
stacked_lora,qqp,all,0,q_proj,20,0.9999993443489075
stacked_lora,qqp,all,0,q_proj,21,0.9999911189079285
stacked_lora,qqp,all,0,q_proj,22,0.999990701675415
stacked_lora,qqp,all,0,q_proj,23,0.9999964237213135
stacked_lora,qqp,all,0,q_proj,24,0.9999964833259583
stacked_lora,qqp,all,0,q_proj,25,0.9999958872795105
stacked_lora,qqp,all,0,q_proj,26,0.9999987483024597
stacked_lora,qqp,all,0,q_proj,27,0.9999932050704956
stacked_lora,qqp,all,0,q_proj,28,0.9999925494194031
stacked_lora,qqp,all,0,q_proj,29,0.9999955296516418
stacked_lora,qqp,all,0,q_proj,30,0.9999836683273315
stacked_lora,qqp,all,0,q_proj,31,0.9999874830245972
stacked_lora,qqp,all,0,q_proj,32,0.9999943971633911
stacked_lora,qqp,all,0,q_proj,33,0.9999971389770508
stacked_lora,qqp,all,0,q_proj,34,0.9999973773956299
stacked_lora,qqp,all,0,q_proj,35,0.9999932050704956
stacked_lora,qqp,all,0,q_proj,36,0.9999931454658508
stacked_lora,qqp,all,0,q_proj,37,0.9999789595603943
stacked_lora,qqp,all,0,q_proj,38,0.9999762773513794
stacked_lora,qqp,all,0,q_proj,39,0.9999866485595703
stacked_lora,qqp,all,0,q_proj,40,0.9999931454658508
stacked_lora,qqp,all,0,q_proj,41,0.9999911189079285
stacked_lora,qqp,all,0,q_proj,42,0.9998573660850525
stacked_lora,qqp,all,0,q_proj,43,0.9998499751091003
stacked_lora,qqp,all,0,q_proj,44,0.9999948740005493
stacked_lora,qqp,all,0,q_proj,45,0.9999960064888
stacked_lora,qqp,all,0,q_proj,46,0.9999951124191284
stacked_lora,qqp,all,0,q_proj,47,0.999990701675415
stacked_lora,qqp,all,0,q_proj,48,0.9999893307685852
stacked_lora,qqp,all,0,q_proj,49,0.9999872446060181
stacked_lora,qqp,all,0,q_proj,50,0.9999885559082031
stacked_lora,qqp,all,0,v_proj,1,0.9999921321868896
stacked_lora,qqp,all,0,v_proj,2,0.9999479055404663
stacked_lora,qqp,all,0,v_proj,3,0.9999325275421143
stacked_lora,qqp,all,0,v_proj,4,0.9999592900276184
stacked_lora,qqp,all,0,v_proj,5,0.9999629855155945
stacked_lora,qqp,all,0,v_proj,6,0.9999052286148071
stacked_lora,qqp,all,0,v_proj,7,0.9998230934143066
stacked_lora,qqp,all,0,v_proj,8,0.9996333122253418
stacked_lora,qqp,all,0,v_proj,9,0.999910295009613
stacked_lora,qqp,all,0,v_proj,10,0.9994543194770813
stacked_lora,qqp,all,0,v_proj,11,0.9990973472595215
stacked_lora,qqp,all,0,v_proj,12,0.9992269277572632
stacked_lora,qqp,all,0,v_proj,13,0.999719500541687
stacked_lora,qqp,all,0,v_proj,14,0.9999455809593201
stacked_lora,qqp,all,0,v_proj,15,0.999879002571106
stacked_lora,qqp,all,0,v_proj,16,0.9998475313186646
stacked_lora,qqp,all,0,v_proj,17,0.9996355772018433
stacked_lora,qqp,all,0,v_proj,18,0.9997862577438354
stacked_lora,qqp,all,0,v_proj,19,0.999824047088623
stacked_lora,qqp,all,0,v_proj,20,0.9997842311859131
stacked_lora,qqp,all,0,v_proj,21,0.9997614026069641
stacked_lora,qqp,all,0,v_proj,22,0.9988818168640137
stacked_lora,qqp,all,0,v_proj,23,0.9990664720535278
stacked_lora,qqp,all,0,v_proj,24,0.9981644153594971
stacked_lora,qqp,all,0,v_proj,25,0.9989502429962158
stacked_lora,qqp,all,0,v_proj,26,0.9992460012435913
stacked_lora,qqp,all,0,v_proj,27,0.9997361302375793
stacked_lora,qqp,all,0,v_proj,28,0.9992822408676147
stacked_lora,qqp,all,0,v_proj,29,0.9996723532676697
stacked_lora,qqp,all,0,v_proj,30,0.9976933002471924
stacked_lora,qqp,all,0,v_proj,31,0.9913809299468994
stacked_lora,qqp,all,0,v_proj,32,0.9884344935417175
stacked_lora,qqp,all,0,v_proj,33,0.9948270320892334
stacked_lora,qqp,all,0,v_proj,34,0.9992008209228516
stacked_lora,qqp,all,0,v_proj,35,0.9992856979370117
stacked_lora,qqp,all,0,v_proj,36,0.9990532398223877
stacked_lora,qqp,all,0,v_proj,37,0.9983950853347778
stacked_lora,qqp,all,0,v_proj,38,0.9954080581665039
stacked_lora,qqp,all,0,v_proj,39,0.9953782558441162
stacked_lora,qqp,all,0,v_proj,40,0.996498703956604
stacked_lora,qqp,all,0,v_proj,41,0.9894738793373108
stacked_lora,qqp,all,0,v_proj,42,0.9910275936126709
stacked_lora,qqp,all,0,v_proj,43,0.9984512329101562
stacked_lora,qqp,all,0,v_proj,44,0.9988913536071777
stacked_lora,qqp,all,0,v_proj,45,0.9985548853874207
stacked_lora,qqp,all,0,v_proj,46,0.9890924096107483
stacked_lora,qqp,all,0,v_proj,47,0.9899029731750488
stacked_lora,qqp,all,0,v_proj,48,0.9983431100845337
stacked_lora,qqp,all,0,v_proj,49,0.9988246560096741
stacked_lora,qqp,all,0,v_proj,50,0.9984632730484009
stacked_lora,qqp,all,0,up_proj,1,0.9999982118606567
stacked_lora,qqp,all,0,up_proj,2,0.9999961256980896
stacked_lora,qqp,all,0,up_proj,3,0.9999954700469971
stacked_lora,qqp,all,0,up_proj,4,0.9999947547912598
stacked_lora,qqp,all,0,up_proj,5,0.9999923706054688
stacked_lora,qqp,all,0,up_proj,6,0.9999874830245972
stacked_lora,qqp,all,0,up_proj,7,0.9999859929084778
stacked_lora,qqp,all,0,up_proj,8,0.9999754428863525
stacked_lora,qqp,all,0,up_proj,9,0.9999738335609436
stacked_lora,qqp,all,0,up_proj,10,0.9999783039093018
stacked_lora,qqp,all,0,up_proj,11,0.9987887144088745
stacked_lora,qqp,all,0,up_proj,12,0.9988039135932922
stacked_lora,qqp,all,0,up_proj,13,0.9998979568481445
stacked_lora,qqp,all,0,up_proj,14,0.999890923500061
stacked_lora,qqp,all,0,up_proj,15,0.9999457001686096
stacked_lora,qqp,all,0,up_proj,16,0.9999748468399048
stacked_lora,qqp,all,0,up_proj,17,0.999839186668396
stacked_lora,qqp,all,0,up_proj,18,0.9998366832733154
stacked_lora,qqp,all,0,up_proj,19,0.9999797344207764
stacked_lora,qqp,all,0,up_proj,20,0.9999592304229736
stacked_lora,qqp,all,0,up_proj,21,0.9998303651809692
stacked_lora,qqp,all,0,up_proj,22,0.9998498558998108
stacked_lora,qqp,all,0,up_proj,23,0.9999593496322632
stacked_lora,qqp,all,0,up_proj,24,0.9999387264251709
stacked_lora,qqp,all,0,up_proj,25,0.9999406933784485
stacked_lora,qqp,all,0,up_proj,26,0.9998093247413635
stacked_lora,qqp,all,0,up_proj,27,0.9996334910392761
stacked_lora,qqp,all,0,up_proj,28,0.9998047947883606
stacked_lora,qqp,all,0,up_proj,29,0.9999767541885376
stacked_lora,qqp,all,0,up_proj,30,0.9999691247940063
stacked_lora,qqp,all,0,up_proj,31,0.9999473094940186
stacked_lora,qqp,all,0,up_proj,32,0.9999669790267944
stacked_lora,qqp,all,0,up_proj,33,0.9999539256095886
stacked_lora,qqp,all,0,up_proj,34,0.9999743103981018
stacked_lora,qqp,all,0,up_proj,35,0.9999707937240601
stacked_lora,qqp,all,0,up_proj,36,0.9999602437019348
stacked_lora,qqp,all,0,up_proj,37,0.9999598860740662
stacked_lora,qqp,all,0,up_proj,38,0.9999122619628906
stacked_lora,qqp,all,0,up_proj,39,0.9998932480812073
stacked_lora,qqp,all,0,up_proj,40,0.9999284148216248
stacked_lora,qqp,all,0,up_proj,41,0.9997971057891846
stacked_lora,qqp,all,0,up_proj,42,0.9997941851615906
stacked_lora,qqp,all,0,up_proj,43,0.9998950362205505
stacked_lora,qqp,all,0,up_proj,44,0.9999488592147827
stacked_lora,qqp,all,0,up_proj,45,0.999950110912323
stacked_lora,qqp,all,0,up_proj,46,0.9999066591262817
stacked_lora,qqp,all,0,up_proj,47,0.9998944401741028
stacked_lora,qqp,all,0,up_proj,48,0.9993982911109924
stacked_lora,qqp,all,0,up_proj,49,0.9996751546859741
stacked_lora,qqp,all,0,up_proj,50,0.999256432056427
stacked_lora,qqp,all,0,down_proj,1,1.0000003576278687
stacked_lora,qqp,all,0,down_proj,2,0.9999995231628418
stacked_lora,qqp,all,0,down_proj,3,0.9999998807907104
stacked_lora,qqp,all,0,down_proj,4,0.9999988079071045
stacked_lora,qqp,all,0,down_proj,5,0.9999986290931702
stacked_lora,qqp,all,0,down_proj,6,0.9999979138374329
stacked_lora,qqp,all,0,down_proj,7,0.9999970197677612
stacked_lora,qqp,all,0,down_proj,8,0.999999463558197
stacked_lora,qqp,all,0,down_proj,9,0.9999970197677612
stacked_lora,qqp,all,0,down_proj,10,0.9999929070472717
stacked_lora,qqp,all,0,down_proj,11,0.9999934434890747
stacked_lora,qqp,all,0,down_proj,12,0.9999822974205017
stacked_lora,qqp,all,0,down_proj,13,0.9999911189079285
stacked_lora,qqp,all,0,down_proj,14,0.9999967813491821
stacked_lora,qqp,all,0,down_proj,15,0.999991238117218
stacked_lora,qqp,all,0,down_proj,16,0.9999896287918091
stacked_lora,qqp,all,0,down_proj,17,0.999993622303009
stacked_lora,qqp,all,0,down_proj,18,0.9999958872795105
stacked_lora,qqp,all,0,down_proj,19,0.9999957084655762
stacked_lora,qqp,all,0,down_proj,20,0.848955512046814
stacked_lora,qqp,all,0,down_proj,21,0.8489444255828857
stacked_lora,qqp,all,0,down_proj,22,0.9999154210090637
stacked_lora,qqp,all,0,down_proj,23,0.9999272227287292
stacked_lora,qqp,all,0,down_proj,24,0.9999685883522034
stacked_lora,qqp,all,0,down_proj,25,0.9999743700027466
stacked_lora,qqp,all,0,down_proj,26,0.9999702572822571
stacked_lora,qqp,all,0,down_proj,27,0.9998623728752136
stacked_lora,qqp,all,0,down_proj,28,0.9999289512634277
stacked_lora,qqp,all,0,down_proj,29,0.9999251365661621
stacked_lora,qqp,all,0,down_proj,30,0.999976396560669
stacked_lora,qqp,all,0,down_proj,31,0.9999867677688599
stacked_lora,qqp,all,0,down_proj,32,0.9999603629112244
stacked_lora,qqp,all,0,down_proj,33,0.99997478723526
stacked_lora,qqp,all,0,down_proj,34,0.9999664425849915
stacked_lora,qqp,all,0,down_proj,35,0.9999884963035583
stacked_lora,qqp,all,0,down_proj,36,0.999976634979248
stacked_lora,qqp,all,0,down_proj,37,0.999901294708252
stacked_lora,qqp,all,0,down_proj,38,0.9998514652252197
stacked_lora,qqp,all,0,down_proj,39,0.9998820424079895
stacked_lora,qqp,all,0,down_proj,40,0.9996820688247681
stacked_lora,qqp,all,0,down_proj,41,0.9997333884239197
stacked_lora,qqp,all,0,down_proj,42,0.9998641014099121
stacked_lora,qqp,all,0,down_proj,43,0.999883770942688
stacked_lora,qqp,all,0,down_proj,44,0.9999564290046692
stacked_lora,qqp,all,0,down_proj,45,0.99992436170578
stacked_lora,qqp,all,0,down_proj,46,0.9999275803565979
stacked_lora,qqp,all,0,down_proj,47,0.9999642968177795
stacked_lora,qqp,all,0,down_proj,48,0.9999579787254333
stacked_lora,qqp,all,0,down_proj,49,0.9999376535415649
stacked_lora,qqp,all,0,down_proj,50,0.9937411546707153
stacked_lora,qqp,all,8,q_proj,1,0.9999953508377075
stacked_lora,qqp,all,8,q_proj,2,0.9999979734420776
stacked_lora,qqp,all,8,q_proj,3,0.9999992847442627
stacked_lora,qqp,all,8,q_proj,4,0.9999988079071045
stacked_lora,qqp,all,8,q_proj,5,0.9999974370002747
stacked_lora,qqp,all,8,q_proj,6,0.9999942779541016
stacked_lora,qqp,all,8,q_proj,7,0.9999921321868896
stacked_lora,qqp,all,8,q_proj,8,0.9999582767486572
stacked_lora,qqp,all,8,q_proj,9,0.9999591112136841
stacked_lora,qqp,all,8,q_proj,10,0.9999892115592957
stacked_lora,qqp,all,8,q_proj,11,0.9999957084655762
stacked_lora,qqp,all,8,q_proj,12,0.9999982714653015
stacked_lora,qqp,all,8,q_proj,13,0.9999641180038452
stacked_lora,qqp,all,8,q_proj,14,0.999975860118866
stacked_lora,qqp,all,8,q_proj,15,0.9999881982803345
stacked_lora,qqp,all,8,q_proj,16,0.9999864101409912
stacked_lora,qqp,all,8,q_proj,17,0.9999874830245972
stacked_lora,qqp,all,8,q_proj,18,0.9999955892562866
stacked_lora,qqp,all,8,q_proj,19,0.9999865889549255
stacked_lora,qqp,all,8,q_proj,20,0.9999961853027344
stacked_lora,qqp,all,8,q_proj,21,0.9999942779541016
stacked_lora,qqp,all,8,q_proj,22,0.9999826550483704
stacked_lora,qqp,all,8,q_proj,23,0.9999934434890747
stacked_lora,qqp,all,8,q_proj,24,0.99996417760849
stacked_lora,qqp,all,8,q_proj,25,0.9999700784683228
stacked_lora,qqp,all,8,q_proj,26,0.9999876022338867
stacked_lora,qqp,all,8,q_proj,27,0.9999904632568359
stacked_lora,qqp,all,8,q_proj,28,0.9999620914459229
stacked_lora,qqp,all,8,q_proj,29,0.9999522566795349
stacked_lora,qqp,all,8,q_proj,30,0.9999923706054688
stacked_lora,qqp,all,8,q_proj,31,0.9999765753746033
stacked_lora,qqp,all,8,q_proj,32,0.9999823570251465
stacked_lora,qqp,all,8,q_proj,33,0.9999703168869019
stacked_lora,qqp,all,8,q_proj,34,0.999980092048645
stacked_lora,qqp,all,8,q_proj,35,0.9999805092811584
stacked_lora,qqp,all,8,q_proj,36,0.999995768070221
stacked_lora,qqp,all,8,q_proj,37,0.9999793767929077
stacked_lora,qqp,all,8,q_proj,38,0.9999490976333618
stacked_lora,qqp,all,8,q_proj,39,0.9999698996543884
stacked_lora,qqp,all,8,q_proj,40,0.9999505877494812
stacked_lora,qqp,all,8,q_proj,41,0.9999848008155823
stacked_lora,qqp,all,8,q_proj,42,0.999970018863678
stacked_lora,qqp,all,8,q_proj,43,0.9999681711196899
stacked_lora,qqp,all,8,q_proj,44,0.9998667240142822
stacked_lora,qqp,all,8,q_proj,45,0.9998916387557983
stacked_lora,qqp,all,8,q_proj,46,0.9999821186065674
stacked_lora,qqp,all,8,q_proj,47,0.9999387860298157
stacked_lora,qqp,all,8,q_proj,48,0.9999538660049438
stacked_lora,qqp,all,8,q_proj,49,0.9999784827232361
stacked_lora,qqp,all,8,q_proj,50,0.9999722242355347
stacked_lora,qqp,all,8,v_proj,1,0.9999293088912964
stacked_lora,qqp,all,8,v_proj,2,0.9998111128807068
stacked_lora,qqp,all,8,v_proj,3,0.9998036623001099
stacked_lora,qqp,all,8,v_proj,4,0.9990289807319641
stacked_lora,qqp,all,8,v_proj,5,0.9983092546463013
stacked_lora,qqp,all,8,v_proj,6,0.9979583024978638
stacked_lora,qqp,all,8,v_proj,7,0.998940110206604
stacked_lora,qqp,all,8,v_proj,8,0.9994144439697266
stacked_lora,qqp,all,8,v_proj,9,0.9993448853492737
stacked_lora,qqp,all,8,v_proj,10,0.9940612316131592
stacked_lora,qqp,all,8,v_proj,11,0.9947295784950256
stacked_lora,qqp,all,8,v_proj,12,0.999189019203186
stacked_lora,qqp,all,8,v_proj,13,0.9957672953605652
stacked_lora,qqp,all,8,v_proj,14,0.9955557584762573
stacked_lora,qqp,all,8,v_proj,15,0.9989137649536133
stacked_lora,qqp,all,8,v_proj,16,0.9997372627258301
stacked_lora,qqp,all,8,v_proj,17,0.9997845888137817
stacked_lora,qqp,all,8,v_proj,18,0.9997944235801697
stacked_lora,qqp,all,8,v_proj,19,0.9992318153381348
stacked_lora,qqp,all,8,v_proj,20,0.998772144317627
stacked_lora,qqp,all,8,v_proj,21,0.9991049766540527
stacked_lora,qqp,all,8,v_proj,22,0.9980865716934204
stacked_lora,qqp,all,8,v_proj,23,0.9986724257469177
stacked_lora,qqp,all,8,v_proj,24,0.9992826581001282
stacked_lora,qqp,all,8,v_proj,25,0.9995163679122925
stacked_lora,qqp,all,8,v_proj,26,0.9970073103904724
stacked_lora,qqp,all,8,v_proj,27,0.9970490336418152
stacked_lora,qqp,all,8,v_proj,28,0.9961081743240356
stacked_lora,qqp,all,8,v_proj,29,0.9992178678512573
stacked_lora,qqp,all,8,v_proj,30,0.9969064593315125
stacked_lora,qqp,all,8,v_proj,31,0.9960376620292664
stacked_lora,qqp,all,8,v_proj,32,0.9945880174636841
stacked_lora,qqp,all,8,v_proj,33,0.9972291588783264
stacked_lora,qqp,all,8,v_proj,34,0.9980140924453735
stacked_lora,qqp,all,8,v_proj,35,0.9883803129196167
stacked_lora,qqp,all,8,v_proj,36,0.9887096285820007
stacked_lora,qqp,all,8,v_proj,37,0.9990261793136597
stacked_lora,qqp,all,8,v_proj,38,0.9995393753051758
stacked_lora,qqp,all,8,v_proj,39,0.9965977668762207
stacked_lora,qqp,all,8,v_proj,40,0.9959112405776978
stacked_lora,qqp,all,8,v_proj,41,0.9993813633918762
stacked_lora,qqp,all,8,v_proj,42,0.999504566192627
stacked_lora,qqp,all,8,v_proj,43,0.9992333054542542
stacked_lora,qqp,all,8,v_proj,44,0.9986149668693542
stacked_lora,qqp,all,8,v_proj,45,0.9958921670913696
stacked_lora,qqp,all,8,v_proj,46,0.9909768104553223
stacked_lora,qqp,all,8,v_proj,47,0.9891782999038696
stacked_lora,qqp,all,8,v_proj,48,0.9957888126373291
stacked_lora,qqp,all,8,v_proj,49,0.9955247044563293
stacked_lora,qqp,all,8,v_proj,50,0.9977476000785828
stacked_lora,qqp,all,8,up_proj,1,0.9999961256980896
stacked_lora,qqp,all,8,up_proj,2,0.999988853931427
stacked_lora,qqp,all,8,up_proj,3,0.9999831914901733
stacked_lora,qqp,all,8,up_proj,4,0.999985933303833
stacked_lora,qqp,all,8,up_proj,5,0.9999760985374451
stacked_lora,qqp,all,8,up_proj,6,0.99997878074646
stacked_lora,qqp,all,8,up_proj,7,0.99998539686203
stacked_lora,qqp,all,8,up_proj,8,0.9999887347221375
stacked_lora,qqp,all,8,up_proj,9,0.9999806880950928
stacked_lora,qqp,all,8,up_proj,10,0.9999587535858154
stacked_lora,qqp,all,8,up_proj,11,0.999974250793457
stacked_lora,qqp,all,8,up_proj,12,0.9999437928199768
stacked_lora,qqp,all,8,up_proj,13,0.9976117014884949
stacked_lora,qqp,all,8,up_proj,14,0.9975686073303223
stacked_lora,qqp,all,8,up_proj,15,0.9999326467514038
stacked_lora,qqp,all,8,up_proj,16,0.9999229311943054
stacked_lora,qqp,all,8,up_proj,17,0.9999771118164062
stacked_lora,qqp,all,8,up_proj,18,0.9999733567237854
stacked_lora,qqp,all,8,up_proj,19,0.9999398589134216
stacked_lora,qqp,all,8,up_proj,20,0.9998396635055542
stacked_lora,qqp,all,8,up_proj,21,0.9998666048049927
stacked_lora,qqp,all,8,up_proj,22,0.9999440312385559
stacked_lora,qqp,all,8,up_proj,23,0.9995061159133911
stacked_lora,qqp,all,8,up_proj,24,0.9994968771934509
stacked_lora,qqp,all,8,up_proj,25,0.9997249245643616
stacked_lora,qqp,all,8,up_proj,26,0.9995775818824768
stacked_lora,qqp,all,8,up_proj,27,0.9997699856758118
stacked_lora,qqp,all,8,up_proj,28,0.9998740553855896
stacked_lora,qqp,all,8,up_proj,29,0.9990233778953552
stacked_lora,qqp,all,8,up_proj,30,0.9989284873008728
stacked_lora,qqp,all,8,up_proj,31,0.9996876120567322
stacked_lora,qqp,all,8,up_proj,32,0.999494731426239
stacked_lora,qqp,all,8,up_proj,33,0.999507486820221
stacked_lora,qqp,all,8,up_proj,34,0.9998874068260193
stacked_lora,qqp,all,8,up_proj,35,0.9997595548629761
stacked_lora,qqp,all,8,up_proj,36,0.9995639324188232
stacked_lora,qqp,all,8,up_proj,37,0.9985756278038025
stacked_lora,qqp,all,8,up_proj,38,0.9986948370933533
stacked_lora,qqp,all,8,up_proj,39,0.9908360242843628
stacked_lora,qqp,all,8,up_proj,40,0.9908501505851746
stacked_lora,qqp,all,8,up_proj,41,0.9997533559799194
stacked_lora,qqp,all,8,up_proj,42,0.9996114373207092
stacked_lora,qqp,all,8,up_proj,43,0.9995813965797424
stacked_lora,qqp,all,8,up_proj,44,0.9996457695960999
stacked_lora,qqp,all,8,up_proj,45,0.9997008442878723
stacked_lora,qqp,all,8,up_proj,46,0.9995766282081604
stacked_lora,qqp,all,8,up_proj,47,0.9995279312133789
stacked_lora,qqp,all,8,up_proj,48,0.9997890591621399
stacked_lora,qqp,all,8,up_proj,49,0.9997870922088623
stacked_lora,qqp,all,8,up_proj,50,0.9997652173042297
stacked_lora,qqp,all,8,down_proj,1,0.9999996423721313
stacked_lora,qqp,all,8,down_proj,2,0.9999998807907104
stacked_lora,qqp,all,8,down_proj,3,0.9999996423721313
stacked_lora,qqp,all,8,down_proj,4,0.9999997019767761
stacked_lora,qqp,all,8,down_proj,5,0.9999982714653015
stacked_lora,qqp,all,8,down_proj,6,0.9999975562095642
stacked_lora,qqp,all,8,down_proj,7,0.999998152256012
stacked_lora,qqp,all,8,down_proj,8,0.999998152256012
stacked_lora,qqp,all,8,down_proj,9,0.9999985098838806
stacked_lora,qqp,all,8,down_proj,10,0.9999943375587463
stacked_lora,qqp,all,8,down_proj,11,0.9999982118606567
stacked_lora,qqp,all,8,down_proj,12,0.9999929666519165
stacked_lora,qqp,all,8,down_proj,13,0.999998152256012
stacked_lora,qqp,all,8,down_proj,14,0.9999979734420776
stacked_lora,qqp,all,8,down_proj,15,0.9999980926513672
stacked_lora,qqp,all,8,down_proj,16,0.9999957084655762
stacked_lora,qqp,all,8,down_proj,17,0.999994695186615
stacked_lora,qqp,all,8,down_proj,18,0.9999759197235107
stacked_lora,qqp,all,8,down_proj,19,0.9999798536300659
stacked_lora,qqp,all,8,down_proj,20,0.99998939037323
stacked_lora,qqp,all,8,down_proj,21,0.999987781047821
stacked_lora,qqp,all,8,down_proj,22,0.9999738335609436
stacked_lora,qqp,all,8,down_proj,23,0.9999661445617676
stacked_lora,qqp,all,8,down_proj,24,0.9999863505363464
stacked_lora,qqp,all,8,down_proj,25,0.9999802708625793
stacked_lora,qqp,all,8,down_proj,26,0.9996842741966248
stacked_lora,qqp,all,8,down_proj,27,0.9996792078018188
stacked_lora,qqp,all,8,down_proj,28,0.9999921917915344
stacked_lora,qqp,all,8,down_proj,29,0.9999939203262329
stacked_lora,qqp,all,8,down_proj,30,0.9999871850013733
stacked_lora,qqp,all,8,down_proj,31,0.9999800324440002
stacked_lora,qqp,all,8,down_proj,32,0.9999836683273315
stacked_lora,qqp,all,8,down_proj,33,0.9999880790710449
stacked_lora,qqp,all,8,down_proj,34,0.9999878406524658
stacked_lora,qqp,all,8,down_proj,35,0.9999878406524658
stacked_lora,qqp,all,8,down_proj,36,0.9999510049819946
stacked_lora,qqp,all,8,down_proj,37,0.9999438524246216
stacked_lora,qqp,all,8,down_proj,38,0.999882161617279
stacked_lora,qqp,all,8,down_proj,39,0.9999039769172668
stacked_lora,qqp,all,8,down_proj,40,0.9999904632568359
stacked_lora,qqp,all,8,down_proj,41,0.9999492168426514
stacked_lora,qqp,all,8,down_proj,42,0.9999293684959412
stacked_lora,qqp,all,8,down_proj,43,0.9999803900718689
stacked_lora,qqp,all,8,down_proj,44,0.9999672174453735
stacked_lora,qqp,all,8,down_proj,45,0.9999133348464966
stacked_lora,qqp,all,8,down_proj,46,0.999840259552002
stacked_lora,qqp,all,8,down_proj,47,0.9998471736907959
stacked_lora,qqp,all,8,down_proj,48,0.9999023079872131
stacked_lora,qqp,all,8,down_proj,49,0.9999654293060303
stacked_lora,qqp,all,8,down_proj,50,0.9998772740364075
stacked_lora,qqp,all,15,q_proj,1,1.0000008344650269
stacked_lora,qqp,all,15,q_proj,2,0.9999999403953552
stacked_lora,qqp,all,15,q_proj,3,1.0
stacked_lora,qqp,all,15,q_proj,4,0.9999956488609314
stacked_lora,qqp,all,15,q_proj,5,0.9999957084655762
stacked_lora,qqp,all,15,q_proj,6,0.9999994039535522
stacked_lora,qqp,all,15,q_proj,7,0.9999897480010986
stacked_lora,qqp,all,15,q_proj,8,0.9999890327453613
stacked_lora,qqp,all,15,q_proj,9,0.9999958276748657
stacked_lora,qqp,all,15,q_proj,10,0.9999982118606567
stacked_lora,qqp,all,15,q_proj,11,0.999998152256012
stacked_lora,qqp,all,15,q_proj,12,0.9999985694885254
stacked_lora,qqp,all,15,q_proj,13,0.9999983906745911
stacked_lora,qqp,all,15,q_proj,14,0.9999973773956299
stacked_lora,qqp,all,15,q_proj,15,0.9999966621398926
stacked_lora,qqp,all,15,q_proj,16,0.9999992251396179
stacked_lora,qqp,all,15,q_proj,17,0.9999983310699463
stacked_lora,qqp,all,15,q_proj,18,0.9999971985816956
stacked_lora,qqp,all,15,q_proj,19,0.9999963641166687
stacked_lora,qqp,all,15,q_proj,20,0.999993085861206
stacked_lora,qqp,all,15,q_proj,21,0.9999948740005493
stacked_lora,qqp,all,15,q_proj,22,0.9999873638153076
stacked_lora,qqp,all,15,q_proj,23,0.9999858736991882
stacked_lora,qqp,all,15,q_proj,24,0.9999992251396179
stacked_lora,qqp,all,15,q_proj,25,0.9999987483024597
stacked_lora,qqp,all,15,q_proj,26,0.9999982714653015
stacked_lora,qqp,all,15,q_proj,27,0.9999988675117493
stacked_lora,qqp,all,15,q_proj,28,0.9999979734420776
stacked_lora,qqp,all,15,q_proj,29,0.9999977350234985
stacked_lora,qqp,all,15,q_proj,30,0.9999983310699463
stacked_lora,qqp,all,15,q_proj,31,0.9999974370002747
stacked_lora,qqp,all,15,q_proj,32,0.9999977946281433
stacked_lora,qqp,all,15,q_proj,33,0.9999978542327881
stacked_lora,qqp,all,15,q_proj,34,0.9999990463256836
stacked_lora,qqp,all,15,q_proj,35,0.9999982714653015
stacked_lora,qqp,all,15,q_proj,36,0.9999967813491821
stacked_lora,qqp,all,15,q_proj,37,0.9999938607215881
stacked_lora,qqp,all,15,q_proj,38,0.9999963641166687
stacked_lora,qqp,all,15,q_proj,39,0.9999890327453613
stacked_lora,qqp,all,15,q_proj,40,0.9999827146530151
stacked_lora,qqp,all,15,q_proj,41,0.9999439716339111
stacked_lora,qqp,all,15,q_proj,42,0.9999480247497559
stacked_lora,qqp,all,15,q_proj,43,0.9999937415122986
stacked_lora,qqp,all,15,q_proj,44,0.9999953508377075
stacked_lora,qqp,all,15,q_proj,45,0.9999973773956299
stacked_lora,qqp,all,15,q_proj,46,0.9999961853027344
stacked_lora,qqp,all,15,q_proj,47,0.999987781047821
stacked_lora,qqp,all,15,q_proj,48,0.9999895095825195
stacked_lora,qqp,all,15,q_proj,49,0.9999955892562866
stacked_lora,qqp,all,15,q_proj,50,0.9998936653137207
stacked_lora,qqp,all,15,v_proj,1,0.9999963641166687
stacked_lora,qqp,all,15,v_proj,2,0.9999906420707703
stacked_lora,qqp,all,15,v_proj,3,0.9999898076057434
stacked_lora,qqp,all,15,v_proj,4,0.999996542930603
stacked_lora,qqp,all,15,v_proj,5,0.9999969601631165
stacked_lora,qqp,all,15,v_proj,6,0.9999950528144836
stacked_lora,qqp,all,15,v_proj,7,0.9999936819076538
stacked_lora,qqp,all,15,v_proj,8,0.9999958276748657
stacked_lora,qqp,all,15,v_proj,9,0.9999951124191284
stacked_lora,qqp,all,15,v_proj,10,0.9999910593032837
stacked_lora,qqp,all,15,v_proj,11,0.9999958276748657
stacked_lora,qqp,all,15,v_proj,12,0.9999855160713196
stacked_lora,qqp,all,15,v_proj,13,0.9999922513961792
stacked_lora,qqp,all,15,v_proj,14,0.9999620914459229
stacked_lora,qqp,all,15,v_proj,15,0.9997178912162781
stacked_lora,qqp,all,15,v_proj,16,0.9997460246086121
stacked_lora,qqp,all,15,v_proj,17,0.9999768733978271
stacked_lora,qqp,all,15,v_proj,18,0.999966025352478
stacked_lora,qqp,all,15,v_proj,19,0.9999569654464722
stacked_lora,qqp,all,15,v_proj,20,0.9999877214431763
stacked_lora,qqp,all,15,v_proj,21,0.9999614357948303
stacked_lora,qqp,all,15,v_proj,22,0.9999754428863525
stacked_lora,qqp,all,15,v_proj,23,0.9999783039093018
stacked_lora,qqp,all,15,v_proj,24,0.9999793767929077
stacked_lora,qqp,all,15,v_proj,25,0.9999527335166931
stacked_lora,qqp,all,15,v_proj,26,0.999911904335022
stacked_lora,qqp,all,15,v_proj,27,0.9999374151229858
stacked_lora,qqp,all,15,v_proj,28,0.9998682141304016
stacked_lora,qqp,all,15,v_proj,29,0.999880313873291
stacked_lora,qqp,all,15,v_proj,30,0.999962568283081
stacked_lora,qqp,all,15,v_proj,31,0.9999873638153076
stacked_lora,qqp,all,15,v_proj,32,0.9999752044677734
stacked_lora,qqp,all,15,v_proj,33,0.9997073411941528
stacked_lora,qqp,all,15,v_proj,34,0.999944269657135
stacked_lora,qqp,all,15,v_proj,35,0.9997012615203857
stacked_lora,qqp,all,15,v_proj,36,0.9987860918045044
stacked_lora,qqp,all,15,v_proj,37,0.9987888932228088
stacked_lora,qqp,all,15,v_proj,38,0.9999765157699585
stacked_lora,qqp,all,15,v_proj,39,0.9999587535858154
stacked_lora,qqp,all,15,v_proj,40,0.999970555305481
stacked_lora,qqp,all,15,v_proj,41,0.999901533126831
stacked_lora,qqp,all,15,v_proj,42,0.9998844861984253
stacked_lora,qqp,all,15,v_proj,43,0.9999686479568481
stacked_lora,qqp,all,15,v_proj,44,0.9999712705612183
stacked_lora,qqp,all,15,v_proj,45,0.9998785257339478
stacked_lora,qqp,all,15,v_proj,46,0.9998610615730286
stacked_lora,qqp,all,15,v_proj,47,0.9999628067016602
stacked_lora,qqp,all,15,v_proj,48,0.9999403357505798
stacked_lora,qqp,all,15,v_proj,49,0.9999878406524658
stacked_lora,qqp,all,15,v_proj,50,0.9999856948852539
stacked_lora,qqp,all,15,up_proj,1,0.9999998211860657
stacked_lora,qqp,all,15,up_proj,2,1.0000005960464478
stacked_lora,qqp,all,15,up_proj,3,0.9999995827674866
stacked_lora,qqp,all,15,up_proj,4,0.9999983310699463
stacked_lora,qqp,all,15,up_proj,5,0.9999969005584717
stacked_lora,qqp,all,15,up_proj,6,0.9999974370002747
stacked_lora,qqp,all,15,up_proj,7,0.999997615814209
stacked_lora,qqp,all,15,up_proj,8,0.9999989867210388
stacked_lora,qqp,all,15,up_proj,9,0.9999972581863403
stacked_lora,qqp,all,15,up_proj,10,0.9999975562095642
stacked_lora,qqp,all,15,up_proj,11,0.9999979734420776
stacked_lora,qqp,all,15,up_proj,12,0.9999980926513672
stacked_lora,qqp,all,15,up_proj,13,0.9999768733978271
stacked_lora,qqp,all,15,up_proj,14,0.9999778270721436
stacked_lora,qqp,all,15,up_proj,15,0.9999933838844299
stacked_lora,qqp,all,15,up_proj,16,0.9999911189079285
stacked_lora,qqp,all,15,up_proj,17,0.9999966025352478
stacked_lora,qqp,all,15,up_proj,18,0.9999977946281433
stacked_lora,qqp,all,15,up_proj,19,0.9999919533729553
stacked_lora,qqp,all,15,up_proj,20,0.9999914765357971
stacked_lora,qqp,all,15,up_proj,21,0.9999976754188538
stacked_lora,qqp,all,15,up_proj,22,0.9999955892562866
stacked_lora,qqp,all,15,up_proj,23,0.999989926815033
stacked_lora,qqp,all,15,up_proj,24,0.9999853372573853
stacked_lora,qqp,all,15,up_proj,25,0.9999852180480957
stacked_lora,qqp,all,15,up_proj,26,0.9999849200248718
stacked_lora,qqp,all,15,up_proj,27,0.9999913573265076
stacked_lora,qqp,all,15,up_proj,28,0.9999969005584717
stacked_lora,qqp,all,15,up_proj,29,0.9999960660934448
stacked_lora,qqp,all,15,up_proj,30,0.9999935030937195
stacked_lora,qqp,all,15,up_proj,31,0.999989926815033
stacked_lora,qqp,all,15,up_proj,32,0.9999886751174927
stacked_lora,qqp,all,15,up_proj,33,0.9999924302101135
stacked_lora,qqp,all,15,up_proj,34,0.9999907612800598
stacked_lora,qqp,all,15,up_proj,35,0.999975860118866
stacked_lora,qqp,all,15,up_proj,36,0.9999696612358093
stacked_lora,qqp,all,15,up_proj,37,0.9999534487724304
stacked_lora,qqp,all,15,up_proj,38,0.9999665021896362
stacked_lora,qqp,all,15,up_proj,39,0.9998555183410645
stacked_lora,qqp,all,15,up_proj,40,0.9998379945755005
stacked_lora,qqp,all,15,up_proj,41,0.9999690055847168
stacked_lora,qqp,all,15,up_proj,42,0.9999755620956421
stacked_lora,qqp,all,15,up_proj,43,0.9999718070030212
stacked_lora,qqp,all,15,up_proj,44,0.9999740719795227
stacked_lora,qqp,all,15,up_proj,45,0.9999570250511169
stacked_lora,qqp,all,15,up_proj,46,0.9999582767486572
stacked_lora,qqp,all,15,up_proj,47,0.9999796748161316
stacked_lora,qqp,all,15,up_proj,48,0.999981164932251
stacked_lora,qqp,all,15,up_proj,49,0.9999799132347107
stacked_lora,qqp,all,15,up_proj,50,0.9999848008155823
stacked_lora,qqp,all,15,down_proj,1,1.0000005960464478
stacked_lora,qqp,all,15,down_proj,2,0.9999998807907104
stacked_lora,qqp,all,15,down_proj,3,0.9999997019767761
stacked_lora,qqp,all,15,down_proj,4,0.9999988675117493
stacked_lora,qqp,all,15,down_proj,5,0.9999992251396179
stacked_lora,qqp,all,15,down_proj,6,1.0000001192092896
stacked_lora,qqp,all,15,down_proj,7,0.9999968409538269
stacked_lora,qqp,all,15,down_proj,8,0.9999963045120239
stacked_lora,qqp,all,15,down_proj,9,0.9999964237213135
stacked_lora,qqp,all,15,down_proj,10,0.9999957084655762
stacked_lora,qqp,all,15,down_proj,11,0.9999924302101135
stacked_lora,qqp,all,15,down_proj,12,0.9999893307685852
stacked_lora,qqp,all,15,down_proj,13,0.9999304413795471
stacked_lora,qqp,all,15,down_proj,14,0.9999253153800964
stacked_lora,qqp,all,15,down_proj,15,0.9999939799308777
stacked_lora,qqp,all,15,down_proj,16,0.9999837875366211
stacked_lora,qqp,all,15,down_proj,17,0.9999797344207764
stacked_lora,qqp,all,15,down_proj,18,0.9999812841415405
stacked_lora,qqp,all,15,down_proj,19,0.9999762177467346
stacked_lora,qqp,all,15,down_proj,20,0.9999868869781494
stacked_lora,qqp,all,15,down_proj,21,0.9999816417694092
stacked_lora,qqp,all,15,down_proj,22,0.999989926815033
stacked_lora,qqp,all,15,down_proj,23,0.9999783039093018
stacked_lora,qqp,all,15,down_proj,24,0.9999514222145081
stacked_lora,qqp,all,15,down_proj,25,0.9999596476554871
stacked_lora,qqp,all,15,down_proj,26,0.9999437928199768
stacked_lora,qqp,all,15,down_proj,27,0.9999353289604187
stacked_lora,qqp,all,15,down_proj,28,0.9999884366989136
stacked_lora,qqp,all,15,down_proj,29,0.9999873638153076
stacked_lora,qqp,all,15,down_proj,30,0.9999930262565613
stacked_lora,qqp,all,15,down_proj,31,0.9999830722808838
stacked_lora,qqp,all,15,down_proj,32,0.9999794363975525
stacked_lora,qqp,all,15,down_proj,33,0.9999803900718689
stacked_lora,qqp,all,15,down_proj,34,0.9999885559082031
stacked_lora,qqp,all,15,down_proj,35,0.9999560117721558
stacked_lora,qqp,all,15,down_proj,36,0.9999668598175049
stacked_lora,qqp,all,15,down_proj,37,0.9999210834503174
stacked_lora,qqp,all,15,down_proj,38,0.9999641180038452
stacked_lora,qqp,all,15,down_proj,39,0.9999322891235352
stacked_lora,qqp,all,15,down_proj,40,0.9999261498451233
stacked_lora,qqp,all,15,down_proj,41,0.9999322891235352
stacked_lora,qqp,all,15,down_proj,42,0.9999254941940308
stacked_lora,qqp,all,15,down_proj,43,0.9999035000801086
stacked_lora,qqp,all,15,down_proj,44,0.9999781847000122
stacked_lora,qqp,all,15,down_proj,45,0.9999710321426392
stacked_lora,qqp,all,15,down_proj,46,0.9999836087226868
stacked_lora,qqp,all,15,down_proj,47,0.9998993277549744
stacked_lora,qqp,all,15,down_proj,48,0.9998761415481567
stacked_lora,qqp,all,15,down_proj,49,0.9999297261238098
stacked_lora,qqp,all,15,down_proj,50,0.9998956322669983
stacked_lora,siqa,all,0,q_proj,1,0.9999992251396179
stacked_lora,siqa,all,0,q_proj,2,1.0000008344650269
stacked_lora,siqa,all,0,q_proj,3,0.9999997615814209
stacked_lora,siqa,all,0,q_proj,4,0.9999991655349731
stacked_lora,siqa,all,0,q_proj,5,0.9999991655349731
stacked_lora,siqa,all,0,q_proj,6,0.9999992251396179
stacked_lora,siqa,all,0,q_proj,7,0.9999988675117493
stacked_lora,siqa,all,0,q_proj,8,0.9999986886978149
stacked_lora,siqa,all,0,q_proj,9,0.9999995231628418
stacked_lora,siqa,all,0,q_proj,10,0.9999991059303284
stacked_lora,siqa,all,0,q_proj,11,0.999998927116394
stacked_lora,siqa,all,0,q_proj,12,0.9999988079071045
stacked_lora,siqa,all,0,q_proj,13,0.9999983310699463
stacked_lora,siqa,all,0,q_proj,14,0.9999970197677612
stacked_lora,siqa,all,0,q_proj,15,0.9999954104423523
stacked_lora,siqa,all,0,q_proj,16,0.9999942779541016
stacked_lora,siqa,all,0,q_proj,17,0.9999979734420776
stacked_lora,siqa,all,0,q_proj,18,0.9999977350234985
stacked_lora,siqa,all,0,q_proj,19,0.9999984502792358
stacked_lora,siqa,all,0,q_proj,20,0.9999983906745911
stacked_lora,siqa,all,0,q_proj,21,0.9999948740005493
stacked_lora,siqa,all,0,q_proj,22,0.9999929070472717
stacked_lora,siqa,all,0,q_proj,23,0.999994695186615
stacked_lora,siqa,all,0,q_proj,24,0.9999850392341614
stacked_lora,siqa,all,0,q_proj,25,0.9999847412109375
stacked_lora,siqa,all,0,q_proj,26,0.9999959468841553
stacked_lora,siqa,all,0,q_proj,27,0.9999883770942688
stacked_lora,siqa,all,0,q_proj,28,0.9999880194664001
stacked_lora,siqa,all,0,q_proj,29,0.9999895095825195
stacked_lora,siqa,all,0,q_proj,30,0.9999809265136719
stacked_lora,siqa,all,0,q_proj,31,0.999985933303833
stacked_lora,siqa,all,0,q_proj,32,0.9999781847000122
stacked_lora,siqa,all,0,q_proj,33,0.9999832510948181
stacked_lora,siqa,all,0,q_proj,34,0.9999946355819702
stacked_lora,siqa,all,0,q_proj,35,0.9999904632568359
stacked_lora,siqa,all,0,q_proj,36,0.9999867677688599
stacked_lora,siqa,all,0,q_proj,37,0.999975323677063
stacked_lora,siqa,all,0,q_proj,38,0.9999708533287048
stacked_lora,siqa,all,0,q_proj,39,0.9999805688858032
stacked_lora,siqa,all,0,q_proj,40,0.999982476234436
stacked_lora,siqa,all,0,q_proj,41,0.9999875426292419
stacked_lora,siqa,all,0,q_proj,42,0.9998230338096619
stacked_lora,siqa,all,0,q_proj,43,0.9998190999031067
stacked_lora,siqa,all,0,q_proj,44,0.9999881982803345
stacked_lora,siqa,all,0,q_proj,45,0.9999900460243225
stacked_lora,siqa,all,0,q_proj,46,0.9999773502349854
stacked_lora,siqa,all,0,q_proj,47,0.9999802708625793
stacked_lora,siqa,all,0,q_proj,48,0.9999706149101257
stacked_lora,siqa,all,0,q_proj,49,0.9999865889549255
stacked_lora,siqa,all,0,q_proj,50,0.9999502897262573
stacked_lora,siqa,all,0,v_proj,1,0.9999861121177673
stacked_lora,siqa,all,0,v_proj,2,0.9999217391014099
stacked_lora,siqa,all,0,v_proj,3,0.9999158382415771
stacked_lora,siqa,all,0,v_proj,4,0.9999411702156067
stacked_lora,siqa,all,0,v_proj,5,0.9999529123306274
stacked_lora,siqa,all,0,v_proj,6,0.9997496008872986
stacked_lora,siqa,all,0,v_proj,7,0.9996721744537354
stacked_lora,siqa,all,0,v_proj,8,0.9996124505996704
stacked_lora,siqa,all,0,v_proj,9,0.9996519684791565
stacked_lora,siqa,all,0,v_proj,10,0.9992990493774414
stacked_lora,siqa,all,0,v_proj,11,0.9988124370574951
stacked_lora,siqa,all,0,v_proj,12,0.9990602135658264
stacked_lora,siqa,all,0,v_proj,13,0.9998157620429993
stacked_lora,siqa,all,0,v_proj,14,0.9994440078735352
stacked_lora,siqa,all,0,v_proj,15,0.9995629191398621
stacked_lora,siqa,all,0,v_proj,16,0.9996237754821777
stacked_lora,siqa,all,0,v_proj,17,0.9995522499084473
stacked_lora,siqa,all,0,v_proj,18,0.9997476935386658
stacked_lora,siqa,all,0,v_proj,19,0.9997971057891846
stacked_lora,siqa,all,0,v_proj,20,0.9995979070663452
stacked_lora,siqa,all,0,v_proj,21,0.9993115663528442
stacked_lora,siqa,all,0,v_proj,22,0.9983630180358887
stacked_lora,siqa,all,0,v_proj,23,0.9984933137893677
stacked_lora,siqa,all,0,v_proj,24,0.9987386465072632
stacked_lora,siqa,all,0,v_proj,25,0.9990960359573364
stacked_lora,siqa,all,0,v_proj,26,0.9982861280441284
stacked_lora,siqa,all,0,v_proj,27,0.9987452626228333
stacked_lora,siqa,all,0,v_proj,28,0.9981748461723328
stacked_lora,siqa,all,0,v_proj,29,0.9983309507369995
stacked_lora,siqa,all,0,v_proj,30,0.9977133274078369
stacked_lora,siqa,all,0,v_proj,31,0.9904999732971191
stacked_lora,siqa,all,0,v_proj,32,0.9676124453544617
stacked_lora,siqa,all,0,v_proj,33,0.9715410470962524
stacked_lora,siqa,all,0,v_proj,34,0.9976305961608887
stacked_lora,siqa,all,0,v_proj,35,0.9961612224578857
stacked_lora,siqa,all,0,v_proj,36,0.9965260028839111
stacked_lora,siqa,all,0,v_proj,37,0.9977086782455444
stacked_lora,siqa,all,0,v_proj,38,0.9876736998558044
stacked_lora,siqa,all,0,v_proj,39,0.989105224609375
stacked_lora,siqa,all,0,v_proj,40,0.9938678741455078
stacked_lora,siqa,all,0,v_proj,41,0.97845458984375
stacked_lora,siqa,all,0,v_proj,42,0.9819720387458801
stacked_lora,siqa,all,0,v_proj,43,0.9904663562774658
stacked_lora,siqa,all,0,v_proj,44,0.9833057522773743
stacked_lora,siqa,all,0,v_proj,45,0.9913731217384338
stacked_lora,siqa,all,0,v_proj,46,0.9838197231292725
stacked_lora,siqa,all,0,v_proj,47,0.984601616859436
stacked_lora,siqa,all,0,v_proj,48,0.997850775718689
stacked_lora,siqa,all,0,v_proj,49,0.9989358186721802
stacked_lora,siqa,all,0,v_proj,50,0.9967858791351318
stacked_lora,siqa,all,0,up_proj,1,0.9999969601631165
stacked_lora,siqa,all,0,up_proj,2,0.9999930262565613
stacked_lora,siqa,all,0,up_proj,3,0.9999909400939941
stacked_lora,siqa,all,0,up_proj,4,0.9999882578849792
stacked_lora,siqa,all,0,up_proj,5,0.9999859929084778
stacked_lora,siqa,all,0,up_proj,6,0.9999146461486816
stacked_lora,siqa,all,0,up_proj,7,0.9999122619628906
stacked_lora,siqa,all,0,up_proj,8,0.9999679923057556
stacked_lora,siqa,all,0,up_proj,9,0.9999793767929077
stacked_lora,siqa,all,0,up_proj,10,0.999981701374054
stacked_lora,siqa,all,0,up_proj,11,0.9995574355125427
stacked_lora,siqa,all,0,up_proj,12,0.9995787739753723
stacked_lora,siqa,all,0,up_proj,13,0.9998288154602051
stacked_lora,siqa,all,0,up_proj,14,0.9991888403892517
stacked_lora,siqa,all,0,up_proj,15,0.9993278384208679
stacked_lora,siqa,all,0,up_proj,16,0.999792754650116
stacked_lora,siqa,all,0,up_proj,17,0.9999014139175415
stacked_lora,siqa,all,0,up_proj,18,0.9998488426208496
stacked_lora,siqa,all,0,up_proj,19,0.9998933672904968
stacked_lora,siqa,all,0,up_proj,20,0.9998660087585449
stacked_lora,siqa,all,0,up_proj,21,0.9995008707046509
stacked_lora,siqa,all,0,up_proj,22,0.9995538592338562
stacked_lora,siqa,all,0,up_proj,23,0.9999516010284424
stacked_lora,siqa,all,0,up_proj,24,0.9999098181724548
stacked_lora,siqa,all,0,up_proj,25,0.999894380569458
stacked_lora,siqa,all,0,up_proj,26,0.9995810985565186
stacked_lora,siqa,all,0,up_proj,27,0.9994892477989197
stacked_lora,siqa,all,0,up_proj,28,0.9998308420181274
stacked_lora,siqa,all,0,up_proj,29,0.9999348521232605
stacked_lora,siqa,all,0,up_proj,30,0.9999408721923828
stacked_lora,siqa,all,0,up_proj,31,0.9998884201049805
stacked_lora,siqa,all,0,up_proj,32,0.9997429251670837
stacked_lora,siqa,all,0,up_proj,33,0.9998089075088501
stacked_lora,siqa,all,0,up_proj,34,0.9999536275863647
stacked_lora,siqa,all,0,up_proj,35,0.9999467134475708
stacked_lora,siqa,all,0,up_proj,36,0.9999434351921082
stacked_lora,siqa,all,0,up_proj,37,0.9999448657035828
stacked_lora,siqa,all,0,up_proj,38,0.9997572302818298
stacked_lora,siqa,all,0,up_proj,39,0.9997546076774597
stacked_lora,siqa,all,0,up_proj,40,0.9998884797096252
stacked_lora,siqa,all,0,up_proj,41,0.9997276663780212
stacked_lora,siqa,all,0,up_proj,42,0.9997117519378662
stacked_lora,siqa,all,0,up_proj,43,0.9997966289520264
stacked_lora,siqa,all,0,up_proj,44,0.999853789806366
stacked_lora,siqa,all,0,up_proj,45,0.9998903274536133
stacked_lora,siqa,all,0,up_proj,46,0.9998595714569092
stacked_lora,siqa,all,0,up_proj,47,0.9998173713684082
stacked_lora,siqa,all,0,up_proj,48,0.9994321465492249
stacked_lora,siqa,all,0,up_proj,49,0.9996199011802673
stacked_lora,siqa,all,0,up_proj,50,0.9991500377655029
stacked_lora,siqa,all,0,down_proj,1,0.9999997615814209
stacked_lora,siqa,all,0,down_proj,2,0.9999997615814209
stacked_lora,siqa,all,0,down_proj,3,0.999998927116394
stacked_lora,siqa,all,0,down_proj,4,0.9999992251396179
stacked_lora,siqa,all,0,down_proj,5,0.9999983310699463
stacked_lora,siqa,all,0,down_proj,6,0.999993622303009
stacked_lora,siqa,all,0,down_proj,7,0.9999913573265076
stacked_lora,siqa,all,0,down_proj,8,0.9999983906745911
stacked_lora,siqa,all,0,down_proj,9,0.9999964237213135
stacked_lora,siqa,all,0,down_proj,10,0.9999910593032837
stacked_lora,siqa,all,0,down_proj,11,0.9999897480010986
stacked_lora,siqa,all,0,down_proj,12,0.9999655485153198
stacked_lora,siqa,all,0,down_proj,13,0.9999775886535645
stacked_lora,siqa,all,0,down_proj,14,0.9999954700469971
stacked_lora,siqa,all,0,down_proj,15,0.9999894499778748
stacked_lora,siqa,all,0,down_proj,16,0.9999896287918091
stacked_lora,siqa,all,0,down_proj,17,0.999958336353302
stacked_lora,siqa,all,0,down_proj,18,0.9999629259109497
stacked_lora,siqa,all,0,down_proj,19,0.9999918937683105
stacked_lora,siqa,all,0,down_proj,20,0.77781742811203
stacked_lora,siqa,all,0,down_proj,21,0.7777952551841736
stacked_lora,siqa,all,0,down_proj,22,0.9997894167900085
stacked_lora,siqa,all,0,down_proj,23,0.9998137354850769
stacked_lora,siqa,all,0,down_proj,24,0.999953031539917
stacked_lora,siqa,all,0,down_proj,25,0.9999751448631287
stacked_lora,siqa,all,0,down_proj,26,0.9999516606330872
stacked_lora,siqa,all,0,down_proj,27,0.9997973442077637
stacked_lora,siqa,all,0,down_proj,28,0.9998794794082642
stacked_lora,siqa,all,0,down_proj,29,0.999807596206665
stacked_lora,siqa,all,0,down_proj,30,0.9999498724937439
stacked_lora,siqa,all,0,down_proj,31,0.9999665021896362
stacked_lora,siqa,all,0,down_proj,32,0.9999297261238098
stacked_lora,siqa,all,0,down_proj,33,0.9995075464248657
stacked_lora,siqa,all,0,down_proj,34,0.9995266199111938
stacked_lora,siqa,all,0,down_proj,35,0.9999716877937317
stacked_lora,siqa,all,0,down_proj,36,0.9999496340751648
stacked_lora,siqa,all,0,down_proj,37,0.999840259552002
stacked_lora,siqa,all,0,down_proj,38,0.9997690916061401
stacked_lora,siqa,all,0,down_proj,39,0.9998314380645752
stacked_lora,siqa,all,0,down_proj,40,0.9997721314430237
stacked_lora,siqa,all,0,down_proj,41,0.9998263716697693
stacked_lora,siqa,all,0,down_proj,42,0.9998682141304016
stacked_lora,siqa,all,0,down_proj,43,0.9998961687088013
stacked_lora,siqa,all,0,down_proj,44,0.9999364614486694
stacked_lora,siqa,all,0,down_proj,45,0.9998458027839661
stacked_lora,siqa,all,0,down_proj,46,0.999832808971405
stacked_lora,siqa,all,0,down_proj,47,0.9995314478874207
stacked_lora,siqa,all,0,down_proj,48,0.9995388388633728
stacked_lora,siqa,all,0,down_proj,49,0.999884307384491
stacked_lora,siqa,all,0,down_proj,50,0.9903581142425537
stacked_lora,siqa,all,8,q_proj,1,0.9999948740005493
stacked_lora,siqa,all,8,q_proj,2,0.9999963641166687
stacked_lora,siqa,all,8,q_proj,3,0.9999987483024597
stacked_lora,siqa,all,8,q_proj,4,0.9999960064888
stacked_lora,siqa,all,8,q_proj,5,0.9999935626983643
stacked_lora,siqa,all,8,q_proj,6,0.999992847442627
stacked_lora,siqa,all,8,q_proj,7,0.9999875426292419
stacked_lora,siqa,all,8,q_proj,8,0.9999252557754517
stacked_lora,siqa,all,8,q_proj,9,0.9999278783798218
stacked_lora,siqa,all,8,q_proj,10,0.9999849200248718
stacked_lora,siqa,all,8,q_proj,11,0.9999909996986389
stacked_lora,siqa,all,8,q_proj,12,0.9999955892562866
stacked_lora,siqa,all,8,q_proj,13,0.9999516606330872
stacked_lora,siqa,all,8,q_proj,14,0.9999555349349976
stacked_lora,siqa,all,8,q_proj,15,0.9999714493751526
stacked_lora,siqa,all,8,q_proj,16,0.9999764561653137
stacked_lora,siqa,all,8,q_proj,17,0.9999868273735046
stacked_lora,siqa,all,8,q_proj,18,0.9999790191650391
stacked_lora,siqa,all,8,q_proj,19,0.9999767541885376
stacked_lora,siqa,all,8,q_proj,20,0.9999915361404419
stacked_lora,siqa,all,8,q_proj,21,0.9999833703041077
stacked_lora,siqa,all,8,q_proj,22,0.9999792575836182
stacked_lora,siqa,all,8,q_proj,23,0.9999911189079285
stacked_lora,siqa,all,8,q_proj,24,0.9999567866325378
stacked_lora,siqa,all,8,q_proj,25,0.9999510645866394
stacked_lora,siqa,all,8,q_proj,26,0.9999806880950928
stacked_lora,siqa,all,8,q_proj,27,0.9999894499778748
stacked_lora,siqa,all,8,q_proj,28,0.9999662637710571
stacked_lora,siqa,all,8,q_proj,29,0.9999630451202393
stacked_lora,siqa,all,8,q_proj,30,0.9999516010284424
stacked_lora,siqa,all,8,q_proj,31,0.9999345541000366
stacked_lora,siqa,all,8,q_proj,32,0.9999597072601318
stacked_lora,siqa,all,8,q_proj,33,0.9999397993087769
stacked_lora,siqa,all,8,q_proj,34,0.9999521374702454
stacked_lora,siqa,all,8,q_proj,35,0.9999673962593079
stacked_lora,siqa,all,8,q_proj,36,0.9999874830245972
stacked_lora,siqa,all,8,q_proj,37,0.9999582171440125
stacked_lora,siqa,all,8,q_proj,38,0.9998992681503296
stacked_lora,siqa,all,8,q_proj,39,0.9999750852584839
stacked_lora,siqa,all,8,q_proj,40,0.999902069568634
stacked_lora,siqa,all,8,q_proj,41,0.999912440776825
stacked_lora,siqa,all,8,q_proj,42,0.999887228012085
stacked_lora,siqa,all,8,q_proj,43,0.9999657273292542
stacked_lora,siqa,all,8,q_proj,44,0.9999176263809204
stacked_lora,siqa,all,8,q_proj,45,0.9999322295188904
stacked_lora,siqa,all,8,q_proj,46,0.9999699592590332
stacked_lora,siqa,all,8,q_proj,47,0.9998557567596436
stacked_lora,siqa,all,8,q_proj,48,0.999886691570282
stacked_lora,siqa,all,8,q_proj,49,0.9999282360076904
stacked_lora,siqa,all,8,q_proj,50,0.9999722838401794
stacked_lora,siqa,all,8,v_proj,1,0.9997828006744385
stacked_lora,siqa,all,8,v_proj,2,0.9997017979621887
stacked_lora,siqa,all,8,v_proj,3,0.9987328052520752
stacked_lora,siqa,all,8,v_proj,4,0.9973148107528687
stacked_lora,siqa,all,8,v_proj,5,0.9949405789375305
stacked_lora,siqa,all,8,v_proj,6,0.9932949542999268
stacked_lora,siqa,all,8,v_proj,7,0.9964760541915894
stacked_lora,siqa,all,8,v_proj,8,0.9985464215278625
stacked_lora,siqa,all,8,v_proj,9,0.9977266788482666
stacked_lora,siqa,all,8,v_proj,10,0.9960072636604309
stacked_lora,siqa,all,8,v_proj,11,0.9970594644546509
stacked_lora,siqa,all,8,v_proj,12,0.9990698099136353
stacked_lora,siqa,all,8,v_proj,13,0.9916191101074219
stacked_lora,siqa,all,8,v_proj,14,0.9912691116333008
stacked_lora,siqa,all,8,v_proj,15,0.9984930753707886
stacked_lora,siqa,all,8,v_proj,16,0.9992768168449402
stacked_lora,siqa,all,8,v_proj,17,0.9992082715034485
stacked_lora,siqa,all,8,v_proj,18,0.9994531869888306
stacked_lora,siqa,all,8,v_proj,19,0.9994827508926392
stacked_lora,siqa,all,8,v_proj,20,0.9981725215911865
stacked_lora,siqa,all,8,v_proj,21,0.9980588555335999
stacked_lora,siqa,all,8,v_proj,22,0.9963504076004028
stacked_lora,siqa,all,8,v_proj,23,0.9964686632156372
stacked_lora,siqa,all,8,v_proj,24,0.9993094205856323
stacked_lora,siqa,all,8,v_proj,25,0.9980245232582092
stacked_lora,siqa,all,8,v_proj,26,0.9922475814819336
stacked_lora,siqa,all,8,v_proj,27,0.9920535683631897
stacked_lora,siqa,all,8,v_proj,28,0.9925901293754578
stacked_lora,siqa,all,8,v_proj,29,0.9776984453201294
stacked_lora,siqa,all,8,v_proj,30,0.9742580056190491
stacked_lora,siqa,all,8,v_proj,31,0.9932406544685364
stacked_lora,siqa,all,8,v_proj,32,0.9921098947525024
stacked_lora,siqa,all,8,v_proj,33,0.9967566132545471
stacked_lora,siqa,all,8,v_proj,34,0.9980658292770386
stacked_lora,siqa,all,8,v_proj,35,0.9909395575523376
stacked_lora,siqa,all,8,v_proj,36,0.992557168006897
stacked_lora,siqa,all,8,v_proj,37,0.9991853833198547
stacked_lora,siqa,all,8,v_proj,38,0.9957945942878723
stacked_lora,siqa,all,8,v_proj,39,0.9962084889411926
stacked_lora,siqa,all,8,v_proj,40,0.9980230927467346
stacked_lora,siqa,all,8,v_proj,41,0.9985742568969727
stacked_lora,siqa,all,8,v_proj,42,0.9995251893997192
stacked_lora,siqa,all,8,v_proj,43,0.9991381168365479
stacked_lora,siqa,all,8,v_proj,44,0.9986616373062134
stacked_lora,siqa,all,8,v_proj,45,0.9901369214057922
stacked_lora,siqa,all,8,v_proj,46,0.9664304256439209
stacked_lora,siqa,all,8,v_proj,47,0.971528172492981
stacked_lora,siqa,all,8,v_proj,48,0.9915668964385986
stacked_lora,siqa,all,8,v_proj,49,0.9883143901824951
stacked_lora,siqa,all,8,v_proj,50,0.9947071671485901
stacked_lora,siqa,all,8,up_proj,1,0.9999921321868896
stacked_lora,siqa,all,8,up_proj,2,0.9999849796295166
stacked_lora,siqa,all,8,up_proj,3,0.9999771118164062
stacked_lora,siqa,all,8,up_proj,4,0.9999799728393555
stacked_lora,siqa,all,8,up_proj,5,0.9999690651893616
stacked_lora,siqa,all,8,up_proj,6,0.9999570250511169
stacked_lora,siqa,all,8,up_proj,7,0.9999685287475586
stacked_lora,siqa,all,8,up_proj,8,0.9999710321426392
stacked_lora,siqa,all,8,up_proj,9,0.9999406933784485
stacked_lora,siqa,all,8,up_proj,10,0.9999312162399292
stacked_lora,siqa,all,8,up_proj,11,0.9999580383300781
stacked_lora,siqa,all,8,up_proj,12,0.9998791813850403
stacked_lora,siqa,all,8,up_proj,13,0.7616193294525146
stacked_lora,siqa,all,8,up_proj,14,0.7616147398948669
stacked_lora,siqa,all,8,up_proj,15,0.9998776316642761
stacked_lora,siqa,all,8,up_proj,16,0.9998770952224731
stacked_lora,siqa,all,8,up_proj,17,0.9999517202377319
stacked_lora,siqa,all,8,up_proj,18,0.9999353885650635
stacked_lora,siqa,all,8,up_proj,19,0.9999056458473206
stacked_lora,siqa,all,8,up_proj,20,0.9994800090789795
stacked_lora,siqa,all,8,up_proj,21,0.9994856715202332
stacked_lora,siqa,all,8,up_proj,22,0.9999323487281799
stacked_lora,siqa,all,8,up_proj,23,0.9999068975448608
stacked_lora,siqa,all,8,up_proj,24,0.9998958110809326
stacked_lora,siqa,all,8,up_proj,25,0.9992330074310303
stacked_lora,siqa,all,8,up_proj,26,0.9989427924156189
stacked_lora,siqa,all,8,up_proj,27,0.9993832111358643
stacked_lora,siqa,all,8,up_proj,28,0.9996033310890198
stacked_lora,siqa,all,8,up_proj,29,0.9987805485725403
stacked_lora,siqa,all,8,up_proj,30,0.9987020492553711
stacked_lora,siqa,all,8,up_proj,31,0.9982000589370728
stacked_lora,siqa,all,8,up_proj,32,0.9978464245796204
stacked_lora,siqa,all,8,up_proj,33,0.9986151456832886
stacked_lora,siqa,all,8,up_proj,34,0.9987472891807556
stacked_lora,siqa,all,8,up_proj,35,0.9996917247772217
stacked_lora,siqa,all,8,up_proj,36,0.9993942379951477
stacked_lora,siqa,all,8,up_proj,37,0.9975793361663818
stacked_lora,siqa,all,8,up_proj,38,0.9978588223457336
stacked_lora,siqa,all,8,up_proj,39,0.9957336187362671
stacked_lora,siqa,all,8,up_proj,40,0.9957600235939026
stacked_lora,siqa,all,8,up_proj,41,0.9997669458389282
stacked_lora,siqa,all,8,up_proj,42,0.9995883107185364
stacked_lora,siqa,all,8,up_proj,43,0.9996399879455566
stacked_lora,siqa,all,8,up_proj,44,0.9993388652801514
stacked_lora,siqa,all,8,up_proj,45,0.9994176030158997
stacked_lora,siqa,all,8,up_proj,46,0.9993376135826111
stacked_lora,siqa,all,8,up_proj,47,0.9989975094795227
stacked_lora,siqa,all,8,up_proj,48,0.9995961785316467
stacked_lora,siqa,all,8,up_proj,49,0.9983499050140381
stacked_lora,siqa,all,8,up_proj,50,0.998148500919342
stacked_lora,siqa,all,8,down_proj,1,0.9999997019767761
stacked_lora,siqa,all,8,down_proj,2,0.9999997615814209
stacked_lora,siqa,all,8,down_proj,3,1.0000003576278687
stacked_lora,siqa,all,8,down_proj,4,0.9999991059303284
stacked_lora,siqa,all,8,down_proj,5,0.9999942779541016
stacked_lora,siqa,all,8,down_proj,6,0.9999943375587463
stacked_lora,siqa,all,8,down_proj,7,0.9999966621398926
stacked_lora,siqa,all,8,down_proj,8,0.9999964833259583
stacked_lora,siqa,all,8,down_proj,9,0.9999974966049194
stacked_lora,siqa,all,8,down_proj,10,0.9999903440475464
stacked_lora,siqa,all,8,down_proj,11,0.999997615814209
stacked_lora,siqa,all,8,down_proj,12,0.9999902844429016
stacked_lora,siqa,all,8,down_proj,13,0.9999971985816956
stacked_lora,siqa,all,8,down_proj,14,0.9999935030937195
stacked_lora,siqa,all,8,down_proj,15,0.9999943971633911
stacked_lora,siqa,all,8,down_proj,16,0.999995231628418
stacked_lora,siqa,all,8,down_proj,17,0.9999947547912598
stacked_lora,siqa,all,8,down_proj,18,0.9999621510505676
stacked_lora,siqa,all,8,down_proj,19,0.9998364448547363
stacked_lora,siqa,all,8,down_proj,20,0.9998521208763123
stacked_lora,siqa,all,8,down_proj,21,0.9999617338180542
stacked_lora,siqa,all,8,down_proj,22,0.999980092048645
stacked_lora,siqa,all,8,down_proj,23,0.9999631643295288
stacked_lora,siqa,all,8,down_proj,24,0.9999872446060181
stacked_lora,siqa,all,8,down_proj,25,0.999983012676239
stacked_lora,siqa,all,8,down_proj,26,0.9993568658828735
stacked_lora,siqa,all,8,down_proj,27,0.9993578195571899
stacked_lora,siqa,all,8,down_proj,28,0.9999738931655884
stacked_lora,siqa,all,8,down_proj,29,0.9999755024909973
stacked_lora,siqa,all,8,down_proj,30,0.9999383687973022
stacked_lora,siqa,all,8,down_proj,31,0.9999377131462097
stacked_lora,siqa,all,8,down_proj,32,0.9999313354492188
stacked_lora,siqa,all,8,down_proj,33,0.9997148513793945
stacked_lora,siqa,all,8,down_proj,34,0.9997695088386536
stacked_lora,siqa,all,8,down_proj,35,0.99994957447052
stacked_lora,siqa,all,8,down_proj,36,0.9999436140060425
stacked_lora,siqa,all,8,down_proj,37,0.9999698400497437
stacked_lora,siqa,all,8,down_proj,38,0.9999303817749023
stacked_lora,siqa,all,8,down_proj,39,0.9998284578323364
stacked_lora,siqa,all,8,down_proj,40,0.9998791217803955
stacked_lora,siqa,all,8,down_proj,41,0.9999570846557617
stacked_lora,siqa,all,8,down_proj,42,0.99994957447052
stacked_lora,siqa,all,8,down_proj,43,0.9999420642852783
stacked_lora,siqa,all,8,down_proj,44,0.9999386072158813
stacked_lora,siqa,all,8,down_proj,45,0.9999550580978394
stacked_lora,siqa,all,8,down_proj,46,0.9999122023582458
stacked_lora,siqa,all,8,down_proj,47,0.9998972415924072
stacked_lora,siqa,all,8,down_proj,48,0.9998985528945923
stacked_lora,siqa,all,8,down_proj,49,0.9999454617500305
stacked_lora,siqa,all,8,down_proj,50,0.9999297857284546
stacked_lora,siqa,all,15,q_proj,1,1.0000004768371582
stacked_lora,siqa,all,15,q_proj,2,0.9999996423721313
stacked_lora,siqa,all,15,q_proj,3,0.9999993443489075
stacked_lora,siqa,all,15,q_proj,4,0.9999983310699463
stacked_lora,siqa,all,15,q_proj,5,0.9999971985816956
stacked_lora,siqa,all,15,q_proj,6,0.9999977946281433
stacked_lora,siqa,all,15,q_proj,7,0.9999778270721436
stacked_lora,siqa,all,15,q_proj,8,0.9999796152114868
stacked_lora,siqa,all,15,q_proj,9,0.9999929666519165
stacked_lora,siqa,all,15,q_proj,10,0.9999942183494568
stacked_lora,siqa,all,15,q_proj,11,0.9999971389770508
stacked_lora,siqa,all,15,q_proj,12,0.9999951124191284
stacked_lora,siqa,all,15,q_proj,13,0.9999966621398926
stacked_lora,siqa,all,15,q_proj,14,0.9999974966049194
stacked_lora,siqa,all,15,q_proj,15,0.9999969005584717
stacked_lora,siqa,all,15,q_proj,16,0.9999982118606567
stacked_lora,siqa,all,15,q_proj,17,0.9999976754188538
stacked_lora,siqa,all,15,q_proj,18,0.9999951720237732
stacked_lora,siqa,all,15,q_proj,19,0.9999936819076538
stacked_lora,siqa,all,15,q_proj,20,0.9999929666519165
stacked_lora,siqa,all,15,q_proj,21,0.9999694228172302
stacked_lora,siqa,all,15,q_proj,22,0.9999937415122986
stacked_lora,siqa,all,15,q_proj,23,0.9999748468399048
stacked_lora,siqa,all,15,q_proj,24,0.9999976754188538
stacked_lora,siqa,all,15,q_proj,25,0.9999953508377075
stacked_lora,siqa,all,15,q_proj,26,0.9999967813491821
stacked_lora,siqa,all,15,q_proj,27,0.9999958276748657
stacked_lora,siqa,all,15,q_proj,28,0.9999966025352478
stacked_lora,siqa,all,15,q_proj,29,0.999996542930603
stacked_lora,siqa,all,15,q_proj,30,0.9999948740005493
stacked_lora,siqa,all,15,q_proj,31,0.9999818801879883
stacked_lora,siqa,all,15,q_proj,32,0.9999799728393555
stacked_lora,siqa,all,15,q_proj,33,0.999997615814209
stacked_lora,siqa,all,15,q_proj,34,0.9999955296516418
stacked_lora,siqa,all,15,q_proj,35,0.9999890923500061
stacked_lora,siqa,all,15,q_proj,36,0.9999537467956543
stacked_lora,siqa,all,15,q_proj,37,0.9999525547027588
stacked_lora,siqa,all,15,q_proj,38,0.9999956488609314
stacked_lora,siqa,all,15,q_proj,39,0.999987006187439
stacked_lora,siqa,all,15,q_proj,40,0.9999843239784241
stacked_lora,siqa,all,15,q_proj,41,0.999847948551178
stacked_lora,siqa,all,15,q_proj,42,0.9998594522476196
stacked_lora,siqa,all,15,q_proj,43,0.9999926686286926
stacked_lora,siqa,all,15,q_proj,44,0.999981164932251
stacked_lora,siqa,all,15,q_proj,45,0.9999738335609436
stacked_lora,siqa,all,15,q_proj,46,0.9999901652336121
stacked_lora,siqa,all,15,q_proj,47,0.9999794960021973
stacked_lora,siqa,all,15,q_proj,48,0.9999661445617676
stacked_lora,siqa,all,15,q_proj,49,0.9999732971191406
stacked_lora,siqa,all,15,q_proj,50,0.9999647736549377
stacked_lora,siqa,all,15,v_proj,1,0.9999880790710449
stacked_lora,siqa,all,15,v_proj,2,0.9999751448631287
stacked_lora,siqa,all,15,v_proj,3,0.9999816417694092
stacked_lora,siqa,all,15,v_proj,4,0.9999921321868896
stacked_lora,siqa,all,15,v_proj,5,0.9999884963035583
stacked_lora,siqa,all,15,v_proj,6,0.99998939037323
stacked_lora,siqa,all,15,v_proj,7,0.999981164932251
stacked_lora,siqa,all,15,v_proj,8,0.9999803304672241
stacked_lora,siqa,all,15,v_proj,9,0.9999898672103882
stacked_lora,siqa,all,15,v_proj,10,0.9999775290489197
stacked_lora,siqa,all,15,v_proj,11,0.999991774559021
stacked_lora,siqa,all,15,v_proj,12,0.9999808073043823
stacked_lora,siqa,all,15,v_proj,13,0.9999878406524658
stacked_lora,siqa,all,15,v_proj,14,0.9999794960021973
stacked_lora,siqa,all,15,v_proj,15,0.9996933341026306
stacked_lora,siqa,all,15,v_proj,16,0.9997054934501648
stacked_lora,siqa,all,15,v_proj,17,0.999981701374054
stacked_lora,siqa,all,15,v_proj,18,0.9999438524246216
stacked_lora,siqa,all,15,v_proj,19,0.9999370574951172
stacked_lora,siqa,all,15,v_proj,20,0.999964714050293
stacked_lora,siqa,all,15,v_proj,21,0.9999516010284424
stacked_lora,siqa,all,15,v_proj,22,0.9999402761459351
stacked_lora,siqa,all,15,v_proj,23,0.9999526739120483
stacked_lora,siqa,all,15,v_proj,24,0.9999802708625793
stacked_lora,siqa,all,15,v_proj,25,0.9997701048851013
stacked_lora,siqa,all,15,v_proj,26,0.9997372627258301
stacked_lora,siqa,all,15,v_proj,27,0.9999020099639893
stacked_lora,siqa,all,15,v_proj,28,0.9999608993530273
stacked_lora,siqa,all,15,v_proj,29,0.9999382495880127
stacked_lora,siqa,all,15,v_proj,30,0.999923586845398
stacked_lora,siqa,all,15,v_proj,31,0.9999628067016602
stacked_lora,siqa,all,15,v_proj,32,0.9999513030052185
stacked_lora,siqa,all,15,v_proj,33,0.9996377229690552
stacked_lora,siqa,all,15,v_proj,34,0.9996979236602783
stacked_lora,siqa,all,15,v_proj,35,0.999612033367157
stacked_lora,siqa,all,15,v_proj,36,0.9995613694190979
stacked_lora,siqa,all,15,v_proj,37,0.9995830655097961
stacked_lora,siqa,all,15,v_proj,38,0.9999407529830933
stacked_lora,siqa,all,15,v_proj,39,0.9997545480728149
stacked_lora,siqa,all,15,v_proj,40,0.9997588396072388
stacked_lora,siqa,all,15,v_proj,41,0.9999317526817322
stacked_lora,siqa,all,15,v_proj,42,0.9999181032180786
stacked_lora,siqa,all,15,v_proj,43,0.999894380569458
stacked_lora,siqa,all,15,v_proj,44,0.9998686909675598
stacked_lora,siqa,all,15,v_proj,45,0.9997532963752747
stacked_lora,siqa,all,15,v_proj,46,0.9995906352996826
stacked_lora,siqa,all,15,v_proj,47,0.999774694442749
stacked_lora,siqa,all,15,v_proj,48,0.999915599822998
stacked_lora,siqa,all,15,v_proj,49,0.9999605417251587
stacked_lora,siqa,all,15,v_proj,50,0.9999586343765259
stacked_lora,siqa,all,15,up_proj,1,0.9999998807907104
stacked_lora,siqa,all,15,up_proj,2,1.000000238418579
stacked_lora,siqa,all,15,up_proj,3,0.9999998211860657
stacked_lora,siqa,all,15,up_proj,4,0.9999970197677612
stacked_lora,siqa,all,15,up_proj,5,0.9999961256980896
stacked_lora,siqa,all,15,up_proj,6,0.9999938607215881
stacked_lora,siqa,all,15,up_proj,7,0.9999951124191284
stacked_lora,siqa,all,15,up_proj,8,0.999996542930603
stacked_lora,siqa,all,15,up_proj,9,0.9999966621398926
stacked_lora,siqa,all,15,up_proj,10,0.9999959468841553
stacked_lora,siqa,all,15,up_proj,11,0.9999924302101135
stacked_lora,siqa,all,15,up_proj,12,0.9999878406524658
stacked_lora,siqa,all,15,up_proj,13,0.9999809265136719
stacked_lora,siqa,all,15,up_proj,14,0.9999841451644897
stacked_lora,siqa,all,15,up_proj,15,0.9999899864196777
stacked_lora,siqa,all,15,up_proj,16,0.999987781047821
stacked_lora,siqa,all,15,up_proj,17,0.9999944567680359
stacked_lora,siqa,all,15,up_proj,18,0.9999902248382568
stacked_lora,siqa,all,15,up_proj,19,0.9999858140945435
stacked_lora,siqa,all,15,up_proj,20,0.9999865293502808
stacked_lora,siqa,all,15,up_proj,21,0.9999948740005493
stacked_lora,siqa,all,15,up_proj,22,0.999992311000824
stacked_lora,siqa,all,15,up_proj,23,0.9999856352806091
stacked_lora,siqa,all,15,up_proj,24,0.9999843239784241
stacked_lora,siqa,all,15,up_proj,25,0.9999794363975525
stacked_lora,siqa,all,15,up_proj,26,0.9999779462814331
stacked_lora,siqa,all,15,up_proj,27,0.999985933303833
stacked_lora,siqa,all,15,up_proj,28,0.9999882578849792
stacked_lora,siqa,all,15,up_proj,29,0.9999866485595703
stacked_lora,siqa,all,15,up_proj,30,0.9999794960021973
stacked_lora,siqa,all,15,up_proj,31,0.999984622001648
stacked_lora,siqa,all,15,up_proj,32,0.9999878406524658
stacked_lora,siqa,all,15,up_proj,33,0.9999839067459106
stacked_lora,siqa,all,15,up_proj,34,0.9999867677688599
stacked_lora,siqa,all,15,up_proj,35,0.9999596476554871
stacked_lora,siqa,all,15,up_proj,36,0.9998679757118225
stacked_lora,siqa,all,15,up_proj,37,0.9998102188110352
stacked_lora,siqa,all,15,up_proj,38,0.9998913407325745
stacked_lora,siqa,all,15,up_proj,39,0.9999663829803467
stacked_lora,siqa,all,15,up_proj,40,0.9999502897262573
stacked_lora,siqa,all,15,up_proj,41,0.9999686479568481
stacked_lora,siqa,all,15,up_proj,42,0.9999415874481201
stacked_lora,siqa,all,15,up_proj,43,0.9999507665634155
stacked_lora,siqa,all,15,up_proj,44,0.9998013973236084
stacked_lora,siqa,all,15,up_proj,45,0.9997976422309875
stacked_lora,siqa,all,15,up_proj,46,0.9999452233314514
stacked_lora,siqa,all,15,up_proj,47,0.9999378323554993
stacked_lora,siqa,all,15,up_proj,48,0.9999135732650757
stacked_lora,siqa,all,15,up_proj,49,0.99995356798172
stacked_lora,siqa,all,15,up_proj,50,0.9999518394470215
stacked_lora,siqa,all,15,down_proj,1,1.0000003576278687
stacked_lora,siqa,all,15,down_proj,2,1.0000003576278687
stacked_lora,siqa,all,15,down_proj,3,1.000000238418579
stacked_lora,siqa,all,15,down_proj,4,0.9999982118606567
stacked_lora,siqa,all,15,down_proj,5,0.9999989867210388
stacked_lora,siqa,all,15,down_proj,6,0.9999975562095642
stacked_lora,siqa,all,15,down_proj,7,0.9999879002571106
stacked_lora,siqa,all,15,down_proj,8,0.9999857544898987
stacked_lora,siqa,all,15,down_proj,9,0.9999571442604065
stacked_lora,siqa,all,15,down_proj,10,0.9999589920043945
stacked_lora,siqa,all,15,down_proj,11,0.9999891519546509
stacked_lora,siqa,all,15,down_proj,12,0.9999871253967285
stacked_lora,siqa,all,15,down_proj,13,0.9997793436050415
stacked_lora,siqa,all,15,down_proj,14,0.999777615070343
stacked_lora,siqa,all,15,down_proj,15,0.9999866485595703
stacked_lora,siqa,all,15,down_proj,16,0.9999498724937439
stacked_lora,siqa,all,15,down_proj,17,0.9999374151229858
stacked_lora,siqa,all,15,down_proj,18,0.9999666810035706
stacked_lora,siqa,all,15,down_proj,19,0.9999830722808838
stacked_lora,siqa,all,15,down_proj,20,0.9999890923500061
stacked_lora,siqa,all,15,down_proj,21,0.9999870657920837
stacked_lora,siqa,all,15,down_proj,22,0.999963641166687
stacked_lora,siqa,all,15,down_proj,23,0.9999557137489319
stacked_lora,siqa,all,15,down_proj,24,0.9999010562896729
stacked_lora,siqa,all,15,down_proj,25,0.9999170303344727
stacked_lora,siqa,all,15,down_proj,26,0.9999306797981262
stacked_lora,siqa,all,15,down_proj,27,0.9999454617500305
stacked_lora,siqa,all,15,down_proj,28,0.9999779462814331
stacked_lora,siqa,all,15,down_proj,29,0.9999727606773376
stacked_lora,siqa,all,15,down_proj,30,0.9999402165412903
stacked_lora,siqa,all,15,down_proj,31,0.999923825263977
stacked_lora,siqa,all,15,down_proj,32,0.9999611973762512
stacked_lora,siqa,all,15,down_proj,33,0.9999837875366211
stacked_lora,siqa,all,15,down_proj,34,0.9999845027923584
stacked_lora,siqa,all,15,down_proj,35,0.9998891949653625
stacked_lora,siqa,all,15,down_proj,36,0.9998199343681335
stacked_lora,siqa,all,15,down_proj,37,0.9997239708900452
stacked_lora,siqa,all,15,down_proj,38,0.999910295009613
stacked_lora,siqa,all,15,down_proj,39,0.9997694492340088
stacked_lora,siqa,all,15,down_proj,40,0.999771773815155
stacked_lora,siqa,all,15,down_proj,41,0.9998252391815186
stacked_lora,siqa,all,15,down_proj,42,0.9997618794441223
stacked_lora,siqa,all,15,down_proj,43,0.9997541904449463
stacked_lora,siqa,all,15,down_proj,44,0.9999687075614929
stacked_lora,siqa,all,15,down_proj,45,0.9999667406082153
stacked_lora,siqa,all,15,down_proj,46,0.9999667406082153
stacked_lora,siqa,all,15,down_proj,47,0.999891459941864
stacked_lora,siqa,all,15,down_proj,48,0.9998608231544495
stacked_lora,siqa,all,15,down_proj,49,0.9998415112495422
stacked_lora,siqa,all,15,down_proj,50,0.99983149766922
stacked_lora,sst2,all,0,q_proj,1,1.0000001192092896
stacked_lora,sst2,all,0,q_proj,2,1.0000011920928955
stacked_lora,sst2,all,0,q_proj,3,0.9999997615814209
stacked_lora,sst2,all,0,q_proj,4,0.9999989867210388
stacked_lora,sst2,all,0,q_proj,5,0.9999989867210388
stacked_lora,sst2,all,0,q_proj,6,0.9999996423721313
stacked_lora,sst2,all,0,q_proj,7,0.9999987483024597
stacked_lora,sst2,all,0,q_proj,8,0.9999991655349731
stacked_lora,sst2,all,0,q_proj,9,1.0
stacked_lora,sst2,all,0,q_proj,10,0.9999997019767761
stacked_lora,sst2,all,0,q_proj,11,0.9999998807907104
stacked_lora,sst2,all,0,q_proj,12,0.9999993443489075
stacked_lora,sst2,all,0,q_proj,13,0.9999992847442627
stacked_lora,sst2,all,0,q_proj,14,0.9999982118606567
stacked_lora,sst2,all,0,q_proj,15,0.9999959468841553
stacked_lora,sst2,all,0,q_proj,16,0.9999943971633911
stacked_lora,sst2,all,0,q_proj,17,0.9999988675117493
stacked_lora,sst2,all,0,q_proj,18,0.9999978542327881
stacked_lora,sst2,all,0,q_proj,19,0.9999993443489075
stacked_lora,sst2,all,0,q_proj,20,0.9999992847442627
stacked_lora,sst2,all,0,q_proj,21,0.9999933838844299
stacked_lora,sst2,all,0,q_proj,22,0.9999930262565613
stacked_lora,sst2,all,0,q_proj,23,0.9999963045120239
stacked_lora,sst2,all,0,q_proj,24,0.9999970197677612
stacked_lora,sst2,all,0,q_proj,25,0.9999969005584717
stacked_lora,sst2,all,0,q_proj,26,0.9999969601631165
stacked_lora,sst2,all,0,q_proj,27,0.9999932646751404
stacked_lora,sst2,all,0,q_proj,28,0.9999943375587463
stacked_lora,sst2,all,0,q_proj,29,0.9999917149543762
stacked_lora,sst2,all,0,q_proj,30,0.999984085559845
stacked_lora,sst2,all,0,q_proj,31,0.9999859929084778
stacked_lora,sst2,all,0,q_proj,32,0.9999915361404419
stacked_lora,sst2,all,0,q_proj,33,0.9999949336051941
stacked_lora,sst2,all,0,q_proj,34,0.9999960064888
stacked_lora,sst2,all,0,q_proj,35,0.9999935626983643
stacked_lora,sst2,all,0,q_proj,36,0.9999942779541016
stacked_lora,sst2,all,0,q_proj,37,0.9999874234199524
stacked_lora,sst2,all,0,q_proj,38,0.9999900460243225
stacked_lora,sst2,all,0,q_proj,39,0.9999910593032837
stacked_lora,sst2,all,0,q_proj,40,0.9999910593032837
stacked_lora,sst2,all,0,q_proj,41,0.9999898076057434
stacked_lora,sst2,all,0,q_proj,42,0.9998617768287659
stacked_lora,sst2,all,0,q_proj,43,0.9998552799224854
stacked_lora,sst2,all,0,q_proj,44,0.9999924302101135
stacked_lora,sst2,all,0,q_proj,45,0.9999957084655762
stacked_lora,sst2,all,0,q_proj,46,0.999990701675415
stacked_lora,sst2,all,0,q_proj,47,0.999993622303009
stacked_lora,sst2,all,0,q_proj,48,0.9999933242797852
stacked_lora,sst2,all,0,q_proj,49,0.9999843835830688
stacked_lora,sst2,all,0,q_proj,50,0.9999597072601318
stacked_lora,sst2,all,0,v_proj,1,0.9999868273735046
stacked_lora,sst2,all,0,v_proj,2,0.9999063014984131
stacked_lora,sst2,all,0,v_proj,3,0.9998982548713684
stacked_lora,sst2,all,0,v_proj,4,0.9999489784240723
stacked_lora,sst2,all,0,v_proj,5,0.9999630451202393
stacked_lora,sst2,all,0,v_proj,6,0.9996035099029541
stacked_lora,sst2,all,0,v_proj,7,0.9995517730712891
stacked_lora,sst2,all,0,v_proj,8,0.9994872808456421
stacked_lora,sst2,all,0,v_proj,9,0.9997143745422363
stacked_lora,sst2,all,0,v_proj,10,0.9993945360183716
stacked_lora,sst2,all,0,v_proj,11,0.9988620281219482
stacked_lora,sst2,all,0,v_proj,12,0.9990131855010986
stacked_lora,sst2,all,0,v_proj,13,0.9996775388717651
stacked_lora,sst2,all,0,v_proj,14,0.9998295903205872
stacked_lora,sst2,all,0,v_proj,15,0.9998112320899963
stacked_lora,sst2,all,0,v_proj,16,0.9996951818466187
stacked_lora,sst2,all,0,v_proj,17,0.9994362592697144
stacked_lora,sst2,all,0,v_proj,18,0.999653697013855
stacked_lora,sst2,all,0,v_proj,19,0.9996940493583679
stacked_lora,sst2,all,0,v_proj,20,0.9995989203453064
stacked_lora,sst2,all,0,v_proj,21,0.9996805191040039
stacked_lora,sst2,all,0,v_proj,22,0.9985712766647339
stacked_lora,sst2,all,0,v_proj,23,0.9985460042953491
stacked_lora,sst2,all,0,v_proj,24,0.9982717037200928
stacked_lora,sst2,all,0,v_proj,25,0.999289870262146
stacked_lora,sst2,all,0,v_proj,26,0.9982633590698242
stacked_lora,sst2,all,0,v_proj,27,0.9994087815284729
stacked_lora,sst2,all,0,v_proj,28,0.9984415769577026
stacked_lora,sst2,all,0,v_proj,29,0.998755156993866
stacked_lora,sst2,all,0,v_proj,30,0.9978835582733154
stacked_lora,sst2,all,0,v_proj,31,0.9945578575134277
stacked_lora,sst2,all,0,v_proj,32,0.9808520078659058
stacked_lora,sst2,all,0,v_proj,33,0.983688473701477
stacked_lora,sst2,all,0,v_proj,34,0.99815833568573
stacked_lora,sst2,all,0,v_proj,35,0.9990416169166565
stacked_lora,sst2,all,0,v_proj,36,0.9990947842597961
stacked_lora,sst2,all,0,v_proj,37,0.9977385997772217
stacked_lora,sst2,all,0,v_proj,38,0.9938575625419617
stacked_lora,sst2,all,0,v_proj,39,0.9947141408920288
stacked_lora,sst2,all,0,v_proj,40,0.9952783584594727
stacked_lora,sst2,all,0,v_proj,41,0.9850592613220215
stacked_lora,sst2,all,0,v_proj,42,0.9862295985221863
stacked_lora,sst2,all,0,v_proj,43,0.993995189666748
stacked_lora,sst2,all,0,v_proj,44,0.9914488792419434
stacked_lora,sst2,all,0,v_proj,45,0.9973955750465393
stacked_lora,sst2,all,0,v_proj,46,0.9928843975067139
stacked_lora,sst2,all,0,v_proj,47,0.9934213757514954
stacked_lora,sst2,all,0,v_proj,48,0.9984412789344788
stacked_lora,sst2,all,0,v_proj,49,0.9990330934524536
stacked_lora,sst2,all,0,v_proj,50,0.9984750747680664
stacked_lora,sst2,all,0,up_proj,1,0.999997615814209
stacked_lora,sst2,all,0,up_proj,2,0.9999947547912598
stacked_lora,sst2,all,0,up_proj,3,0.9999933838844299
stacked_lora,sst2,all,0,up_proj,4,0.999990701675415
stacked_lora,sst2,all,0,up_proj,5,0.9999905228614807
stacked_lora,sst2,all,0,up_proj,6,0.9999761581420898
stacked_lora,sst2,all,0,up_proj,7,0.9999738931655884
stacked_lora,sst2,all,0,up_proj,8,0.9999685883522034
stacked_lora,sst2,all,0,up_proj,9,0.999974250793457
stacked_lora,sst2,all,0,up_proj,10,0.9999805688858032
stacked_lora,sst2,all,0,up_proj,11,0.9994230270385742
stacked_lora,sst2,all,0,up_proj,12,0.9994452595710754
stacked_lora,sst2,all,0,up_proj,13,0.9998418688774109
stacked_lora,sst2,all,0,up_proj,14,0.9998531937599182
stacked_lora,sst2,all,0,up_proj,15,0.9999163746833801
stacked_lora,sst2,all,0,up_proj,16,0.999940037727356
stacked_lora,sst2,all,0,up_proj,17,0.9997116923332214
stacked_lora,sst2,all,0,up_proj,18,0.9997578263282776
stacked_lora,sst2,all,0,up_proj,19,0.9999609589576721
stacked_lora,sst2,all,0,up_proj,20,0.9999088644981384
stacked_lora,sst2,all,0,up_proj,21,0.9997751712799072
stacked_lora,sst2,all,0,up_proj,22,0.9998264312744141
stacked_lora,sst2,all,0,up_proj,23,0.9999642968177795
stacked_lora,sst2,all,0,up_proj,24,0.9999396204948425
stacked_lora,sst2,all,0,up_proj,25,0.9999404549598694
stacked_lora,sst2,all,0,up_proj,26,0.9996088743209839
stacked_lora,sst2,all,0,up_proj,27,0.9994872212409973
stacked_lora,sst2,all,0,up_proj,28,0.9998011589050293
stacked_lora,sst2,all,0,up_proj,29,0.9999552369117737
stacked_lora,sst2,all,0,up_proj,30,0.9999539852142334
stacked_lora,sst2,all,0,up_proj,31,0.9999163150787354
stacked_lora,sst2,all,0,up_proj,32,0.9999170303344727
stacked_lora,sst2,all,0,up_proj,33,0.9999401569366455
stacked_lora,sst2,all,0,up_proj,34,0.9999647736549377
stacked_lora,sst2,all,0,up_proj,35,0.9999680519104004
stacked_lora,sst2,all,0,up_proj,36,0.9999632835388184
stacked_lora,sst2,all,0,up_proj,37,0.9998998641967773
stacked_lora,sst2,all,0,up_proj,38,0.9998188018798828
stacked_lora,sst2,all,0,up_proj,39,0.9998568296432495
stacked_lora,sst2,all,0,up_proj,40,0.9999082684516907
stacked_lora,sst2,all,0,up_proj,41,0.9998415112495422
stacked_lora,sst2,all,0,up_proj,42,0.999875009059906
stacked_lora,sst2,all,0,up_proj,43,0.9999118447303772
stacked_lora,sst2,all,0,up_proj,44,0.9999204874038696
stacked_lora,sst2,all,0,up_proj,45,0.9999288320541382
stacked_lora,sst2,all,0,up_proj,46,0.9998828768730164
stacked_lora,sst2,all,0,up_proj,47,0.9998102784156799
stacked_lora,sst2,all,0,up_proj,48,0.9994054436683655
stacked_lora,sst2,all,0,up_proj,49,0.9996967315673828
stacked_lora,sst2,all,0,up_proj,50,0.9991716146469116
stacked_lora,sst2,all,0,down_proj,1,0.9999998807907104
stacked_lora,sst2,all,0,down_proj,2,1.0
stacked_lora,sst2,all,0,down_proj,3,0.9999998211860657
stacked_lora,sst2,all,0,down_proj,4,0.9999996423721313
stacked_lora,sst2,all,0,down_proj,5,0.999998152256012
stacked_lora,sst2,all,0,down_proj,6,0.9999976754188538
stacked_lora,sst2,all,0,down_proj,7,0.999995768070221
stacked_lora,sst2,all,0,down_proj,8,0.9999993443489075
stacked_lora,sst2,all,0,down_proj,9,0.9999961256980896
stacked_lora,sst2,all,0,down_proj,10,0.9999841451644897
stacked_lora,sst2,all,0,down_proj,11,0.9999899864196777
stacked_lora,sst2,all,0,down_proj,12,0.9999662637710571
stacked_lora,sst2,all,0,down_proj,13,0.999976396560669
stacked_lora,sst2,all,0,down_proj,14,0.9999922513961792
stacked_lora,sst2,all,0,down_proj,15,0.9999819993972778
stacked_lora,sst2,all,0,down_proj,16,0.9999785423278809
stacked_lora,sst2,all,0,down_proj,17,0.9999840259552002
stacked_lora,sst2,all,0,down_proj,18,0.999991238117218
stacked_lora,sst2,all,0,down_proj,19,0.9999945163726807
stacked_lora,sst2,all,0,down_proj,20,0.8946552872657776
stacked_lora,sst2,all,0,down_proj,21,0.8946350812911987
stacked_lora,sst2,all,0,down_proj,22,0.9997091293334961
stacked_lora,sst2,all,0,down_proj,23,0.9997334480285645
stacked_lora,sst2,all,0,down_proj,24,0.9999541640281677
stacked_lora,sst2,all,0,down_proj,25,0.9999516606330872
stacked_lora,sst2,all,0,down_proj,26,0.9999265074729919
stacked_lora,sst2,all,0,down_proj,27,0.9998296499252319
stacked_lora,sst2,all,0,down_proj,28,0.9998757839202881
stacked_lora,sst2,all,0,down_proj,29,0.9999200105667114
stacked_lora,sst2,all,0,down_proj,30,0.9999659061431885
stacked_lora,sst2,all,0,down_proj,31,0.9999765157699585
stacked_lora,sst2,all,0,down_proj,32,0.999944269657135
stacked_lora,sst2,all,0,down_proj,33,0.9999134540557861
stacked_lora,sst2,all,0,down_proj,34,0.9999377131462097
stacked_lora,sst2,all,0,down_proj,35,0.9999772906303406
stacked_lora,sst2,all,0,down_proj,36,0.999950647354126
stacked_lora,sst2,all,0,down_proj,37,0.9998804330825806
stacked_lora,sst2,all,0,down_proj,38,0.9998093247413635
stacked_lora,sst2,all,0,down_proj,39,0.9998319149017334
stacked_lora,sst2,all,0,down_proj,40,0.999693751335144
stacked_lora,sst2,all,0,down_proj,41,0.9997348785400391
stacked_lora,sst2,all,0,down_proj,42,0.9993800520896912
stacked_lora,sst2,all,0,down_proj,43,0.9994117021560669
stacked_lora,sst2,all,0,down_proj,44,0.9999082088470459
stacked_lora,sst2,all,0,down_proj,45,0.999849796295166
stacked_lora,sst2,all,0,down_proj,46,0.9998857975006104
stacked_lora,sst2,all,0,down_proj,47,0.9998773336410522
stacked_lora,sst2,all,0,down_proj,48,0.9999070763587952
stacked_lora,sst2,all,0,down_proj,49,0.9999096393585205
stacked_lora,sst2,all,0,down_proj,50,0.9931093454360962
stacked_lora,sst2,all,8,q_proj,1,0.9999948143959045
stacked_lora,sst2,all,8,q_proj,2,0.9999979138374329
stacked_lora,sst2,all,8,q_proj,3,0.9999993443489075
stacked_lora,sst2,all,8,q_proj,4,0.9999978542327881
stacked_lora,sst2,all,8,q_proj,5,0.9999957084655762
stacked_lora,sst2,all,8,q_proj,6,0.9999935626983643
stacked_lora,sst2,all,8,q_proj,7,0.9999883770942688
stacked_lora,sst2,all,8,q_proj,8,0.9999136328697205
stacked_lora,sst2,all,8,q_proj,9,0.9999150037765503
stacked_lora,sst2,all,8,q_proj,10,0.9999873638153076
stacked_lora,sst2,all,8,q_proj,11,0.9999951720237732
stacked_lora,sst2,all,8,q_proj,12,0.9999973177909851
stacked_lora,sst2,all,8,q_proj,13,0.9999550580978394
stacked_lora,sst2,all,8,q_proj,14,0.9999627470970154
stacked_lora,sst2,all,8,q_proj,15,0.9999796152114868
stacked_lora,sst2,all,8,q_proj,16,0.9999819993972778
stacked_lora,sst2,all,8,q_proj,17,0.9999833703041077
stacked_lora,sst2,all,8,q_proj,18,0.9999860525131226
stacked_lora,sst2,all,8,q_proj,19,0.9999786615371704
stacked_lora,sst2,all,8,q_proj,20,0.9999951720237732
stacked_lora,sst2,all,8,q_proj,21,0.9999904036521912
stacked_lora,sst2,all,8,q_proj,22,0.9999827146530151
stacked_lora,sst2,all,8,q_proj,23,0.9999942779541016
stacked_lora,sst2,all,8,q_proj,24,0.9999648332595825
stacked_lora,sst2,all,8,q_proj,25,0.9999709129333496
stacked_lora,sst2,all,8,q_proj,26,0.9999857544898987
stacked_lora,sst2,all,8,q_proj,27,0.9999904632568359
stacked_lora,sst2,all,8,q_proj,28,0.9999646544456482
stacked_lora,sst2,all,8,q_proj,29,0.9999548196792603
stacked_lora,sst2,all,8,q_proj,30,0.9999701976776123
stacked_lora,sst2,all,8,q_proj,31,0.9999496936798096
stacked_lora,sst2,all,8,q_proj,32,0.999960720539093
stacked_lora,sst2,all,8,q_proj,33,0.9999204874038696
stacked_lora,sst2,all,8,q_proj,34,0.9999591708183289
stacked_lora,sst2,all,8,q_proj,35,0.9999745488166809
stacked_lora,sst2,all,8,q_proj,36,0.9999939203262329
stacked_lora,sst2,all,8,q_proj,37,0.9999791979789734
stacked_lora,sst2,all,8,q_proj,38,0.999939501285553
stacked_lora,sst2,all,8,q_proj,39,0.9999697208404541
stacked_lora,sst2,all,8,q_proj,40,0.9999358654022217
stacked_lora,sst2,all,8,q_proj,41,0.999975323677063
stacked_lora,sst2,all,8,q_proj,42,0.9999518394470215
stacked_lora,sst2,all,8,q_proj,43,0.9999669194221497
stacked_lora,sst2,all,8,q_proj,44,0.9998921155929565
stacked_lora,sst2,all,8,q_proj,45,0.9999019503593445
stacked_lora,sst2,all,8,q_proj,46,0.9999613165855408
stacked_lora,sst2,all,8,q_proj,47,0.9999486804008484
stacked_lora,sst2,all,8,q_proj,48,0.999974250793457
stacked_lora,sst2,all,8,q_proj,49,0.9999658465385437
stacked_lora,sst2,all,8,q_proj,50,0.9999679923057556
stacked_lora,sst2,all,8,v_proj,1,0.9998599886894226
stacked_lora,sst2,all,8,v_proj,2,0.9998500943183899
stacked_lora,sst2,all,8,v_proj,3,0.9998032450675964
stacked_lora,sst2,all,8,v_proj,4,0.999372124671936
stacked_lora,sst2,all,8,v_proj,5,0.9971855878829956
stacked_lora,sst2,all,8,v_proj,6,0.9964686036109924
stacked_lora,sst2,all,8,v_proj,7,0.9984704256057739
stacked_lora,sst2,all,8,v_proj,8,0.9992771148681641
stacked_lora,sst2,all,8,v_proj,9,0.9995360374450684
stacked_lora,sst2,all,8,v_proj,10,0.9945612549781799
stacked_lora,sst2,all,8,v_proj,11,0.9952558279037476
stacked_lora,sst2,all,8,v_proj,12,0.9991924166679382
stacked_lora,sst2,all,8,v_proj,13,0.9935409426689148
stacked_lora,sst2,all,8,v_proj,14,0.9933692216873169
stacked_lora,sst2,all,8,v_proj,15,0.9986094236373901
stacked_lora,sst2,all,8,v_proj,16,0.9994820356369019
stacked_lora,sst2,all,8,v_proj,17,0.9996135234832764
stacked_lora,sst2,all,8,v_proj,18,0.9998319745063782
stacked_lora,sst2,all,8,v_proj,19,0.9996501207351685
stacked_lora,sst2,all,8,v_proj,20,0.9989506602287292
stacked_lora,sst2,all,8,v_proj,21,0.998757541179657
stacked_lora,sst2,all,8,v_proj,22,0.9976873397827148
stacked_lora,sst2,all,8,v_proj,23,0.9980851411819458
stacked_lora,sst2,all,8,v_proj,24,0.99946129322052
stacked_lora,sst2,all,8,v_proj,25,0.9994871616363525
stacked_lora,sst2,all,8,v_proj,26,0.9969830513000488
stacked_lora,sst2,all,8,v_proj,27,0.9961707592010498
stacked_lora,sst2,all,8,v_proj,28,0.9954243302345276
stacked_lora,sst2,all,8,v_proj,29,0.998767614364624
stacked_lora,sst2,all,8,v_proj,30,0.9955384135246277
stacked_lora,sst2,all,8,v_proj,31,0.9933812618255615
stacked_lora,sst2,all,8,v_proj,32,0.9933763146400452
stacked_lora,sst2,all,8,v_proj,33,0.9982709884643555
stacked_lora,sst2,all,8,v_proj,34,0.997755765914917
stacked_lora,sst2,all,8,v_proj,35,0.9864566326141357
stacked_lora,sst2,all,8,v_proj,36,0.9871149063110352
stacked_lora,sst2,all,8,v_proj,37,0.9993357062339783
stacked_lora,sst2,all,8,v_proj,38,0.9986743927001953
stacked_lora,sst2,all,8,v_proj,39,0.9969773292541504
stacked_lora,sst2,all,8,v_proj,40,0.9971959590911865
stacked_lora,sst2,all,8,v_proj,41,0.9992552995681763
stacked_lora,sst2,all,8,v_proj,42,0.9996564984321594
stacked_lora,sst2,all,8,v_proj,43,0.9991072416305542
stacked_lora,sst2,all,8,v_proj,44,0.9980651140213013
stacked_lora,sst2,all,8,v_proj,45,0.99310302734375
stacked_lora,sst2,all,8,v_proj,46,0.9951701760292053
stacked_lora,sst2,all,8,v_proj,47,0.9957001805305481
stacked_lora,sst2,all,8,v_proj,48,0.9943144917488098
stacked_lora,sst2,all,8,v_proj,49,0.9922448396682739
stacked_lora,sst2,all,8,v_proj,50,0.9978402853012085
stacked_lora,sst2,all,8,up_proj,1,0.9999944567680359
stacked_lora,sst2,all,8,up_proj,2,0.9999858140945435
stacked_lora,sst2,all,8,up_proj,3,0.999977707862854
stacked_lora,sst2,all,8,up_proj,4,0.9999799132347107
stacked_lora,sst2,all,8,up_proj,5,0.9999729990959167
stacked_lora,sst2,all,8,up_proj,6,0.9999657273292542
stacked_lora,sst2,all,8,up_proj,7,0.999980628490448
stacked_lora,sst2,all,8,up_proj,8,0.9999790787696838
stacked_lora,sst2,all,8,up_proj,9,0.9999758005142212
stacked_lora,sst2,all,8,up_proj,10,0.9999610781669617
stacked_lora,sst2,all,8,up_proj,11,0.9999590516090393
stacked_lora,sst2,all,8,up_proj,12,0.999880850315094
stacked_lora,sst2,all,8,up_proj,13,0.8282448053359985
stacked_lora,sst2,all,8,up_proj,14,0.8282326459884644
stacked_lora,sst2,all,8,up_proj,15,0.9999210238456726
stacked_lora,sst2,all,8,up_proj,16,0.9999159574508667
stacked_lora,sst2,all,8,up_proj,17,0.999975323677063
stacked_lora,sst2,all,8,up_proj,18,0.9999669194221497
stacked_lora,sst2,all,8,up_proj,19,0.9999414086341858
stacked_lora,sst2,all,8,up_proj,20,0.999700129032135
stacked_lora,sst2,all,8,up_proj,21,0.9996904730796814
stacked_lora,sst2,all,8,up_proj,22,0.9999416470527649
stacked_lora,sst2,all,8,up_proj,23,0.996918261051178
stacked_lora,sst2,all,8,up_proj,24,0.9969214200973511
stacked_lora,sst2,all,8,up_proj,25,0.9994651079177856
stacked_lora,sst2,all,8,up_proj,26,0.9993516206741333
stacked_lora,sst2,all,8,up_proj,27,0.9997662305831909
stacked_lora,sst2,all,8,up_proj,28,0.9998235702514648
stacked_lora,sst2,all,8,up_proj,29,0.9995615482330322
stacked_lora,sst2,all,8,up_proj,30,0.9994569420814514
stacked_lora,sst2,all,8,up_proj,31,0.9995483160018921
stacked_lora,sst2,all,8,up_proj,32,0.9995436668395996
stacked_lora,sst2,all,8,up_proj,33,0.9996324181556702
stacked_lora,sst2,all,8,up_proj,34,0.999808132648468
stacked_lora,sst2,all,8,up_proj,35,0.999689519405365
stacked_lora,sst2,all,8,up_proj,36,0.9993128180503845
stacked_lora,sst2,all,8,up_proj,37,0.9965521097183228
stacked_lora,sst2,all,8,up_proj,38,0.9968838095664978
stacked_lora,sst2,all,8,up_proj,39,0.9990664124488831
stacked_lora,sst2,all,8,up_proj,40,0.9990378022193909
stacked_lora,sst2,all,8,up_proj,41,0.9997503757476807
stacked_lora,sst2,all,8,up_proj,42,0.9997298717498779
stacked_lora,sst2,all,8,up_proj,43,0.999669075012207
stacked_lora,sst2,all,8,up_proj,44,0.9995509386062622
stacked_lora,sst2,all,8,up_proj,45,0.9991855621337891
stacked_lora,sst2,all,8,up_proj,46,0.9993150234222412
stacked_lora,sst2,all,8,up_proj,47,0.9994791746139526
stacked_lora,sst2,all,8,up_proj,48,0.9995205998420715
stacked_lora,sst2,all,8,up_proj,49,0.9997596740722656
stacked_lora,sst2,all,8,up_proj,50,0.9994146823883057
stacked_lora,sst2,all,8,down_proj,1,1.0000001192092896
stacked_lora,sst2,all,8,down_proj,2,0.9999995827674866
stacked_lora,sst2,all,8,down_proj,3,0.9999997019767761
stacked_lora,sst2,all,8,down_proj,4,0.9999991655349731
stacked_lora,sst2,all,8,down_proj,5,0.9999977946281433
stacked_lora,sst2,all,8,down_proj,6,0.9999978542327881
stacked_lora,sst2,all,8,down_proj,7,0.9999975562095642
stacked_lora,sst2,all,8,down_proj,8,0.9999980330467224
stacked_lora,sst2,all,8,down_proj,9,0.9999986290931702
stacked_lora,sst2,all,8,down_proj,10,0.9999942183494568
stacked_lora,sst2,all,8,down_proj,11,0.9999986886978149
stacked_lora,sst2,all,8,down_proj,12,0.9999939203262329
stacked_lora,sst2,all,8,down_proj,13,0.9999973773956299
stacked_lora,sst2,all,8,down_proj,14,0.9999892115592957
stacked_lora,sst2,all,8,down_proj,15,0.9999892711639404
stacked_lora,sst2,all,8,down_proj,16,0.9999926090240479
stacked_lora,sst2,all,8,down_proj,17,0.9999913573265076
stacked_lora,sst2,all,8,down_proj,18,0.9999732971191406
stacked_lora,sst2,all,8,down_proj,19,0.9998826384544373
stacked_lora,sst2,all,8,down_proj,20,0.999909520149231
stacked_lora,sst2,all,8,down_proj,21,0.9999668598175049
stacked_lora,sst2,all,8,down_proj,22,0.9999386072158813
stacked_lora,sst2,all,8,down_proj,23,0.9999245405197144
stacked_lora,sst2,all,8,down_proj,24,0.9999865293502808
stacked_lora,sst2,all,8,down_proj,25,0.9999814629554749
stacked_lora,sst2,all,8,down_proj,26,0.9996505975723267
stacked_lora,sst2,all,8,down_proj,27,0.9996469020843506
stacked_lora,sst2,all,8,down_proj,28,0.9999876022338867
stacked_lora,sst2,all,8,down_proj,29,0.999987781047821
stacked_lora,sst2,all,8,down_proj,30,0.9999741315841675
stacked_lora,sst2,all,8,down_proj,31,0.9999805688858032
stacked_lora,sst2,all,8,down_proj,32,0.9999108910560608
stacked_lora,sst2,all,8,down_proj,33,0.9998326301574707
stacked_lora,sst2,all,8,down_proj,34,0.9998480081558228
stacked_lora,sst2,all,8,down_proj,35,0.9999390244483948
stacked_lora,sst2,all,8,down_proj,36,0.9999674558639526
stacked_lora,sst2,all,8,down_proj,37,0.9999639987945557
stacked_lora,sst2,all,8,down_proj,38,0.9999122619628906
stacked_lora,sst2,all,8,down_proj,39,0.9998857975006104
stacked_lora,sst2,all,8,down_proj,40,0.9999393820762634
stacked_lora,sst2,all,8,down_proj,41,0.9999507069587708
stacked_lora,sst2,all,8,down_proj,42,0.9999324083328247
stacked_lora,sst2,all,8,down_proj,43,0.9999583959579468
stacked_lora,sst2,all,8,down_proj,44,0.999955415725708
stacked_lora,sst2,all,8,down_proj,45,0.9999549984931946
stacked_lora,sst2,all,8,down_proj,46,0.9999126195907593
stacked_lora,sst2,all,8,down_proj,47,0.9998592138290405
stacked_lora,sst2,all,8,down_proj,48,0.9998679161071777
stacked_lora,sst2,all,8,down_proj,49,0.9999629259109497
stacked_lora,sst2,all,8,down_proj,50,0.9999633431434631
stacked_lora,sst2,all,15,q_proj,1,1.0000001192092896
stacked_lora,sst2,all,15,q_proj,2,0.9999999403953552
stacked_lora,sst2,all,15,q_proj,3,0.9999992251396179
stacked_lora,sst2,all,15,q_proj,4,0.9999967813491821
stacked_lora,sst2,all,15,q_proj,5,0.9999969005584717
stacked_lora,sst2,all,15,q_proj,6,0.9999983310699463
stacked_lora,sst2,all,15,q_proj,7,0.9999818205833435
stacked_lora,sst2,all,15,q_proj,8,0.9999831914901733
stacked_lora,sst2,all,15,q_proj,9,0.9999933838844299
stacked_lora,sst2,all,15,q_proj,10,0.9999970197677612
stacked_lora,sst2,all,15,q_proj,11,0.9999985694885254
stacked_lora,sst2,all,15,q_proj,12,0.999997615814209
stacked_lora,sst2,all,15,q_proj,13,0.9999980330467224
stacked_lora,sst2,all,15,q_proj,14,0.9999967813491821
stacked_lora,sst2,all,15,q_proj,15,0.9999946355819702
stacked_lora,sst2,all,15,q_proj,16,0.999997615814209
stacked_lora,sst2,all,15,q_proj,17,0.9999975562095642
stacked_lora,sst2,all,15,q_proj,18,0.9999971389770508
stacked_lora,sst2,all,15,q_proj,19,0.9999955892562866
stacked_lora,sst2,all,15,q_proj,20,0.9999925494194031
stacked_lora,sst2,all,15,q_proj,21,0.999993622303009
stacked_lora,sst2,all,15,q_proj,22,0.9999933242797852
stacked_lora,sst2,all,15,q_proj,23,0.9999876618385315
stacked_lora,sst2,all,15,q_proj,24,0.9999985098838806
stacked_lora,sst2,all,15,q_proj,25,0.9999939203262329
stacked_lora,sst2,all,15,q_proj,26,0.9999949932098389
stacked_lora,sst2,all,15,q_proj,27,0.999997615814209
stacked_lora,sst2,all,15,q_proj,28,0.9999954700469971
stacked_lora,sst2,all,15,q_proj,29,0.9999958276748657
stacked_lora,sst2,all,15,q_proj,30,0.999997079372406
stacked_lora,sst2,all,15,q_proj,31,0.9999977946281433
stacked_lora,sst2,all,15,q_proj,32,0.9999964237213135
stacked_lora,sst2,all,15,q_proj,33,0.9999982118606567
stacked_lora,sst2,all,15,q_proj,34,0.9999986886978149
stacked_lora,sst2,all,15,q_proj,35,0.9999986290931702
stacked_lora,sst2,all,15,q_proj,36,0.9999711513519287
stacked_lora,sst2,all,15,q_proj,37,0.9999699592590332
stacked_lora,sst2,all,15,q_proj,38,0.9999952912330627
stacked_lora,sst2,all,15,q_proj,39,0.9999837875366211
stacked_lora,sst2,all,15,q_proj,40,0.999988853931427
stacked_lora,sst2,all,15,q_proj,41,0.9999371767044067
stacked_lora,sst2,all,15,q_proj,42,0.9999417066574097
stacked_lora,sst2,all,15,q_proj,43,0.9999919533729553
stacked_lora,sst2,all,15,q_proj,44,0.9999955296516418
stacked_lora,sst2,all,15,q_proj,45,0.999993622303009
stacked_lora,sst2,all,15,q_proj,46,0.9999927878379822
stacked_lora,sst2,all,15,q_proj,47,0.9999880194664001
stacked_lora,sst2,all,15,q_proj,48,0.9999855160713196
stacked_lora,sst2,all,15,q_proj,49,0.9999884366989136
stacked_lora,sst2,all,15,q_proj,50,0.9999582767486572
stacked_lora,sst2,all,15,v_proj,1,0.9999958276748657
stacked_lora,sst2,all,15,v_proj,2,0.9999914169311523
stacked_lora,sst2,all,15,v_proj,3,0.9999908208847046
stacked_lora,sst2,all,15,v_proj,4,0.9999922513961792
stacked_lora,sst2,all,15,v_proj,5,0.9999890327453613
stacked_lora,sst2,all,15,v_proj,6,0.9999911785125732
stacked_lora,sst2,all,15,v_proj,7,0.9999921321868896
stacked_lora,sst2,all,15,v_proj,8,0.9999927282333374
stacked_lora,sst2,all,15,v_proj,9,0.999993622303009
stacked_lora,sst2,all,15,v_proj,10,0.9999868869781494
stacked_lora,sst2,all,15,v_proj,11,0.9999945163726807
stacked_lora,sst2,all,15,v_proj,12,0.9999799132347107
stacked_lora,sst2,all,15,v_proj,13,0.9999828338623047
stacked_lora,sst2,all,15,v_proj,14,0.9999557733535767
stacked_lora,sst2,all,15,v_proj,15,0.9995487928390503
stacked_lora,sst2,all,15,v_proj,16,0.9995365142822266
stacked_lora,sst2,all,15,v_proj,17,0.9999417066574097
stacked_lora,sst2,all,15,v_proj,18,0.9999659061431885
stacked_lora,sst2,all,15,v_proj,19,0.9999624490737915
stacked_lora,sst2,all,15,v_proj,20,0.9999761581420898
stacked_lora,sst2,all,15,v_proj,21,0.9999514818191528
stacked_lora,sst2,all,15,v_proj,22,0.9999536275863647
stacked_lora,sst2,all,15,v_proj,23,0.9999567866325378
stacked_lora,sst2,all,15,v_proj,24,0.9999812245368958
stacked_lora,sst2,all,15,v_proj,25,0.999785304069519
stacked_lora,sst2,all,15,v_proj,26,0.9997188448905945
stacked_lora,sst2,all,15,v_proj,27,0.9998914003372192
stacked_lora,sst2,all,15,v_proj,28,0.9998660087585449
stacked_lora,sst2,all,15,v_proj,29,0.999887228012085
stacked_lora,sst2,all,15,v_proj,30,0.9999192953109741
stacked_lora,sst2,all,15,v_proj,31,0.9999738335609436
stacked_lora,sst2,all,15,v_proj,32,0.999958336353302
stacked_lora,sst2,all,15,v_proj,33,0.9996310472488403
stacked_lora,sst2,all,15,v_proj,34,0.9998358488082886
stacked_lora,sst2,all,15,v_proj,35,0.9996210336685181
stacked_lora,sst2,all,15,v_proj,36,0.9995945692062378
stacked_lora,sst2,all,15,v_proj,37,0.9995435476303101
stacked_lora,sst2,all,15,v_proj,38,0.9999258518218994
stacked_lora,sst2,all,15,v_proj,39,0.9998892545700073
stacked_lora,sst2,all,15,v_proj,40,0.9998950958251953
stacked_lora,sst2,all,15,v_proj,41,0.9998999834060669
stacked_lora,sst2,all,15,v_proj,42,0.9998838305473328
stacked_lora,sst2,all,15,v_proj,43,0.9999550580978394
stacked_lora,sst2,all,15,v_proj,44,0.9999498128890991
stacked_lora,sst2,all,15,v_proj,45,0.9998331069946289
stacked_lora,sst2,all,15,v_proj,46,0.9996530413627625
stacked_lora,sst2,all,15,v_proj,47,0.9997854828834534
stacked_lora,sst2,all,15,v_proj,48,0.9999054670333862
stacked_lora,sst2,all,15,v_proj,49,0.9999738931655884
stacked_lora,sst2,all,15,v_proj,50,0.9999786615371704
stacked_lora,sst2,all,15,up_proj,1,0.9999993443489075
stacked_lora,sst2,all,15,up_proj,2,0.9999995827674866
stacked_lora,sst2,all,15,up_proj,3,0.9999988675117493
stacked_lora,sst2,all,15,up_proj,4,0.9999974370002747
stacked_lora,sst2,all,15,up_proj,5,0.9999967217445374
stacked_lora,sst2,all,15,up_proj,6,0.999995231628418
stacked_lora,sst2,all,15,up_proj,7,0.9999968409538269
stacked_lora,sst2,all,15,up_proj,8,0.9999978542327881
stacked_lora,sst2,all,15,up_proj,9,0.9999977350234985
stacked_lora,sst2,all,15,up_proj,10,0.9999977350234985
stacked_lora,sst2,all,15,up_proj,11,0.9999947547912598
stacked_lora,sst2,all,15,up_proj,12,0.9999905824661255
stacked_lora,sst2,all,15,up_proj,13,0.9999787211418152
stacked_lora,sst2,all,15,up_proj,14,0.999980628490448
stacked_lora,sst2,all,15,up_proj,15,0.9999940395355225
stacked_lora,sst2,all,15,up_proj,16,0.9999905824661255
stacked_lora,sst2,all,15,up_proj,17,0.9999959468841553
stacked_lora,sst2,all,15,up_proj,18,0.9999920129776001
stacked_lora,sst2,all,15,up_proj,19,0.9999909400939941
stacked_lora,sst2,all,15,up_proj,20,0.999991238117218
stacked_lora,sst2,all,15,up_proj,21,0.9999949932098389
stacked_lora,sst2,all,15,up_proj,22,0.9999940991401672
stacked_lora,sst2,all,15,up_proj,23,0.9999872446060181
stacked_lora,sst2,all,15,up_proj,24,0.9999904632568359
stacked_lora,sst2,all,15,up_proj,25,0.9999895095825195
stacked_lora,sst2,all,15,up_proj,26,0.9999794363975525
stacked_lora,sst2,all,15,up_proj,27,0.9999881982803345
stacked_lora,sst2,all,15,up_proj,28,0.9999946355819702
stacked_lora,sst2,all,15,up_proj,29,0.9999901652336121
stacked_lora,sst2,all,15,up_proj,30,0.9999827742576599
stacked_lora,sst2,all,15,up_proj,31,0.9999789595603943
stacked_lora,sst2,all,15,up_proj,32,0.9999784827232361
stacked_lora,sst2,all,15,up_proj,33,0.9999868869781494
stacked_lora,sst2,all,15,up_proj,34,0.9999900460243225
stacked_lora,sst2,all,15,up_proj,35,0.999974250793457
stacked_lora,sst2,all,15,up_proj,36,0.9999337792396545
stacked_lora,sst2,all,15,up_proj,37,0.9999059438705444
stacked_lora,sst2,all,15,up_proj,38,0.9999462962150574
stacked_lora,sst2,all,15,up_proj,39,0.9999030232429504
stacked_lora,sst2,all,15,up_proj,40,0.999891459941864
stacked_lora,sst2,all,15,up_proj,41,0.9999793171882629
stacked_lora,sst2,all,15,up_proj,42,0.999963641166687
stacked_lora,sst2,all,15,up_proj,43,0.9999715089797974
stacked_lora,sst2,all,15,up_proj,44,0.9998542666435242
stacked_lora,sst2,all,15,up_proj,45,0.9998674392700195
stacked_lora,sst2,all,15,up_proj,46,0.99997478723526
stacked_lora,sst2,all,15,up_proj,47,0.999961793422699
stacked_lora,sst2,all,15,up_proj,48,0.9999728202819824
stacked_lora,sst2,all,15,up_proj,49,0.9999619722366333
stacked_lora,sst2,all,15,up_proj,50,0.9999745488166809
stacked_lora,sst2,all,15,down_proj,1,0.9999995827674866
stacked_lora,sst2,all,15,down_proj,2,0.9999998807907104
stacked_lora,sst2,all,15,down_proj,3,0.9999995827674866
stacked_lora,sst2,all,15,down_proj,4,0.9999986886978149
stacked_lora,sst2,all,15,down_proj,5,0.9999990463256836
stacked_lora,sst2,all,15,down_proj,6,0.9999997019767761
stacked_lora,sst2,all,15,down_proj,7,0.9999924898147583
stacked_lora,sst2,all,15,down_proj,8,0.9999922513961792
stacked_lora,sst2,all,15,down_proj,9,0.9999891519546509
stacked_lora,sst2,all,15,down_proj,10,0.9999894499778748
stacked_lora,sst2,all,15,down_proj,11,0.9999945163726807
stacked_lora,sst2,all,15,down_proj,12,0.9999909996986389
stacked_lora,sst2,all,15,down_proj,13,0.9999619126319885
stacked_lora,sst2,all,15,down_proj,14,0.9999604821205139
stacked_lora,sst2,all,15,down_proj,15,0.9999909996986389
stacked_lora,sst2,all,15,down_proj,16,0.9999641180038452
stacked_lora,sst2,all,15,down_proj,17,0.9999556541442871
stacked_lora,sst2,all,15,down_proj,18,0.9999683499336243
stacked_lora,sst2,all,15,down_proj,19,0.9999727010726929
stacked_lora,sst2,all,15,down_proj,20,0.9999798536300659
stacked_lora,sst2,all,15,down_proj,21,0.9999733567237854
stacked_lora,sst2,all,15,down_proj,22,0.9999829530715942
stacked_lora,sst2,all,15,down_proj,23,0.9999741911888123
stacked_lora,sst2,all,15,down_proj,24,0.9999725818634033
stacked_lora,sst2,all,15,down_proj,25,0.9999718070030212
stacked_lora,sst2,all,15,down_proj,26,0.9998145699501038
stacked_lora,sst2,all,15,down_proj,27,0.9998228549957275
stacked_lora,sst2,all,15,down_proj,28,0.9999666213989258
stacked_lora,sst2,all,15,down_proj,29,0.9999699592590332
stacked_lora,sst2,all,15,down_proj,30,0.9999386668205261
stacked_lora,sst2,all,15,down_proj,31,0.9999412298202515
stacked_lora,sst2,all,15,down_proj,32,0.999971866607666
stacked_lora,sst2,all,15,down_proj,33,0.9999861717224121
stacked_lora,sst2,all,15,down_proj,34,0.999978244304657
stacked_lora,sst2,all,15,down_proj,35,0.9999128580093384
stacked_lora,sst2,all,15,down_proj,36,0.9999626874923706
stacked_lora,sst2,all,15,down_proj,37,0.9998955726623535
stacked_lora,sst2,all,15,down_proj,38,0.9999608993530273
stacked_lora,sst2,all,15,down_proj,39,0.9998234510421753
stacked_lora,sst2,all,15,down_proj,40,0.9998846650123596
stacked_lora,sst2,all,15,down_proj,41,0.9999455213546753
stacked_lora,sst2,all,15,down_proj,42,0.9999262690544128
stacked_lora,sst2,all,15,down_proj,43,0.9999151229858398
stacked_lora,sst2,all,15,down_proj,44,0.9999698400497437
stacked_lora,sst2,all,15,down_proj,45,0.9999671578407288
stacked_lora,sst2,all,15,down_proj,46,0.9999786615371704
stacked_lora,sst2,all,15,down_proj,47,0.9999514818191528
stacked_lora,sst2,all,15,down_proj,48,0.9998952746391296
stacked_lora,sst2,all,15,down_proj,49,0.9997082352638245
stacked_lora,sst2,all,15,down_proj,50,0.9996708631515503
stacked_lora,winogrande,all,0,q_proj,1,0.9999996423721313
stacked_lora,winogrande,all,0,q_proj,2,1.0000008344650269
stacked_lora,winogrande,all,0,q_proj,3,1.0000004768371582
stacked_lora,winogrande,all,0,q_proj,4,0.9999995827674866
stacked_lora,winogrande,all,0,q_proj,5,0.9999991655349731
stacked_lora,winogrande,all,0,q_proj,6,0.9999995231628418
stacked_lora,winogrande,all,0,q_proj,7,0.9999986886978149
stacked_lora,winogrande,all,0,q_proj,8,0.9999987483024597
stacked_lora,winogrande,all,0,q_proj,9,0.9999994039535522
stacked_lora,winogrande,all,0,q_proj,10,0.9999991655349731
stacked_lora,winogrande,all,0,q_proj,11,0.9999991655349731
stacked_lora,winogrande,all,0,q_proj,12,0.9999986290931702
stacked_lora,winogrande,all,0,q_proj,13,0.9999982714653015
stacked_lora,winogrande,all,0,q_proj,14,0.9999969601631165
stacked_lora,winogrande,all,0,q_proj,15,0.9999961853027344
stacked_lora,winogrande,all,0,q_proj,16,0.9999947547912598
stacked_lora,winogrande,all,0,q_proj,17,0.9999972581863403
stacked_lora,winogrande,all,0,q_proj,18,0.9999969005584717
stacked_lora,winogrande,all,0,q_proj,19,0.999998152256012
stacked_lora,winogrande,all,0,q_proj,20,0.9999983310699463
stacked_lora,winogrande,all,0,q_proj,21,0.9999974370002747
stacked_lora,winogrande,all,0,q_proj,22,0.9999959468841553
stacked_lora,winogrande,all,0,q_proj,23,0.9999951720237732
stacked_lora,winogrande,all,0,q_proj,24,0.999976396560669
stacked_lora,winogrande,all,0,q_proj,25,0.9999759197235107
stacked_lora,winogrande,all,0,q_proj,26,0.999995768070221
stacked_lora,winogrande,all,0,q_proj,27,0.9999739527702332
stacked_lora,winogrande,all,0,q_proj,28,0.9999733567237854
stacked_lora,winogrande,all,0,q_proj,29,0.9999913573265076
stacked_lora,winogrande,all,0,q_proj,30,0.9999837279319763
stacked_lora,winogrande,all,0,q_proj,31,0.9999865889549255
stacked_lora,winogrande,all,0,q_proj,32,0.9999755620956421
stacked_lora,winogrande,all,0,q_proj,33,0.9999796748161316
stacked_lora,winogrande,all,0,q_proj,34,0.9999951124191284
stacked_lora,winogrande,all,0,q_proj,35,0.999991774559021
stacked_lora,winogrande,all,0,q_proj,36,0.999980628490448
stacked_lora,winogrande,all,0,q_proj,37,0.9999709129333496
stacked_lora,winogrande,all,0,q_proj,38,0.9999567270278931
stacked_lora,winogrande,all,0,q_proj,39,0.9999629259109497
stacked_lora,winogrande,all,0,q_proj,40,0.9999794960021973
stacked_lora,winogrande,all,0,q_proj,41,0.9999850392341614
stacked_lora,winogrande,all,0,q_proj,42,0.9998290538787842
stacked_lora,winogrande,all,0,q_proj,43,0.9998265504837036
stacked_lora,winogrande,all,0,q_proj,44,0.9999893307685852
stacked_lora,winogrande,all,0,q_proj,45,0.9999903440475464
stacked_lora,winogrande,all,0,q_proj,46,0.9999754428863525
stacked_lora,winogrande,all,0,q_proj,47,0.9999761581420898
stacked_lora,winogrande,all,0,q_proj,48,0.9999693036079407
stacked_lora,winogrande,all,0,q_proj,49,0.9999868869781494
stacked_lora,winogrande,all,0,q_proj,50,0.9999330043792725
stacked_lora,winogrande,all,0,v_proj,1,0.9999856352806091
stacked_lora,winogrande,all,0,v_proj,2,0.9997470378875732
stacked_lora,winogrande,all,0,v_proj,3,0.9997336268424988
stacked_lora,winogrande,all,0,v_proj,4,0.9999372363090515
stacked_lora,winogrande,all,0,v_proj,5,0.9999451041221619
stacked_lora,winogrande,all,0,v_proj,6,0.9997861385345459
stacked_lora,winogrande,all,0,v_proj,7,0.9997159242630005
stacked_lora,winogrande,all,0,v_proj,8,0.9996659755706787
stacked_lora,winogrande,all,0,v_proj,9,0.999590277671814
stacked_lora,winogrande,all,0,v_proj,10,0.9992531538009644
stacked_lora,winogrande,all,0,v_proj,11,0.9991806745529175
stacked_lora,winogrande,all,0,v_proj,12,0.9994019269943237
stacked_lora,winogrande,all,0,v_proj,13,0.9997886419296265
stacked_lora,winogrande,all,0,v_proj,14,0.9994299411773682
stacked_lora,winogrande,all,0,v_proj,15,0.9994931221008301
stacked_lora,winogrande,all,0,v_proj,16,0.9993363618850708
stacked_lora,winogrande,all,0,v_proj,17,0.9994280338287354
stacked_lora,winogrande,all,0,v_proj,18,0.9995774030685425
stacked_lora,winogrande,all,0,v_proj,19,0.9996684193611145
stacked_lora,winogrande,all,0,v_proj,20,0.9993031024932861
stacked_lora,winogrande,all,0,v_proj,21,0.9990147352218628
stacked_lora,winogrande,all,0,v_proj,22,0.9984278082847595
stacked_lora,winogrande,all,0,v_proj,23,0.9983516931533813
stacked_lora,winogrande,all,0,v_proj,24,0.9987159967422485
stacked_lora,winogrande,all,0,v_proj,25,0.9986221790313721
stacked_lora,winogrande,all,0,v_proj,26,0.9979802370071411
stacked_lora,winogrande,all,0,v_proj,27,0.9990126490592957
stacked_lora,winogrande,all,0,v_proj,28,0.9985979795455933
stacked_lora,winogrande,all,0,v_proj,29,0.9990600943565369
stacked_lora,winogrande,all,0,v_proj,30,0.99809730052948
stacked_lora,winogrande,all,0,v_proj,31,0.9903959631919861
stacked_lora,winogrande,all,0,v_proj,32,0.9619491696357727
stacked_lora,winogrande,all,0,v_proj,33,0.9660344123840332
stacked_lora,winogrande,all,0,v_proj,34,0.9982273578643799
stacked_lora,winogrande,all,0,v_proj,35,0.9958972334861755
stacked_lora,winogrande,all,0,v_proj,36,0.9960931539535522
stacked_lora,winogrande,all,0,v_proj,37,0.9970046281814575
stacked_lora,winogrande,all,0,v_proj,38,0.9874225854873657
stacked_lora,winogrande,all,0,v_proj,39,0.9883460998535156
stacked_lora,winogrande,all,0,v_proj,40,0.9922085404396057
stacked_lora,winogrande,all,0,v_proj,41,0.9645215272903442
stacked_lora,winogrande,all,0,v_proj,42,0.9681381583213806
stacked_lora,winogrande,all,0,v_proj,43,0.9918907880783081
stacked_lora,winogrande,all,0,v_proj,44,0.987467885017395
stacked_lora,winogrande,all,0,v_proj,45,0.9944788217544556
stacked_lora,winogrande,all,0,v_proj,46,0.9917026162147522
stacked_lora,winogrande,all,0,v_proj,47,0.993476927280426
stacked_lora,winogrande,all,0,v_proj,48,0.9979634284973145
stacked_lora,winogrande,all,0,v_proj,49,0.9989099502563477
stacked_lora,winogrande,all,0,v_proj,50,0.9973727464675903
stacked_lora,winogrande,all,0,up_proj,1,0.9999961256980896
stacked_lora,winogrande,all,0,up_proj,2,0.9999936819076538
stacked_lora,winogrande,all,0,up_proj,3,0.9999904036521912
stacked_lora,winogrande,all,0,up_proj,4,0.9999873638153076
stacked_lora,winogrande,all,0,up_proj,5,0.9999844431877136
stacked_lora,winogrande,all,0,up_proj,6,0.9999486207962036
stacked_lora,winogrande,all,0,up_proj,7,0.9999480843544006
stacked_lora,winogrande,all,0,up_proj,8,0.9999653100967407
stacked_lora,winogrande,all,0,up_proj,9,0.9998914003372192
stacked_lora,winogrande,all,0,up_proj,10,0.9998929500579834
stacked_lora,winogrande,all,0,up_proj,11,0.9994765520095825
stacked_lora,winogrande,all,0,up_proj,12,0.9995009899139404
stacked_lora,winogrande,all,0,up_proj,13,0.9998428821563721
stacked_lora,winogrande,all,0,up_proj,14,0.999299168586731
stacked_lora,winogrande,all,0,up_proj,15,0.9993807673454285
stacked_lora,winogrande,all,0,up_proj,16,0.9998019337654114
stacked_lora,winogrande,all,0,up_proj,17,0.9998739957809448
stacked_lora,winogrande,all,0,up_proj,18,0.9998486638069153
stacked_lora,winogrande,all,0,up_proj,19,0.9999060034751892
stacked_lora,winogrande,all,0,up_proj,20,0.9998698830604553
stacked_lora,winogrande,all,0,up_proj,21,0.9995527267456055
stacked_lora,winogrande,all,0,up_proj,22,0.9996016621589661
stacked_lora,winogrande,all,0,up_proj,23,0.9999459385871887
stacked_lora,winogrande,all,0,up_proj,24,0.9999244213104248
stacked_lora,winogrande,all,0,up_proj,25,0.9999050498008728
stacked_lora,winogrande,all,0,up_proj,26,0.9994387030601501
stacked_lora,winogrande,all,0,up_proj,27,0.9993643760681152
stacked_lora,winogrande,all,0,up_proj,28,0.9998533725738525
stacked_lora,winogrande,all,0,up_proj,29,0.9999415278434753
stacked_lora,winogrande,all,0,up_proj,30,0.9999420046806335
stacked_lora,winogrande,all,0,up_proj,31,0.999910831451416
stacked_lora,winogrande,all,0,up_proj,32,0.9998605251312256
stacked_lora,winogrande,all,0,up_proj,33,0.9999077916145325
stacked_lora,winogrande,all,0,up_proj,34,0.9999407529830933
stacked_lora,winogrande,all,0,up_proj,35,0.9999414086341858
stacked_lora,winogrande,all,0,up_proj,36,0.9999294877052307
stacked_lora,winogrande,all,0,up_proj,37,0.9999378323554993
stacked_lora,winogrande,all,0,up_proj,38,0.9997396469116211
stacked_lora,winogrande,all,0,up_proj,39,0.999736487865448
stacked_lora,winogrande,all,0,up_proj,40,0.999891996383667
stacked_lora,winogrande,all,0,up_proj,41,0.9996300935745239
stacked_lora,winogrande,all,0,up_proj,42,0.9996606111526489
stacked_lora,winogrande,all,0,up_proj,43,0.9998282790184021
stacked_lora,winogrande,all,0,up_proj,44,0.9998692274093628
stacked_lora,winogrande,all,0,up_proj,45,0.9998990297317505
stacked_lora,winogrande,all,0,up_proj,46,0.9998618960380554
stacked_lora,winogrande,all,0,up_proj,47,0.9998025894165039
stacked_lora,winogrande,all,0,up_proj,48,0.9993268251419067
stacked_lora,winogrande,all,0,up_proj,49,0.9995188117027283
stacked_lora,winogrande,all,0,up_proj,50,0.9990875720977783
stacked_lora,winogrande,all,0,down_proj,1,1.000000238418579
stacked_lora,winogrande,all,0,down_proj,2,0.9999998807907104
stacked_lora,winogrande,all,0,down_proj,3,0.9999982714653015
stacked_lora,winogrande,all,0,down_proj,4,0.9999984502792358
stacked_lora,winogrande,all,0,down_proj,5,0.9999979734420776
stacked_lora,winogrande,all,0,down_proj,6,0.9999919533729553
stacked_lora,winogrande,all,0,down_proj,7,0.9999895095825195
stacked_lora,winogrande,all,0,down_proj,8,0.9999980330467224
stacked_lora,winogrande,all,0,down_proj,9,0.9999962449073792
stacked_lora,winogrande,all,0,down_proj,10,0.9999912977218628
stacked_lora,winogrande,all,0,down_proj,11,0.9999898076057434
stacked_lora,winogrande,all,0,down_proj,12,0.9999653697013855
stacked_lora,winogrande,all,0,down_proj,13,0.999977707862854
stacked_lora,winogrande,all,0,down_proj,14,0.9999951720237732
stacked_lora,winogrande,all,0,down_proj,15,0.9999883770942688
stacked_lora,winogrande,all,0,down_proj,16,0.9999867677688599
stacked_lora,winogrande,all,0,down_proj,17,0.9999677538871765
stacked_lora,winogrande,all,0,down_proj,18,0.9999728202819824
stacked_lora,winogrande,all,0,down_proj,19,0.9999915361404419
stacked_lora,winogrande,all,0,down_proj,20,0.7769214510917664
stacked_lora,winogrande,all,0,down_proj,21,0.7769166827201843
stacked_lora,winogrande,all,0,down_proj,22,0.9997342228889465
stacked_lora,winogrande,all,0,down_proj,23,0.9997608661651611
stacked_lora,winogrande,all,0,down_proj,24,0.9999552369117737
stacked_lora,winogrande,all,0,down_proj,25,0.9999786615371704
stacked_lora,winogrande,all,0,down_proj,26,0.9999537467956543
stacked_lora,winogrande,all,0,down_proj,27,0.9997457265853882
stacked_lora,winogrande,all,0,down_proj,28,0.9998401999473572
stacked_lora,winogrande,all,0,down_proj,29,0.9998075366020203
stacked_lora,winogrande,all,0,down_proj,30,0.9999507069587708
stacked_lora,winogrande,all,0,down_proj,31,0.9999638795852661
stacked_lora,winogrande,all,0,down_proj,32,0.9999357461929321
stacked_lora,winogrande,all,0,down_proj,33,0.9993329644203186
stacked_lora,winogrande,all,0,down_proj,34,0.9993483424186707
stacked_lora,winogrande,all,0,down_proj,35,0.9999717473983765
stacked_lora,winogrande,all,0,down_proj,36,0.9999445676803589
stacked_lora,winogrande,all,0,down_proj,37,0.9998369812965393
stacked_lora,winogrande,all,0,down_proj,38,0.9997572302818298
stacked_lora,winogrande,all,0,down_proj,39,0.999833345413208
stacked_lora,winogrande,all,0,down_proj,40,0.9994720220565796
stacked_lora,winogrande,all,0,down_proj,41,0.9994887709617615
stacked_lora,winogrande,all,0,down_proj,42,0.9998487234115601
stacked_lora,winogrande,all,0,down_proj,43,0.9998700618743896
stacked_lora,winogrande,all,0,down_proj,44,0.9998930096626282
stacked_lora,winogrande,all,0,down_proj,45,0.9998087882995605
stacked_lora,winogrande,all,0,down_proj,46,0.9998137354850769
stacked_lora,winogrande,all,0,down_proj,47,0.9997197985649109
stacked_lora,winogrande,all,0,down_proj,48,0.999731183052063
stacked_lora,winogrande,all,0,down_proj,49,0.9998962879180908
stacked_lora,winogrande,all,0,down_proj,50,0.987654983997345
stacked_lora,winogrande,all,8,q_proj,1,0.9999946355819702
stacked_lora,winogrande,all,8,q_proj,2,0.9999961853027344
stacked_lora,winogrande,all,8,q_proj,3,0.9999989867210388
stacked_lora,winogrande,all,8,q_proj,4,0.9999960660934448
stacked_lora,winogrande,all,8,q_proj,5,0.9999936819076538
stacked_lora,winogrande,all,8,q_proj,6,0.9999926686286926
stacked_lora,winogrande,all,8,q_proj,7,0.9999885559082031
stacked_lora,winogrande,all,8,q_proj,8,0.9999294877052307
stacked_lora,winogrande,all,8,q_proj,9,0.9999315738677979
stacked_lora,winogrande,all,8,q_proj,10,0.9999869465827942
stacked_lora,winogrande,all,8,q_proj,11,0.999992311000824
stacked_lora,winogrande,all,8,q_proj,12,0.9999963641166687
stacked_lora,winogrande,all,8,q_proj,13,0.9999570846557617
stacked_lora,winogrande,all,8,q_proj,14,0.9999536275863647
stacked_lora,winogrande,all,8,q_proj,15,0.9999737739562988
stacked_lora,winogrande,all,8,q_proj,16,0.9999752640724182
stacked_lora,winogrande,all,8,q_proj,17,0.9999818205833435
stacked_lora,winogrande,all,8,q_proj,18,0.9999746084213257
stacked_lora,winogrande,all,8,q_proj,19,0.9999724626541138
stacked_lora,winogrande,all,8,q_proj,20,0.9999912977218628
stacked_lora,winogrande,all,8,q_proj,21,0.9999768137931824
stacked_lora,winogrande,all,8,q_proj,22,0.9999713897705078
stacked_lora,winogrande,all,8,q_proj,23,0.9999847412109375
stacked_lora,winogrande,all,8,q_proj,24,0.9999547004699707
stacked_lora,winogrande,all,8,q_proj,25,0.9999494552612305
stacked_lora,winogrande,all,8,q_proj,26,0.9999774098396301
stacked_lora,winogrande,all,8,q_proj,27,0.9999868869781494
stacked_lora,winogrande,all,8,q_proj,28,0.9999654293060303
stacked_lora,winogrande,all,8,q_proj,29,0.9999480247497559
stacked_lora,winogrande,all,8,q_proj,30,0.9999288320541382
stacked_lora,winogrande,all,8,q_proj,31,0.9999039173126221
stacked_lora,winogrande,all,8,q_proj,32,0.999890148639679
stacked_lora,winogrande,all,8,q_proj,33,0.9998840093612671
stacked_lora,winogrande,all,8,q_proj,34,0.9999486207962036
stacked_lora,winogrande,all,8,q_proj,35,0.9999619722366333
stacked_lora,winogrande,all,8,q_proj,36,0.9999809861183167
stacked_lora,winogrande,all,8,q_proj,37,0.9999499320983887
stacked_lora,winogrande,all,8,q_proj,38,0.9998995065689087
stacked_lora,winogrande,all,8,q_proj,39,0.9999776482582092
stacked_lora,winogrande,all,8,q_proj,40,0.9998948574066162
stacked_lora,winogrande,all,8,q_proj,41,0.999908983707428
stacked_lora,winogrande,all,8,q_proj,42,0.9998722076416016
stacked_lora,winogrande,all,8,q_proj,43,0.9999585151672363
stacked_lora,winogrande,all,8,q_proj,44,0.9999181032180786
stacked_lora,winogrande,all,8,q_proj,45,0.9999364018440247
stacked_lora,winogrande,all,8,q_proj,46,0.9999708533287048
stacked_lora,winogrande,all,8,q_proj,47,0.9998024702072144
stacked_lora,winogrande,all,8,q_proj,48,0.999839723110199
stacked_lora,winogrande,all,8,q_proj,49,0.9999232888221741
stacked_lora,winogrande,all,8,q_proj,50,0.9999619722366333
stacked_lora,winogrande,all,8,v_proj,1,0.9998091459274292
stacked_lora,winogrande,all,8,v_proj,2,0.999747097492218
stacked_lora,winogrande,all,8,v_proj,3,0.998745322227478
stacked_lora,winogrande,all,8,v_proj,4,0.9977274537086487
stacked_lora,winogrande,all,8,v_proj,5,0.9958900213241577
stacked_lora,winogrande,all,8,v_proj,6,0.9933499097824097
stacked_lora,winogrande,all,8,v_proj,7,0.996200442314148
stacked_lora,winogrande,all,8,v_proj,8,0.9971641898155212
stacked_lora,winogrande,all,8,v_proj,9,0.9962917566299438
stacked_lora,winogrande,all,8,v_proj,10,0.9965364933013916
stacked_lora,winogrande,all,8,v_proj,11,0.9979056119918823
stacked_lora,winogrande,all,8,v_proj,12,0.9992174506187439
stacked_lora,winogrande,all,8,v_proj,13,0.9913455247879028
stacked_lora,winogrande,all,8,v_proj,14,0.9908751845359802
stacked_lora,winogrande,all,8,v_proj,15,0.9983381032943726
stacked_lora,winogrande,all,8,v_proj,16,0.9989833831787109
stacked_lora,winogrande,all,8,v_proj,17,0.9992175698280334
stacked_lora,winogrande,all,8,v_proj,18,0.9993199706077576
stacked_lora,winogrande,all,8,v_proj,19,0.9987281560897827
stacked_lora,winogrande,all,8,v_proj,20,0.9977782964706421
stacked_lora,winogrande,all,8,v_proj,21,0.9982101917266846
stacked_lora,winogrande,all,8,v_proj,22,0.9982089996337891
stacked_lora,winogrande,all,8,v_proj,23,0.9979795217514038
stacked_lora,winogrande,all,8,v_proj,24,0.9987834692001343
stacked_lora,winogrande,all,8,v_proj,25,0.9978194832801819
stacked_lora,winogrande,all,8,v_proj,26,0.9917040467262268
stacked_lora,winogrande,all,8,v_proj,27,0.9932622909545898
stacked_lora,winogrande,all,8,v_proj,28,0.995189905166626
stacked_lora,winogrande,all,8,v_proj,29,0.9621899127960205
stacked_lora,winogrande,all,8,v_proj,30,0.960733950138092
stacked_lora,winogrande,all,8,v_proj,31,0.9906328320503235
stacked_lora,winogrande,all,8,v_proj,32,0.9897454977035522
stacked_lora,winogrande,all,8,v_proj,33,0.9971473813056946
stacked_lora,winogrande,all,8,v_proj,34,0.9978604912757874
stacked_lora,winogrande,all,8,v_proj,35,0.9917088747024536
stacked_lora,winogrande,all,8,v_proj,36,0.9924951791763306
stacked_lora,winogrande,all,8,v_proj,37,0.9988967180252075
stacked_lora,winogrande,all,8,v_proj,38,0.9941744804382324
stacked_lora,winogrande,all,8,v_proj,39,0.9944694638252258
stacked_lora,winogrande,all,8,v_proj,40,0.997642457485199
stacked_lora,winogrande,all,8,v_proj,41,0.9982001781463623
stacked_lora,winogrande,all,8,v_proj,42,0.9991602301597595
stacked_lora,winogrande,all,8,v_proj,43,0.998811662197113
stacked_lora,winogrande,all,8,v_proj,44,0.9979423880577087
stacked_lora,winogrande,all,8,v_proj,45,0.9925874471664429
stacked_lora,winogrande,all,8,v_proj,46,0.9516240358352661
stacked_lora,winogrande,all,8,v_proj,47,0.9565802216529846
stacked_lora,winogrande,all,8,v_proj,48,0.9895671606063843
stacked_lora,winogrande,all,8,v_proj,49,0.988286554813385
stacked_lora,winogrande,all,8,v_proj,50,0.9949377775192261
stacked_lora,winogrande,all,8,up_proj,1,0.999991774559021
stacked_lora,winogrande,all,8,up_proj,2,0.9999843835830688
stacked_lora,winogrande,all,8,up_proj,3,0.9999768733978271
stacked_lora,winogrande,all,8,up_proj,4,0.9999804496765137
stacked_lora,winogrande,all,8,up_proj,5,0.9999676942825317
stacked_lora,winogrande,all,8,up_proj,6,0.9999561905860901
stacked_lora,winogrande,all,8,up_proj,7,0.999965488910675
stacked_lora,winogrande,all,8,up_proj,8,0.9999698400497437
stacked_lora,winogrande,all,8,up_proj,9,0.9999227523803711
stacked_lora,winogrande,all,8,up_proj,10,0.9999170899391174
stacked_lora,winogrande,all,8,up_proj,11,0.9999629855155945
stacked_lora,winogrande,all,8,up_proj,12,0.9998397827148438
stacked_lora,winogrande,all,8,up_proj,13,0.9466586709022522
stacked_lora,winogrande,all,8,up_proj,14,0.9467142224311829
stacked_lora,winogrande,all,8,up_proj,15,0.9998490214347839
stacked_lora,winogrande,all,8,up_proj,16,0.9998654127120972
stacked_lora,winogrande,all,8,up_proj,17,0.9999606013298035
stacked_lora,winogrande,all,8,up_proj,18,0.9999418258666992
stacked_lora,winogrande,all,8,up_proj,19,0.9999078512191772
stacked_lora,winogrande,all,8,up_proj,20,0.9995744824409485
stacked_lora,winogrande,all,8,up_proj,21,0.99958735704422
stacked_lora,winogrande,all,8,up_proj,22,0.9999184012413025
stacked_lora,winogrande,all,8,up_proj,23,0.9986140131950378
stacked_lora,winogrande,all,8,up_proj,24,0.9985995888710022
stacked_lora,winogrande,all,8,up_proj,25,0.99929279088974
stacked_lora,winogrande,all,8,up_proj,26,0.9990250468254089
stacked_lora,winogrande,all,8,up_proj,27,0.9993003010749817
stacked_lora,winogrande,all,8,up_proj,28,0.9994974732398987
stacked_lora,winogrande,all,8,up_proj,29,0.9992779493331909
stacked_lora,winogrande,all,8,up_proj,30,0.9992305636405945
stacked_lora,winogrande,all,8,up_proj,31,0.9985036253929138
stacked_lora,winogrande,all,8,up_proj,32,0.9981581568717957
stacked_lora,winogrande,all,8,up_proj,33,0.9982942938804626
stacked_lora,winogrande,all,8,up_proj,34,0.9987539649009705
stacked_lora,winogrande,all,8,up_proj,35,0.9996775388717651
stacked_lora,winogrande,all,8,up_proj,36,0.9993702173233032
stacked_lora,winogrande,all,8,up_proj,37,0.9943259358406067
stacked_lora,winogrande,all,8,up_proj,38,0.9944871664047241
stacked_lora,winogrande,all,8,up_proj,39,0.9877917766571045
stacked_lora,winogrande,all,8,up_proj,40,0.9878345131874084
stacked_lora,winogrande,all,8,up_proj,41,0.9997777938842773
stacked_lora,winogrande,all,8,up_proj,42,0.9996098875999451
stacked_lora,winogrande,all,8,up_proj,43,0.9995548725128174
stacked_lora,winogrande,all,8,up_proj,44,0.9992454648017883
stacked_lora,winogrande,all,8,up_proj,45,0.9993499517440796
stacked_lora,winogrande,all,8,up_proj,46,0.9994832873344421
stacked_lora,winogrande,all,8,up_proj,47,0.9989771246910095
stacked_lora,winogrande,all,8,up_proj,48,0.9992701411247253
stacked_lora,winogrande,all,8,up_proj,49,0.9972975254058838
stacked_lora,winogrande,all,8,up_proj,50,0.9973670840263367
stacked_lora,winogrande,all,8,down_proj,1,0.9999996423721313
stacked_lora,winogrande,all,8,down_proj,2,0.9999991655349731
stacked_lora,winogrande,all,8,down_proj,3,0.9999991655349731
stacked_lora,winogrande,all,8,down_proj,4,0.9999992251396179
stacked_lora,winogrande,all,8,down_proj,5,0.9999948740005493
stacked_lora,winogrande,all,8,down_proj,6,0.9999961853027344
stacked_lora,winogrande,all,8,down_proj,7,0.9999972581863403
stacked_lora,winogrande,all,8,down_proj,8,0.9999971985816956
stacked_lora,winogrande,all,8,down_proj,9,0.9999975562095642
stacked_lora,winogrande,all,8,down_proj,10,0.9999880194664001
stacked_lora,winogrande,all,8,down_proj,11,0.9999960660934448
stacked_lora,winogrande,all,8,down_proj,12,0.9999904632568359
stacked_lora,winogrande,all,8,down_proj,13,0.9999954700469971
stacked_lora,winogrande,all,8,down_proj,14,0.999983549118042
stacked_lora,winogrande,all,8,down_proj,15,0.9999846816062927
stacked_lora,winogrande,all,8,down_proj,16,0.9999944567680359
stacked_lora,winogrande,all,8,down_proj,17,0.9999938011169434
stacked_lora,winogrande,all,8,down_proj,18,0.9999681711196899
stacked_lora,winogrande,all,8,down_proj,19,0.9997984766960144
stacked_lora,winogrande,all,8,down_proj,20,0.9998129606246948
stacked_lora,winogrande,all,8,down_proj,21,0.9999600648880005
stacked_lora,winogrande,all,8,down_proj,22,0.9999864101409912
stacked_lora,winogrande,all,8,down_proj,23,0.9999713897705078
stacked_lora,winogrande,all,8,down_proj,24,0.9999865889549255
stacked_lora,winogrande,all,8,down_proj,25,0.999975860118866
stacked_lora,winogrande,all,8,down_proj,26,0.9993936419487
stacked_lora,winogrande,all,8,down_proj,27,0.9993991851806641
stacked_lora,winogrande,all,8,down_proj,28,0.9999709129333496
stacked_lora,winogrande,all,8,down_proj,29,0.9999732375144958
stacked_lora,winogrande,all,8,down_proj,30,0.9999364018440247
stacked_lora,winogrande,all,8,down_proj,31,0.9999324679374695
stacked_lora,winogrande,all,8,down_proj,32,0.9999364018440247
stacked_lora,winogrande,all,8,down_proj,33,0.9997457265853882
stacked_lora,winogrande,all,8,down_proj,34,0.9998060464859009
stacked_lora,winogrande,all,8,down_proj,35,0.9999486804008484
stacked_lora,winogrande,all,8,down_proj,36,0.9999476075172424
stacked_lora,winogrande,all,8,down_proj,37,0.9999730587005615
stacked_lora,winogrande,all,8,down_proj,38,0.9999409914016724
stacked_lora,winogrande,all,8,down_proj,39,0.9998278617858887
stacked_lora,winogrande,all,8,down_proj,40,0.9998664855957031
stacked_lora,winogrande,all,8,down_proj,41,0.999947726726532
stacked_lora,winogrande,all,8,down_proj,42,0.9999251961708069
stacked_lora,winogrande,all,8,down_proj,43,0.999916672706604
stacked_lora,winogrande,all,8,down_proj,44,0.9999065399169922
stacked_lora,winogrande,all,8,down_proj,45,0.9999313354492188
stacked_lora,winogrande,all,8,down_proj,46,0.9998922944068909
stacked_lora,winogrande,all,8,down_proj,47,0.99985671043396
stacked_lora,winogrande,all,8,down_proj,48,0.9998733997344971
stacked_lora,winogrande,all,8,down_proj,49,0.9999088644981384
stacked_lora,winogrande,all,8,down_proj,50,0.9998146295547485
stacked_lora,winogrande,all,15,q_proj,1,1.0000001192092896
stacked_lora,winogrande,all,15,q_proj,2,0.9999988079071045
stacked_lora,winogrande,all,15,q_proj,3,0.9999986886978149
stacked_lora,winogrande,all,15,q_proj,4,0.999996542930603
stacked_lora,winogrande,all,15,q_proj,5,0.9999954700469971
stacked_lora,winogrande,all,15,q_proj,6,0.9999967217445374
stacked_lora,winogrande,all,15,q_proj,7,0.9999747276306152
stacked_lora,winogrande,all,15,q_proj,8,0.9999777674674988
stacked_lora,winogrande,all,15,q_proj,9,0.9999892115592957
stacked_lora,winogrande,all,15,q_proj,10,0.9999929070472717
stacked_lora,winogrande,all,15,q_proj,11,0.9999955892562866
stacked_lora,winogrande,all,15,q_proj,12,0.9999935626983643
stacked_lora,winogrande,all,15,q_proj,13,0.999995768070221
stacked_lora,winogrande,all,15,q_proj,14,0.9999958872795105
stacked_lora,winogrande,all,15,q_proj,15,0.9999942779541016
stacked_lora,winogrande,all,15,q_proj,16,0.999997615814209
stacked_lora,winogrande,all,15,q_proj,17,0.9999957084655762
stacked_lora,winogrande,all,15,q_proj,18,0.9999966025352478
stacked_lora,winogrande,all,15,q_proj,19,0.9999947547912598
stacked_lora,winogrande,all,15,q_proj,20,0.9999963045120239
stacked_lora,winogrande,all,15,q_proj,21,0.9999730587005615
stacked_lora,winogrande,all,15,q_proj,22,0.9999901652336121
stacked_lora,winogrande,all,15,q_proj,23,0.9999788403511047
stacked_lora,winogrande,all,15,q_proj,24,0.9999966621398926
stacked_lora,winogrande,all,15,q_proj,25,0.9999943375587463
stacked_lora,winogrande,all,15,q_proj,26,0.9999973773956299
stacked_lora,winogrande,all,15,q_proj,27,0.999996542930603
stacked_lora,winogrande,all,15,q_proj,28,0.9999949932098389
stacked_lora,winogrande,all,15,q_proj,29,0.9999945759773254
stacked_lora,winogrande,all,15,q_proj,30,0.9999910593032837
stacked_lora,winogrande,all,15,q_proj,31,0.9999715089797974
stacked_lora,winogrande,all,15,q_proj,32,0.9999690651893616
stacked_lora,winogrande,all,15,q_proj,33,0.9999972581863403
stacked_lora,winogrande,all,15,q_proj,34,0.9999970197677612
stacked_lora,winogrande,all,15,q_proj,35,0.9999946355819702
stacked_lora,winogrande,all,15,q_proj,36,0.9999816417694092
stacked_lora,winogrande,all,15,q_proj,37,0.9999818801879883
stacked_lora,winogrande,all,15,q_proj,38,0.9999932646751404
stacked_lora,winogrande,all,15,q_proj,39,0.9999831914901733
stacked_lora,winogrande,all,15,q_proj,40,0.9999787211418152
stacked_lora,winogrande,all,15,q_proj,41,0.9998530745506287
stacked_lora,winogrande,all,15,q_proj,42,0.9998682737350464
stacked_lora,winogrande,all,15,q_proj,43,0.9999896287918091
stacked_lora,winogrande,all,15,q_proj,44,0.9999908208847046
stacked_lora,winogrande,all,15,q_proj,45,0.9999825358390808
stacked_lora,winogrande,all,15,q_proj,46,0.9999870657920837
stacked_lora,winogrande,all,15,q_proj,47,0.9999793171882629
stacked_lora,winogrande,all,15,q_proj,48,0.9999658465385437
stacked_lora,winogrande,all,15,q_proj,49,0.9999620914459229
stacked_lora,winogrande,all,15,q_proj,50,0.9999505281448364
stacked_lora,winogrande,all,15,v_proj,1,0.9999878406524658
stacked_lora,winogrande,all,15,v_proj,2,0.9999809265136719
stacked_lora,winogrande,all,15,v_proj,3,0.9999861121177673
stacked_lora,winogrande,all,15,v_proj,4,0.9999926090240479
stacked_lora,winogrande,all,15,v_proj,5,0.9999734163284302
stacked_lora,winogrande,all,15,v_proj,6,0.9999708533287048
stacked_lora,winogrande,all,15,v_proj,7,0.9999879598617554
stacked_lora,winogrande,all,15,v_proj,8,0.9999860525131226
stacked_lora,winogrande,all,15,v_proj,9,0.9999858140945435
stacked_lora,winogrande,all,15,v_proj,10,0.9999498128890991
stacked_lora,winogrande,all,15,v_proj,11,0.9999648332595825
stacked_lora,winogrande,all,15,v_proj,12,0.9999722838401794
stacked_lora,winogrande,all,15,v_proj,13,0.9999805092811584
stacked_lora,winogrande,all,15,v_proj,14,0.9999728202819824
stacked_lora,winogrande,all,15,v_proj,15,0.9994317889213562
stacked_lora,winogrande,all,15,v_proj,16,0.9994281530380249
stacked_lora,winogrande,all,15,v_proj,17,0.999971866607666
stacked_lora,winogrande,all,15,v_proj,18,0.9999197721481323
stacked_lora,winogrande,all,15,v_proj,19,0.9999176859855652
stacked_lora,winogrande,all,15,v_proj,20,0.9999685883522034
stacked_lora,winogrande,all,15,v_proj,21,0.9999361634254456
stacked_lora,winogrande,all,15,v_proj,22,0.9999293684959412
stacked_lora,winogrande,all,15,v_proj,23,0.9999573826789856
stacked_lora,winogrande,all,15,v_proj,24,0.9999686479568481
stacked_lora,winogrande,all,15,v_proj,25,0.9998941421508789
stacked_lora,winogrande,all,15,v_proj,26,0.9998899698257446
stacked_lora,winogrande,all,15,v_proj,27,0.9998813271522522
stacked_lora,winogrande,all,15,v_proj,28,0.9999479055404663
stacked_lora,winogrande,all,15,v_proj,29,0.9999417066574097
stacked_lora,winogrande,all,15,v_proj,30,0.9999265074729919
stacked_lora,winogrande,all,15,v_proj,31,0.9999614357948303
stacked_lora,winogrande,all,15,v_proj,32,0.9999561309814453
stacked_lora,winogrande,all,15,v_proj,33,0.9994392395019531
stacked_lora,winogrande,all,15,v_proj,34,0.9995630383491516
stacked_lora,winogrande,all,15,v_proj,35,0.9996459484100342
stacked_lora,winogrande,all,15,v_proj,36,0.9992867708206177
stacked_lora,winogrande,all,15,v_proj,37,0.9993141889572144
stacked_lora,winogrande,all,15,v_proj,38,0.9999576210975647
stacked_lora,winogrande,all,15,v_proj,39,0.9998195171356201
stacked_lora,winogrande,all,15,v_proj,40,0.9998250603675842
stacked_lora,winogrande,all,15,v_proj,41,0.9999440908432007
stacked_lora,winogrande,all,15,v_proj,42,0.99992835521698
stacked_lora,winogrande,all,15,v_proj,43,0.999958336353302
stacked_lora,winogrande,all,15,v_proj,44,0.9999567866325378
stacked_lora,winogrande,all,15,v_proj,45,0.999878466129303
stacked_lora,winogrande,all,15,v_proj,46,0.9997512102127075
stacked_lora,winogrande,all,15,v_proj,47,0.9997981786727905
stacked_lora,winogrande,all,15,v_proj,48,0.9999110102653503
stacked_lora,winogrande,all,15,v_proj,49,0.9999495148658752
stacked_lora,winogrande,all,15,v_proj,50,0.9999562501907349
stacked_lora,winogrande,all,15,up_proj,1,0.9999992847442627
stacked_lora,winogrande,all,15,up_proj,2,0.9999997615814209
stacked_lora,winogrande,all,15,up_proj,3,0.9999988079071045
stacked_lora,winogrande,all,15,up_proj,4,0.9999972581863403
stacked_lora,winogrande,all,15,up_proj,5,0.9999959468841553
stacked_lora,winogrande,all,15,up_proj,6,0.9999930262565613
stacked_lora,winogrande,all,15,up_proj,7,0.9999944567680359
stacked_lora,winogrande,all,15,up_proj,8,0.9999967217445374
stacked_lora,winogrande,all,15,up_proj,9,0.9999963045120239
stacked_lora,winogrande,all,15,up_proj,10,0.9999960064888
stacked_lora,winogrande,all,15,up_proj,11,0.9999917149543762
stacked_lora,winogrande,all,15,up_proj,12,0.9999856352806091
stacked_lora,winogrande,all,15,up_proj,13,0.9999856352806091
stacked_lora,winogrande,all,15,up_proj,14,0.9999913573265076
stacked_lora,winogrande,all,15,up_proj,15,0.9999899864196777
stacked_lora,winogrande,all,15,up_proj,16,0.999987006187439
stacked_lora,winogrande,all,15,up_proj,17,0.9999934434890747
stacked_lora,winogrande,all,15,up_proj,18,0.9999873638153076
stacked_lora,winogrande,all,15,up_proj,19,0.9999822974205017
stacked_lora,winogrande,all,15,up_proj,20,0.999985933303833
stacked_lora,winogrande,all,15,up_proj,21,0.999994158744812
stacked_lora,winogrande,all,15,up_proj,22,0.9999920725822449
stacked_lora,winogrande,all,15,up_proj,23,0.9999841451644897
stacked_lora,winogrande,all,15,up_proj,24,0.9999690651893616
stacked_lora,winogrande,all,15,up_proj,25,0.9999665021896362
stacked_lora,winogrande,all,15,up_proj,26,0.9999735355377197
stacked_lora,winogrande,all,15,up_proj,27,0.9999814033508301
stacked_lora,winogrande,all,15,up_proj,28,0.9999885559082031
stacked_lora,winogrande,all,15,up_proj,29,0.9999871850013733
stacked_lora,winogrande,all,15,up_proj,30,0.9999784827232361
stacked_lora,winogrande,all,15,up_proj,31,0.99998539686203
stacked_lora,winogrande,all,15,up_proj,32,0.9999838471412659
stacked_lora,winogrande,all,15,up_proj,33,0.999981701374054
stacked_lora,winogrande,all,15,up_proj,34,0.9999868869781494
stacked_lora,winogrande,all,15,up_proj,35,0.9999565482139587
stacked_lora,winogrande,all,15,up_proj,36,0.9998829364776611
stacked_lora,winogrande,all,15,up_proj,37,0.9998279213905334
stacked_lora,winogrande,all,15,up_proj,38,0.9998892545700073
stacked_lora,winogrande,all,15,up_proj,39,0.9999097585678101
stacked_lora,winogrande,all,15,up_proj,40,0.9998916983604431
stacked_lora,winogrande,all,15,up_proj,41,0.9999514222145081
stacked_lora,winogrande,all,15,up_proj,42,0.9999427199363708
stacked_lora,winogrande,all,15,up_proj,43,0.9999313354492188
stacked_lora,winogrande,all,15,up_proj,44,0.999793529510498
stacked_lora,winogrande,all,15,up_proj,45,0.9997935891151428
stacked_lora,winogrande,all,15,up_proj,46,0.9999324679374695
stacked_lora,winogrande,all,15,up_proj,47,0.9999555349349976
stacked_lora,winogrande,all,15,up_proj,48,0.9999303817749023
stacked_lora,winogrande,all,15,up_proj,49,0.9999566674232483
stacked_lora,winogrande,all,15,up_proj,50,0.9999375343322754
stacked_lora,winogrande,all,15,down_proj,1,1.0000008344650269
stacked_lora,winogrande,all,15,down_proj,2,1.000000238418579
stacked_lora,winogrande,all,15,down_proj,3,1.0000001192092896
stacked_lora,winogrande,all,15,down_proj,4,0.9999977946281433
stacked_lora,winogrande,all,15,down_proj,5,0.9999986290931702
stacked_lora,winogrande,all,15,down_proj,6,0.9999970197677612
stacked_lora,winogrande,all,15,down_proj,7,0.9999834895133972
stacked_lora,winogrande,all,15,down_proj,8,0.9999819993972778
stacked_lora,winogrande,all,15,down_proj,9,0.9999599456787109
stacked_lora,winogrande,all,15,down_proj,10,0.9999622106552124
stacked_lora,winogrande,all,15,down_proj,11,0.9999885559082031
stacked_lora,winogrande,all,15,down_proj,12,0.9999803304672241
stacked_lora,winogrande,all,15,down_proj,13,0.9997990131378174
stacked_lora,winogrande,all,15,down_proj,14,0.9998050928115845
stacked_lora,winogrande,all,15,down_proj,15,0.999988853931427
stacked_lora,winogrande,all,15,down_proj,16,0.9999532699584961
stacked_lora,winogrande,all,15,down_proj,17,0.9999448657035828
stacked_lora,winogrande,all,15,down_proj,18,0.9999659657478333
stacked_lora,winogrande,all,15,down_proj,19,0.9999755620956421
stacked_lora,winogrande,all,15,down_proj,20,0.9999850392341614
stacked_lora,winogrande,all,15,down_proj,21,0.9999843239784241
stacked_lora,winogrande,all,15,down_proj,22,0.999965488910675
stacked_lora,winogrande,all,15,down_proj,23,0.999962329864502
stacked_lora,winogrande,all,15,down_proj,24,0.9999157190322876
stacked_lora,winogrande,all,15,down_proj,25,0.9999228119850159
stacked_lora,winogrande,all,15,down_proj,26,0.9999678730964661
stacked_lora,winogrande,all,15,down_proj,27,0.9999732971191406
stacked_lora,winogrande,all,15,down_proj,28,0.9999802112579346
stacked_lora,winogrande,all,15,down_proj,29,0.9999712705612183
stacked_lora,winogrande,all,15,down_proj,30,0.9999769926071167
stacked_lora,winogrande,all,15,down_proj,31,0.9999573826789856
stacked_lora,winogrande,all,15,down_proj,32,0.9999538660049438
stacked_lora,winogrande,all,15,down_proj,33,0.9999817609786987
stacked_lora,winogrande,all,15,down_proj,34,0.9999673366546631
stacked_lora,winogrande,all,15,down_proj,35,0.9998499751091003
stacked_lora,winogrande,all,15,down_proj,36,0.9999039769172668
stacked_lora,winogrande,all,15,down_proj,37,0.9998083710670471
stacked_lora,winogrande,all,15,down_proj,38,0.9999225735664368
stacked_lora,winogrande,all,15,down_proj,39,0.9997169375419617
stacked_lora,winogrande,all,15,down_proj,40,0.999730110168457
stacked_lora,winogrande,all,15,down_proj,41,0.9998254179954529
stacked_lora,winogrande,all,15,down_proj,42,0.9997747540473938
stacked_lora,winogrande,all,15,down_proj,43,0.9997715353965759
stacked_lora,winogrande,all,15,down_proj,44,0.999973714351654
stacked_lora,winogrande,all,15,down_proj,45,0.9999638795852661
stacked_lora,winogrande,all,15,down_proj,46,0.9999575614929199
stacked_lora,winogrande,all,15,down_proj,47,0.9998924136161804
stacked_lora,winogrande,all,15,down_proj,48,0.9998647570610046
stacked_lora,winogrande,all,15,down_proj,49,0.9998431205749512
stacked_lora,winogrande,all,15,down_proj,50,0.999830961227417
