method,stage,adapter_eval_mode,layer,module,vector_index,max_similarity
stacked_lora,fever,all,0,q_proj,1,0.9999998211860657
stacked_lora,fever,all,0,q_proj,2,1.0000005960464478
stacked_lora,fever,all,0,q_proj,3,1.0000008344650269
stacked_lora,fever,all,0,q_proj,4,0.9999985098838806
stacked_lora,fever,all,0,q_proj,5,0.9999986290931702
stacked_lora,fever,all,0,q_proj,6,0.9999988079071045
stacked_lora,fever,all,0,q_proj,7,0.9999990463256836
stacked_lora,fever,all,0,q_proj,8,0.9999989867210388
stacked_lora,fever,all,0,q_proj,9,0.9999989867210388
stacked_lora,fever,all,0,q_proj,10,0.9999988675117493
stacked_lora,fever,all,0,q_proj,11,0.999998927116394
stacked_lora,fever,all,0,q_proj,12,0.9999989867210388
stacked_lora,fever,all,0,q_proj,13,0.9999980926513672
stacked_lora,fever,all,0,q_proj,14,0.9999982714653015
stacked_lora,fever,all,0,q_proj,15,0.99997478723526
stacked_lora,fever,all,0,q_proj,16,0.9999728798866272
stacked_lora,fever,all,0,q_proj,17,0.999995768070221
stacked_lora,fever,all,0,q_proj,18,0.9999980926513672
stacked_lora,fever,all,0,q_proj,19,0.9999980926513672
stacked_lora,fever,all,0,q_proj,20,0.9999978542327881
stacked_lora,fever,all,0,q_proj,21,0.9999815821647644
stacked_lora,fever,all,0,q_proj,22,0.9999805092811584
stacked_lora,fever,all,0,q_proj,23,0.9999929666519165
stacked_lora,fever,all,0,q_proj,24,0.9999971389770508
stacked_lora,fever,all,0,q_proj,25,0.9999895095825195
stacked_lora,fever,all,0,q_proj,26,0.9999895691871643
stacked_lora,fever,all,0,q_proj,27,0.99997478723526
stacked_lora,fever,all,0,q_proj,28,0.9999717473983765
stacked_lora,fever,all,0,q_proj,29,0.9999935626983643
stacked_lora,fever,all,0,q_proj,30,0.9999915957450867
stacked_lora,fever,all,0,q_proj,31,0.9999918341636658
stacked_lora,fever,all,0,q_proj,32,0.9999653100967407
stacked_lora,fever,all,0,q_proj,33,0.9999676942825317
stacked_lora,fever,all,0,q_proj,34,0.9999892711639404
stacked_lora,fever,all,0,q_proj,35,0.9999843835830688
stacked_lora,fever,all,0,q_proj,36,0.9999821782112122
stacked_lora,fever,all,0,q_proj,37,0.9999805688858032
stacked_lora,fever,all,0,q_proj,38,0.9999760985374451
stacked_lora,fever,all,0,q_proj,39,0.9999845027923584
stacked_lora,fever,all,0,q_proj,40,0.9999856352806091
stacked_lora,fever,all,0,q_proj,41,0.9999787211418152
stacked_lora,fever,all,0,q_proj,42,0.9999336004257202
stacked_lora,fever,all,0,q_proj,43,0.9999369382858276
stacked_lora,fever,all,0,q_proj,44,0.9999749064445496
stacked_lora,fever,all,0,q_proj,45,0.9999818205833435
stacked_lora,fever,all,0,q_proj,46,0.9999771118164062
stacked_lora,fever,all,0,q_proj,47,0.9999772906303406
stacked_lora,fever,all,0,q_proj,48,0.9999821186065674
stacked_lora,fever,all,0,q_proj,49,0.9999693632125854
stacked_lora,fever,all,0,q_proj,50,0.9999690055847168
stacked_lora,fever,all,0,q_proj,51,0.9999738931655884
stacked_lora,fever,all,0,q_proj,52,0.9999702572822571
stacked_lora,fever,all,0,q_proj,53,0.999984860420227
stacked_lora,fever,all,0,q_proj,54,0.9998619556427002
stacked_lora,fever,all,0,q_proj,55,0.9998596906661987
stacked_lora,fever,all,0,q_proj,56,0.9999464750289917
stacked_lora,fever,all,0,q_proj,57,0.9997971653938293
stacked_lora,fever,all,0,q_proj,58,0.9998034238815308
stacked_lora,fever,all,0,q_proj,59,0.9999772310256958
stacked_lora,fever,all,0,q_proj,60,0.9999269843101501
stacked_lora,fever,all,0,q_proj,61,0.9999419450759888
stacked_lora,fever,all,0,q_proj,62,0.9999490976333618
stacked_lora,fever,all,0,q_proj,63,0.9999445080757141
stacked_lora,fever,all,0,q_proj,64,0.9999842047691345
stacked_lora,fever,all,0,q_proj,65,0.9997722506523132
stacked_lora,fever,all,0,q_proj,66,0.9997771978378296
stacked_lora,fever,all,0,q_proj,67,0.999349057674408
stacked_lora,fever,all,0,q_proj,68,0.9993666410446167
stacked_lora,fever,all,0,q_proj,69,0.9999158978462219
stacked_lora,fever,all,0,q_proj,70,0.9999693632125854
stacked_lora,fever,all,0,q_proj,71,0.9999562501907349
stacked_lora,fever,all,0,q_proj,72,0.9999673366546631
stacked_lora,fever,all,0,q_proj,73,0.9998084902763367
stacked_lora,fever,all,0,q_proj,74,0.9998296499252319
stacked_lora,fever,all,0,q_proj,75,0.9998776316642761
stacked_lora,fever,all,0,q_proj,76,0.9999530911445618
stacked_lora,fever,all,0,q_proj,77,0.9999021291732788
stacked_lora,fever,all,0,q_proj,78,0.9997932314872742
stacked_lora,fever,all,0,q_proj,79,0.999809741973877
stacked_lora,fever,all,0,q_proj,80,0.9996510148048401
stacked_lora,fever,all,0,q_proj,81,0.9996254444122314
stacked_lora,fever,all,0,q_proj,82,0.9999616742134094
stacked_lora,fever,all,0,q_proj,83,0.9998953342437744
stacked_lora,fever,all,0,q_proj,84,0.999876081943512
stacked_lora,fever,all,0,q_proj,85,0.999916136264801
stacked_lora,fever,all,0,q_proj,86,0.9999406337738037
stacked_lora,fever,all,0,q_proj,87,0.9998840689659119
stacked_lora,fever,all,0,q_proj,88,0.999875545501709
stacked_lora,fever,all,0,q_proj,89,0.9999537467956543
stacked_lora,fever,all,0,q_proj,90,0.9998432397842407
stacked_lora,fever,all,0,q_proj,91,0.9997574090957642
stacked_lora,fever,all,0,q_proj,92,0.9997842311859131
stacked_lora,fever,all,0,q_proj,93,0.9998525381088257
stacked_lora,fever,all,0,q_proj,94,0.9998065829277039
stacked_lora,fever,all,0,q_proj,95,0.9998513460159302
stacked_lora,fever,all,0,q_proj,96,0.9999505877494812
stacked_lora,fever,all,0,q_proj,97,0.9999582767486572
stacked_lora,fever,all,0,q_proj,98,0.9999389052391052
stacked_lora,fever,all,0,q_proj,99,0.9999685883522034
stacked_lora,fever,all,0,q_proj,100,0.9992679953575134
stacked_lora,fever,all,0,q_proj,101,0.9992450475692749
stacked_lora,fever,all,0,q_proj,102,0.9999024271965027
stacked_lora,fever,all,0,q_proj,103,0.9995185136795044
stacked_lora,fever,all,0,q_proj,104,0.9993454813957214
stacked_lora,fever,all,0,q_proj,105,0.9997017979621887
stacked_lora,fever,all,0,q_proj,106,0.9999313354492188
stacked_lora,fever,all,0,q_proj,107,0.9999305009841919
stacked_lora,fever,all,0,q_proj,108,0.9999229311943054
stacked_lora,fever,all,0,q_proj,109,0.999919056892395
stacked_lora,fever,all,0,q_proj,110,0.9999110102653503
stacked_lora,fever,all,0,q_proj,111,0.9998718500137329
stacked_lora,fever,all,0,q_proj,112,0.9998615980148315
stacked_lora,fever,all,0,q_proj,113,0.9305502772331238
stacked_lora,fever,all,0,q_proj,114,0.9302254319190979
stacked_lora,fever,all,0,q_proj,115,0.9993271231651306
stacked_lora,fever,all,0,q_proj,116,0.9995074272155762
stacked_lora,fever,all,0,q_proj,117,0.9995168447494507
stacked_lora,fever,all,0,q_proj,118,0.9997384548187256
stacked_lora,fever,all,0,q_proj,119,0.9994013905525208
stacked_lora,fever,all,0,q_proj,120,0.99934321641922
stacked_lora,fever,all,0,q_proj,121,0.9997915029525757
stacked_lora,fever,all,0,q_proj,122,0.9998970031738281
stacked_lora,fever,all,0,q_proj,123,0.9995766282081604
stacked_lora,fever,all,0,q_proj,124,0.9998395442962646
stacked_lora,fever,all,0,q_proj,125,0.9995806217193604
stacked_lora,fever,all,0,q_proj,126,0.9994527101516724
stacked_lora,fever,all,0,q_proj,127,0.9998466968536377
stacked_lora,fever,all,0,q_proj,128,0.9865044355392456
stacked_lora,fever,all,0,q_proj,129,0.9865200519561768
stacked_lora,fever,all,0,q_proj,130,0.9997419714927673
stacked_lora,fever,all,0,q_proj,131,0.9994761347770691
stacked_lora,fever,all,0,q_proj,132,0.999545156955719
stacked_lora,fever,all,0,q_proj,133,0.9991884231567383
stacked_lora,fever,all,0,q_proj,134,0.9991941452026367
stacked_lora,fever,all,0,q_proj,135,0.9980604648590088
stacked_lora,fever,all,0,q_proj,136,0.9980299472808838
stacked_lora,fever,all,0,q_proj,137,0.9990394115447998
stacked_lora,fever,all,0,q_proj,138,0.9988792538642883
stacked_lora,fever,all,0,q_proj,139,0.9996012449264526
stacked_lora,fever,all,0,q_proj,140,0.999848484992981
stacked_lora,fever,all,0,q_proj,141,0.9998235106468201
stacked_lora,fever,all,0,q_proj,142,0.9999361634254456
stacked_lora,fever,all,0,q_proj,143,0.9998289346694946
stacked_lora,fever,all,0,q_proj,144,0.9997844696044922
stacked_lora,fever,all,0,q_proj,145,0.99973464012146
stacked_lora,fever,all,0,q_proj,146,0.9997749328613281
stacked_lora,fever,all,0,q_proj,147,0.9997401833534241
stacked_lora,fever,all,0,q_proj,148,0.9996565580368042
stacked_lora,fever,all,0,q_proj,149,0.999784529209137
stacked_lora,fever,all,0,q_proj,150,0.9996498823165894
stacked_lora,fever,all,0,v_proj,1,0.9999814033508301
stacked_lora,fever,all,0,v_proj,2,0.9999499917030334
stacked_lora,fever,all,0,v_proj,3,0.9999394416809082
stacked_lora,fever,all,0,v_proj,4,0.9999530911445618
stacked_lora,fever,all,0,v_proj,5,0.9999150633811951
stacked_lora,fever,all,0,v_proj,6,0.9997907876968384
stacked_lora,fever,all,0,v_proj,7,0.9997459650039673
stacked_lora,fever,all,0,v_proj,8,0.9997024536132812
stacked_lora,fever,all,0,v_proj,9,0.999417245388031
stacked_lora,fever,all,0,v_proj,10,0.9994246363639832
stacked_lora,fever,all,0,v_proj,11,0.9995298385620117
stacked_lora,fever,all,0,v_proj,12,0.9992554783821106
stacked_lora,fever,all,0,v_proj,13,0.9995434284210205
stacked_lora,fever,all,0,v_proj,14,0.9986798763275146
stacked_lora,fever,all,0,v_proj,15,0.9992812871932983
stacked_lora,fever,all,0,v_proj,16,0.9995054006576538
stacked_lora,fever,all,0,v_proj,17,0.9984228610992432
stacked_lora,fever,all,0,v_proj,18,0.9981169700622559
stacked_lora,fever,all,0,v_proj,19,0.9993647336959839
stacked_lora,fever,all,0,v_proj,20,0.9995006918907166
stacked_lora,fever,all,0,v_proj,21,0.999552845954895
stacked_lora,fever,all,0,v_proj,22,0.9979063272476196
stacked_lora,fever,all,0,v_proj,23,0.9964499473571777
stacked_lora,fever,all,0,v_proj,24,0.9971126317977905
stacked_lora,fever,all,0,v_proj,25,0.9957097768783569
stacked_lora,fever,all,0,v_proj,26,0.9960029721260071
stacked_lora,fever,all,0,v_proj,27,0.998121976852417
stacked_lora,fever,all,0,v_proj,28,0.9971051216125488
stacked_lora,fever,all,0,v_proj,29,0.9927055835723877
stacked_lora,fever,all,0,v_proj,30,0.9917259216308594
stacked_lora,fever,all,0,v_proj,31,0.9850962162017822
stacked_lora,fever,all,0,v_proj,32,0.9643881916999817
stacked_lora,fever,all,0,v_proj,33,0.9701906442642212
stacked_lora,fever,all,0,v_proj,34,0.9975700974464417
stacked_lora,fever,all,0,v_proj,35,0.9987557530403137
stacked_lora,fever,all,0,v_proj,36,0.9973803162574768
stacked_lora,fever,all,0,v_proj,37,0.9971003532409668
stacked_lora,fever,all,0,v_proj,38,0.9954409599304199
stacked_lora,fever,all,0,v_proj,39,0.9980573654174805
stacked_lora,fever,all,0,v_proj,40,0.9716943502426147
stacked_lora,fever,all,0,v_proj,41,0.9612715244293213
stacked_lora,fever,all,0,v_proj,42,0.9824076294898987
stacked_lora,fever,all,0,v_proj,43,0.9620778560638428
stacked_lora,fever,all,0,v_proj,44,0.9540921449661255
stacked_lora,fever,all,0,v_proj,45,0.9896752834320068
stacked_lora,fever,all,0,v_proj,46,0.9921770095825195
stacked_lora,fever,all,0,v_proj,47,0.986625611782074
stacked_lora,fever,all,0,v_proj,48,0.9973422288894653
stacked_lora,fever,all,0,v_proj,49,0.9977618455886841
stacked_lora,fever,all,0,v_proj,50,0.9945818185806274
stacked_lora,fever,all,0,v_proj,51,0.9959098100662231
stacked_lora,fever,all,0,v_proj,52,0.9944002032279968
stacked_lora,fever,all,0,v_proj,53,0.9983457922935486
stacked_lora,fever,all,0,v_proj,54,0.9939267635345459
stacked_lora,fever,all,0,v_proj,55,0.9953122138977051
stacked_lora,fever,all,0,v_proj,56,0.9964109659194946
stacked_lora,fever,all,0,v_proj,57,0.996134877204895
stacked_lora,fever,all,0,v_proj,58,0.9822684526443481
stacked_lora,fever,all,0,v_proj,59,0.9809732437133789
stacked_lora,fever,all,0,v_proj,60,0.9558974504470825
stacked_lora,fever,all,0,v_proj,61,0.9585763812065125
stacked_lora,fever,all,0,v_proj,62,0.9909956455230713
stacked_lora,fever,all,0,v_proj,63,0.993168294429779
stacked_lora,fever,all,0,v_proj,64,0.9928832054138184
stacked_lora,fever,all,0,v_proj,65,0.9966232776641846
stacked_lora,fever,all,0,v_proj,66,0.9963125586509705
stacked_lora,fever,all,0,v_proj,67,0.997143030166626
stacked_lora,fever,all,0,v_proj,68,0.9977544546127319
stacked_lora,fever,all,0,v_proj,69,0.9980676174163818
stacked_lora,fever,all,0,v_proj,70,0.9836104512214661
stacked_lora,fever,all,0,v_proj,71,0.9819909334182739
stacked_lora,fever,all,0,v_proj,72,0.991366982460022
stacked_lora,fever,all,0,v_proj,73,0.990296483039856
stacked_lora,fever,all,0,v_proj,74,0.9768882989883423
stacked_lora,fever,all,0,v_proj,75,0.9787622690200806
stacked_lora,fever,all,0,v_proj,76,0.9944058656692505
stacked_lora,fever,all,0,v_proj,77,0.9959642291069031
stacked_lora,fever,all,0,v_proj,78,0.9966309070587158
stacked_lora,fever,all,0,v_proj,79,0.9412901401519775
stacked_lora,fever,all,0,v_proj,80,0.9372923374176025
stacked_lora,fever,all,0,v_proj,81,0.9943650960922241
stacked_lora,fever,all,0,v_proj,82,0.9912137985229492
stacked_lora,fever,all,0,v_proj,83,0.9940265417098999
stacked_lora,fever,all,0,v_proj,84,0.9898520112037659
stacked_lora,fever,all,0,v_proj,85,0.983268141746521
stacked_lora,fever,all,0,v_proj,86,0.9855523109436035
stacked_lora,fever,all,0,v_proj,87,0.9841185808181763
stacked_lora,fever,all,0,v_proj,88,0.9778710603713989
stacked_lora,fever,all,0,v_proj,89,0.9855188131332397
stacked_lora,fever,all,0,v_proj,90,0.9863548874855042
stacked_lora,fever,all,0,v_proj,91,0.9920097589492798
stacked_lora,fever,all,0,v_proj,92,0.9929377436637878
stacked_lora,fever,all,0,v_proj,93,0.9903945922851562
stacked_lora,fever,all,0,v_proj,94,0.9932296872138977
stacked_lora,fever,all,0,v_proj,95,0.9937981367111206
stacked_lora,fever,all,0,v_proj,96,0.9958972930908203
stacked_lora,fever,all,0,v_proj,97,0.9978666305541992
stacked_lora,fever,all,0,v_proj,98,0.9974149465560913
stacked_lora,fever,all,0,v_proj,99,0.9860396385192871
stacked_lora,fever,all,0,v_proj,100,0.9881772994995117
stacked_lora,fever,all,0,v_proj,101,0.9871060848236084
stacked_lora,fever,all,0,v_proj,102,0.9853377938270569
stacked_lora,fever,all,0,v_proj,103,0.9527456760406494
stacked_lora,fever,all,0,v_proj,104,0.9721919298171997
stacked_lora,fever,all,0,v_proj,105,0.9977652430534363
stacked_lora,fever,all,0,v_proj,106,0.9876806735992432
stacked_lora,fever,all,0,v_proj,107,0.9832960367202759
stacked_lora,fever,all,0,v_proj,108,0.9899812936782837
stacked_lora,fever,all,0,v_proj,109,0.9910222291946411
stacked_lora,fever,all,0,v_proj,110,0.8148939609527588
stacked_lora,fever,all,0,v_proj,111,0.8216326236724854
stacked_lora,fever,all,0,v_proj,112,0.9961792230606079
stacked_lora,fever,all,0,v_proj,113,0.9980981349945068
stacked_lora,fever,all,0,v_proj,114,0.9929029941558838
stacked_lora,fever,all,0,v_proj,115,0.9891722202301025
stacked_lora,fever,all,0,v_proj,116,0.9891678094863892
stacked_lora,fever,all,0,v_proj,117,0.9752923250198364
stacked_lora,fever,all,0,v_proj,118,0.9775082468986511
stacked_lora,fever,all,0,v_proj,119,0.9759491682052612
stacked_lora,fever,all,0,v_proj,120,0.9789934754371643
stacked_lora,fever,all,0,v_proj,121,0.8955538868904114
stacked_lora,fever,all,0,v_proj,122,0.8854110240936279
stacked_lora,fever,all,0,v_proj,123,0.9784538745880127
stacked_lora,fever,all,0,v_proj,124,0.9602622985839844
stacked_lora,fever,all,0,v_proj,125,0.9451003074645996
stacked_lora,fever,all,0,v_proj,126,0.9825206398963928
stacked_lora,fever,all,0,v_proj,127,0.9940335750579834
stacked_lora,fever,all,0,v_proj,128,0.9704252481460571
stacked_lora,fever,all,0,v_proj,129,0.9721243381500244
stacked_lora,fever,all,0,v_proj,130,0.9960559010505676
stacked_lora,fever,all,0,v_proj,131,0.9916530847549438
stacked_lora,fever,all,0,v_proj,132,0.9696092009544373
stacked_lora,fever,all,0,v_proj,133,0.9673283100128174
stacked_lora,fever,all,0,v_proj,134,0.9896793365478516
stacked_lora,fever,all,0,v_proj,135,0.9957579374313354
stacked_lora,fever,all,0,v_proj,136,0.9864957928657532
stacked_lora,fever,all,0,v_proj,137,0.9885437488555908
stacked_lora,fever,all,0,v_proj,138,0.9586058855056763
stacked_lora,fever,all,0,v_proj,139,0.9542500376701355
stacked_lora,fever,all,0,v_proj,140,0.9904567003250122
stacked_lora,fever,all,0,v_proj,141,0.9960132837295532
stacked_lora,fever,all,0,v_proj,142,0.9734302163124084
stacked_lora,fever,all,0,v_proj,143,0.9702236652374268
stacked_lora,fever,all,0,v_proj,144,0.9948766827583313
stacked_lora,fever,all,0,v_proj,145,0.8715924024581909
stacked_lora,fever,all,0,v_proj,146,0.8755804300308228
stacked_lora,fever,all,0,v_proj,147,0.9824358224868774
stacked_lora,fever,all,0,v_proj,148,0.989025354385376
stacked_lora,fever,all,0,v_proj,149,0.9845380783081055
stacked_lora,fever,all,0,v_proj,150,0.9799585342407227
stacked_lora,fever,all,0,up_proj,1,0.9999959468841553
stacked_lora,fever,all,0,up_proj,2,0.9999921321868896
stacked_lora,fever,all,0,up_proj,3,0.9999895691871643
stacked_lora,fever,all,0,up_proj,4,0.9999844431877136
stacked_lora,fever,all,0,up_proj,5,0.9999822378158569
stacked_lora,fever,all,0,up_proj,6,0.9999322891235352
stacked_lora,fever,all,0,up_proj,7,0.9999295473098755
stacked_lora,fever,all,0,up_proj,8,0.9999640583992004
stacked_lora,fever,all,0,up_proj,9,0.9999470114707947
stacked_lora,fever,all,0,up_proj,10,0.9999576210975647
stacked_lora,fever,all,0,up_proj,11,0.9998999238014221
stacked_lora,fever,all,0,up_proj,12,0.9998831748962402
stacked_lora,fever,all,0,up_proj,13,0.9998073577880859
stacked_lora,fever,all,0,up_proj,14,0.9996764063835144
stacked_lora,fever,all,0,up_proj,15,0.9997226595878601
stacked_lora,fever,all,0,up_proj,16,0.9998053312301636
stacked_lora,fever,all,0,up_proj,17,0.9997979402542114
stacked_lora,fever,all,0,up_proj,18,0.9999318718910217
stacked_lora,fever,all,0,up_proj,19,0.9998838305473328
stacked_lora,fever,all,0,up_proj,20,0.9998930096626282
stacked_lora,fever,all,0,up_proj,21,0.9998853802680969
stacked_lora,fever,all,0,up_proj,22,0.9999440908432007
stacked_lora,fever,all,0,up_proj,23,0.9999420642852783
stacked_lora,fever,all,0,up_proj,24,0.999931275844574
stacked_lora,fever,all,0,up_proj,25,0.9999285340309143
stacked_lora,fever,all,0,up_proj,26,0.9990322589874268
stacked_lora,fever,all,0,up_proj,27,0.998713493347168
stacked_lora,fever,all,0,up_proj,28,0.9996044635772705
stacked_lora,fever,all,0,up_proj,29,0.9998804330825806
stacked_lora,fever,all,0,up_proj,30,0.9999225735664368
stacked_lora,fever,all,0,up_proj,31,0.9998514652252197
stacked_lora,fever,all,0,up_proj,32,0.999690592288971
stacked_lora,fever,all,0,up_proj,33,0.9997671246528625
stacked_lora,fever,all,0,up_proj,34,0.999945878982544
stacked_lora,fever,all,0,up_proj,35,0.9999092221260071
stacked_lora,fever,all,0,up_proj,36,0.9999023675918579
stacked_lora,fever,all,0,up_proj,37,0.9997543692588806
stacked_lora,fever,all,0,up_proj,38,0.9996126890182495
stacked_lora,fever,all,0,up_proj,39,0.9997384548187256
stacked_lora,fever,all,0,up_proj,40,0.9998672008514404
stacked_lora,fever,all,0,up_proj,41,0.9997016191482544
stacked_lora,fever,all,0,up_proj,42,0.9997284412384033
stacked_lora,fever,all,0,up_proj,43,0.9997856020927429
stacked_lora,fever,all,0,up_proj,44,0.999870777130127
stacked_lora,fever,all,0,up_proj,45,0.9998408555984497
stacked_lora,fever,all,0,up_proj,46,0.9998490214347839
stacked_lora,fever,all,0,up_proj,47,0.9998812079429626
stacked_lora,fever,all,0,up_proj,48,0.9992892146110535
stacked_lora,fever,all,0,up_proj,49,0.9994146823883057
stacked_lora,fever,all,0,up_proj,50,0.9992021322250366
stacked_lora,fever,all,0,up_proj,51,0.9998796582221985
stacked_lora,fever,all,0,up_proj,52,0.9998276829719543
stacked_lora,fever,all,0,up_proj,53,0.9997542500495911
stacked_lora,fever,all,0,up_proj,54,0.996753990650177
stacked_lora,fever,all,0,up_proj,55,0.9970273375511169
stacked_lora,fever,all,0,up_proj,56,0.9984833002090454
stacked_lora,fever,all,0,up_proj,57,0.9984073042869568
stacked_lora,fever,all,0,up_proj,58,0.9986019730567932
stacked_lora,fever,all,0,up_proj,59,0.9992282390594482
stacked_lora,fever,all,0,up_proj,60,0.9992218017578125
stacked_lora,fever,all,0,up_proj,61,0.9995245337486267
stacked_lora,fever,all,0,up_proj,62,0.9996204376220703
stacked_lora,fever,all,0,up_proj,63,0.998442530632019
stacked_lora,fever,all,0,up_proj,64,0.9963390231132507
stacked_lora,fever,all,0,up_proj,65,0.9952889084815979
stacked_lora,fever,all,0,up_proj,66,0.9967369437217712
stacked_lora,fever,all,0,up_proj,67,0.996290922164917
stacked_lora,fever,all,0,up_proj,68,0.9992998242378235
stacked_lora,fever,all,0,up_proj,69,0.9788329601287842
stacked_lora,fever,all,0,up_proj,70,0.9770494103431702
stacked_lora,fever,all,0,up_proj,71,0.9955036044120789
stacked_lora,fever,all,0,up_proj,72,0.9977139830589294
stacked_lora,fever,all,0,up_proj,73,0.9989150166511536
stacked_lora,fever,all,0,up_proj,74,0.9978716969490051
stacked_lora,fever,all,0,up_proj,75,0.9984560608863831
stacked_lora,fever,all,0,up_proj,76,0.9989373087882996
stacked_lora,fever,all,0,up_proj,77,0.9985756278038025
stacked_lora,fever,all,0,up_proj,78,0.8531763553619385
stacked_lora,fever,all,0,up_proj,79,0.8538463115692139
stacked_lora,fever,all,0,up_proj,80,0.9980712532997131
stacked_lora,fever,all,0,up_proj,81,0.9989508390426636
stacked_lora,fever,all,0,up_proj,82,0.9986979961395264
stacked_lora,fever,all,0,up_proj,83,0.9981347918510437
stacked_lora,fever,all,0,up_proj,84,0.9984683990478516
stacked_lora,fever,all,0,up_proj,85,0.974159836769104
stacked_lora,fever,all,0,up_proj,86,0.9445763826370239
stacked_lora,fever,all,0,up_proj,87,0.9534144997596741
stacked_lora,fever,all,0,up_proj,88,0.9950476884841919
stacked_lora,fever,all,0,up_proj,89,0.9828274846076965
stacked_lora,fever,all,0,up_proj,90,0.9866516590118408
stacked_lora,fever,all,0,up_proj,91,0.9483631253242493
stacked_lora,fever,all,0,up_proj,92,0.9513430595397949
stacked_lora,fever,all,0,up_proj,93,0.9922352433204651
stacked_lora,fever,all,0,up_proj,94,0.9973201155662537
stacked_lora,fever,all,0,up_proj,95,0.9970110654830933
stacked_lora,fever,all,0,up_proj,96,0.9977810382843018
stacked_lora,fever,all,0,up_proj,97,0.9952420592308044
stacked_lora,fever,all,0,up_proj,98,0.9930060505867004
stacked_lora,fever,all,0,up_proj,99,0.9977486729621887
stacked_lora,fever,all,0,up_proj,100,0.9908137321472168
stacked_lora,fever,all,0,up_proj,101,0.991945743560791
stacked_lora,fever,all,0,up_proj,102,0.9985879063606262
stacked_lora,fever,all,0,up_proj,103,0.998414158821106
stacked_lora,fever,all,0,up_proj,104,0.973633885383606
stacked_lora,fever,all,0,up_proj,105,0.9706855416297913
stacked_lora,fever,all,0,up_proj,106,0.996839165687561
stacked_lora,fever,all,0,up_proj,107,0.9981980919837952
stacked_lora,fever,all,0,up_proj,108,0.9939520955085754
stacked_lora,fever,all,0,up_proj,109,0.9931997060775757
stacked_lora,fever,all,0,up_proj,110,0.9960591793060303
stacked_lora,fever,all,0,up_proj,111,0.9944630861282349
stacked_lora,fever,all,0,up_proj,112,0.9969582557678223
stacked_lora,fever,all,0,up_proj,113,0.996263861656189
stacked_lora,fever,all,0,up_proj,114,0.9045292139053345
stacked_lora,fever,all,0,up_proj,115,0.9022019505500793
stacked_lora,fever,all,0,up_proj,116,0.9930089712142944
stacked_lora,fever,all,0,up_proj,117,0.9782516956329346
stacked_lora,fever,all,0,up_proj,118,0.9799219965934753
stacked_lora,fever,all,0,up_proj,119,0.9888813495635986
stacked_lora,fever,all,0,up_proj,120,0.989307165145874
stacked_lora,fever,all,0,up_proj,121,0.9821915030479431
stacked_lora,fever,all,0,up_proj,122,0.9841247797012329
stacked_lora,fever,all,0,up_proj,123,0.9860122203826904
stacked_lora,fever,all,0,up_proj,124,0.9967560768127441
stacked_lora,fever,all,0,up_proj,125,0.9970676302909851
stacked_lora,fever,all,0,up_proj,126,0.9696183800697327
stacked_lora,fever,all,0,up_proj,127,0.9659961462020874
stacked_lora,fever,all,0,up_proj,128,0.9906121492385864
stacked_lora,fever,all,0,up_proj,129,0.9807981252670288
stacked_lora,fever,all,0,up_proj,130,0.9796271324157715
stacked_lora,fever,all,0,up_proj,131,0.9941955208778381
stacked_lora,fever,all,0,up_proj,132,0.9935075640678406
stacked_lora,fever,all,0,up_proj,133,0.9951914548873901
stacked_lora,fever,all,0,up_proj,134,0.9941608905792236
stacked_lora,fever,all,0,up_proj,135,0.990775465965271
stacked_lora,fever,all,0,up_proj,136,0.9927276372909546
stacked_lora,fever,all,0,up_proj,137,0.9975109696388245
stacked_lora,fever,all,0,up_proj,138,0.9973362684249878
stacked_lora,fever,all,0,up_proj,139,0.9953823089599609
stacked_lora,fever,all,0,up_proj,140,0.9901480674743652
stacked_lora,fever,all,0,up_proj,141,0.9927663803100586
stacked_lora,fever,all,0,up_proj,142,0.9942245483398438
stacked_lora,fever,all,0,up_proj,143,0.9953866600990295
stacked_lora,fever,all,0,up_proj,144,0.9585206508636475
stacked_lora,fever,all,0,up_proj,145,0.9605340957641602
stacked_lora,fever,all,0,up_proj,146,0.9794893264770508
stacked_lora,fever,all,0,up_proj,147,0.951196551322937
stacked_lora,fever,all,0,up_proj,148,0.9281986355781555
stacked_lora,fever,all,0,up_proj,149,0.9472422003746033
stacked_lora,fever,all,0,up_proj,150,0.9540521502494812
stacked_lora,fever,all,0,down_proj,1,0.9999997615814209
stacked_lora,fever,all,0,down_proj,2,0.9999993443489075
stacked_lora,fever,all,0,down_proj,3,0.9999979734420776
stacked_lora,fever,all,0,down_proj,4,0.999998152256012
stacked_lora,fever,all,0,down_proj,5,0.9999979138374329
stacked_lora,fever,all,0,down_proj,6,0.9999885559082031
stacked_lora,fever,all,0,down_proj,7,0.9999867081642151
stacked_lora,fever,all,0,down_proj,8,0.9999960660934448
stacked_lora,fever,all,0,down_proj,9,0.9999919533729553
stacked_lora,fever,all,0,down_proj,10,0.9999628663063049
stacked_lora,fever,all,0,down_proj,11,0.9999555349349976
stacked_lora,fever,all,0,down_proj,12,0.9999824166297913
stacked_lora,fever,all,0,down_proj,13,0.9999896883964539
stacked_lora,fever,all,0,down_proj,14,0.9999896883964539
stacked_lora,fever,all,0,down_proj,15,0.9999852180480957
stacked_lora,fever,all,0,down_proj,16,0.999992311000824
stacked_lora,fever,all,0,down_proj,17,0.9999710917472839
stacked_lora,fever,all,0,down_proj,18,0.9999750256538391
stacked_lora,fever,all,0,down_proj,19,0.9999746680259705
stacked_lora,fever,all,0,down_proj,20,0.8914165496826172
stacked_lora,fever,all,0,down_proj,21,0.8914128541946411
stacked_lora,fever,all,0,down_proj,22,0.999574601650238
stacked_lora,fever,all,0,down_proj,23,0.9995982646942139
stacked_lora,fever,all,0,down_proj,24,0.9999624490737915
stacked_lora,fever,all,0,down_proj,25,0.9999619126319885
stacked_lora,fever,all,0,down_proj,26,0.9999750852584839
stacked_lora,fever,all,0,down_proj,27,0.9998009204864502
stacked_lora,fever,all,0,down_proj,28,0.9998205900192261
stacked_lora,fever,all,0,down_proj,29,0.9998192191123962
stacked_lora,fever,all,0,down_proj,30,0.9999619126319885
stacked_lora,fever,all,0,down_proj,31,0.9999406933784485
stacked_lora,fever,all,0,down_proj,32,0.9998741149902344
stacked_lora,fever,all,0,down_proj,33,0.9990447759628296
stacked_lora,fever,all,0,down_proj,34,0.9990693926811218
stacked_lora,fever,all,0,down_proj,35,0.9999608993530273
stacked_lora,fever,all,0,down_proj,36,0.9999066591262817
stacked_lora,fever,all,0,down_proj,37,0.9998839497566223
stacked_lora,fever,all,0,down_proj,38,0.9998900890350342
stacked_lora,fever,all,0,down_proj,39,0.9998983144760132
stacked_lora,fever,all,0,down_proj,40,0.9998254179954529
stacked_lora,fever,all,0,down_proj,41,0.999820351600647
stacked_lora,fever,all,0,down_proj,42,0.9978736639022827
stacked_lora,fever,all,0,down_proj,43,0.9979484677314758
stacked_lora,fever,all,0,down_proj,44,0.9997993111610413
stacked_lora,fever,all,0,down_proj,45,0.9998387694358826
stacked_lora,fever,all,0,down_proj,46,0.9998290538787842
stacked_lora,fever,all,0,down_proj,47,0.9984580874443054
stacked_lora,fever,all,0,down_proj,48,0.9985582828521729
stacked_lora,fever,all,0,down_proj,49,0.9999180436134338
stacked_lora,fever,all,0,down_proj,50,0.998386561870575
stacked_lora,fever,all,0,down_proj,51,0.9985377192497253
stacked_lora,fever,all,0,down_proj,52,0.9997444152832031
stacked_lora,fever,all,0,down_proj,53,0.9998329281806946
stacked_lora,fever,all,0,down_proj,54,0.9998238682746887
stacked_lora,fever,all,0,down_proj,55,0.9998713135719299
stacked_lora,fever,all,0,down_proj,56,0.9997706413269043
stacked_lora,fever,all,0,down_proj,57,0.9988656044006348
stacked_lora,fever,all,0,down_proj,58,0.9912337064743042
stacked_lora,fever,all,0,down_proj,59,0.9920097589492798
stacked_lora,fever,all,0,down_proj,60,0.9988660216331482
stacked_lora,fever,all,0,down_proj,61,0.9990102648735046
stacked_lora,fever,all,0,down_proj,62,0.9997848868370056
stacked_lora,fever,all,0,down_proj,63,0.9997273683547974
stacked_lora,fever,all,0,down_proj,64,0.9998236298561096
stacked_lora,fever,all,0,down_proj,65,0.9995744228363037
stacked_lora,fever,all,0,down_proj,66,0.9997919201850891
stacked_lora,fever,all,0,down_proj,67,0.9996559023857117
stacked_lora,fever,all,0,down_proj,68,0.9993155002593994
stacked_lora,fever,all,0,down_proj,69,0.9996275305747986
stacked_lora,fever,all,0,down_proj,70,0.9995785355567932
stacked_lora,fever,all,0,down_proj,71,0.999575674533844
stacked_lora,fever,all,0,down_proj,72,0.9994580149650574
stacked_lora,fever,all,0,down_proj,73,0.9997545480728149
stacked_lora,fever,all,0,down_proj,74,0.9998375177383423
stacked_lora,fever,all,0,down_proj,75,0.9997544884681702
stacked_lora,fever,all,0,down_proj,76,0.9993245005607605
stacked_lora,fever,all,0,down_proj,77,0.9991939067840576
stacked_lora,fever,all,0,down_proj,78,0.9989263415336609
stacked_lora,fever,all,0,down_proj,79,0.9977653622627258
stacked_lora,fever,all,0,down_proj,80,0.9980866312980652
stacked_lora,fever,all,0,down_proj,81,0.9981791377067566
stacked_lora,fever,all,0,down_proj,82,0.9988283514976501
stacked_lora,fever,all,0,down_proj,83,0.9986546635627747
stacked_lora,fever,all,0,down_proj,84,0.9993471503257751
stacked_lora,fever,all,0,down_proj,85,0.9992492198944092
stacked_lora,fever,all,0,down_proj,86,0.9991124272346497
stacked_lora,fever,all,0,down_proj,87,0.9993410110473633
stacked_lora,fever,all,0,down_proj,88,0.9996665120124817
stacked_lora,fever,all,0,down_proj,89,0.9995660781860352
stacked_lora,fever,all,0,down_proj,90,0.9935023784637451
stacked_lora,fever,all,0,down_proj,91,0.9906287789344788
stacked_lora,fever,all,0,down_proj,92,0.9956222176551819
stacked_lora,fever,all,0,down_proj,93,0.9970225095748901
stacked_lora,fever,all,0,down_proj,94,0.9957172870635986
stacked_lora,fever,all,0,down_proj,95,0.9954166412353516
stacked_lora,fever,all,0,down_proj,96,0.9924378395080566
stacked_lora,fever,all,0,down_proj,97,0.9967236518859863
stacked_lora,fever,all,0,down_proj,98,0.987663745880127
stacked_lora,fever,all,0,down_proj,99,0.9921875
stacked_lora,fever,all,0,down_proj,100,0.9995091557502747
stacked_lora,fever,all,0,down_proj,101,0.9996741414070129
stacked_lora,fever,all,0,down_proj,102,0.9989359378814697
stacked_lora,fever,all,0,down_proj,103,0.9978153109550476
stacked_lora,fever,all,0,down_proj,104,0.9966813325881958
stacked_lora,fever,all,0,down_proj,105,0.9955117106437683
stacked_lora,fever,all,0,down_proj,106,0.9992861151695251
stacked_lora,fever,all,0,down_proj,107,0.9990230798721313
stacked_lora,fever,all,0,down_proj,108,0.9995315670967102
stacked_lora,fever,all,0,down_proj,109,0.9993646144866943
stacked_lora,fever,all,0,down_proj,110,0.9987983703613281
stacked_lora,fever,all,0,down_proj,111,0.9986661672592163
stacked_lora,fever,all,0,down_proj,112,0.9996166229248047
stacked_lora,fever,all,0,down_proj,113,0.9929015636444092
stacked_lora,fever,all,0,down_proj,114,0.992717981338501
stacked_lora,fever,all,0,down_proj,115,0.9969513416290283
stacked_lora,fever,all,0,down_proj,116,0.9961415529251099
stacked_lora,fever,all,0,down_proj,117,0.9971047639846802
stacked_lora,fever,all,0,down_proj,118,0.9982785582542419
stacked_lora,fever,all,0,down_proj,119,0.9981201887130737
stacked_lora,fever,all,0,down_proj,120,0.997043251991272
stacked_lora,fever,all,0,down_proj,121,0.996830940246582
stacked_lora,fever,all,0,down_proj,122,0.9987004995346069
stacked_lora,fever,all,0,down_proj,123,0.9961108565330505
stacked_lora,fever,all,0,down_proj,124,0.9971867799758911
stacked_lora,fever,all,0,down_proj,125,0.9973013401031494
stacked_lora,fever,all,0,down_proj,126,0.9987084269523621
stacked_lora,fever,all,0,down_proj,127,0.9984825849533081
stacked_lora,fever,all,0,down_proj,128,0.9976644515991211
stacked_lora,fever,all,0,down_proj,129,0.9968753457069397
stacked_lora,fever,all,0,down_proj,130,0.9977339506149292
stacked_lora,fever,all,0,down_proj,131,0.9984220266342163
stacked_lora,fever,all,0,down_proj,132,0.9993569850921631
stacked_lora,fever,all,0,down_proj,133,0.9989174008369446
stacked_lora,fever,all,0,down_proj,134,0.9918603897094727
stacked_lora,fever,all,0,down_proj,135,0.994110643863678
stacked_lora,fever,all,0,down_proj,136,0.9972265958786011
stacked_lora,fever,all,0,down_proj,137,0.933871865272522
stacked_lora,fever,all,0,down_proj,138,0.9336190223693848
stacked_lora,fever,all,0,down_proj,139,0.9985714554786682
stacked_lora,fever,all,0,down_proj,140,0.9977708458900452
stacked_lora,fever,all,0,down_proj,141,0.9975736141204834
stacked_lora,fever,all,0,down_proj,142,0.9972805380821228
stacked_lora,fever,all,0,down_proj,143,0.9990483522415161
stacked_lora,fever,all,0,down_proj,144,0.9977547526359558
stacked_lora,fever,all,0,down_proj,145,0.9971173405647278
stacked_lora,fever,all,0,down_proj,146,0.9963541030883789
stacked_lora,fever,all,0,down_proj,147,0.9965692758560181
stacked_lora,fever,all,0,down_proj,148,0.9981866478919983
stacked_lora,fever,all,0,down_proj,149,0.9986134767532349
stacked_lora,fever,all,0,down_proj,150,0.9985966086387634
stacked_lora,fever,all,8,q_proj,1,0.9999967813491821
stacked_lora,fever,all,8,q_proj,2,0.9999955296516418
stacked_lora,fever,all,8,q_proj,3,0.9999956488609314
stacked_lora,fever,all,8,q_proj,4,0.999995231628418
stacked_lora,fever,all,8,q_proj,5,0.9999954104423523
stacked_lora,fever,all,8,q_proj,6,0.9999951720237732
stacked_lora,fever,all,8,q_proj,7,0.9999915361404419
stacked_lora,fever,all,8,q_proj,8,0.9999926686286926
stacked_lora,fever,all,8,q_proj,9,0.9999974370002747
stacked_lora,fever,all,8,q_proj,10,0.9999905824661255
stacked_lora,fever,all,8,q_proj,11,0.9999935626983643
stacked_lora,fever,all,8,q_proj,12,0.9999971389770508
stacked_lora,fever,all,8,q_proj,13,0.9999899864196777
stacked_lora,fever,all,8,q_proj,14,0.9999138712882996
stacked_lora,fever,all,8,q_proj,15,0.9999067783355713
stacked_lora,fever,all,8,q_proj,16,0.9999867677688599
stacked_lora,fever,all,8,q_proj,17,0.9999798536300659
stacked_lora,fever,all,8,q_proj,18,0.9999698400497437
stacked_lora,fever,all,8,q_proj,19,0.9999783635139465
stacked_lora,fever,all,8,q_proj,20,0.9999911785125732
stacked_lora,fever,all,8,q_proj,21,0.999993622303009
stacked_lora,fever,all,8,q_proj,22,0.9999462962150574
stacked_lora,fever,all,8,q_proj,23,0.9999340176582336
stacked_lora,fever,all,8,q_proj,24,0.9999663233757019
stacked_lora,fever,all,8,q_proj,25,0.9999661445617676
stacked_lora,fever,all,8,q_proj,26,0.9999940991401672
stacked_lora,fever,all,8,q_proj,27,0.9999621510505676
stacked_lora,fever,all,8,q_proj,28,0.9999439716339111
stacked_lora,fever,all,8,q_proj,29,0.9999713897705078
stacked_lora,fever,all,8,q_proj,30,0.9999898076057434
stacked_lora,fever,all,8,q_proj,31,0.9999545812606812
stacked_lora,fever,all,8,q_proj,32,0.9998241066932678
stacked_lora,fever,all,8,q_proj,33,0.9998340606689453
stacked_lora,fever,all,8,q_proj,34,0.9999847412109375
stacked_lora,fever,all,8,q_proj,35,0.9999814033508301
stacked_lora,fever,all,8,q_proj,36,0.9999812841415405
stacked_lora,fever,all,8,q_proj,37,0.9999629259109497
stacked_lora,fever,all,8,q_proj,38,0.9999823570251465
stacked_lora,fever,all,8,q_proj,39,0.9999792575836182
stacked_lora,fever,all,8,q_proj,40,0.9999646544456482
stacked_lora,fever,all,8,q_proj,41,0.999706506729126
stacked_lora,fever,all,8,q_proj,42,0.999714732170105
stacked_lora,fever,all,8,q_proj,43,0.9999517202377319
stacked_lora,fever,all,8,q_proj,44,0.9999710917472839
stacked_lora,fever,all,8,q_proj,45,0.9999333620071411
stacked_lora,fever,all,8,q_proj,46,0.9999600052833557
stacked_lora,fever,all,8,q_proj,47,0.9999359250068665
stacked_lora,fever,all,8,q_proj,48,0.999940037727356
stacked_lora,fever,all,8,q_proj,49,0.999971866607666
stacked_lora,fever,all,8,q_proj,50,0.9999343752861023
stacked_lora,fever,all,8,q_proj,51,0.9996435046195984
stacked_lora,fever,all,8,q_proj,52,0.9996428489685059
stacked_lora,fever,all,8,q_proj,53,0.9999322891235352
stacked_lora,fever,all,8,q_proj,54,0.9999269247055054
stacked_lora,fever,all,8,q_proj,55,0.9998834729194641
stacked_lora,fever,all,8,q_proj,56,0.9998729228973389
stacked_lora,fever,all,8,q_proj,57,0.9998945593833923
stacked_lora,fever,all,8,q_proj,58,0.9999266862869263
stacked_lora,fever,all,8,q_proj,59,0.999882698059082
stacked_lora,fever,all,8,q_proj,60,0.999886691570282
stacked_lora,fever,all,8,q_proj,61,0.9996693134307861
stacked_lora,fever,all,8,q_proj,62,0.9996949434280396
stacked_lora,fever,all,8,q_proj,63,0.9998179078102112
stacked_lora,fever,all,8,q_proj,64,0.9996652603149414
stacked_lora,fever,all,8,q_proj,65,0.9998355507850647
stacked_lora,fever,all,8,q_proj,66,0.9997407793998718
stacked_lora,fever,all,8,q_proj,67,0.9999057650566101
stacked_lora,fever,all,8,q_proj,68,0.9999299049377441
stacked_lora,fever,all,8,q_proj,69,0.9997678995132446
stacked_lora,fever,all,8,q_proj,70,0.9998952150344849
stacked_lora,fever,all,8,q_proj,71,0.9997896552085876
stacked_lora,fever,all,8,q_proj,72,0.9999212026596069
stacked_lora,fever,all,8,q_proj,73,0.9994344115257263
stacked_lora,fever,all,8,q_proj,74,0.9995067119598389
stacked_lora,fever,all,8,q_proj,75,0.9998758435249329
stacked_lora,fever,all,8,q_proj,76,0.9998074173927307
stacked_lora,fever,all,8,q_proj,77,0.998405933380127
stacked_lora,fever,all,8,q_proj,78,0.9984186291694641
stacked_lora,fever,all,8,q_proj,79,0.9992838501930237
stacked_lora,fever,all,8,q_proj,80,0.9998970031738281
stacked_lora,fever,all,8,q_proj,81,0.9997501969337463
stacked_lora,fever,all,8,q_proj,82,0.9996785521507263
stacked_lora,fever,all,8,q_proj,83,0.9995619058609009
stacked_lora,fever,all,8,q_proj,84,0.9989932179450989
stacked_lora,fever,all,8,q_proj,85,0.999186635017395
stacked_lora,fever,all,8,q_proj,86,0.9998083114624023
stacked_lora,fever,all,8,q_proj,87,0.9995870590209961
stacked_lora,fever,all,8,q_proj,88,0.9994639754295349
stacked_lora,fever,all,8,q_proj,89,0.9994177222251892
stacked_lora,fever,all,8,q_proj,90,0.9986006617546082
stacked_lora,fever,all,8,q_proj,91,0.9987624883651733
stacked_lora,fever,all,8,q_proj,92,0.9994636178016663
stacked_lora,fever,all,8,q_proj,93,0.9997656941413879
stacked_lora,fever,all,8,q_proj,94,0.9990736246109009
stacked_lora,fever,all,8,q_proj,95,0.9967114925384521
stacked_lora,fever,all,8,q_proj,96,0.9977858066558838
stacked_lora,fever,all,8,q_proj,97,0.9997646808624268
stacked_lora,fever,all,8,q_proj,98,0.9996681809425354
stacked_lora,fever,all,8,q_proj,99,0.9995442628860474
stacked_lora,fever,all,8,q_proj,100,0.9978590607643127
stacked_lora,fever,all,8,q_proj,101,0.9979326725006104
stacked_lora,fever,all,8,q_proj,102,0.9998688697814941
stacked_lora,fever,all,8,q_proj,103,0.9998873472213745
stacked_lora,fever,all,8,q_proj,104,0.9997224807739258
stacked_lora,fever,all,8,q_proj,105,0.9893001914024353
stacked_lora,fever,all,8,q_proj,106,0.9897794723510742
stacked_lora,fever,all,8,q_proj,107,0.9996058940887451
stacked_lora,fever,all,8,q_proj,108,0.997788667678833
stacked_lora,fever,all,8,q_proj,109,0.9981957077980042
stacked_lora,fever,all,8,q_proj,110,0.9996148943901062
stacked_lora,fever,all,8,q_proj,111,0.9985226392745972
stacked_lora,fever,all,8,q_proj,112,0.9984362721443176
stacked_lora,fever,all,8,q_proj,113,0.9992858171463013
stacked_lora,fever,all,8,q_proj,114,0.9994996786117554
stacked_lora,fever,all,8,q_proj,115,0.9995191097259521
stacked_lora,fever,all,8,q_proj,116,0.9997880458831787
stacked_lora,fever,all,8,q_proj,117,0.9997334480285645
stacked_lora,fever,all,8,q_proj,118,0.9998476505279541
stacked_lora,fever,all,8,q_proj,119,0.9998523592948914
stacked_lora,fever,all,8,q_proj,120,0.9994252324104309
stacked_lora,fever,all,8,q_proj,121,0.999334454536438
stacked_lora,fever,all,8,q_proj,122,0.9992320537567139
stacked_lora,fever,all,8,q_proj,123,0.9991050958633423
stacked_lora,fever,all,8,q_proj,124,0.9995774030685425
stacked_lora,fever,all,8,q_proj,125,0.9993522763252258
stacked_lora,fever,all,8,q_proj,126,0.9994674921035767
stacked_lora,fever,all,8,q_proj,127,0.9995775818824768
stacked_lora,fever,all,8,q_proj,128,0.9997103810310364
stacked_lora,fever,all,8,q_proj,129,0.9997341632843018
stacked_lora,fever,all,8,q_proj,130,0.9921464920043945
stacked_lora,fever,all,8,q_proj,131,0.9919012784957886
stacked_lora,fever,all,8,q_proj,132,0.9987503290176392
stacked_lora,fever,all,8,q_proj,133,0.9994612336158752
stacked_lora,fever,all,8,q_proj,134,0.9990490078926086
stacked_lora,fever,all,8,q_proj,135,0.9996465444564819
stacked_lora,fever,all,8,q_proj,136,0.9990689754486084
stacked_lora,fever,all,8,q_proj,137,0.9997234344482422
stacked_lora,fever,all,8,q_proj,138,0.9990943074226379
stacked_lora,fever,all,8,q_proj,139,0.9994233250617981
stacked_lora,fever,all,8,q_proj,140,0.999611496925354
stacked_lora,fever,all,8,q_proj,141,0.9994807243347168
stacked_lora,fever,all,8,q_proj,142,0.9987905621528625
stacked_lora,fever,all,8,q_proj,143,0.9991832971572876
stacked_lora,fever,all,8,q_proj,144,0.9996299743652344
stacked_lora,fever,all,8,q_proj,145,0.9983677864074707
stacked_lora,fever,all,8,q_proj,146,0.9983301758766174
stacked_lora,fever,all,8,q_proj,147,0.9996520280838013
stacked_lora,fever,all,8,q_proj,148,0.9997715353965759
stacked_lora,fever,all,8,q_proj,149,0.9996723532676697
stacked_lora,fever,all,8,q_proj,150,0.9992174506187439
stacked_lora,fever,all,8,v_proj,1,0.9987711906433105
stacked_lora,fever,all,8,v_proj,2,0.9988281726837158
stacked_lora,fever,all,8,v_proj,3,0.9992152452468872
stacked_lora,fever,all,8,v_proj,4,0.9993236660957336
stacked_lora,fever,all,8,v_proj,5,0.9965315461158752
stacked_lora,fever,all,8,v_proj,6,0.9955468773841858
stacked_lora,fever,all,8,v_proj,7,0.998597264289856
stacked_lora,fever,all,8,v_proj,8,0.9975297451019287
stacked_lora,fever,all,8,v_proj,9,0.9975554347038269
stacked_lora,fever,all,8,v_proj,10,0.9936522245407104
stacked_lora,fever,all,8,v_proj,11,0.9935711026191711
stacked_lora,fever,all,8,v_proj,12,0.9976078271865845
stacked_lora,fever,all,8,v_proj,13,0.9956324100494385
stacked_lora,fever,all,8,v_proj,14,0.996410608291626
stacked_lora,fever,all,8,v_proj,15,0.9993560314178467
stacked_lora,fever,all,8,v_proj,16,0.9986366033554077
stacked_lora,fever,all,8,v_proj,17,0.99861741065979
stacked_lora,fever,all,8,v_proj,18,0.9993618130683899
stacked_lora,fever,all,8,v_proj,19,0.9987414479255676
stacked_lora,fever,all,8,v_proj,20,0.9981350898742676
stacked_lora,fever,all,8,v_proj,21,0.9987395405769348
stacked_lora,fever,all,8,v_proj,22,0.9974946975708008
stacked_lora,fever,all,8,v_proj,23,0.9981333017349243
stacked_lora,fever,all,8,v_proj,24,0.9989693760871887
stacked_lora,fever,all,8,v_proj,25,0.9978501796722412
stacked_lora,fever,all,8,v_proj,26,0.996984601020813
stacked_lora,fever,all,8,v_proj,27,0.989433765411377
stacked_lora,fever,all,8,v_proj,28,0.9877418279647827
stacked_lora,fever,all,8,v_proj,29,0.9922728538513184
stacked_lora,fever,all,8,v_proj,30,0.9954745173454285
stacked_lora,fever,all,8,v_proj,31,0.9974626302719116
stacked_lora,fever,all,8,v_proj,32,0.997936487197876
stacked_lora,fever,all,8,v_proj,33,0.997119128704071
stacked_lora,fever,all,8,v_proj,34,0.9970543384552002
stacked_lora,fever,all,8,v_proj,35,0.9717300534248352
stacked_lora,fever,all,8,v_proj,36,0.9727151393890381
stacked_lora,fever,all,8,v_proj,37,0.9978591799736023
stacked_lora,fever,all,8,v_proj,38,0.9902799129486084
stacked_lora,fever,all,8,v_proj,39,0.9910043478012085
stacked_lora,fever,all,8,v_proj,40,0.998737096786499
stacked_lora,fever,all,8,v_proj,41,0.9889388084411621
stacked_lora,fever,all,8,v_proj,42,0.9885132312774658
stacked_lora,fever,all,8,v_proj,43,0.9952559471130371
stacked_lora,fever,all,8,v_proj,44,0.9947942495346069
stacked_lora,fever,all,8,v_proj,45,0.9916461706161499
stacked_lora,fever,all,8,v_proj,46,0.895529568195343
stacked_lora,fever,all,8,v_proj,47,0.8975248336791992
stacked_lora,fever,all,8,v_proj,48,0.9928728938102722
stacked_lora,fever,all,8,v_proj,49,0.9768179059028625
stacked_lora,fever,all,8,v_proj,50,0.9862101078033447
stacked_lora,fever,all,8,v_proj,51,0.9816863536834717
stacked_lora,fever,all,8,v_proj,52,0.9974007606506348
stacked_lora,fever,all,8,v_proj,53,0.9953279495239258
stacked_lora,fever,all,8,v_proj,54,0.9963198304176331
stacked_lora,fever,all,8,v_proj,55,0.9969717264175415
stacked_lora,fever,all,8,v_proj,56,0.9410396218299866
stacked_lora,fever,all,8,v_proj,57,0.9353255033493042
stacked_lora,fever,all,8,v_proj,58,0.9931475520133972
stacked_lora,fever,all,8,v_proj,59,0.9991409778594971
stacked_lora,fever,all,8,v_proj,60,0.9960371255874634
stacked_lora,fever,all,8,v_proj,61,0.9905145764350891
stacked_lora,fever,all,8,v_proj,62,0.9913131594657898
stacked_lora,fever,all,8,v_proj,63,0.983893632888794
stacked_lora,fever,all,8,v_proj,64,0.9833401441574097
stacked_lora,fever,all,8,v_proj,65,0.9983842372894287
stacked_lora,fever,all,8,v_proj,66,0.8602609634399414
stacked_lora,fever,all,8,v_proj,67,0.8586158752441406
stacked_lora,fever,all,8,v_proj,68,0.9984062314033508
stacked_lora,fever,all,8,v_proj,69,0.9980860948562622
stacked_lora,fever,all,8,v_proj,70,0.9968177676200867
stacked_lora,fever,all,8,v_proj,71,0.9974371194839478
stacked_lora,fever,all,8,v_proj,72,0.9989696145057678
stacked_lora,fever,all,8,v_proj,73,0.9937657117843628
stacked_lora,fever,all,8,v_proj,74,0.993918240070343
stacked_lora,fever,all,8,v_proj,75,0.9959359765052795
stacked_lora,fever,all,8,v_proj,76,0.9957107305526733
stacked_lora,fever,all,8,v_proj,77,0.9930136203765869
stacked_lora,fever,all,8,v_proj,78,0.9925436973571777
stacked_lora,fever,all,8,v_proj,79,0.994881808757782
stacked_lora,fever,all,8,v_proj,80,0.9900156855583191
stacked_lora,fever,all,8,v_proj,81,0.9926760196685791
stacked_lora,fever,all,8,v_proj,82,0.9975968599319458
stacked_lora,fever,all,8,v_proj,83,0.9978805780410767
stacked_lora,fever,all,8,v_proj,84,0.9928120374679565
stacked_lora,fever,all,8,v_proj,85,0.9926366209983826
stacked_lora,fever,all,8,v_proj,86,0.9958423376083374
stacked_lora,fever,all,8,v_proj,87,0.9964514970779419
stacked_lora,fever,all,8,v_proj,88,0.9979385733604431
stacked_lora,fever,all,8,v_proj,89,0.9963558316230774
stacked_lora,fever,all,8,v_proj,90,0.995208740234375
stacked_lora,fever,all,8,v_proj,91,0.9514535665512085
stacked_lora,fever,all,8,v_proj,92,0.9563931226730347
stacked_lora,fever,all,8,v_proj,93,0.9977172017097473
stacked_lora,fever,all,8,v_proj,94,0.9935917258262634
stacked_lora,fever,all,8,v_proj,95,0.9917140603065491
stacked_lora,fever,all,8,v_proj,96,0.9971315264701843
stacked_lora,fever,all,8,v_proj,97,0.9757177233695984
stacked_lora,fever,all,8,v_proj,98,0.9546589851379395
stacked_lora,fever,all,8,v_proj,99,0.9672985076904297
stacked_lora,fever,all,8,v_proj,100,0.9798927307128906
stacked_lora,fever,all,8,v_proj,101,0.985206127166748
stacked_lora,fever,all,8,v_proj,102,0.9912302494049072
stacked_lora,fever,all,8,v_proj,103,0.9970433712005615
stacked_lora,fever,all,8,v_proj,104,0.9980652928352356
stacked_lora,fever,all,8,v_proj,105,0.9378560781478882
stacked_lora,fever,all,8,v_proj,106,0.9389411211013794
stacked_lora,fever,all,8,v_proj,107,0.9865550398826599
stacked_lora,fever,all,8,v_proj,108,0.9866081476211548
stacked_lora,fever,all,8,v_proj,109,0.9824000597000122
stacked_lora,fever,all,8,v_proj,110,0.9861681461334229
stacked_lora,fever,all,8,v_proj,111,0.997661828994751
stacked_lora,fever,all,8,v_proj,112,0.9956127405166626
stacked_lora,fever,all,8,v_proj,113,0.9909325242042542
stacked_lora,fever,all,8,v_proj,114,0.9892362356185913
stacked_lora,fever,all,8,v_proj,115,0.9873974323272705
stacked_lora,fever,all,8,v_proj,116,0.9895896911621094
stacked_lora,fever,all,8,v_proj,117,0.9935272932052612
stacked_lora,fever,all,8,v_proj,118,0.9977560043334961
stacked_lora,fever,all,8,v_proj,119,0.9943102598190308
stacked_lora,fever,all,8,v_proj,120,0.9958304166793823
stacked_lora,fever,all,8,v_proj,121,0.9969766139984131
stacked_lora,fever,all,8,v_proj,122,0.8541550040245056
stacked_lora,fever,all,8,v_proj,123,0.8529020547866821
stacked_lora,fever,all,8,v_proj,124,0.9975743293762207
stacked_lora,fever,all,8,v_proj,125,0.9946236610412598
stacked_lora,fever,all,8,v_proj,126,0.9960317611694336
stacked_lora,fever,all,8,v_proj,127,0.9961945414543152
stacked_lora,fever,all,8,v_proj,128,0.981739342212677
stacked_lora,fever,all,8,v_proj,129,0.9789124727249146
stacked_lora,fever,all,8,v_proj,130,0.9908148050308228
stacked_lora,fever,all,8,v_proj,131,0.991640031337738
stacked_lora,fever,all,8,v_proj,132,0.9879319071769714
stacked_lora,fever,all,8,v_proj,133,0.909140408039093
stacked_lora,fever,all,8,v_proj,134,0.9529145956039429
stacked_lora,fever,all,8,v_proj,135,0.8977657556533813
stacked_lora,fever,all,8,v_proj,136,0.9931240677833557
stacked_lora,fever,all,8,v_proj,137,0.9807325601577759
stacked_lora,fever,all,8,v_proj,138,0.9166759848594666
stacked_lora,fever,all,8,v_proj,139,0.9069961309432983
stacked_lora,fever,all,8,v_proj,140,0.9925892353057861
stacked_lora,fever,all,8,v_proj,141,0.9881147146224976
stacked_lora,fever,all,8,v_proj,142,0.9886249303817749
stacked_lora,fever,all,8,v_proj,143,0.9929710626602173
stacked_lora,fever,all,8,v_proj,144,0.9846746921539307
stacked_lora,fever,all,8,v_proj,145,0.9921519160270691
stacked_lora,fever,all,8,v_proj,146,0.9941175580024719
stacked_lora,fever,all,8,v_proj,147,0.9937458634376526
stacked_lora,fever,all,8,v_proj,148,0.9871928691864014
stacked_lora,fever,all,8,v_proj,149,0.9824155569076538
stacked_lora,fever,all,8,v_proj,150,0.9814472198486328
stacked_lora,fever,all,8,up_proj,1,0.9999913573265076
stacked_lora,fever,all,8,up_proj,2,0.9999794960021973
stacked_lora,fever,all,8,up_proj,3,0.9999722242355347
stacked_lora,fever,all,8,up_proj,4,0.9999783039093018
stacked_lora,fever,all,8,up_proj,5,0.9999687075614929
stacked_lora,fever,all,8,up_proj,6,0.9999622702598572
stacked_lora,fever,all,8,up_proj,7,0.9999635219573975
stacked_lora,fever,all,8,up_proj,8,0.99994295835495
stacked_lora,fever,all,8,up_proj,9,0.9999055862426758
stacked_lora,fever,all,8,up_proj,10,0.9998091459274292
stacked_lora,fever,all,8,up_proj,11,0.9998599290847778
stacked_lora,fever,all,8,up_proj,12,0.9998021721839905
stacked_lora,fever,all,8,up_proj,13,0.913581907749176
stacked_lora,fever,all,8,up_proj,14,0.9134330153465271
stacked_lora,fever,all,8,up_proj,15,0.9998694658279419
stacked_lora,fever,all,8,up_proj,16,0.9998873472213745
stacked_lora,fever,all,8,up_proj,17,0.9999427795410156
stacked_lora,fever,all,8,up_proj,18,0.9994776248931885
stacked_lora,fever,all,8,up_proj,19,0.999428927898407
stacked_lora,fever,all,8,up_proj,20,0.9992395043373108
stacked_lora,fever,all,8,up_proj,21,0.9995940327644348
stacked_lora,fever,all,8,up_proj,22,0.9998316168785095
stacked_lora,fever,all,8,up_proj,23,0.9983959197998047
stacked_lora,fever,all,8,up_proj,24,0.9983962178230286
stacked_lora,fever,all,8,up_proj,25,0.9997293949127197
stacked_lora,fever,all,8,up_proj,26,0.9996100068092346
stacked_lora,fever,all,8,up_proj,27,0.9997067451477051
stacked_lora,fever,all,8,up_proj,28,0.9994750022888184
stacked_lora,fever,all,8,up_proj,29,0.9996834397315979
stacked_lora,fever,all,8,up_proj,30,0.9996789693832397
stacked_lora,fever,all,8,up_proj,31,0.9991002678871155
stacked_lora,fever,all,8,up_proj,32,0.9988476634025574
stacked_lora,fever,all,8,up_proj,33,0.9986526966094971
stacked_lora,fever,all,8,up_proj,34,0.9994161128997803
stacked_lora,fever,all,8,up_proj,35,0.9997695684432983
stacked_lora,fever,all,8,up_proj,36,0.9981760382652283
stacked_lora,fever,all,8,up_proj,37,0.9983839988708496
stacked_lora,fever,all,8,up_proj,38,0.9992223381996155
stacked_lora,fever,all,8,up_proj,39,0.9649367332458496
stacked_lora,fever,all,8,up_proj,40,0.9652517437934875
stacked_lora,fever,all,8,up_proj,41,0.9990952610969543
stacked_lora,fever,all,8,up_proj,42,0.999537467956543
stacked_lora,fever,all,8,up_proj,43,0.9992742538452148
stacked_lora,fever,all,8,up_proj,44,0.9988915920257568
stacked_lora,fever,all,8,up_proj,45,0.9899309277534485
stacked_lora,fever,all,8,up_proj,46,0.989759624004364
stacked_lora,fever,all,8,up_proj,47,0.9990857243537903
stacked_lora,fever,all,8,up_proj,48,0.9992428421974182
stacked_lora,fever,all,8,up_proj,49,0.9982264637947083
stacked_lora,fever,all,8,up_proj,50,0.9983936548233032
stacked_lora,fever,all,8,up_proj,51,0.9992742538452148
stacked_lora,fever,all,8,up_proj,52,0.9985808730125427
stacked_lora,fever,all,8,up_proj,53,0.9984340667724609
stacked_lora,fever,all,8,up_proj,54,0.9978326559066772
stacked_lora,fever,all,8,up_proj,55,0.9976093769073486
stacked_lora,fever,all,8,up_proj,56,0.9980215430259705
stacked_lora,fever,all,8,up_proj,57,0.9984700679779053
stacked_lora,fever,all,8,up_proj,58,0.9992420673370361
stacked_lora,fever,all,8,up_proj,59,0.999322235584259
stacked_lora,fever,all,8,up_proj,60,0.9991768598556519
stacked_lora,fever,all,8,up_proj,61,0.997864305973053
stacked_lora,fever,all,8,up_proj,62,0.9955668449401855
stacked_lora,fever,all,8,up_proj,63,0.9946108460426331
stacked_lora,fever,all,8,up_proj,64,0.9993025660514832
stacked_lora,fever,all,8,up_proj,65,0.999487578868866
stacked_lora,fever,all,8,up_proj,66,0.9989901185035706
stacked_lora,fever,all,8,up_proj,67,0.8969277739524841
stacked_lora,fever,all,8,up_proj,68,0.8965961337089539
stacked_lora,fever,all,8,up_proj,69,0.9978339672088623
stacked_lora,fever,all,8,up_proj,70,0.9879707098007202
stacked_lora,fever,all,8,up_proj,71,0.9865747094154358
stacked_lora,fever,all,8,up_proj,72,0.9936822652816772
stacked_lora,fever,all,8,up_proj,73,0.9982030391693115
stacked_lora,fever,all,8,up_proj,74,0.9980751872062683
stacked_lora,fever,all,8,up_proj,75,0.9986132383346558
stacked_lora,fever,all,8,up_proj,76,0.997094452381134
stacked_lora,fever,all,8,up_proj,77,0.9976157546043396
stacked_lora,fever,all,8,up_proj,78,0.997376024723053
stacked_lora,fever,all,8,up_proj,79,0.9927753210067749
stacked_lora,fever,all,8,up_proj,80,0.9939478635787964
stacked_lora,fever,all,8,up_proj,81,0.9757500290870667
stacked_lora,fever,all,8,up_proj,82,0.9760432839393616
stacked_lora,fever,all,8,up_proj,83,0.9991037845611572
stacked_lora,fever,all,8,up_proj,84,0.9989597797393799
stacked_lora,fever,all,8,up_proj,85,0.9970775842666626
stacked_lora,fever,all,8,up_proj,86,0.9967102408409119
stacked_lora,fever,all,8,up_proj,87,0.9965043067932129
stacked_lora,fever,all,8,up_proj,88,0.9978961944580078
stacked_lora,fever,all,8,up_proj,89,0.9952440857887268
stacked_lora,fever,all,8,up_proj,90,0.9954452514648438
stacked_lora,fever,all,8,up_proj,91,0.9972735643386841
stacked_lora,fever,all,8,up_proj,92,0.998798131942749
stacked_lora,fever,all,8,up_proj,93,0.998401939868927
stacked_lora,fever,all,8,up_proj,94,0.996562123298645
stacked_lora,fever,all,8,up_proj,95,0.9977327585220337
stacked_lora,fever,all,8,up_proj,96,0.9929371476173401
stacked_lora,fever,all,8,up_proj,97,0.9953863024711609
stacked_lora,fever,all,8,up_proj,98,0.9989150166511536
stacked_lora,fever,all,8,up_proj,99,0.9985154271125793
stacked_lora,fever,all,8,up_proj,100,0.9979056715965271
stacked_lora,fever,all,8,up_proj,101,0.9983482360839844
stacked_lora,fever,all,8,up_proj,102,0.9800059199333191
stacked_lora,fever,all,8,up_proj,103,0.9786683320999146
stacked_lora,fever,all,8,up_proj,104,0.9968053698539734
stacked_lora,fever,all,8,up_proj,105,0.9915415644645691
stacked_lora,fever,all,8,up_proj,106,0.9915720820426941
stacked_lora,fever,all,8,up_proj,107,0.9974054098129272
stacked_lora,fever,all,8,up_proj,108,0.9967194199562073
stacked_lora,fever,all,8,up_proj,109,0.9886949062347412
stacked_lora,fever,all,8,up_proj,110,0.9938719868659973
stacked_lora,fever,all,8,up_proj,111,0.991741955280304
stacked_lora,fever,all,8,up_proj,112,0.9925580620765686
stacked_lora,fever,all,8,up_proj,113,0.9907269477844238
stacked_lora,fever,all,8,up_proj,114,0.9796574711799622
stacked_lora,fever,all,8,up_proj,115,0.9823645949363708
stacked_lora,fever,all,8,up_proj,116,0.9965112805366516
stacked_lora,fever,all,8,up_proj,117,0.9953732490539551
stacked_lora,fever,all,8,up_proj,118,0.9936036467552185
stacked_lora,fever,all,8,up_proj,119,0.9949086308479309
stacked_lora,fever,all,8,up_proj,120,0.9951274394989014
stacked_lora,fever,all,8,up_proj,121,0.9939331412315369
stacked_lora,fever,all,8,up_proj,122,0.9912360906600952
stacked_lora,fever,all,8,up_proj,123,0.992265522480011
stacked_lora,fever,all,8,up_proj,124,0.9859207272529602
stacked_lora,fever,all,8,up_proj,125,0.9836474657058716
stacked_lora,fever,all,8,up_proj,126,0.9946619868278503
stacked_lora,fever,all,8,up_proj,127,0.994834303855896
stacked_lora,fever,all,8,up_proj,128,0.9835302829742432
stacked_lora,fever,all,8,up_proj,129,0.9755529165267944
stacked_lora,fever,all,8,up_proj,130,0.9844275116920471
stacked_lora,fever,all,8,up_proj,131,0.9911913275718689
stacked_lora,fever,all,8,up_proj,132,0.9941380620002747
stacked_lora,fever,all,8,up_proj,133,0.9896265864372253
stacked_lora,fever,all,8,up_proj,134,0.9919067621231079
stacked_lora,fever,all,8,up_proj,135,0.967681348323822
stacked_lora,fever,all,8,up_proj,136,0.9667654037475586
stacked_lora,fever,all,8,up_proj,137,0.9949727058410645
stacked_lora,fever,all,8,up_proj,138,0.9911496043205261
stacked_lora,fever,all,8,up_proj,139,0.9947641491889954
stacked_lora,fever,all,8,up_proj,140,0.9963908195495605
stacked_lora,fever,all,8,up_proj,141,0.9896705150604248
stacked_lora,fever,all,8,up_proj,142,0.9912809133529663
stacked_lora,fever,all,8,up_proj,143,0.9961379766464233
stacked_lora,fever,all,8,up_proj,144,0.9970209002494812
stacked_lora,fever,all,8,up_proj,145,0.9766941070556641
stacked_lora,fever,all,8,up_proj,146,0.9757753610610962
stacked_lora,fever,all,8,up_proj,147,0.9939757585525513
stacked_lora,fever,all,8,up_proj,148,0.9947641491889954
stacked_lora,fever,all,8,up_proj,149,0.9948890209197998
stacked_lora,fever,all,8,up_proj,150,0.9800965189933777
stacked_lora,fever,all,8,down_proj,1,0.9999995231628418
stacked_lora,fever,all,8,down_proj,2,0.9999989867210388
stacked_lora,fever,all,8,down_proj,3,0.9999980926513672
stacked_lora,fever,all,8,down_proj,4,0.9999986290931702
stacked_lora,fever,all,8,down_proj,5,0.9999962449073792
stacked_lora,fever,all,8,down_proj,6,0.9999935626983643
stacked_lora,fever,all,8,down_proj,7,0.9999919533729553
stacked_lora,fever,all,8,down_proj,8,0.9999967813491821
stacked_lora,fever,all,8,down_proj,9,0.9999943375587463
stacked_lora,fever,all,8,down_proj,10,0.9999929666519165
stacked_lora,fever,all,8,down_proj,11,0.9999856948852539
stacked_lora,fever,all,8,down_proj,12,0.9999847412109375
stacked_lora,fever,all,8,down_proj,13,0.9999951124191284
stacked_lora,fever,all,8,down_proj,14,0.9999957084655762
stacked_lora,fever,all,8,down_proj,15,0.9999961256980896
stacked_lora,fever,all,8,down_proj,16,0.9999932646751404
stacked_lora,fever,all,8,down_proj,17,0.9999900460243225
stacked_lora,fever,all,8,down_proj,18,0.9999799132347107
stacked_lora,fever,all,8,down_proj,19,0.9996432662010193
stacked_lora,fever,all,8,down_proj,20,0.9996433258056641
stacked_lora,fever,all,8,down_proj,21,0.9999818801879883
stacked_lora,fever,all,8,down_proj,22,0.9996480941772461
stacked_lora,fever,all,8,down_proj,23,0.999629020690918
stacked_lora,fever,all,8,down_proj,24,0.9999696612358093
stacked_lora,fever,all,8,down_proj,25,0.9999666810035706
stacked_lora,fever,all,8,down_proj,26,0.9998438358306885
stacked_lora,fever,all,8,down_proj,27,0.9998078346252441
stacked_lora,fever,all,8,down_proj,28,0.9999562501907349
stacked_lora,fever,all,8,down_proj,29,0.9999715089797974
stacked_lora,fever,all,8,down_proj,30,0.9995573163032532
stacked_lora,fever,all,8,down_proj,31,0.9995362162590027
stacked_lora,fever,all,8,down_proj,32,0.9999634623527527
stacked_lora,fever,all,8,down_proj,33,0.9999279379844666
stacked_lora,fever,all,8,down_proj,34,0.9999366402626038
stacked_lora,fever,all,8,down_proj,35,0.999968945980072
stacked_lora,fever,all,8,down_proj,36,0.9999367594718933
stacked_lora,fever,all,8,down_proj,37,0.99996018409729
stacked_lora,fever,all,8,down_proj,38,0.999849259853363
stacked_lora,fever,all,8,down_proj,39,0.9998515844345093
stacked_lora,fever,all,8,down_proj,40,0.999952495098114
stacked_lora,fever,all,8,down_proj,41,0.9998121857643127
stacked_lora,fever,all,8,down_proj,42,0.9998908638954163
stacked_lora,fever,all,8,down_proj,43,0.9998757839202881
stacked_lora,fever,all,8,down_proj,44,0.9999387264251709
stacked_lora,fever,all,8,down_proj,45,0.9999746084213257
stacked_lora,fever,all,8,down_proj,46,0.9999523758888245
stacked_lora,fever,all,8,down_proj,47,0.9997668266296387
stacked_lora,fever,all,8,down_proj,48,0.9997485280036926
stacked_lora,fever,all,8,down_proj,49,0.9998705387115479
stacked_lora,fever,all,8,down_proj,50,0.9992254376411438
stacked_lora,fever,all,8,down_proj,51,0.9992128610610962
stacked_lora,fever,all,8,down_proj,52,0.999697744846344
stacked_lora,fever,all,8,down_proj,53,0.9998427629470825
stacked_lora,fever,all,8,down_proj,54,0.9997304081916809
stacked_lora,fever,all,8,down_proj,55,0.9998186826705933
stacked_lora,fever,all,8,down_proj,56,0.9999047517776489
stacked_lora,fever,all,8,down_proj,57,0.9995396733283997
stacked_lora,fever,all,8,down_proj,58,0.9996315836906433
stacked_lora,fever,all,8,down_proj,59,0.9994491338729858
stacked_lora,fever,all,8,down_proj,60,0.9995647668838501
stacked_lora,fever,all,8,down_proj,61,0.9996337890625
stacked_lora,fever,all,8,down_proj,62,0.9996875524520874
stacked_lora,fever,all,8,down_proj,63,0.9999256730079651
stacked_lora,fever,all,8,down_proj,64,0.9998499155044556
stacked_lora,fever,all,8,down_proj,65,0.9991006255149841
stacked_lora,fever,all,8,down_proj,66,0.9994503855705261
stacked_lora,fever,all,8,down_proj,67,0.999218225479126
stacked_lora,fever,all,8,down_proj,68,0.9997454285621643
stacked_lora,fever,all,8,down_proj,69,0.999931275844574
stacked_lora,fever,all,8,down_proj,70,0.9999418258666992
stacked_lora,fever,all,8,down_proj,71,0.9998049736022949
stacked_lora,fever,all,8,down_proj,72,0.9997645616531372
stacked_lora,fever,all,8,down_proj,73,0.9995231628417969
stacked_lora,fever,all,8,down_proj,74,0.999255359172821
stacked_lora,fever,all,8,down_proj,75,0.999308168888092
stacked_lora,fever,all,8,down_proj,76,0.9996548891067505
stacked_lora,fever,all,8,down_proj,77,0.9997283816337585
stacked_lora,fever,all,8,down_proj,78,0.9999039173126221
stacked_lora,fever,all,8,down_proj,79,0.9994906187057495
stacked_lora,fever,all,8,down_proj,80,0.9997904300689697
stacked_lora,fever,all,8,down_proj,81,0.9996697902679443
stacked_lora,fever,all,8,down_proj,82,0.9996023178100586
stacked_lora,fever,all,8,down_proj,83,0.9987452626228333
stacked_lora,fever,all,8,down_proj,84,0.9802807569503784
stacked_lora,fever,all,8,down_proj,85,0.9810795783996582
stacked_lora,fever,all,8,down_proj,86,0.9993187189102173
stacked_lora,fever,all,8,down_proj,87,0.9997433423995972
stacked_lora,fever,all,8,down_proj,88,0.9995269179344177
stacked_lora,fever,all,8,down_proj,89,0.9997756481170654
stacked_lora,fever,all,8,down_proj,90,0.9997872114181519
stacked_lora,fever,all,8,down_proj,91,0.9993675947189331
stacked_lora,fever,all,8,down_proj,92,0.9936900734901428
stacked_lora,fever,all,8,down_proj,93,0.9936323165893555
stacked_lora,fever,all,8,down_proj,94,0.999642014503479
stacked_lora,fever,all,8,down_proj,95,0.9982447028160095
stacked_lora,fever,all,8,down_proj,96,0.9965538382530212
stacked_lora,fever,all,8,down_proj,97,0.99783855676651
stacked_lora,fever,all,8,down_proj,98,0.9992182850837708
stacked_lora,fever,all,8,down_proj,99,0.9995719790458679
stacked_lora,fever,all,8,down_proj,100,0.9983016848564148
stacked_lora,fever,all,8,down_proj,101,0.9975126385688782
stacked_lora,fever,all,8,down_proj,102,0.9991684556007385
stacked_lora,fever,all,8,down_proj,103,0.9994508624076843
stacked_lora,fever,all,8,down_proj,104,0.9991209506988525
stacked_lora,fever,all,8,down_proj,105,0.9923000335693359
stacked_lora,fever,all,8,down_proj,106,0.9929038286209106
stacked_lora,fever,all,8,down_proj,107,0.9992789030075073
stacked_lora,fever,all,8,down_proj,108,0.9997546672821045
stacked_lora,fever,all,8,down_proj,109,0.9897751212120056
stacked_lora,fever,all,8,down_proj,110,0.9899703860282898
stacked_lora,fever,all,8,down_proj,111,0.9982447028160095
stacked_lora,fever,all,8,down_proj,112,0.9978106021881104
stacked_lora,fever,all,8,down_proj,113,0.9993817806243896
stacked_lora,fever,all,8,down_proj,114,0.9998481869697571
stacked_lora,fever,all,8,down_proj,115,0.9986916184425354
stacked_lora,fever,all,8,down_proj,116,0.9980920553207397
stacked_lora,fever,all,8,down_proj,117,0.9981282949447632
stacked_lora,fever,all,8,down_proj,118,0.9980299472808838
stacked_lora,fever,all,8,down_proj,119,0.9990088939666748
stacked_lora,fever,all,8,down_proj,120,0.9993529915809631
stacked_lora,fever,all,8,down_proj,121,0.9995371699333191
stacked_lora,fever,all,8,down_proj,122,0.9994950294494629
stacked_lora,fever,all,8,down_proj,123,0.9991859793663025
stacked_lora,fever,all,8,down_proj,124,0.9997121691703796
stacked_lora,fever,all,8,down_proj,125,0.9996917843818665
stacked_lora,fever,all,8,down_proj,126,0.9982545971870422
stacked_lora,fever,all,8,down_proj,127,0.9940181970596313
stacked_lora,fever,all,8,down_proj,128,0.9947878122329712
stacked_lora,fever,all,8,down_proj,129,0.9993870854377747
stacked_lora,fever,all,8,down_proj,130,0.9995019435882568
stacked_lora,fever,all,8,down_proj,131,0.9990448951721191
stacked_lora,fever,all,8,down_proj,132,0.9995332956314087
stacked_lora,fever,all,8,down_proj,133,0.999704897403717
stacked_lora,fever,all,8,down_proj,134,0.9904962778091431
stacked_lora,fever,all,8,down_proj,135,0.9901167154312134
stacked_lora,fever,all,8,down_proj,136,0.9975494742393494
stacked_lora,fever,all,8,down_proj,137,0.9890720248222351
stacked_lora,fever,all,8,down_proj,138,0.9922051429748535
stacked_lora,fever,all,8,down_proj,139,0.9958081841468811
stacked_lora,fever,all,8,down_proj,140,0.9979265928268433
stacked_lora,fever,all,8,down_proj,141,0.9977031946182251
stacked_lora,fever,all,8,down_proj,142,0.9965459704399109
stacked_lora,fever,all,8,down_proj,143,0.9988529682159424
stacked_lora,fever,all,8,down_proj,144,0.997252345085144
stacked_lora,fever,all,8,down_proj,145,0.9969031810760498
stacked_lora,fever,all,8,down_proj,146,0.9955230355262756
stacked_lora,fever,all,8,down_proj,147,0.995978057384491
stacked_lora,fever,all,8,down_proj,148,0.9985977411270142
stacked_lora,fever,all,8,down_proj,149,0.9931511878967285
stacked_lora,fever,all,8,down_proj,150,0.9946168065071106
stacked_lora,fever,all,15,q_proj,1,1.0000008344650269
stacked_lora,fever,all,15,q_proj,2,0.9999997615814209
stacked_lora,fever,all,15,q_proj,3,0.9999995231628418
stacked_lora,fever,all,15,q_proj,4,0.9999985694885254
stacked_lora,fever,all,15,q_proj,5,0.9999921321868896
stacked_lora,fever,all,15,q_proj,6,0.9999916553497314
stacked_lora,fever,all,15,q_proj,7,0.9999864101409912
stacked_lora,fever,all,15,q_proj,8,0.9999870657920837
stacked_lora,fever,all,15,q_proj,9,0.9999950528144836
stacked_lora,fever,all,15,q_proj,10,0.9999936819076538
stacked_lora,fever,all,15,q_proj,11,0.9999951124191284
stacked_lora,fever,all,15,q_proj,12,0.9999952912330627
stacked_lora,fever,all,15,q_proj,13,0.9999982118606567
stacked_lora,fever,all,15,q_proj,14,0.9999970197677612
stacked_lora,fever,all,15,q_proj,15,0.9999973773956299
stacked_lora,fever,all,15,q_proj,16,0.9999973773956299
stacked_lora,fever,all,15,q_proj,17,0.999996542930603
stacked_lora,fever,all,15,q_proj,18,0.9999892711639404
stacked_lora,fever,all,15,q_proj,19,0.999980092048645
stacked_lora,fever,all,15,q_proj,20,0.9999852180480957
stacked_lora,fever,all,15,q_proj,21,0.9999827146530151
stacked_lora,fever,all,15,q_proj,22,0.999993085861206
stacked_lora,fever,all,15,q_proj,23,0.9999776482582092
stacked_lora,fever,all,15,q_proj,24,0.9999944567680359
stacked_lora,fever,all,15,q_proj,25,0.999997079372406
stacked_lora,fever,all,15,q_proj,26,0.9999964833259583
stacked_lora,fever,all,15,q_proj,27,0.9999945163726807
stacked_lora,fever,all,15,q_proj,28,0.9999902248382568
stacked_lora,fever,all,15,q_proj,29,0.9999939203262329
stacked_lora,fever,all,15,q_proj,30,0.9999942779541016
stacked_lora,fever,all,15,q_proj,31,0.9999408721923828
stacked_lora,fever,all,15,q_proj,32,0.9999410510063171
stacked_lora,fever,all,15,q_proj,33,0.9999947547912598
stacked_lora,fever,all,15,q_proj,34,0.999996542930603
stacked_lora,fever,all,15,q_proj,35,0.9999909400939941
stacked_lora,fever,all,15,q_proj,36,0.9999707341194153
stacked_lora,fever,all,15,q_proj,37,0.9999733567237854
stacked_lora,fever,all,15,q_proj,38,0.9999954104423523
stacked_lora,fever,all,15,q_proj,39,0.9999921321868896
stacked_lora,fever,all,15,q_proj,40,0.999984622001648
stacked_lora,fever,all,15,q_proj,41,0.9999115467071533
stacked_lora,fever,all,15,q_proj,42,0.9999203681945801
stacked_lora,fever,all,15,q_proj,43,0.9999865293502808
stacked_lora,fever,all,15,q_proj,44,0.9998910427093506
stacked_lora,fever,all,15,q_proj,45,0.9999018907546997
stacked_lora,fever,all,15,q_proj,46,0.9999884963035583
stacked_lora,fever,all,15,q_proj,47,0.9999648332595825
stacked_lora,fever,all,15,q_proj,48,0.9999592304229736
stacked_lora,fever,all,15,q_proj,49,0.9999738335609436
stacked_lora,fever,all,15,q_proj,50,0.9999086260795593
stacked_lora,fever,all,15,q_proj,51,0.9999057650566101
stacked_lora,fever,all,15,q_proj,52,0.9999648332595825
stacked_lora,fever,all,15,q_proj,53,0.9999669790267944
stacked_lora,fever,all,15,q_proj,54,0.9999811053276062
stacked_lora,fever,all,15,q_proj,55,0.9999774098396301
stacked_lora,fever,all,15,q_proj,56,0.9999850988388062
stacked_lora,fever,all,15,q_proj,57,0.9999819993972778
stacked_lora,fever,all,15,q_proj,58,0.9999798536300659
stacked_lora,fever,all,15,q_proj,59,0.9999727010726929
stacked_lora,fever,all,15,q_proj,60,0.9999737739562988
stacked_lora,fever,all,15,q_proj,61,0.9999487996101379
stacked_lora,fever,all,15,q_proj,62,0.9999493360519409
stacked_lora,fever,all,15,q_proj,63,0.9999914169311523
stacked_lora,fever,all,15,q_proj,64,0.9999773502349854
stacked_lora,fever,all,15,q_proj,65,0.9999719262123108
stacked_lora,fever,all,15,q_proj,66,0.9999547004699707
stacked_lora,fever,all,15,q_proj,67,0.9999638199806213
stacked_lora,fever,all,15,q_proj,68,0.9998517632484436
stacked_lora,fever,all,15,q_proj,69,0.9998440146446228
stacked_lora,fever,all,15,q_proj,70,0.9998987317085266
stacked_lora,fever,all,15,q_proj,71,0.9999089241027832
stacked_lora,fever,all,15,q_proj,72,0.9999446272850037
stacked_lora,fever,all,15,q_proj,73,0.9999606013298035
stacked_lora,fever,all,15,q_proj,74,0.9999528527259827
stacked_lora,fever,all,15,q_proj,75,0.9998757243156433
stacked_lora,fever,all,15,q_proj,76,0.9998973608016968
stacked_lora,fever,all,15,q_proj,77,0.9998928904533386
stacked_lora,fever,all,15,q_proj,78,0.9998871088027954
stacked_lora,fever,all,15,q_proj,79,0.9999598264694214
stacked_lora,fever,all,15,q_proj,80,0.9999498128890991
stacked_lora,fever,all,15,q_proj,81,0.9997138977050781
stacked_lora,fever,all,15,q_proj,82,0.9997057318687439
stacked_lora,fever,all,15,q_proj,83,0.99993896484375
stacked_lora,fever,all,15,q_proj,84,0.9999448657035828
stacked_lora,fever,all,15,q_proj,85,0.9998770952224731
stacked_lora,fever,all,15,q_proj,86,0.9998999834060669
stacked_lora,fever,all,15,q_proj,87,0.9998914003372192
stacked_lora,fever,all,15,q_proj,88,0.9997556805610657
stacked_lora,fever,all,15,q_proj,89,0.9997931122779846
stacked_lora,fever,all,15,q_proj,90,0.99979168176651
stacked_lora,fever,all,15,q_proj,91,0.9998898506164551
stacked_lora,fever,all,15,q_proj,92,0.9999266862869263
stacked_lora,fever,all,15,q_proj,93,0.999926745891571
stacked_lora,fever,all,15,q_proj,94,0.99994295835495
stacked_lora,fever,all,15,q_proj,95,0.999958872795105
stacked_lora,fever,all,15,q_proj,96,0.9999338984489441
stacked_lora,fever,all,15,q_proj,97,0.9999258518218994
stacked_lora,fever,all,15,q_proj,98,0.9998598098754883
stacked_lora,fever,all,15,q_proj,99,0.9998828768730164
stacked_lora,fever,all,15,q_proj,100,0.9999043345451355
stacked_lora,fever,all,15,q_proj,101,0.9997470378875732
stacked_lora,fever,all,15,q_proj,102,0.9998137950897217
stacked_lora,fever,all,15,q_proj,103,0.9997910857200623
stacked_lora,fever,all,15,q_proj,104,0.9999022483825684
stacked_lora,fever,all,15,q_proj,105,0.9999480843544006
stacked_lora,fever,all,15,q_proj,106,0.9999342560768127
stacked_lora,fever,all,15,q_proj,107,0.9996320009231567
stacked_lora,fever,all,15,q_proj,108,0.9996459484100342
stacked_lora,fever,all,15,q_proj,109,0.9999591708183289
stacked_lora,fever,all,15,q_proj,110,0.9999490976333618
stacked_lora,fever,all,15,q_proj,111,0.9999541640281677
stacked_lora,fever,all,15,q_proj,112,0.9998818635940552
stacked_lora,fever,all,15,q_proj,113,0.9998607635498047
stacked_lora,fever,all,15,q_proj,114,0.9995277523994446
stacked_lora,fever,all,15,q_proj,115,0.9995647072792053
stacked_lora,fever,all,15,q_proj,116,0.9994791150093079
stacked_lora,fever,all,15,q_proj,117,0.9990181922912598
stacked_lora,fever,all,15,q_proj,118,0.9992824196815491
stacked_lora,fever,all,15,q_proj,119,0.9997186064720154
stacked_lora,fever,all,15,q_proj,120,0.9996821880340576
stacked_lora,fever,all,15,q_proj,121,0.9997586011886597
stacked_lora,fever,all,15,q_proj,122,0.9998878240585327
stacked_lora,fever,all,15,q_proj,123,0.9998797178268433
stacked_lora,fever,all,15,q_proj,124,0.9999018907546997
stacked_lora,fever,all,15,q_proj,125,0.9984112977981567
stacked_lora,fever,all,15,q_proj,126,0.9985082745552063
stacked_lora,fever,all,15,q_proj,127,0.9997550249099731
stacked_lora,fever,all,15,q_proj,128,0.9997308254241943
stacked_lora,fever,all,15,q_proj,129,0.9996082782745361
stacked_lora,fever,all,15,q_proj,130,0.9997458457946777
stacked_lora,fever,all,15,q_proj,131,0.9997066259384155
stacked_lora,fever,all,15,q_proj,132,0.9997408390045166
stacked_lora,fever,all,15,q_proj,133,0.9997353553771973
stacked_lora,fever,all,15,q_proj,134,0.9990445375442505
stacked_lora,fever,all,15,q_proj,135,0.9988774657249451
stacked_lora,fever,all,15,q_proj,136,0.999815821647644
stacked_lora,fever,all,15,q_proj,137,0.9997249841690063
stacked_lora,fever,all,15,q_proj,138,0.999842643737793
stacked_lora,fever,all,15,q_proj,139,0.9992815852165222
stacked_lora,fever,all,15,q_proj,140,0.9993147850036621
stacked_lora,fever,all,15,q_proj,141,0.9998390674591064
stacked_lora,fever,all,15,q_proj,142,0.9996098875999451
stacked_lora,fever,all,15,q_proj,143,0.9996143579483032
stacked_lora,fever,all,15,q_proj,144,0.9997419714927673
stacked_lora,fever,all,15,q_proj,145,0.9996547698974609
stacked_lora,fever,all,15,q_proj,146,0.9996165633201599
stacked_lora,fever,all,15,q_proj,147,0.9995139837265015
stacked_lora,fever,all,15,q_proj,148,0.9998881220817566
stacked_lora,fever,all,15,q_proj,149,0.9996250867843628
stacked_lora,fever,all,15,q_proj,150,0.996038019657135
stacked_lora,fever,all,15,v_proj,1,0.9999892711639404
stacked_lora,fever,all,15,v_proj,2,0.9999889135360718
stacked_lora,fever,all,15,v_proj,3,0.9999841451644897
stacked_lora,fever,all,15,v_proj,4,0.9999884366989136
stacked_lora,fever,all,15,v_proj,5,0.9999824166297913
stacked_lora,fever,all,15,v_proj,6,0.999984622001648
stacked_lora,fever,all,15,v_proj,7,0.9999807476997375
stacked_lora,fever,all,15,v_proj,8,0.9999805688858032
stacked_lora,fever,all,15,v_proj,9,0.9999798536300659
stacked_lora,fever,all,15,v_proj,10,0.9999399185180664
stacked_lora,fever,all,15,v_proj,11,0.9999454021453857
stacked_lora,fever,all,15,v_proj,12,0.9999526143074036
stacked_lora,fever,all,15,v_proj,13,0.9999581575393677
stacked_lora,fever,all,15,v_proj,14,0.9999808669090271
stacked_lora,fever,all,15,v_proj,15,0.9996358752250671
stacked_lora,fever,all,15,v_proj,16,0.9996298551559448
stacked_lora,fever,all,15,v_proj,17,0.9999837875366211
stacked_lora,fever,all,15,v_proj,18,0.9999408721923828
stacked_lora,fever,all,15,v_proj,19,0.9999480247497559
stacked_lora,fever,all,15,v_proj,20,0.9999846816062927
stacked_lora,fever,all,15,v_proj,21,0.9998699426651001
stacked_lora,fever,all,15,v_proj,22,0.9998891949653625
stacked_lora,fever,all,15,v_proj,23,0.9999565482139587
stacked_lora,fever,all,15,v_proj,24,0.9999768733978271
stacked_lora,fever,all,15,v_proj,25,0.9999756813049316
stacked_lora,fever,all,15,v_proj,26,0.9999650716781616
stacked_lora,fever,all,15,v_proj,27,0.9999264478683472
stacked_lora,fever,all,15,v_proj,28,0.9999730587005615
stacked_lora,fever,all,15,v_proj,29,0.9999728798866272
stacked_lora,fever,all,15,v_proj,30,0.9999608993530273
stacked_lora,fever,all,15,v_proj,31,0.9999614953994751
stacked_lora,fever,all,15,v_proj,32,0.9999759197235107
stacked_lora,fever,all,15,v_proj,33,0.9997802972793579
stacked_lora,fever,all,15,v_proj,34,0.9997836947441101
stacked_lora,fever,all,15,v_proj,35,0.9999770522117615
stacked_lora,fever,all,15,v_proj,36,0.9999784827232361
stacked_lora,fever,all,15,v_proj,37,0.9999600052833557
stacked_lora,fever,all,15,v_proj,38,0.9999611973762512
stacked_lora,fever,all,15,v_proj,39,0.9998725652694702
stacked_lora,fever,all,15,v_proj,40,0.9998687505722046
stacked_lora,fever,all,15,v_proj,41,0.9999527931213379
stacked_lora,fever,all,15,v_proj,42,0.999897837638855
stacked_lora,fever,all,15,v_proj,43,0.9998291730880737
stacked_lora,fever,all,15,v_proj,44,0.9998810291290283
stacked_lora,fever,all,15,v_proj,45,0.9999578595161438
stacked_lora,fever,all,15,v_proj,46,0.999967098236084
stacked_lora,fever,all,15,v_proj,47,0.9999597668647766
stacked_lora,fever,all,15,v_proj,48,0.9999815225601196
stacked_lora,fever,all,15,v_proj,49,0.9999704957008362
stacked_lora,fever,all,15,v_proj,50,0.9999673366546631
stacked_lora,fever,all,15,v_proj,51,0.9999295473098755
stacked_lora,fever,all,15,v_proj,52,0.9999560117721558
stacked_lora,fever,all,15,v_proj,53,0.999964714050293
stacked_lora,fever,all,15,v_proj,54,0.9998759031295776
stacked_lora,fever,all,15,v_proj,55,0.9998977184295654
stacked_lora,fever,all,15,v_proj,56,0.9997367858886719
stacked_lora,fever,all,15,v_proj,57,0.9997216463088989
stacked_lora,fever,all,15,v_proj,58,0.9999784231185913
stacked_lora,fever,all,15,v_proj,59,0.9999756813049316
stacked_lora,fever,all,15,v_proj,60,0.9999263286590576
stacked_lora,fever,all,15,v_proj,61,0.9999139308929443
stacked_lora,fever,all,15,v_proj,62,0.9999643564224243
stacked_lora,fever,all,15,v_proj,63,0.9999704957008362
stacked_lora,fever,all,15,v_proj,64,0.9999860525131226
stacked_lora,fever,all,15,v_proj,65,0.9995921850204468
stacked_lora,fever,all,15,v_proj,66,0.999585747718811
stacked_lora,fever,all,15,v_proj,67,0.9998229146003723
stacked_lora,fever,all,15,v_proj,68,0.9998537302017212
stacked_lora,fever,all,15,v_proj,69,0.9999597072601318
stacked_lora,fever,all,15,v_proj,70,0.9999732375144958
stacked_lora,fever,all,15,v_proj,71,0.9999128580093384
stacked_lora,fever,all,15,v_proj,72,0.9997546672821045
stacked_lora,fever,all,15,v_proj,73,0.9998077154159546
stacked_lora,fever,all,15,v_proj,74,0.9995356798171997
stacked_lora,fever,all,15,v_proj,75,0.9995383024215698
stacked_lora,fever,all,15,v_proj,76,0.999950647354126
stacked_lora,fever,all,15,v_proj,77,0.9997153878211975
stacked_lora,fever,all,15,v_proj,78,0.9997100830078125
stacked_lora,fever,all,15,v_proj,79,0.999929666519165
stacked_lora,fever,all,15,v_proj,80,0.9999458193778992
stacked_lora,fever,all,15,v_proj,81,0.9998152852058411
stacked_lora,fever,all,15,v_proj,82,0.9997545480728149
stacked_lora,fever,all,15,v_proj,83,0.9996700882911682
stacked_lora,fever,all,15,v_proj,84,0.999855637550354
stacked_lora,fever,all,15,v_proj,85,0.9997403025627136
stacked_lora,fever,all,15,v_proj,86,0.9997835755348206
stacked_lora,fever,all,15,v_proj,87,0.9997373819351196
stacked_lora,fever,all,15,v_proj,88,0.9998088479042053
stacked_lora,fever,all,15,v_proj,89,0.9996013045310974
stacked_lora,fever,all,15,v_proj,90,0.9997860193252563
stacked_lora,fever,all,15,v_proj,91,0.9996270537376404
stacked_lora,fever,all,15,v_proj,92,0.9997221231460571
stacked_lora,fever,all,15,v_proj,93,0.9998186230659485
stacked_lora,fever,all,15,v_proj,94,0.9997643232345581
stacked_lora,fever,all,15,v_proj,95,0.9997835159301758
stacked_lora,fever,all,15,v_proj,96,0.9903192520141602
stacked_lora,fever,all,15,v_proj,97,0.989920437335968
stacked_lora,fever,all,15,v_proj,98,0.9983779788017273
stacked_lora,fever,all,15,v_proj,99,0.999017059803009
stacked_lora,fever,all,15,v_proj,100,0.9998757839202881
stacked_lora,fever,all,15,v_proj,101,0.9997779130935669
stacked_lora,fever,all,15,v_proj,102,0.9997454285621643
stacked_lora,fever,all,15,v_proj,103,0.9998250007629395
stacked_lora,fever,all,15,v_proj,104,0.9997391104698181
stacked_lora,fever,all,15,v_proj,105,0.9995100498199463
stacked_lora,fever,all,15,v_proj,106,0.9985089898109436
stacked_lora,fever,all,15,v_proj,107,0.9981083273887634
stacked_lora,fever,all,15,v_proj,108,0.998814582824707
stacked_lora,fever,all,15,v_proj,109,0.9986493587493896
stacked_lora,fever,all,15,v_proj,110,0.9993441104888916
stacked_lora,fever,all,15,v_proj,111,0.999465823173523
stacked_lora,fever,all,15,v_proj,112,0.9991055130958557
stacked_lora,fever,all,15,v_proj,113,0.9994198083877563
stacked_lora,fever,all,15,v_proj,114,0.9976685643196106
stacked_lora,fever,all,15,v_proj,115,0.9978970885276794
stacked_lora,fever,all,15,v_proj,116,0.9990313053131104
stacked_lora,fever,all,15,v_proj,117,0.999056875705719
stacked_lora,fever,all,15,v_proj,118,0.9964925050735474
stacked_lora,fever,all,15,v_proj,119,0.9966544508934021
stacked_lora,fever,all,15,v_proj,120,0.9989253282546997
stacked_lora,fever,all,15,v_proj,121,0.9987578988075256
stacked_lora,fever,all,15,v_proj,122,0.9994873404502869
stacked_lora,fever,all,15,v_proj,123,0.9994376301765442
stacked_lora,fever,all,15,v_proj,124,0.9992157816886902
stacked_lora,fever,all,15,v_proj,125,0.99956214427948
stacked_lora,fever,all,15,v_proj,126,0.9993001818656921
stacked_lora,fever,all,15,v_proj,127,0.9975358247756958
stacked_lora,fever,all,15,v_proj,128,0.9961014986038208
stacked_lora,fever,all,15,v_proj,129,0.9991397261619568
stacked_lora,fever,all,15,v_proj,130,0.9976922869682312
stacked_lora,fever,all,15,v_proj,131,0.9976872801780701
stacked_lora,fever,all,15,v_proj,132,0.9985464215278625
stacked_lora,fever,all,15,v_proj,133,0.9980950951576233
stacked_lora,fever,all,15,v_proj,134,0.9984995126724243
stacked_lora,fever,all,15,v_proj,135,0.9987711906433105
stacked_lora,fever,all,15,v_proj,136,0.9986958503723145
stacked_lora,fever,all,15,v_proj,137,0.9993841648101807
stacked_lora,fever,all,15,v_proj,138,0.99950110912323
stacked_lora,fever,all,15,v_proj,139,0.9964163303375244
stacked_lora,fever,all,15,v_proj,140,0.9956433176994324
stacked_lora,fever,all,15,v_proj,141,0.9995684027671814
stacked_lora,fever,all,15,v_proj,142,0.9915060997009277
stacked_lora,fever,all,15,v_proj,143,0.990990400314331
stacked_lora,fever,all,15,v_proj,144,0.9986957311630249
stacked_lora,fever,all,15,v_proj,145,0.9971176385879517
stacked_lora,fever,all,15,v_proj,146,0.9971973896026611
stacked_lora,fever,all,15,v_proj,147,0.998869776725769
stacked_lora,fever,all,15,v_proj,148,0.9980474710464478
stacked_lora,fever,all,15,v_proj,149,0.9988113045692444
stacked_lora,fever,all,15,v_proj,150,0.9988214373588562
stacked_lora,fever,all,15,up_proj,1,0.9999994039535522
stacked_lora,fever,all,15,up_proj,2,1.0000001192092896
stacked_lora,fever,all,15,up_proj,3,0.9999989867210388
stacked_lora,fever,all,15,up_proj,4,0.9999973177909851
stacked_lora,fever,all,15,up_proj,5,0.9999943971633911
stacked_lora,fever,all,15,up_proj,6,0.9999931454658508
stacked_lora,fever,all,15,up_proj,7,0.9999940991401672
stacked_lora,fever,all,15,up_proj,8,0.9999964833259583
stacked_lora,fever,all,15,up_proj,9,0.999997615814209
stacked_lora,fever,all,15,up_proj,10,0.9999960660934448
stacked_lora,fever,all,15,up_proj,11,0.9999947547912598
stacked_lora,fever,all,15,up_proj,12,0.9999933838844299
stacked_lora,fever,all,15,up_proj,13,0.9999730587005615
stacked_lora,fever,all,15,up_proj,14,0.9999735951423645
stacked_lora,fever,all,15,up_proj,15,0.9999892711639404
stacked_lora,fever,all,15,up_proj,16,0.9999863505363464
stacked_lora,fever,all,15,up_proj,17,0.9999946355819702
stacked_lora,fever,all,15,up_proj,18,0.9999825358390808
stacked_lora,fever,all,15,up_proj,19,0.9999819397926331
stacked_lora,fever,all,15,up_proj,20,0.9999868869781494
stacked_lora,fever,all,15,up_proj,21,0.9999926090240479
stacked_lora,fever,all,15,up_proj,22,0.9999901056289673
stacked_lora,fever,all,15,up_proj,23,0.9999839067459106
stacked_lora,fever,all,15,up_proj,24,0.9999701976776123
stacked_lora,fever,all,15,up_proj,25,0.9999602437019348
stacked_lora,fever,all,15,up_proj,26,0.99997478723526
stacked_lora,fever,all,15,up_proj,27,0.999983012676239
stacked_lora,fever,all,15,up_proj,28,0.9999860525131226
stacked_lora,fever,all,15,up_proj,29,0.9999886155128479
stacked_lora,fever,all,15,up_proj,30,0.9999853372573853
stacked_lora,fever,all,15,up_proj,31,0.9999753832817078
stacked_lora,fever,all,15,up_proj,32,0.9999703168869019
stacked_lora,fever,all,15,up_proj,33,0.9999707937240601
stacked_lora,fever,all,15,up_proj,34,0.9999673962593079
stacked_lora,fever,all,15,up_proj,35,0.9999666810035706
stacked_lora,fever,all,15,up_proj,36,0.9997730851173401
stacked_lora,fever,all,15,up_proj,37,0.9997657537460327
stacked_lora,fever,all,15,up_proj,38,0.9999692440032959
stacked_lora,fever,all,15,up_proj,39,0.9969978928565979
stacked_lora,fever,all,15,up_proj,40,0.996990442276001
stacked_lora,fever,all,15,up_proj,41,0.9999482035636902
stacked_lora,fever,all,15,up_proj,42,0.9998722076416016
stacked_lora,fever,all,15,up_proj,43,0.9998520612716675
stacked_lora,fever,all,15,up_proj,44,0.9998743534088135
stacked_lora,fever,all,15,up_proj,45,0.9998037219047546
stacked_lora,fever,all,15,up_proj,46,0.9998937249183655
stacked_lora,fever,all,15,up_proj,47,0.9998302459716797
stacked_lora,fever,all,15,up_proj,48,0.9998423457145691
stacked_lora,fever,all,15,up_proj,49,0.9999673962593079
stacked_lora,fever,all,15,up_proj,50,0.999906063079834
stacked_lora,fever,all,15,up_proj,51,0.9999040961265564
stacked_lora,fever,all,15,up_proj,52,0.9999114871025085
stacked_lora,fever,all,15,up_proj,53,0.9998035430908203
stacked_lora,fever,all,15,up_proj,54,0.9998292922973633
stacked_lora,fever,all,15,up_proj,55,0.9998927712440491
stacked_lora,fever,all,15,up_proj,56,0.9995275735855103
stacked_lora,fever,all,15,up_proj,57,0.9995865225791931
stacked_lora,fever,all,15,up_proj,58,0.9996816515922546
stacked_lora,fever,all,15,up_proj,59,0.999627411365509
stacked_lora,fever,all,15,up_proj,60,0.999797523021698
stacked_lora,fever,all,15,up_proj,61,0.9996111392974854
stacked_lora,fever,all,15,up_proj,62,0.9997456669807434
stacked_lora,fever,all,15,up_proj,63,0.9996364116668701
stacked_lora,fever,all,15,up_proj,64,0.9995471239089966
stacked_lora,fever,all,15,up_proj,65,0.9994533658027649
stacked_lora,fever,all,15,up_proj,66,0.9997443556785583
stacked_lora,fever,all,15,up_proj,67,0.9995395541191101
stacked_lora,fever,all,15,up_proj,68,0.9997089505195618
stacked_lora,fever,all,15,up_proj,69,0.9891698360443115
stacked_lora,fever,all,15,up_proj,70,0.9891541600227356
stacked_lora,fever,all,15,up_proj,71,0.9993312358856201
stacked_lora,fever,all,15,up_proj,72,0.9992232918739319
stacked_lora,fever,all,15,up_proj,73,0.9998736381530762
stacked_lora,fever,all,15,up_proj,74,0.9995610117912292
stacked_lora,fever,all,15,up_proj,75,0.9993917346000671
stacked_lora,fever,all,15,up_proj,76,0.9993230700492859
stacked_lora,fever,all,15,up_proj,77,0.9997528791427612
stacked_lora,fever,all,15,up_proj,78,0.9976836442947388
stacked_lora,fever,all,15,up_proj,79,0.9976701736450195
stacked_lora,fever,all,15,up_proj,80,0.9994364380836487
stacked_lora,fever,all,15,up_proj,81,0.9997057914733887
stacked_lora,fever,all,15,up_proj,82,0.9990869760513306
stacked_lora,fever,all,15,up_proj,83,0.9995625019073486
stacked_lora,fever,all,15,up_proj,84,0.9992077350616455
stacked_lora,fever,all,15,up_proj,85,0.9991018772125244
stacked_lora,fever,all,15,up_proj,86,0.9987480044364929
stacked_lora,fever,all,15,up_proj,87,0.9992718696594238
stacked_lora,fever,all,15,up_proj,88,0.9996094107627869
stacked_lora,fever,all,15,up_proj,89,0.9996848106384277
stacked_lora,fever,all,15,up_proj,90,0.9994672536849976
stacked_lora,fever,all,15,up_proj,91,0.9996300935745239
stacked_lora,fever,all,15,up_proj,92,0.9996140599250793
stacked_lora,fever,all,15,up_proj,93,0.9997738599777222
stacked_lora,fever,all,15,up_proj,94,0.9994264245033264
stacked_lora,fever,all,15,up_proj,95,0.9634228944778442
stacked_lora,fever,all,15,up_proj,96,0.9619263410568237
stacked_lora,fever,all,15,up_proj,97,0.9984002709388733
stacked_lora,fever,all,15,up_proj,98,0.9941475987434387
stacked_lora,fever,all,15,up_proj,99,0.9945888519287109
stacked_lora,fever,all,15,up_proj,100,0.9996135234832764
stacked_lora,fever,all,15,up_proj,101,0.9996598958969116
stacked_lora,fever,all,15,up_proj,102,0.999485969543457
stacked_lora,fever,all,15,up_proj,103,0.9996625781059265
stacked_lora,fever,all,15,up_proj,104,0.9996918439865112
stacked_lora,fever,all,15,up_proj,105,0.999645471572876
stacked_lora,fever,all,15,up_proj,106,0.9988006949424744
stacked_lora,fever,all,15,up_proj,107,0.9986286759376526
stacked_lora,fever,all,15,up_proj,108,0.9983205795288086
stacked_lora,fever,all,15,up_proj,109,0.9983449578285217
stacked_lora,fever,all,15,up_proj,110,0.9953100085258484
stacked_lora,fever,all,15,up_proj,111,0.9952939748764038
stacked_lora,fever,all,15,up_proj,112,0.9994544386863708
stacked_lora,fever,all,15,up_proj,113,0.9997222423553467
stacked_lora,fever,all,15,up_proj,114,0.9995641112327576
stacked_lora,fever,all,15,up_proj,115,0.9991919994354248
stacked_lora,fever,all,15,up_proj,116,0.9990681409835815
stacked_lora,fever,all,15,up_proj,117,0.9993019700050354
stacked_lora,fever,all,15,up_proj,118,0.9989991784095764
stacked_lora,fever,all,15,up_proj,119,0.999356746673584
stacked_lora,fever,all,15,up_proj,120,0.9994614124298096
stacked_lora,fever,all,15,up_proj,121,0.9983565807342529
stacked_lora,fever,all,15,up_proj,122,0.9984732866287231
stacked_lora,fever,all,15,up_proj,123,0.9993236064910889
stacked_lora,fever,all,15,up_proj,124,0.9987217783927917
stacked_lora,fever,all,15,up_proj,125,0.9967581629753113
stacked_lora,fever,all,15,up_proj,126,0.9946039915084839
stacked_lora,fever,all,15,up_proj,127,0.9967935681343079
stacked_lora,fever,all,15,up_proj,128,0.9989462494850159
stacked_lora,fever,all,15,up_proj,129,0.9988336563110352
stacked_lora,fever,all,15,up_proj,130,0.9987087845802307
stacked_lora,fever,all,15,up_proj,131,0.9993692636489868
stacked_lora,fever,all,15,up_proj,132,0.9989200830459595
stacked_lora,fever,all,15,up_proj,133,0.9987630844116211
stacked_lora,fever,all,15,up_proj,134,0.9993426203727722
stacked_lora,fever,all,15,up_proj,135,0.9936284422874451
stacked_lora,fever,all,15,up_proj,136,0.9927366971969604
stacked_lora,fever,all,15,up_proj,137,0.9980190396308899
stacked_lora,fever,all,15,up_proj,138,0.9994686841964722
stacked_lora,fever,all,15,up_proj,139,0.9996145963668823
stacked_lora,fever,all,15,up_proj,140,0.9995701909065247
stacked_lora,fever,all,15,up_proj,141,0.9977403879165649
stacked_lora,fever,all,15,up_proj,142,0.9981606602668762
stacked_lora,fever,all,15,up_proj,143,0.9967761635780334
stacked_lora,fever,all,15,up_proj,144,0.983657956123352
stacked_lora,fever,all,15,up_proj,145,0.9839953780174255
stacked_lora,fever,all,15,up_proj,146,0.9975974559783936
stacked_lora,fever,all,15,up_proj,147,0.9979846477508545
stacked_lora,fever,all,15,up_proj,148,0.9968596696853638
stacked_lora,fever,all,15,up_proj,149,0.9957194924354553
stacked_lora,fever,all,15,up_proj,150,0.9992477893829346
stacked_lora,fever,all,15,down_proj,1,1.0000005960464478
stacked_lora,fever,all,15,down_proj,2,1.000000238418579
stacked_lora,fever,all,15,down_proj,3,1.000000238418579
stacked_lora,fever,all,15,down_proj,4,0.999998152256012
stacked_lora,fever,all,15,down_proj,5,0.9999992251396179
stacked_lora,fever,all,15,down_proj,6,0.9999980330467224
stacked_lora,fever,all,15,down_proj,7,0.9999825954437256
stacked_lora,fever,all,15,down_proj,8,0.9999814629554749
stacked_lora,fever,all,15,down_proj,9,0.9999704360961914
stacked_lora,fever,all,15,down_proj,10,0.9999677538871765
stacked_lora,fever,all,15,down_proj,11,0.9999766945838928
stacked_lora,fever,all,15,down_proj,12,0.9999842047691345
stacked_lora,fever,all,15,down_proj,13,0.9995021224021912
stacked_lora,fever,all,15,down_proj,14,0.9994958639144897
stacked_lora,fever,all,15,down_proj,15,0.9999889731407166
stacked_lora,fever,all,15,down_proj,16,0.9999299049377441
stacked_lora,fever,all,15,down_proj,17,0.9998111724853516
stacked_lora,fever,all,15,down_proj,18,0.9998798370361328
stacked_lora,fever,all,15,down_proj,19,0.9999672174453735
stacked_lora,fever,all,15,down_proj,20,0.9999825358390808
stacked_lora,fever,all,15,down_proj,21,0.9999732971191406
stacked_lora,fever,all,15,down_proj,22,0.9999450445175171
stacked_lora,fever,all,15,down_proj,23,0.9999362826347351
stacked_lora,fever,all,15,down_proj,24,0.9998787045478821
stacked_lora,fever,all,15,down_proj,25,0.9998630285263062
stacked_lora,fever,all,15,down_proj,26,0.999906063079834
stacked_lora,fever,all,15,down_proj,27,0.9999006390571594
stacked_lora,fever,all,15,down_proj,28,0.9999586939811707
stacked_lora,fever,all,15,down_proj,29,0.9999262094497681
stacked_lora,fever,all,15,down_proj,30,0.9996797442436218
stacked_lora,fever,all,15,down_proj,31,0.9996886253356934
stacked_lora,fever,all,15,down_proj,32,0.9999301433563232
stacked_lora,fever,all,15,down_proj,33,0.9999425411224365
stacked_lora,fever,all,15,down_proj,34,0.9998173713684082
stacked_lora,fever,all,15,down_proj,35,0.9997820854187012
stacked_lora,fever,all,15,down_proj,36,0.9997498989105225
stacked_lora,fever,all,15,down_proj,37,0.9996945858001709
stacked_lora,fever,all,15,down_proj,38,0.9999103546142578
stacked_lora,fever,all,15,down_proj,39,0.9996230006217957
stacked_lora,fever,all,15,down_proj,40,0.9990203976631165
stacked_lora,fever,all,15,down_proj,41,0.9990526437759399
stacked_lora,fever,all,15,down_proj,42,0.9996530413627625
stacked_lora,fever,all,15,down_proj,43,0.9995840787887573
stacked_lora,fever,all,15,down_proj,44,0.9998677968978882
stacked_lora,fever,all,15,down_proj,45,0.9999293088912964
stacked_lora,fever,all,15,down_proj,46,0.9999650716781616
stacked_lora,fever,all,15,down_proj,47,0.999781608581543
stacked_lora,fever,all,15,down_proj,48,0.9995627999305725
stacked_lora,fever,all,15,down_proj,49,0.9997951984405518
stacked_lora,fever,all,15,down_proj,50,0.9997682571411133
stacked_lora,fever,all,15,down_proj,51,0.9999424815177917
stacked_lora,fever,all,15,down_proj,52,0.9999416470527649
stacked_lora,fever,all,15,down_proj,53,0.9999051094055176
stacked_lora,fever,all,15,down_proj,54,0.9998899102210999
stacked_lora,fever,all,15,down_proj,55,0.9999356269836426
stacked_lora,fever,all,15,down_proj,56,0.9999399781227112
stacked_lora,fever,all,15,down_proj,57,0.9999175667762756
stacked_lora,fever,all,15,down_proj,58,0.9999016523361206
stacked_lora,fever,all,15,down_proj,59,0.9998680353164673
stacked_lora,fever,all,15,down_proj,60,0.9998660087585449
stacked_lora,fever,all,15,down_proj,61,0.999867856502533
stacked_lora,fever,all,15,down_proj,62,0.9998611807823181
stacked_lora,fever,all,15,down_proj,63,0.999875545501709
stacked_lora,fever,all,15,down_proj,64,0.999752402305603
stacked_lora,fever,all,15,down_proj,65,0.9991887807846069
stacked_lora,fever,all,15,down_proj,66,0.999111533164978
stacked_lora,fever,all,15,down_proj,67,0.9998477101325989
stacked_lora,fever,all,15,down_proj,68,0.9999507665634155
stacked_lora,fever,all,15,down_proj,69,0.9998745322227478
stacked_lora,fever,all,15,down_proj,70,0.9999372363090515
stacked_lora,fever,all,15,down_proj,71,0.9997762441635132
stacked_lora,fever,all,15,down_proj,72,0.9997309446334839
stacked_lora,fever,all,15,down_proj,73,0.9997749328613281
stacked_lora,fever,all,15,down_proj,74,0.9998056888580322
stacked_lora,fever,all,15,down_proj,75,0.999854326248169
stacked_lora,fever,all,15,down_proj,76,0.9996734261512756
stacked_lora,fever,all,15,down_proj,77,0.9996566772460938
stacked_lora,fever,all,15,down_proj,78,0.9998449087142944
stacked_lora,fever,all,15,down_proj,79,0.9998177289962769
stacked_lora,fever,all,15,down_proj,80,0.9993513226509094
stacked_lora,fever,all,15,down_proj,81,0.999351441860199
stacked_lora,fever,all,15,down_proj,82,0.9999323487281799
stacked_lora,fever,all,15,down_proj,83,0.9995370507240295
stacked_lora,fever,all,15,down_proj,84,0.9995683431625366
stacked_lora,fever,all,15,down_proj,85,0.9997677803039551
stacked_lora,fever,all,15,down_proj,86,0.9997576475143433
stacked_lora,fever,all,15,down_proj,87,0.9997791051864624
stacked_lora,fever,all,15,down_proj,88,0.9999175667762756
stacked_lora,fever,all,15,down_proj,89,0.9998692274093628
stacked_lora,fever,all,15,down_proj,90,0.9998136162757874
stacked_lora,fever,all,15,down_proj,91,0.9998607039451599
stacked_lora,fever,all,15,down_proj,92,0.9998305439949036
stacked_lora,fever,all,15,down_proj,93,0.9997663497924805
stacked_lora,fever,all,15,down_proj,94,0.9997773766517639
stacked_lora,fever,all,15,down_proj,95,0.9950616359710693
stacked_lora,fever,all,15,down_proj,96,0.9953300952911377
stacked_lora,fever,all,15,down_proj,97,0.9996533393859863
stacked_lora,fever,all,15,down_proj,98,0.999627411365509
stacked_lora,fever,all,15,down_proj,99,0.9996784329414368
stacked_lora,fever,all,15,down_proj,100,0.9998555779457092
stacked_lora,fever,all,15,down_proj,101,0.9997294545173645
stacked_lora,fever,all,15,down_proj,102,0.9995967745780945
stacked_lora,fever,all,15,down_proj,103,0.9997900724411011
stacked_lora,fever,all,15,down_proj,104,0.9996217489242554
stacked_lora,fever,all,15,down_proj,105,0.9992703795433044
stacked_lora,fever,all,15,down_proj,106,0.9994802474975586
stacked_lora,fever,all,15,down_proj,107,0.9999051094055176
stacked_lora,fever,all,15,down_proj,108,0.9996612668037415
stacked_lora,fever,all,15,down_proj,109,0.9995406866073608
stacked_lora,fever,all,15,down_proj,110,0.9991610646247864
stacked_lora,fever,all,15,down_proj,111,0.999085545539856
stacked_lora,fever,all,15,down_proj,112,0.9993399977684021
stacked_lora,fever,all,15,down_proj,113,0.9973904490470886
stacked_lora,fever,all,15,down_proj,114,0.99749755859375
stacked_lora,fever,all,15,down_proj,115,0.9998530745506287
stacked_lora,fever,all,15,down_proj,116,0.9998082518577576
stacked_lora,fever,all,15,down_proj,117,0.9998336434364319
stacked_lora,fever,all,15,down_proj,118,0.9999263882637024
stacked_lora,fever,all,15,down_proj,119,0.9998902678489685
stacked_lora,fever,all,15,down_proj,120,0.9998321533203125
stacked_lora,fever,all,15,down_proj,121,0.9992079138755798
stacked_lora,fever,all,15,down_proj,122,0.9992567300796509
stacked_lora,fever,all,15,down_proj,123,0.9998440742492676
stacked_lora,fever,all,15,down_proj,124,0.9998964667320251
stacked_lora,fever,all,15,down_proj,125,0.9998430609703064
stacked_lora,fever,all,15,down_proj,126,0.9997276663780212
stacked_lora,fever,all,15,down_proj,127,0.9992083311080933
stacked_lora,fever,all,15,down_proj,128,0.9994901418685913
stacked_lora,fever,all,15,down_proj,129,0.9991027116775513
stacked_lora,fever,all,15,down_proj,130,0.9990592002868652
stacked_lora,fever,all,15,down_proj,131,0.9998551607131958
stacked_lora,fever,all,15,down_proj,132,0.999248206615448
stacked_lora,fever,all,15,down_proj,133,0.9992622137069702
stacked_lora,fever,all,15,down_proj,134,0.9970206022262573
stacked_lora,fever,all,15,down_proj,135,0.9973142743110657
stacked_lora,fever,all,15,down_proj,136,0.9994397759437561
stacked_lora,fever,all,15,down_proj,137,0.9998871684074402
stacked_lora,fever,all,15,down_proj,138,0.9998731017112732
stacked_lora,fever,all,15,down_proj,139,0.9991395473480225
stacked_lora,fever,all,15,down_proj,140,0.9990989565849304
stacked_lora,fever,all,15,down_proj,141,0.9997071027755737
stacked_lora,fever,all,15,down_proj,142,0.9997883439064026
stacked_lora,fever,all,15,down_proj,143,0.9997633695602417
stacked_lora,fever,all,15,down_proj,144,0.9997625946998596
stacked_lora,fever,all,15,down_proj,145,0.999722957611084
stacked_lora,fever,all,15,down_proj,146,0.9987779259681702
stacked_lora,fever,all,15,down_proj,147,0.9985536932945251
stacked_lora,fever,all,15,down_proj,148,0.999476432800293
stacked_lora,fever,all,15,down_proj,149,0.9979931116104126
stacked_lora,fever,all,15,down_proj,150,0.9977657198905945
stacked_lora,mnli,all,0,q_proj,1,0.9999999403953552
stacked_lora,mnli,all,0,q_proj,2,1.0000004768371582
stacked_lora,mnli,all,0,q_proj,3,1.0000007152557373
stacked_lora,mnli,all,0,q_proj,4,0.9999997615814209
stacked_lora,mnli,all,0,q_proj,5,0.9999995231628418
stacked_lora,mnli,all,0,q_proj,6,0.9999995231628418
stacked_lora,mnli,all,0,q_proj,7,0.999999463558197
stacked_lora,mnli,all,0,q_proj,8,0.9999997019767761
stacked_lora,mnli,all,0,q_proj,9,1.0000001192092896
stacked_lora,mnli,all,0,q_proj,10,0.9999998211860657
stacked_lora,mnli,all,0,q_proj,11,0.9999998807907104
stacked_lora,mnli,all,0,q_proj,12,1.0
stacked_lora,mnli,all,0,q_proj,13,1.0000004768371582
stacked_lora,mnli,all,0,q_proj,14,0.9999992251396179
stacked_lora,mnli,all,0,q_proj,15,0.9999781847000122
stacked_lora,mnli,all,0,q_proj,16,0.9999768733978271
stacked_lora,mnli,all,0,q_proj,17,0.9999992847442627
stacked_lora,mnli,all,0,q_proj,18,0.9999997019767761
stacked_lora,mnli,all,0,q_proj,19,0.9999995231628418
stacked_lora,mnli,all,0,q_proj,20,0.9999996423721313
stacked_lora,mnli,all,0,q_proj,21,0.9999930262565613
stacked_lora,mnli,all,0,q_proj,22,0.9999918937683105
stacked_lora,mnli,all,0,q_proj,23,0.9999964237213135
stacked_lora,mnli,all,0,q_proj,24,0.9999995231628418
stacked_lora,mnli,all,0,q_proj,25,0.9999989867210388
stacked_lora,mnli,all,0,q_proj,26,0.9999990463256836
stacked_lora,mnli,all,0,q_proj,27,0.9999990463256836
stacked_lora,mnli,all,0,q_proj,28,0.9999979138374329
stacked_lora,mnli,all,0,q_proj,29,0.9999986290931702
stacked_lora,mnli,all,0,q_proj,30,0.9999903440475464
stacked_lora,mnli,all,0,q_proj,31,0.9999915957450867
stacked_lora,mnli,all,0,q_proj,32,0.9999984502792358
stacked_lora,mnli,all,0,q_proj,33,0.9999977350234985
stacked_lora,mnli,all,0,q_proj,34,0.9999985098838806
stacked_lora,mnli,all,0,q_proj,35,0.9999963045120239
stacked_lora,mnli,all,0,q_proj,36,0.9999903440475464
stacked_lora,mnli,all,0,q_proj,37,0.9999896287918091
stacked_lora,mnli,all,0,q_proj,38,0.9999876618385315
stacked_lora,mnli,all,0,q_proj,39,0.9999879598617554
stacked_lora,mnli,all,0,q_proj,40,0.999996542930603
stacked_lora,mnli,all,0,q_proj,41,0.9999943375587463
stacked_lora,mnli,all,0,q_proj,42,0.9999369978904724
stacked_lora,mnli,all,0,q_proj,43,0.9999314546585083
stacked_lora,mnli,all,0,q_proj,44,0.9999983906745911
stacked_lora,mnli,all,0,q_proj,45,0.9999971389770508
stacked_lora,mnli,all,0,q_proj,46,0.9999972581863403
stacked_lora,mnli,all,0,q_proj,47,0.9999966025352478
stacked_lora,mnli,all,0,q_proj,48,0.9999955892562866
stacked_lora,mnli,all,0,q_proj,49,0.9999947547912598
stacked_lora,mnli,all,0,q_proj,50,0.9999951124191284
stacked_lora,mnli,all,0,q_proj,51,0.9999896883964539
stacked_lora,mnli,all,0,q_proj,52,0.9999950528144836
stacked_lora,mnli,all,0,q_proj,53,0.9999955892562866
stacked_lora,mnli,all,0,q_proj,54,0.9999871850013733
stacked_lora,mnli,all,0,q_proj,55,0.9999880790710449
stacked_lora,mnli,all,0,q_proj,56,0.999996542930603
stacked_lora,mnli,all,0,q_proj,57,0.9999814629554749
stacked_lora,mnli,all,0,q_proj,58,0.9999879002571106
stacked_lora,mnli,all,0,q_proj,59,0.9999877214431763
stacked_lora,mnli,all,0,q_proj,60,0.9999915957450867
stacked_lora,mnli,all,0,q_proj,61,0.9999913573265076
stacked_lora,mnli,all,0,q_proj,62,0.9999821186065674
stacked_lora,mnli,all,0,q_proj,63,0.9999819993972778
stacked_lora,mnli,all,0,q_proj,64,0.9999926686286926
stacked_lora,mnli,all,0,q_proj,65,0.9999399185180664
stacked_lora,mnli,all,0,q_proj,66,0.9999435544013977
stacked_lora,mnli,all,0,q_proj,67,0.9998801946640015
stacked_lora,mnli,all,0,q_proj,68,0.9998701810836792
stacked_lora,mnli,all,0,q_proj,69,0.9999761581420898
stacked_lora,mnli,all,0,q_proj,70,0.9999718070030212
stacked_lora,mnli,all,0,q_proj,71,0.9999698996543884
stacked_lora,mnli,all,0,q_proj,72,0.9999728798866272
stacked_lora,mnli,all,0,q_proj,73,0.9999701976776123
stacked_lora,mnli,all,0,q_proj,74,0.9999646544456482
stacked_lora,mnli,all,0,q_proj,75,0.9999746084213257
stacked_lora,mnli,all,0,q_proj,76,0.9999827146530151
stacked_lora,mnli,all,0,q_proj,77,0.9999675154685974
stacked_lora,mnli,all,0,q_proj,78,0.9999809265136719
stacked_lora,mnli,all,0,q_proj,79,0.9999752044677734
stacked_lora,mnli,all,0,q_proj,80,0.9999746084213257
stacked_lora,mnli,all,0,q_proj,81,0.999972939491272
stacked_lora,mnli,all,0,q_proj,82,0.9999759197235107
stacked_lora,mnli,all,0,q_proj,83,0.9999918937683105
stacked_lora,mnli,all,0,q_proj,84,0.9999873042106628
stacked_lora,mnli,all,0,q_proj,85,0.9999862313270569
stacked_lora,mnli,all,0,q_proj,86,0.9999738931655884
stacked_lora,mnli,all,0,q_proj,87,0.9999751448631287
stacked_lora,mnli,all,0,q_proj,88,0.996990442276001
stacked_lora,mnli,all,0,q_proj,89,0.9969772696495056
stacked_lora,mnli,all,0,q_proj,90,0.9999727606773376
stacked_lora,mnli,all,0,q_proj,91,0.9999675750732422
stacked_lora,mnli,all,0,q_proj,92,0.9999680519104004
stacked_lora,mnli,all,0,q_proj,93,0.9999332427978516
stacked_lora,mnli,all,0,q_proj,94,0.9999613165855408
stacked_lora,mnli,all,0,q_proj,95,0.9999715685844421
stacked_lora,mnli,all,0,q_proj,96,0.9999873042106628
stacked_lora,mnli,all,0,q_proj,97,0.9999895095825195
stacked_lora,mnli,all,0,q_proj,98,0.9999892115592957
stacked_lora,mnli,all,0,q_proj,99,0.9999772310256958
stacked_lora,mnli,all,0,q_proj,100,0.9996969103813171
stacked_lora,mnli,all,0,q_proj,101,0.9996972680091858
stacked_lora,mnli,all,0,q_proj,102,0.9999757409095764
stacked_lora,mnli,all,0,q_proj,103,0.9999600648880005
stacked_lora,mnli,all,0,q_proj,104,0.9999622106552124
stacked_lora,mnli,all,0,q_proj,105,0.9999634027481079
stacked_lora,mnli,all,0,q_proj,106,0.9999717473983765
stacked_lora,mnli,all,0,q_proj,107,0.9999900460243225
stacked_lora,mnli,all,0,q_proj,108,0.9999867081642151
stacked_lora,mnli,all,0,q_proj,109,0.9999797344207764
stacked_lora,mnli,all,0,q_proj,110,0.9999815225601196
stacked_lora,mnli,all,0,q_proj,111,0.9999818801879883
stacked_lora,mnli,all,0,q_proj,112,0.9999858736991882
stacked_lora,mnli,all,0,q_proj,113,0.9944279193878174
stacked_lora,mnli,all,0,q_proj,114,0.994289755821228
stacked_lora,mnli,all,0,q_proj,115,0.9998204708099365
stacked_lora,mnli,all,0,q_proj,116,0.9998650550842285
stacked_lora,mnli,all,0,q_proj,117,0.9998367428779602
stacked_lora,mnli,all,0,q_proj,118,0.9999212026596069
stacked_lora,mnli,all,0,q_proj,119,0.9999188184738159
stacked_lora,mnli,all,0,q_proj,120,0.9999768137931824
stacked_lora,mnli,all,0,q_proj,121,0.999893307685852
stacked_lora,mnli,all,0,q_proj,122,0.9999833106994629
stacked_lora,mnli,all,0,q_proj,123,0.9999052882194519
stacked_lora,mnli,all,0,q_proj,124,0.9999746084213257
stacked_lora,mnli,all,0,q_proj,125,0.9999674558639526
stacked_lora,mnli,all,0,q_proj,126,0.9999375939369202
stacked_lora,mnli,all,0,q_proj,127,0.9999701976776123
stacked_lora,mnli,all,0,q_proj,128,0.9994884133338928
stacked_lora,mnli,all,0,q_proj,129,0.9994602799415588
stacked_lora,mnli,all,0,q_proj,130,0.9998999238014221
stacked_lora,mnli,all,0,q_proj,131,0.9999095797538757
stacked_lora,mnli,all,0,q_proj,132,0.999954104423523
stacked_lora,mnli,all,0,q_proj,133,0.9999302625656128
stacked_lora,mnli,all,0,q_proj,134,0.9998908042907715
stacked_lora,mnli,all,0,q_proj,135,0.9987773299217224
stacked_lora,mnli,all,0,q_proj,136,0.9986990690231323
stacked_lora,mnli,all,0,q_proj,137,0.999930739402771
stacked_lora,mnli,all,0,q_proj,138,0.9998288750648499
stacked_lora,mnli,all,0,q_proj,139,0.999869704246521
stacked_lora,mnli,all,0,q_proj,140,0.9999720454216003
stacked_lora,mnli,all,0,q_proj,141,0.9999471306800842
stacked_lora,mnli,all,0,q_proj,142,0.9999491572380066
stacked_lora,mnli,all,0,q_proj,143,0.9999114871025085
stacked_lora,mnli,all,0,q_proj,144,0.999809980392456
stacked_lora,mnli,all,0,q_proj,145,0.9988722801208496
stacked_lora,mnli,all,0,q_proj,146,0.998733401298523
stacked_lora,mnli,all,0,q_proj,147,0.9999557733535767
stacked_lora,mnli,all,0,q_proj,148,0.9998937249183655
stacked_lora,mnli,all,0,q_proj,149,0.9999185800552368
stacked_lora,mnli,all,0,q_proj,150,0.9998615384101868
stacked_lora,mnli,all,0,v_proj,1,0.9999954700469971
stacked_lora,mnli,all,0,v_proj,2,0.9999333024024963
stacked_lora,mnli,all,0,v_proj,3,0.9999071359634399
stacked_lora,mnli,all,0,v_proj,4,0.9999515414237976
stacked_lora,mnli,all,0,v_proj,5,0.9999799728393555
stacked_lora,mnli,all,0,v_proj,6,0.9999222755432129
stacked_lora,mnli,all,0,v_proj,7,0.9999410510063171
stacked_lora,mnli,all,0,v_proj,8,0.9999117851257324
stacked_lora,mnli,all,0,v_proj,9,0.9999713897705078
stacked_lora,mnli,all,0,v_proj,10,0.9998388290405273
stacked_lora,mnli,all,0,v_proj,11,0.9997320175170898
stacked_lora,mnli,all,0,v_proj,12,0.9998387098312378
stacked_lora,mnli,all,0,v_proj,13,0.9999589920043945
stacked_lora,mnli,all,0,v_proj,14,0.9999377727508545
stacked_lora,mnli,all,0,v_proj,15,0.9999374151229858
stacked_lora,mnli,all,0,v_proj,16,0.9999467134475708
stacked_lora,mnli,all,0,v_proj,17,0.999875009059906
stacked_lora,mnli,all,0,v_proj,18,0.9997985363006592
stacked_lora,mnli,all,0,v_proj,19,0.9998651146888733
stacked_lora,mnli,all,0,v_proj,20,0.9998568892478943
stacked_lora,mnli,all,0,v_proj,21,0.9997910261154175
stacked_lora,mnli,all,0,v_proj,22,0.9994379281997681
stacked_lora,mnli,all,0,v_proj,23,0.9994820356369019
stacked_lora,mnli,all,0,v_proj,24,0.9990606307983398
stacked_lora,mnli,all,0,v_proj,25,0.9994012117385864
stacked_lora,mnli,all,0,v_proj,26,0.9997363090515137
stacked_lora,mnli,all,0,v_proj,27,0.9996810555458069
stacked_lora,mnli,all,0,v_proj,28,0.9996420741081238
stacked_lora,mnli,all,0,v_proj,29,0.9998350143432617
stacked_lora,mnli,all,0,v_proj,30,0.9984071254730225
stacked_lora,mnli,all,0,v_proj,31,0.9954639077186584
stacked_lora,mnli,all,0,v_proj,32,0.9953409433364868
stacked_lora,mnli,all,0,v_proj,33,0.9988195896148682
stacked_lora,mnli,all,0,v_proj,34,0.9997885823249817
stacked_lora,mnli,all,0,v_proj,35,0.9995490312576294
stacked_lora,mnli,all,0,v_proj,36,0.9993525147438049
stacked_lora,mnli,all,0,v_proj,37,0.9996814727783203
stacked_lora,mnli,all,0,v_proj,38,0.9991060495376587
stacked_lora,mnli,all,0,v_proj,39,0.9988805055618286
stacked_lora,mnli,all,0,v_proj,40,0.9967001676559448
stacked_lora,mnli,all,0,v_proj,41,0.9964869618415833
stacked_lora,mnli,all,0,v_proj,42,0.9981282949447632
stacked_lora,mnli,all,0,v_proj,43,0.9993294477462769
stacked_lora,mnli,all,0,v_proj,44,0.9985108375549316
stacked_lora,mnli,all,0,v_proj,45,0.9985668063163757
stacked_lora,mnli,all,0,v_proj,46,0.9928290843963623
stacked_lora,mnli,all,0,v_proj,47,0.9928038120269775
stacked_lora,mnli,all,0,v_proj,48,0.9982924461364746
stacked_lora,mnli,all,0,v_proj,49,0.9975244998931885
stacked_lora,mnli,all,0,v_proj,50,0.9988699555397034
stacked_lora,mnli,all,0,v_proj,51,0.9992474317550659
stacked_lora,mnli,all,0,v_proj,52,0.9988369941711426
stacked_lora,mnli,all,0,v_proj,53,0.9991044998168945
stacked_lora,mnli,all,0,v_proj,54,0.9989126920700073
stacked_lora,mnli,all,0,v_proj,55,0.9971199035644531
stacked_lora,mnli,all,0,v_proj,56,0.9975841641426086
stacked_lora,mnli,all,0,v_proj,57,0.9979807138442993
stacked_lora,mnli,all,0,v_proj,58,0.9836281538009644
stacked_lora,mnli,all,0,v_proj,59,0.9850654006004333
stacked_lora,mnli,all,0,v_proj,60,0.9983021020889282
stacked_lora,mnli,all,0,v_proj,61,0.9958847761154175
stacked_lora,mnli,all,0,v_proj,62,0.9966644048690796
stacked_lora,mnli,all,0,v_proj,63,0.998781681060791
stacked_lora,mnli,all,0,v_proj,64,0.9973833560943604
stacked_lora,mnli,all,0,v_proj,65,0.998235821723938
stacked_lora,mnli,all,0,v_proj,66,0.9990086555480957
stacked_lora,mnli,all,0,v_proj,67,0.9988415241241455
stacked_lora,mnli,all,0,v_proj,68,0.9997632503509521
stacked_lora,mnli,all,0,v_proj,69,0.9997209906578064
stacked_lora,mnli,all,0,v_proj,70,0.9986153841018677
stacked_lora,mnli,all,0,v_proj,71,0.9985259771347046
stacked_lora,mnli,all,0,v_proj,72,0.9979473352432251
stacked_lora,mnli,all,0,v_proj,73,0.998263955116272
stacked_lora,mnli,all,0,v_proj,74,0.999173104763031
stacked_lora,mnli,all,0,v_proj,75,0.9991621375083923
stacked_lora,mnli,all,0,v_proj,76,0.9969409704208374
stacked_lora,mnli,all,0,v_proj,77,0.9972065091133118
stacked_lora,mnli,all,0,v_proj,78,0.9995467662811279
stacked_lora,mnli,all,0,v_proj,79,0.9736539721488953
stacked_lora,mnli,all,0,v_proj,80,0.973702073097229
stacked_lora,mnli,all,0,v_proj,81,0.9990337491035461
stacked_lora,mnli,all,0,v_proj,82,0.9984605312347412
stacked_lora,mnli,all,0,v_proj,83,0.9824137687683105
stacked_lora,mnli,all,0,v_proj,84,0.9826462268829346
stacked_lora,mnli,all,0,v_proj,85,0.9986079931259155
stacked_lora,mnli,all,0,v_proj,86,0.9992607235908508
stacked_lora,mnli,all,0,v_proj,87,0.9991457462310791
stacked_lora,mnli,all,0,v_proj,88,0.9988913536071777
stacked_lora,mnli,all,0,v_proj,89,0.9982712268829346
stacked_lora,mnli,all,0,v_proj,90,0.9985613822937012
stacked_lora,mnli,all,0,v_proj,91,0.9989134073257446
stacked_lora,mnli,all,0,v_proj,92,0.9948372840881348
stacked_lora,mnli,all,0,v_proj,93,0.9946465492248535
stacked_lora,mnli,all,0,v_proj,94,0.9957078695297241
stacked_lora,mnli,all,0,v_proj,95,0.9963585138320923
stacked_lora,mnli,all,0,v_proj,96,0.9966284036636353
stacked_lora,mnli,all,0,v_proj,97,0.9983423948287964
stacked_lora,mnli,all,0,v_proj,98,0.9992471933364868
stacked_lora,mnli,all,0,v_proj,99,0.9986964464187622
stacked_lora,mnli,all,0,v_proj,100,0.9996364116668701
stacked_lora,mnli,all,0,v_proj,101,0.9971774220466614
stacked_lora,mnli,all,0,v_proj,102,0.995540976524353
stacked_lora,mnli,all,0,v_proj,103,0.9914576411247253
stacked_lora,mnli,all,0,v_proj,104,0.9913462996482849
stacked_lora,mnli,all,0,v_proj,105,0.9989640116691589
stacked_lora,mnli,all,0,v_proj,106,0.9864341020584106
stacked_lora,mnli,all,0,v_proj,107,0.9848382472991943
stacked_lora,mnli,all,0,v_proj,108,0.9979515075683594
stacked_lora,mnli,all,0,v_proj,109,0.9996786117553711
stacked_lora,mnli,all,0,v_proj,110,0.9666988253593445
stacked_lora,mnli,all,0,v_proj,111,0.9684005975723267
stacked_lora,mnli,all,0,v_proj,112,0.9993164539337158
stacked_lora,mnli,all,0,v_proj,113,0.9996288418769836
stacked_lora,mnli,all,0,v_proj,114,0.9952110648155212
stacked_lora,mnli,all,0,v_proj,115,0.994074285030365
stacked_lora,mnli,all,0,v_proj,116,0.9981144666671753
stacked_lora,mnli,all,0,v_proj,117,0.9577305316925049
stacked_lora,mnli,all,0,v_proj,118,0.9590651392936707
stacked_lora,mnli,all,0,v_proj,119,0.9943703413009644
stacked_lora,mnli,all,0,v_proj,120,0.9967535734176636
stacked_lora,mnli,all,0,v_proj,121,0.990644097328186
stacked_lora,mnli,all,0,v_proj,122,0.9908333420753479
stacked_lora,mnli,all,0,v_proj,123,0.9941121935844421
stacked_lora,mnli,all,0,v_proj,124,0.9967710971832275
stacked_lora,mnli,all,0,v_proj,125,0.988498330116272
stacked_lora,mnli,all,0,v_proj,126,0.9959684610366821
stacked_lora,mnli,all,0,v_proj,127,0.9964596033096313
stacked_lora,mnli,all,0,v_proj,128,0.998595118522644
stacked_lora,mnli,all,0,v_proj,129,0.9975155591964722
stacked_lora,mnli,all,0,v_proj,130,0.9983363151550293
stacked_lora,mnli,all,0,v_proj,131,0.998805820941925
stacked_lora,mnli,all,0,v_proj,132,0.9949774742126465
stacked_lora,mnli,all,0,v_proj,133,0.9974895715713501
stacked_lora,mnli,all,0,v_proj,134,0.9963327646255493
stacked_lora,mnli,all,0,v_proj,135,0.9994633197784424
stacked_lora,mnli,all,0,v_proj,136,0.999797523021698
stacked_lora,mnli,all,0,v_proj,137,0.999273419380188
stacked_lora,mnli,all,0,v_proj,138,0.9995235800743103
stacked_lora,mnli,all,0,v_proj,139,0.9988132119178772
stacked_lora,mnli,all,0,v_proj,140,0.9993917942047119
stacked_lora,mnli,all,0,v_proj,141,0.9981260299682617
stacked_lora,mnli,all,0,v_proj,142,0.9981047511100769
stacked_lora,mnli,all,0,v_proj,143,0.9981051683425903
stacked_lora,mnli,all,0,v_proj,144,0.999413251876831
stacked_lora,mnli,all,0,v_proj,145,0.9995154142379761
stacked_lora,mnli,all,0,v_proj,146,0.9995872974395752
stacked_lora,mnli,all,0,v_proj,147,0.9993987679481506
stacked_lora,mnli,all,0,v_proj,148,0.9993297457695007
stacked_lora,mnli,all,0,v_proj,149,0.999369204044342
stacked_lora,mnli,all,0,v_proj,150,0.9978246688842773
stacked_lora,mnli,all,0,up_proj,1,0.9999992251396179
stacked_lora,mnli,all,0,up_proj,2,0.9999987483024597
stacked_lora,mnli,all,0,up_proj,3,0.9999969601631165
stacked_lora,mnli,all,0,up_proj,4,0.9999963641166687
stacked_lora,mnli,all,0,up_proj,5,0.9999974966049194
stacked_lora,mnli,all,0,up_proj,6,0.9999772310256958
stacked_lora,mnli,all,0,up_proj,7,0.9999758005142212
stacked_lora,mnli,all,0,up_proj,8,0.9999865293502808
stacked_lora,mnli,all,0,up_proj,9,0.9999683499336243
stacked_lora,mnli,all,0,up_proj,10,0.9999708533287048
stacked_lora,mnli,all,0,up_proj,11,0.9997414946556091
stacked_lora,mnli,all,0,up_proj,12,0.9997552633285522
stacked_lora,mnli,all,0,up_proj,13,0.999951958656311
stacked_lora,mnli,all,0,up_proj,14,0.9998587369918823
stacked_lora,mnli,all,0,up_proj,15,0.999889612197876
stacked_lora,mnli,all,0,up_proj,16,0.99998939037323
stacked_lora,mnli,all,0,up_proj,17,0.9999666810035706
stacked_lora,mnli,all,0,up_proj,18,0.9999663233757019
stacked_lora,mnli,all,0,up_proj,19,0.9999935626983643
stacked_lora,mnli,all,0,up_proj,20,0.9999820590019226
stacked_lora,mnli,all,0,up_proj,21,0.9999597668647766
stacked_lora,mnli,all,0,up_proj,22,0.9999600648880005
stacked_lora,mnli,all,0,up_proj,23,0.999984085559845
stacked_lora,mnli,all,0,up_proj,24,0.9999820590019226
stacked_lora,mnli,all,0,up_proj,25,0.9999904632568359
stacked_lora,mnli,all,0,up_proj,26,0.9995703101158142
stacked_lora,mnli,all,0,up_proj,27,0.9995362162590027
stacked_lora,mnli,all,0,up_proj,28,0.9999455809593201
stacked_lora,mnli,all,0,up_proj,29,0.9999746680259705
stacked_lora,mnli,all,0,up_proj,30,0.9999805688858032
stacked_lora,mnli,all,0,up_proj,31,0.999975860118866
stacked_lora,mnli,all,0,up_proj,32,0.9999536275863647
stacked_lora,mnli,all,0,up_proj,33,0.9999599456787109
stacked_lora,mnli,all,0,up_proj,34,0.9999918937683105
stacked_lora,mnli,all,0,up_proj,35,0.9999940395355225
stacked_lora,mnli,all,0,up_proj,36,0.999971866607666
stacked_lora,mnli,all,0,up_proj,37,0.9999117851257324
stacked_lora,mnli,all,0,up_proj,38,0.9998899102210999
stacked_lora,mnli,all,0,up_proj,39,0.9999378323554993
stacked_lora,mnli,all,0,up_proj,40,0.9999474287033081
stacked_lora,mnli,all,0,up_proj,41,0.9999247789382935
stacked_lora,mnli,all,0,up_proj,42,0.9999343156814575
stacked_lora,mnli,all,0,up_proj,43,0.9999163150787354
stacked_lora,mnli,all,0,up_proj,44,0.9999784231185913
stacked_lora,mnli,all,0,up_proj,45,0.9999627470970154
stacked_lora,mnli,all,0,up_proj,46,0.9999315142631531
stacked_lora,mnli,all,0,up_proj,47,0.9999402165412903
stacked_lora,mnli,all,0,up_proj,48,0.9996448159217834
stacked_lora,mnli,all,0,up_proj,49,0.9998914003372192
stacked_lora,mnli,all,0,up_proj,50,0.9995797872543335
stacked_lora,mnli,all,0,up_proj,51,0.9999681711196899
stacked_lora,mnli,all,0,up_proj,52,0.9999599456787109
stacked_lora,mnli,all,0,up_proj,53,0.9999403953552246
stacked_lora,mnli,all,0,up_proj,54,0.9999402761459351
stacked_lora,mnli,all,0,up_proj,55,0.9999337792396545
stacked_lora,mnli,all,0,up_proj,56,0.999944806098938
stacked_lora,mnli,all,0,up_proj,57,0.9996423721313477
stacked_lora,mnli,all,0,up_proj,58,0.9999011158943176
stacked_lora,mnli,all,0,up_proj,59,0.9996637105941772
stacked_lora,mnli,all,0,up_proj,60,0.9997535347938538
stacked_lora,mnli,all,0,up_proj,61,0.9997830986976624
stacked_lora,mnli,all,0,up_proj,62,0.9999287128448486
stacked_lora,mnli,all,0,up_proj,63,0.999552309513092
stacked_lora,mnli,all,0,up_proj,64,0.9995298385620117
stacked_lora,mnli,all,0,up_proj,65,0.9999270439147949
stacked_lora,mnli,all,0,up_proj,66,0.9988581538200378
stacked_lora,mnli,all,0,up_proj,67,0.9990070462226868
stacked_lora,mnli,all,0,up_proj,68,0.9989126324653625
stacked_lora,mnli,all,0,up_proj,69,0.9979750514030457
stacked_lora,mnli,all,0,up_proj,70,0.9991263747215271
stacked_lora,mnli,all,0,up_proj,71,0.9990876913070679
stacked_lora,mnli,all,0,up_proj,72,0.999797523021698
stacked_lora,mnli,all,0,up_proj,73,0.99985671043396
stacked_lora,mnli,all,0,up_proj,74,0.9997315406799316
stacked_lora,mnli,all,0,up_proj,75,0.9998603463172913
stacked_lora,mnli,all,0,up_proj,76,0.9993718266487122
stacked_lora,mnli,all,0,up_proj,77,0.9992559552192688
stacked_lora,mnli,all,0,up_proj,78,0.998576283454895
stacked_lora,mnli,all,0,up_proj,79,0.9985314011573792
stacked_lora,mnli,all,0,up_proj,80,0.9997349977493286
stacked_lora,mnli,all,0,up_proj,81,0.9995263814926147
stacked_lora,mnli,all,0,up_proj,82,0.9994952082633972
stacked_lora,mnli,all,0,up_proj,83,0.9992431402206421
stacked_lora,mnli,all,0,up_proj,84,0.9992198944091797
stacked_lora,mnli,all,0,up_proj,85,0.9880296587944031
stacked_lora,mnli,all,0,up_proj,86,0.9883835315704346
stacked_lora,mnli,all,0,up_proj,87,0.9987614750862122
stacked_lora,mnli,all,0,up_proj,88,0.9995231032371521
stacked_lora,mnli,all,0,up_proj,89,0.9990682601928711
stacked_lora,mnli,all,0,up_proj,90,0.9994989037513733
stacked_lora,mnli,all,0,up_proj,91,0.9756972789764404
stacked_lora,mnli,all,0,up_proj,92,0.975837767124176
stacked_lora,mnli,all,0,up_proj,93,0.9984849095344543
stacked_lora,mnli,all,0,up_proj,94,0.9998058676719666
stacked_lora,mnli,all,0,up_proj,95,0.9994081854820251
stacked_lora,mnli,all,0,up_proj,96,0.9991652965545654
stacked_lora,mnli,all,0,up_proj,97,0.9995287656784058
stacked_lora,mnli,all,0,up_proj,98,0.9984317421913147
stacked_lora,mnli,all,0,up_proj,99,0.998258113861084
stacked_lora,mnli,all,0,up_proj,100,0.9988815784454346
stacked_lora,mnli,all,0,up_proj,101,0.9971222281455994
stacked_lora,mnli,all,0,up_proj,102,0.9981392621994019
stacked_lora,mnli,all,0,up_proj,103,0.999581515789032
stacked_lora,mnli,all,0,up_proj,104,0.9957563281059265
stacked_lora,mnli,all,0,up_proj,105,0.995617687702179
stacked_lora,mnli,all,0,up_proj,106,0.9991620182991028
stacked_lora,mnli,all,0,up_proj,107,0.999370813369751
stacked_lora,mnli,all,0,up_proj,108,0.9990531802177429
stacked_lora,mnli,all,0,up_proj,109,0.9980664253234863
stacked_lora,mnli,all,0,up_proj,110,0.9982482194900513
stacked_lora,mnli,all,0,up_proj,111,0.9990754723548889
stacked_lora,mnli,all,0,up_proj,112,0.9977130889892578
stacked_lora,mnli,all,0,up_proj,113,0.9984104037284851
stacked_lora,mnli,all,0,up_proj,114,0.9971559643745422
stacked_lora,mnli,all,0,up_proj,115,0.995734453201294
stacked_lora,mnli,all,0,up_proj,116,0.9975860714912415
stacked_lora,mnli,all,0,up_proj,117,0.9995974898338318
stacked_lora,mnli,all,0,up_proj,118,0.9996664524078369
stacked_lora,mnli,all,0,up_proj,119,0.9996275305747986
stacked_lora,mnli,all,0,up_proj,120,0.9975429177284241
stacked_lora,mnli,all,0,up_proj,121,0.9974406361579895
stacked_lora,mnli,all,0,up_proj,122,0.999331533908844
stacked_lora,mnli,all,0,up_proj,123,0.9991995692253113
stacked_lora,mnli,all,0,up_proj,124,0.9977737069129944
stacked_lora,mnli,all,0,up_proj,125,0.998056173324585
stacked_lora,mnli,all,0,up_proj,126,0.9937639832496643
stacked_lora,mnli,all,0,up_proj,127,0.9934111833572388
stacked_lora,mnli,all,0,up_proj,128,0.9985843896865845
stacked_lora,mnli,all,0,up_proj,129,0.9981063008308411
stacked_lora,mnli,all,0,up_proj,130,0.9964851140975952
stacked_lora,mnli,all,0,up_proj,131,0.9977458119392395
stacked_lora,mnli,all,0,up_proj,132,0.9992815852165222
stacked_lora,mnli,all,0,up_proj,133,0.9994902014732361
stacked_lora,mnli,all,0,up_proj,134,0.9993796944618225
stacked_lora,mnli,all,0,up_proj,135,0.9961109757423401
stacked_lora,mnli,all,0,up_proj,136,0.9961784482002258
stacked_lora,mnli,all,0,up_proj,137,0.9987102746963501
stacked_lora,mnli,all,0,up_proj,138,0.996018648147583
stacked_lora,mnli,all,0,up_proj,139,0.9969906210899353
stacked_lora,mnli,all,0,up_proj,140,0.9989277124404907
stacked_lora,mnli,all,0,up_proj,141,0.998622715473175
stacked_lora,mnli,all,0,up_proj,142,0.9982960224151611
stacked_lora,mnli,all,0,up_proj,143,0.9991633892059326
stacked_lora,mnli,all,0,up_proj,144,0.9889474511146545
stacked_lora,mnli,all,0,up_proj,145,0.9886709451675415
stacked_lora,mnli,all,0,up_proj,146,0.9954577684402466
stacked_lora,mnli,all,0,up_proj,147,0.9950869083404541
stacked_lora,mnli,all,0,up_proj,148,0.9961608648300171
stacked_lora,mnli,all,0,up_proj,149,0.9983576536178589
stacked_lora,mnli,all,0,up_proj,150,0.9980345964431763
stacked_lora,mnli,all,0,down_proj,1,1.0
stacked_lora,mnli,all,0,down_proj,2,0.9999997615814209
stacked_lora,mnli,all,0,down_proj,3,0.9999997615814209
stacked_lora,mnli,all,0,down_proj,4,0.9999994039535522
stacked_lora,mnli,all,0,down_proj,5,0.9999988675117493
stacked_lora,mnli,all,0,down_proj,6,0.9999987483024597
stacked_lora,mnli,all,0,down_proj,7,0.9999974966049194
stacked_lora,mnli,all,0,down_proj,8,0.9999999403953552
stacked_lora,mnli,all,0,down_proj,9,0.9999945759773254
stacked_lora,mnli,all,0,down_proj,10,0.9999949932098389
stacked_lora,mnli,all,0,down_proj,11,0.9999986886978149
stacked_lora,mnli,all,0,down_proj,12,0.9999880194664001
stacked_lora,mnli,all,0,down_proj,13,0.9999910593032837
stacked_lora,mnli,all,0,down_proj,14,0.9999983310699463
stacked_lora,mnli,all,0,down_proj,15,0.9999948740005493
stacked_lora,mnli,all,0,down_proj,16,0.9999942183494568
stacked_lora,mnli,all,0,down_proj,17,0.9999945759773254
stacked_lora,mnli,all,0,down_proj,18,0.9999970197677612
stacked_lora,mnli,all,0,down_proj,19,0.999993085861206
stacked_lora,mnli,all,0,down_proj,20,0.9521420001983643
stacked_lora,mnli,all,0,down_proj,21,0.9521334171295166
stacked_lora,mnli,all,0,down_proj,22,0.999898374080658
stacked_lora,mnli,all,0,down_proj,23,0.9998950362205505
stacked_lora,mnli,all,0,down_proj,24,0.9999901056289673
stacked_lora,mnli,all,0,down_proj,25,0.9999732971191406
stacked_lora,mnli,all,0,down_proj,26,0.9999706745147705
stacked_lora,mnli,all,0,down_proj,27,0.9999403953552246
stacked_lora,mnli,all,0,down_proj,28,0.999983549118042
stacked_lora,mnli,all,0,down_proj,29,0.9999232888221741
stacked_lora,mnli,all,0,down_proj,30,0.9999784827232361
stacked_lora,mnli,all,0,down_proj,31,0.999988317489624
stacked_lora,mnli,all,0,down_proj,32,0.9999706745147705
stacked_lora,mnli,all,0,down_proj,33,0.999981164932251
stacked_lora,mnli,all,0,down_proj,34,0.9999836087226868
stacked_lora,mnli,all,0,down_proj,35,0.9999959468841553
stacked_lora,mnli,all,0,down_proj,36,0.9997045993804932
stacked_lora,mnli,all,0,down_proj,37,0.9996812343597412
stacked_lora,mnli,all,0,down_proj,38,0.9999096393585205
stacked_lora,mnli,all,0,down_proj,39,0.9999382495880127
stacked_lora,mnli,all,0,down_proj,40,0.9996592998504639
stacked_lora,mnli,all,0,down_proj,41,0.9996964931488037
stacked_lora,mnli,all,0,down_proj,42,0.9998447895050049
stacked_lora,mnli,all,0,down_proj,43,0.9998604655265808
stacked_lora,mnli,all,0,down_proj,44,0.9999915361404419
stacked_lora,mnli,all,0,down_proj,45,0.9999812841415405
stacked_lora,mnli,all,0,down_proj,46,0.9999462962150574
stacked_lora,mnli,all,0,down_proj,47,0.9999880194664001
stacked_lora,mnli,all,0,down_proj,48,0.9999780654907227
stacked_lora,mnli,all,0,down_proj,49,0.999957799911499
stacked_lora,mnli,all,0,down_proj,50,0.9986063241958618
stacked_lora,mnli,all,0,down_proj,51,0.9986087083816528
stacked_lora,mnli,all,0,down_proj,52,0.9999469518661499
stacked_lora,mnli,all,0,down_proj,53,0.9999864101409912
stacked_lora,mnli,all,0,down_proj,54,0.9999778270721436
stacked_lora,mnli,all,0,down_proj,55,0.9999604225158691
stacked_lora,mnli,all,0,down_proj,56,0.9998289346694946
stacked_lora,mnli,all,0,down_proj,57,0.9994897842407227
stacked_lora,mnli,all,0,down_proj,58,0.999071478843689
stacked_lora,mnli,all,0,down_proj,59,0.9992654323577881
stacked_lora,mnli,all,0,down_proj,60,0.9997296333312988
stacked_lora,mnli,all,0,down_proj,61,0.9999057054519653
stacked_lora,mnli,all,0,down_proj,62,0.9999077916145325
stacked_lora,mnli,all,0,down_proj,63,0.999832272529602
stacked_lora,mnli,all,0,down_proj,64,0.9999136924743652
stacked_lora,mnli,all,0,down_proj,65,0.9997819066047668
stacked_lora,mnli,all,0,down_proj,66,0.9995175004005432
stacked_lora,mnli,all,0,down_proj,67,0.99969482421875
stacked_lora,mnli,all,0,down_proj,68,0.9996718168258667
stacked_lora,mnli,all,0,down_proj,69,0.9998587369918823
stacked_lora,mnli,all,0,down_proj,70,0.9997166395187378
stacked_lora,mnli,all,0,down_proj,71,0.9998722672462463
stacked_lora,mnli,all,0,down_proj,72,0.9997992515563965
stacked_lora,mnli,all,0,down_proj,73,0.9996405839920044
stacked_lora,mnli,all,0,down_proj,74,0.9997442364692688
stacked_lora,mnli,all,0,down_proj,75,0.9999607801437378
stacked_lora,mnli,all,0,down_proj,76,0.9996659755706787
stacked_lora,mnli,all,0,down_proj,77,0.9997848868370056
stacked_lora,mnli,all,0,down_proj,78,0.9997841119766235
stacked_lora,mnli,all,0,down_proj,79,0.999515950679779
stacked_lora,mnli,all,0,down_proj,80,0.9996093511581421
stacked_lora,mnli,all,0,down_proj,81,0.9989073276519775
stacked_lora,mnli,all,0,down_proj,82,0.9989501237869263
stacked_lora,mnli,all,0,down_proj,83,0.9998635649681091
stacked_lora,mnli,all,0,down_proj,84,0.9998364448547363
stacked_lora,mnli,all,0,down_proj,85,0.9997987151145935
stacked_lora,mnli,all,0,down_proj,86,0.9997086524963379
stacked_lora,mnli,all,0,down_proj,87,0.9995968341827393
stacked_lora,mnli,all,0,down_proj,88,0.9999272227287292
stacked_lora,mnli,all,0,down_proj,89,0.9998192191123962
stacked_lora,mnli,all,0,down_proj,90,0.9962342977523804
stacked_lora,mnli,all,0,down_proj,91,0.9913124442100525
stacked_lora,mnli,all,0,down_proj,92,0.9942701458930969
stacked_lora,mnli,all,0,down_proj,93,0.9989200830459595
stacked_lora,mnli,all,0,down_proj,94,0.9995410442352295
stacked_lora,mnli,all,0,down_proj,95,0.9989407062530518
stacked_lora,mnli,all,0,down_proj,96,0.9996947050094604
stacked_lora,mnli,all,0,down_proj,97,0.9995334148406982
stacked_lora,mnli,all,0,down_proj,98,0.9973552227020264
stacked_lora,mnli,all,0,down_proj,99,0.9970671534538269
stacked_lora,mnli,all,0,down_proj,100,0.999695360660553
stacked_lora,mnli,all,0,down_proj,101,0.9997455477714539
stacked_lora,mnli,all,0,down_proj,102,0.9998242855072021
stacked_lora,mnli,all,0,down_proj,103,0.9993237853050232
stacked_lora,mnli,all,0,down_proj,104,0.9991341233253479
stacked_lora,mnli,all,0,down_proj,105,0.9996161460876465
stacked_lora,mnli,all,0,down_proj,106,0.9997776746749878
stacked_lora,mnli,all,0,down_proj,107,0.9998239874839783
stacked_lora,mnli,all,0,down_proj,108,0.9999171495437622
stacked_lora,mnli,all,0,down_proj,109,0.9997422099113464
stacked_lora,mnli,all,0,down_proj,110,0.9997750520706177
stacked_lora,mnli,all,0,down_proj,111,0.9997640252113342
stacked_lora,mnli,all,0,down_proj,112,0.9998467564582825
stacked_lora,mnli,all,0,down_proj,113,0.9990052580833435
stacked_lora,mnli,all,0,down_proj,114,0.9994596242904663
stacked_lora,mnli,all,0,down_proj,115,0.9980772733688354
stacked_lora,mnli,all,0,down_proj,116,0.9883018136024475
stacked_lora,mnli,all,0,down_proj,117,0.9897659420967102
stacked_lora,mnli,all,0,down_proj,118,0.9999087452888489
stacked_lora,mnli,all,0,down_proj,119,0.999743640422821
stacked_lora,mnli,all,0,down_proj,120,0.9994581341743469
stacked_lora,mnli,all,0,down_proj,121,0.9993653297424316
stacked_lora,mnli,all,0,down_proj,122,0.9989199638366699
stacked_lora,mnli,all,0,down_proj,123,0.9453529715538025
stacked_lora,mnli,all,0,down_proj,124,0.9449994564056396
stacked_lora,mnli,all,0,down_proj,125,0.9986141920089722
stacked_lora,mnli,all,0,down_proj,126,0.9998007416725159
stacked_lora,mnli,all,0,down_proj,127,0.99973464012146
stacked_lora,mnli,all,0,down_proj,128,0.9992152452468872
stacked_lora,mnli,all,0,down_proj,129,0.9997652769088745
stacked_lora,mnli,all,0,down_proj,130,0.999530017375946
stacked_lora,mnli,all,0,down_proj,131,0.9993591904640198
stacked_lora,mnli,all,0,down_proj,132,0.9998494386672974
stacked_lora,mnli,all,0,down_proj,133,0.9997624158859253
stacked_lora,mnli,all,0,down_proj,134,0.9986683130264282
stacked_lora,mnli,all,0,down_proj,135,0.9989266991615295
stacked_lora,mnli,all,0,down_proj,136,0.9994124174118042
stacked_lora,mnli,all,0,down_proj,137,0.98692786693573
stacked_lora,mnli,all,0,down_proj,138,0.9871231317520142
stacked_lora,mnli,all,0,down_proj,139,0.9996572732925415
stacked_lora,mnli,all,0,down_proj,140,0.99965500831604
stacked_lora,mnli,all,0,down_proj,141,0.9997119307518005
stacked_lora,mnli,all,0,down_proj,142,0.9994789361953735
stacked_lora,mnli,all,0,down_proj,143,0.9995332956314087
stacked_lora,mnli,all,0,down_proj,144,0.9998984336853027
stacked_lora,mnli,all,0,down_proj,145,0.999811053276062
stacked_lora,mnli,all,0,down_proj,146,0.9982330203056335
stacked_lora,mnli,all,0,down_proj,147,0.9982728958129883
stacked_lora,mnli,all,0,down_proj,148,0.9991636872291565
stacked_lora,mnli,all,0,down_proj,149,0.9993206262588501
stacked_lora,mnli,all,0,down_proj,150,0.9996088147163391
stacked_lora,mnli,all,8,q_proj,1,0.9999985098838806
stacked_lora,mnli,all,8,q_proj,2,0.9999990463256836
stacked_lora,mnli,all,8,q_proj,3,0.9999992251396179
stacked_lora,mnli,all,8,q_proj,4,1.0
stacked_lora,mnli,all,8,q_proj,5,1.0
stacked_lora,mnli,all,8,q_proj,6,0.9999992251396179
stacked_lora,mnli,all,8,q_proj,7,0.9999961853027344
stacked_lora,mnli,all,8,q_proj,8,0.9999904632568359
stacked_lora,mnli,all,8,q_proj,9,0.9999940395355225
stacked_lora,mnli,all,8,q_proj,10,0.9999953508377075
stacked_lora,mnli,all,8,q_proj,11,0.9999985694885254
stacked_lora,mnli,all,8,q_proj,12,0.9999986290931702
stacked_lora,mnli,all,8,q_proj,13,0.999988853931427
stacked_lora,mnli,all,8,q_proj,14,0.9999746084213257
stacked_lora,mnli,all,8,q_proj,15,0.9999666810035706
stacked_lora,mnli,all,8,q_proj,16,0.9999806880950928
stacked_lora,mnli,all,8,q_proj,17,0.9999826550483704
stacked_lora,mnli,all,8,q_proj,18,0.9999923706054688
stacked_lora,mnli,all,8,q_proj,19,0.9999935626983643
stacked_lora,mnli,all,8,q_proj,20,0.9999977946281433
stacked_lora,mnli,all,8,q_proj,21,0.9999961256980896
stacked_lora,mnli,all,8,q_proj,22,0.9999833106994629
stacked_lora,mnli,all,8,q_proj,23,0.9999892115592957
stacked_lora,mnli,all,8,q_proj,24,0.9999644756317139
stacked_lora,mnli,all,8,q_proj,25,0.9999762177467346
stacked_lora,mnli,all,8,q_proj,26,0.9999983906745911
stacked_lora,mnli,all,8,q_proj,27,0.9999947547912598
stacked_lora,mnli,all,8,q_proj,28,0.9999806880950928
stacked_lora,mnli,all,8,q_proj,29,0.9999691247940063
stacked_lora,mnli,all,8,q_proj,30,0.9999940991401672
stacked_lora,mnli,all,8,q_proj,31,0.9999788403511047
stacked_lora,mnli,all,8,q_proj,32,0.9999803304672241
stacked_lora,mnli,all,8,q_proj,33,0.9999881982803345
stacked_lora,mnli,all,8,q_proj,34,0.9999880790710449
stacked_lora,mnli,all,8,q_proj,35,0.999994158744812
stacked_lora,mnli,all,8,q_proj,36,0.9999980330467224
stacked_lora,mnli,all,8,q_proj,37,0.9999857544898987
stacked_lora,mnli,all,8,q_proj,38,0.9999818205833435
stacked_lora,mnli,all,8,q_proj,39,0.999980092048645
stacked_lora,mnli,all,8,q_proj,40,0.9999851584434509
stacked_lora,mnli,all,8,q_proj,41,0.9999848008155823
stacked_lora,mnli,all,8,q_proj,42,0.9999763369560242
stacked_lora,mnli,all,8,q_proj,43,0.9999802708625793
stacked_lora,mnli,all,8,q_proj,44,0.9998915195465088
stacked_lora,mnli,all,8,q_proj,45,0.9998917579650879
stacked_lora,mnli,all,8,q_proj,46,0.9999923706054688
stacked_lora,mnli,all,8,q_proj,47,0.999957799911499
stacked_lora,mnli,all,8,q_proj,48,0.9999629855155945
stacked_lora,mnli,all,8,q_proj,49,0.9999828338623047
stacked_lora,mnli,all,8,q_proj,50,0.9999839663505554
stacked_lora,mnli,all,8,q_proj,51,0.9999499917030334
stacked_lora,mnli,all,8,q_proj,52,0.9999588131904602
stacked_lora,mnli,all,8,q_proj,53,0.9999838471412659
stacked_lora,mnli,all,8,q_proj,54,0.9999841451644897
stacked_lora,mnli,all,8,q_proj,55,0.9999207258224487
stacked_lora,mnli,all,8,q_proj,56,0.9998849034309387
stacked_lora,mnli,all,8,q_proj,57,0.9999877214431763
stacked_lora,mnli,all,8,q_proj,58,0.999965250492096
stacked_lora,mnli,all,8,q_proj,59,0.9999432563781738
stacked_lora,mnli,all,8,q_proj,60,0.9999638795852661
stacked_lora,mnli,all,8,q_proj,61,0.9999376535415649
stacked_lora,mnli,all,8,q_proj,62,0.9999414682388306
stacked_lora,mnli,all,8,q_proj,63,0.9999371767044067
stacked_lora,mnli,all,8,q_proj,64,0.9998835921287537
stacked_lora,mnli,all,8,q_proj,65,0.9999400973320007
stacked_lora,mnli,all,8,q_proj,66,0.9999136328697205
stacked_lora,mnli,all,8,q_proj,67,0.9999679923057556
stacked_lora,mnli,all,8,q_proj,68,0.9999403357505798
stacked_lora,mnli,all,8,q_proj,69,0.9999150037765503
stacked_lora,mnli,all,8,q_proj,70,0.99992835521698
stacked_lora,mnli,all,8,q_proj,71,0.9998793601989746
stacked_lora,mnli,all,8,q_proj,72,0.9999266862869263
stacked_lora,mnli,all,8,q_proj,73,0.9999370574951172
stacked_lora,mnli,all,8,q_proj,74,0.9999243021011353
stacked_lora,mnli,all,8,q_proj,75,0.9998089075088501
stacked_lora,mnli,all,8,q_proj,76,0.999713122844696
stacked_lora,mnli,all,8,q_proj,77,0.9995596408843994
stacked_lora,mnli,all,8,q_proj,78,0.9995890259742737
stacked_lora,mnli,all,8,q_proj,79,0.9998067617416382
stacked_lora,mnli,all,8,q_proj,80,0.999931812286377
stacked_lora,mnli,all,8,q_proj,81,0.9995021224021912
stacked_lora,mnli,all,8,q_proj,82,0.9994964599609375
stacked_lora,mnli,all,8,q_proj,83,0.9998272657394409
stacked_lora,mnli,all,8,q_proj,84,0.9994716644287109
stacked_lora,mnli,all,8,q_proj,85,0.9995092749595642
stacked_lora,mnli,all,8,q_proj,86,0.9999771118164062
stacked_lora,mnli,all,8,q_proj,87,0.9998765587806702
stacked_lora,mnli,all,8,q_proj,88,0.9998073577880859
stacked_lora,mnli,all,8,q_proj,89,0.9995344877243042
stacked_lora,mnli,all,8,q_proj,90,0.9996278882026672
stacked_lora,mnli,all,8,q_proj,91,0.9998180866241455
stacked_lora,mnli,all,8,q_proj,92,0.9994722008705139
stacked_lora,mnli,all,8,q_proj,93,0.9997987747192383
stacked_lora,mnli,all,8,q_proj,94,0.9992075562477112
stacked_lora,mnli,all,8,q_proj,95,0.998768150806427
stacked_lora,mnli,all,8,q_proj,96,0.9994351863861084
stacked_lora,mnli,all,8,q_proj,97,0.9998385310173035
stacked_lora,mnli,all,8,q_proj,98,0.9994930028915405
stacked_lora,mnli,all,8,q_proj,99,0.9993152022361755
stacked_lora,mnli,all,8,q_proj,100,0.9995665550231934
stacked_lora,mnli,all,8,q_proj,101,0.9997177124023438
stacked_lora,mnli,all,8,q_proj,102,0.9998975396156311
stacked_lora,mnli,all,8,q_proj,103,0.9999777674674988
stacked_lora,mnli,all,8,q_proj,104,0.9999783635139465
stacked_lora,mnli,all,8,q_proj,105,0.9961531162261963
stacked_lora,mnli,all,8,q_proj,106,0.9962319731712341
stacked_lora,mnli,all,8,q_proj,107,0.9998794794082642
stacked_lora,mnli,all,8,q_proj,108,0.9997406005859375
stacked_lora,mnli,all,8,q_proj,109,0.9997991323471069
stacked_lora,mnli,all,8,q_proj,110,0.9998847246170044
stacked_lora,mnli,all,8,q_proj,111,0.9998234510421753
stacked_lora,mnli,all,8,q_proj,112,0.9999066591262817
stacked_lora,mnli,all,8,q_proj,113,0.9996379613876343
stacked_lora,mnli,all,8,q_proj,114,0.9997497200965881
stacked_lora,mnli,all,8,q_proj,115,0.9995983839035034
stacked_lora,mnli,all,8,q_proj,116,0.9998575448989868
stacked_lora,mnli,all,8,q_proj,117,0.9996581077575684
stacked_lora,mnli,all,8,q_proj,118,0.9998738169670105
stacked_lora,mnli,all,8,q_proj,119,0.9996095895767212
stacked_lora,mnli,all,8,q_proj,120,0.9996246099472046
stacked_lora,mnli,all,8,q_proj,121,0.999952495098114
stacked_lora,mnli,all,8,q_proj,122,0.9996397495269775
stacked_lora,mnli,all,8,q_proj,123,0.9995744824409485
stacked_lora,mnli,all,8,q_proj,124,0.9997203946113586
stacked_lora,mnli,all,8,q_proj,125,0.9997532963752747
stacked_lora,mnli,all,8,q_proj,126,0.9999239444732666
stacked_lora,mnli,all,8,q_proj,127,0.99982750415802
stacked_lora,mnli,all,8,q_proj,128,0.9998279809951782
stacked_lora,mnli,all,8,q_proj,129,0.9999121427536011
stacked_lora,mnli,all,8,q_proj,130,0.9981911182403564
stacked_lora,mnli,all,8,q_proj,131,0.99809730052948
stacked_lora,mnli,all,8,q_proj,132,0.9998473525047302
stacked_lora,mnli,all,8,q_proj,133,0.999859094619751
stacked_lora,mnli,all,8,q_proj,134,0.9999358654022217
stacked_lora,mnli,all,8,q_proj,135,0.9999721050262451
stacked_lora,mnli,all,8,q_proj,136,0.9995230436325073
stacked_lora,mnli,all,8,q_proj,137,0.9999662637710571
stacked_lora,mnli,all,8,q_proj,138,0.999695897102356
stacked_lora,mnli,all,8,q_proj,139,0.9994294047355652
stacked_lora,mnli,all,8,q_proj,140,0.9994032382965088
stacked_lora,mnli,all,8,q_proj,141,0.9998725056648254
stacked_lora,mnli,all,8,q_proj,142,0.9998120665550232
stacked_lora,mnli,all,8,q_proj,143,0.9998537302017212
stacked_lora,mnli,all,8,q_proj,144,0.99973064661026
stacked_lora,mnli,all,8,q_proj,145,0.999015212059021
stacked_lora,mnli,all,8,q_proj,146,0.9990159273147583
stacked_lora,mnli,all,8,q_proj,147,0.9995832443237305
stacked_lora,mnli,all,8,q_proj,148,0.9999598264694214
stacked_lora,mnli,all,8,q_proj,149,0.9998509287834167
stacked_lora,mnli,all,8,q_proj,150,0.9998651742935181
stacked_lora,mnli,all,8,v_proj,1,0.9999144077301025
stacked_lora,mnli,all,8,v_proj,2,0.9999160766601562
stacked_lora,mnli,all,8,v_proj,3,0.9998445510864258
stacked_lora,mnli,all,8,v_proj,4,0.9994695782661438
stacked_lora,mnli,all,8,v_proj,5,0.9985589981079102
stacked_lora,mnli,all,8,v_proj,6,0.9989023208618164
stacked_lora,mnli,all,8,v_proj,7,0.9995015859603882
stacked_lora,mnli,all,8,v_proj,8,0.9992594122886658
stacked_lora,mnli,all,8,v_proj,9,0.99965500831604
stacked_lora,mnli,all,8,v_proj,10,0.9975572824478149
stacked_lora,mnli,all,8,v_proj,11,0.9977999329566956
stacked_lora,mnli,all,8,v_proj,12,0.9995294809341431
stacked_lora,mnli,all,8,v_proj,13,0.9993575811386108
stacked_lora,mnli,all,8,v_proj,14,0.9996141195297241
stacked_lora,mnli,all,8,v_proj,15,0.9992057681083679
stacked_lora,mnli,all,8,v_proj,16,0.9996780157089233
stacked_lora,mnli,all,8,v_proj,17,0.9997007250785828
stacked_lora,mnli,all,8,v_proj,18,0.9999517202377319
stacked_lora,mnli,all,8,v_proj,19,0.9997860193252563
stacked_lora,mnli,all,8,v_proj,20,0.9991865754127502
stacked_lora,mnli,all,8,v_proj,21,0.9992220997810364
stacked_lora,mnli,all,8,v_proj,22,0.9992483258247375
stacked_lora,mnli,all,8,v_proj,23,0.9996161460876465
stacked_lora,mnli,all,8,v_proj,24,0.9996399283409119
stacked_lora,mnli,all,8,v_proj,25,0.9996525049209595
stacked_lora,mnli,all,8,v_proj,26,0.9986343383789062
stacked_lora,mnli,all,8,v_proj,27,0.9967933893203735
stacked_lora,mnli,all,8,v_proj,28,0.9950277805328369
stacked_lora,mnli,all,8,v_proj,29,0.9968976378440857
stacked_lora,mnli,all,8,v_proj,30,0.9952892065048218
stacked_lora,mnli,all,8,v_proj,31,0.9985631704330444
stacked_lora,mnli,all,8,v_proj,32,0.998756468296051
stacked_lora,mnli,all,8,v_proj,33,0.9997482299804688
stacked_lora,mnli,all,8,v_proj,34,0.9992320537567139
stacked_lora,mnli,all,8,v_proj,35,0.9945197105407715
stacked_lora,mnli,all,8,v_proj,36,0.9944449067115784
stacked_lora,mnli,all,8,v_proj,37,0.9995592832565308
stacked_lora,mnli,all,8,v_proj,38,0.9993675947189331
stacked_lora,mnli,all,8,v_proj,39,0.9972692131996155
stacked_lora,mnli,all,8,v_proj,40,0.9969102740287781
stacked_lora,mnli,all,8,v_proj,41,0.9993552565574646
stacked_lora,mnli,all,8,v_proj,42,0.9993310570716858
stacked_lora,mnli,all,8,v_proj,43,0.9994046688079834
stacked_lora,mnli,all,8,v_proj,44,0.9991666674613953
stacked_lora,mnli,all,8,v_proj,45,0.9989120960235596
stacked_lora,mnli,all,8,v_proj,46,0.9972279667854309
stacked_lora,mnli,all,8,v_proj,47,0.9969229102134705
stacked_lora,mnli,all,8,v_proj,48,0.9991518259048462
stacked_lora,mnli,all,8,v_proj,49,0.9697219729423523
stacked_lora,mnli,all,8,v_proj,50,0.9705651998519897
stacked_lora,mnli,all,8,v_proj,51,0.9972171783447266
stacked_lora,mnli,all,8,v_proj,52,0.9993169903755188
stacked_lora,mnli,all,8,v_proj,53,0.9967291355133057
stacked_lora,mnli,all,8,v_proj,54,0.9946281909942627
stacked_lora,mnli,all,8,v_proj,55,0.9958553314208984
stacked_lora,mnli,all,8,v_proj,56,0.9915027618408203
stacked_lora,mnli,all,8,v_proj,57,0.9902564287185669
stacked_lora,mnli,all,8,v_proj,58,0.9975411891937256
stacked_lora,mnli,all,8,v_proj,59,0.9995642900466919
stacked_lora,mnli,all,8,v_proj,60,0.9992111921310425
stacked_lora,mnli,all,8,v_proj,61,0.9867801070213318
stacked_lora,mnli,all,8,v_proj,62,0.9869793057441711
stacked_lora,mnli,all,8,v_proj,63,0.9952558279037476
stacked_lora,mnli,all,8,v_proj,64,0.9943349361419678
stacked_lora,mnli,all,8,v_proj,65,0.9980955123901367
stacked_lora,mnli,all,8,v_proj,66,0.98358154296875
stacked_lora,mnli,all,8,v_proj,67,0.9833685159683228
stacked_lora,mnli,all,8,v_proj,68,0.9992215633392334
stacked_lora,mnli,all,8,v_proj,69,0.9992184042930603
stacked_lora,mnli,all,8,v_proj,70,0.9989228844642639
stacked_lora,mnli,all,8,v_proj,71,0.9988397359848022
stacked_lora,mnli,all,8,v_proj,72,0.9989688992500305
stacked_lora,mnli,all,8,v_proj,73,0.9985772371292114
stacked_lora,mnli,all,8,v_proj,74,0.9988082051277161
stacked_lora,mnli,all,8,v_proj,75,0.9983564019203186
stacked_lora,mnli,all,8,v_proj,76,0.9957852363586426
stacked_lora,mnli,all,8,v_proj,77,0.9978744387626648
stacked_lora,mnli,all,8,v_proj,78,0.9995489716529846
stacked_lora,mnli,all,8,v_proj,79,0.9986191987991333
stacked_lora,mnli,all,8,v_proj,80,0.9974067211151123
stacked_lora,mnli,all,8,v_proj,81,0.9977641105651855
stacked_lora,mnli,all,8,v_proj,82,0.9997237324714661
stacked_lora,mnli,all,8,v_proj,83,0.9993585348129272
stacked_lora,mnli,all,8,v_proj,84,0.9990555047988892
stacked_lora,mnli,all,8,v_proj,85,0.9992327690124512
stacked_lora,mnli,all,8,v_proj,86,0.999113142490387
stacked_lora,mnli,all,8,v_proj,87,0.9995927810668945
stacked_lora,mnli,all,8,v_proj,88,0.9997538328170776
stacked_lora,mnli,all,8,v_proj,89,0.9991946220397949
stacked_lora,mnli,all,8,v_proj,90,0.9991527795791626
stacked_lora,mnli,all,8,v_proj,91,0.9806808233261108
stacked_lora,mnli,all,8,v_proj,92,0.981213390827179
stacked_lora,mnli,all,8,v_proj,93,0.9805917739868164
stacked_lora,mnli,all,8,v_proj,94,0.980851411819458
stacked_lora,mnli,all,8,v_proj,95,0.9964582324028015
stacked_lora,mnli,all,8,v_proj,96,0.9994122982025146
stacked_lora,mnli,all,8,v_proj,97,0.9979574084281921
stacked_lora,mnli,all,8,v_proj,98,0.9990886449813843
stacked_lora,mnli,all,8,v_proj,99,0.9991681575775146
stacked_lora,mnli,all,8,v_proj,100,0.9963647723197937
stacked_lora,mnli,all,8,v_proj,101,0.9945500493049622
stacked_lora,mnli,all,8,v_proj,102,0.9981523156166077
stacked_lora,mnli,all,8,v_proj,103,0.999110221862793
stacked_lora,mnli,all,8,v_proj,104,0.9988874197006226
stacked_lora,mnli,all,8,v_proj,105,0.9010852575302124
stacked_lora,mnli,all,8,v_proj,106,0.9012870788574219
stacked_lora,mnli,all,8,v_proj,107,0.9990155696868896
stacked_lora,mnli,all,8,v_proj,108,0.9978247880935669
stacked_lora,mnli,all,8,v_proj,109,0.9976550936698914
stacked_lora,mnli,all,8,v_proj,110,0.9962143898010254
stacked_lora,mnli,all,8,v_proj,111,0.999333918094635
stacked_lora,mnli,all,8,v_proj,112,0.9986625909805298
stacked_lora,mnli,all,8,v_proj,113,0.9988193511962891
stacked_lora,mnli,all,8,v_proj,114,0.9993624687194824
stacked_lora,mnli,all,8,v_proj,115,0.9929589033126831
stacked_lora,mnli,all,8,v_proj,116,0.9921644926071167
stacked_lora,mnli,all,8,v_proj,117,0.9926042556762695
stacked_lora,mnli,all,8,v_proj,118,0.9965808391571045
stacked_lora,mnli,all,8,v_proj,119,0.9957901239395142
stacked_lora,mnli,all,8,v_proj,120,0.9952952861785889
stacked_lora,mnli,all,8,v_proj,121,0.9983330965042114
stacked_lora,mnli,all,8,v_proj,122,0.997515082359314
stacked_lora,mnli,all,8,v_proj,123,0.9972060918807983
stacked_lora,mnli,all,8,v_proj,124,0.9983213543891907
stacked_lora,mnli,all,8,v_proj,125,0.9954842925071716
stacked_lora,mnli,all,8,v_proj,126,0.9985812902450562
stacked_lora,mnli,all,8,v_proj,127,0.9969319105148315
stacked_lora,mnli,all,8,v_proj,128,0.9988220930099487
stacked_lora,mnli,all,8,v_proj,129,0.9959714412689209
stacked_lora,mnli,all,8,v_proj,130,0.9942983984947205
stacked_lora,mnli,all,8,v_proj,131,0.9965968132019043
stacked_lora,mnli,all,8,v_proj,132,0.9951033592224121
stacked_lora,mnli,all,8,v_proj,133,0.9595235586166382
stacked_lora,mnli,all,8,v_proj,134,0.9338595867156982
stacked_lora,mnli,all,8,v_proj,135,0.9756671190261841
stacked_lora,mnli,all,8,v_proj,136,0.9880067706108093
stacked_lora,mnli,all,8,v_proj,137,0.9878944158554077
stacked_lora,mnli,all,8,v_proj,138,0.9940952062606812
stacked_lora,mnli,all,8,v_proj,139,0.9946002960205078
stacked_lora,mnli,all,8,v_proj,140,0.9975816011428833
stacked_lora,mnli,all,8,v_proj,141,0.9971044063568115
stacked_lora,mnli,all,8,v_proj,142,0.9986703395843506
stacked_lora,mnli,all,8,v_proj,143,0.9994688630104065
stacked_lora,mnli,all,8,v_proj,144,0.9992247223854065
stacked_lora,mnli,all,8,v_proj,145,0.9978567361831665
stacked_lora,mnli,all,8,v_proj,146,0.9887371063232422
stacked_lora,mnli,all,8,v_proj,147,0.9877223968505859
stacked_lora,mnli,all,8,v_proj,148,0.9976316094398499
stacked_lora,mnli,all,8,v_proj,149,0.995642900466919
stacked_lora,mnli,all,8,v_proj,150,0.9964109063148499
stacked_lora,mnli,all,8,up_proj,1,0.9999980926513672
stacked_lora,mnli,all,8,up_proj,2,0.999995768070221
stacked_lora,mnli,all,8,up_proj,3,0.9999934434890747
stacked_lora,mnli,all,8,up_proj,4,0.9999940395355225
stacked_lora,mnli,all,8,up_proj,5,0.9999841451644897
stacked_lora,mnli,all,8,up_proj,6,0.9999868273735046
stacked_lora,mnli,all,8,up_proj,7,0.9999932646751404
stacked_lora,mnli,all,8,up_proj,8,0.9999935030937195
stacked_lora,mnli,all,8,up_proj,9,0.999987006187439
stacked_lora,mnli,all,8,up_proj,10,0.9999684691429138
stacked_lora,mnli,all,8,up_proj,11,0.9999802112579346
stacked_lora,mnli,all,8,up_proj,12,0.9999704957008362
stacked_lora,mnli,all,8,up_proj,13,0.9967592358589172
stacked_lora,mnli,all,8,up_proj,14,0.9967500567436218
stacked_lora,mnli,all,8,up_proj,15,0.9999727010726929
stacked_lora,mnli,all,8,up_proj,16,0.9999774098396301
stacked_lora,mnli,all,8,up_proj,17,0.9999877214431763
stacked_lora,mnli,all,8,up_proj,18,0.9999845027923584
stacked_lora,mnli,all,8,up_proj,19,0.9999434947967529
stacked_lora,mnli,all,8,up_proj,20,0.9999188184738159
stacked_lora,mnli,all,8,up_proj,21,0.9999719262123108
stacked_lora,mnli,all,8,up_proj,22,0.9999706745147705
stacked_lora,mnli,all,8,up_proj,23,0.9990114569664001
stacked_lora,mnli,all,8,up_proj,24,0.9989924430847168
stacked_lora,mnli,all,8,up_proj,25,0.9998727440834045
stacked_lora,mnli,all,8,up_proj,26,0.9998524188995361
stacked_lora,mnli,all,8,up_proj,27,0.9999756217002869
stacked_lora,mnli,all,8,up_proj,28,0.9999053478240967
stacked_lora,mnli,all,8,up_proj,29,0.9993658661842346
stacked_lora,mnli,all,8,up_proj,30,0.9993599057197571
stacked_lora,mnli,all,8,up_proj,31,0.9997925758361816
stacked_lora,mnli,all,8,up_proj,32,0.9997373819351196
stacked_lora,mnli,all,8,up_proj,33,0.9998940229415894
stacked_lora,mnli,all,8,up_proj,34,0.9999310970306396
stacked_lora,mnli,all,8,up_proj,35,0.999846875667572
stacked_lora,mnli,all,8,up_proj,36,0.9998447299003601
stacked_lora,mnli,all,8,up_proj,37,0.9999379515647888
stacked_lora,mnli,all,8,up_proj,38,0.9999749660491943
stacked_lora,mnli,all,8,up_proj,39,0.9998147487640381
stacked_lora,mnli,all,8,up_proj,40,0.9998788833618164
stacked_lora,mnli,all,8,up_proj,41,0.9996236562728882
stacked_lora,mnli,all,8,up_proj,42,0.9994210004806519
stacked_lora,mnli,all,8,up_proj,43,0.9991976022720337
stacked_lora,mnli,all,8,up_proj,44,0.99957275390625
stacked_lora,mnli,all,8,up_proj,45,0.9997416138648987
stacked_lora,mnli,all,8,up_proj,46,0.9997646808624268
stacked_lora,mnli,all,8,up_proj,47,0.9998458623886108
stacked_lora,mnli,all,8,up_proj,48,0.9998427033424377
stacked_lora,mnli,all,8,up_proj,49,0.9998728632926941
stacked_lora,mnli,all,8,up_proj,50,0.9999193549156189
stacked_lora,mnli,all,8,up_proj,51,0.9998999238014221
stacked_lora,mnli,all,8,up_proj,52,0.9996832609176636
stacked_lora,mnli,all,8,up_proj,53,0.999657928943634
stacked_lora,mnli,all,8,up_proj,54,0.9994480609893799
stacked_lora,mnli,all,8,up_proj,55,0.9994450807571411
stacked_lora,mnli,all,8,up_proj,56,0.9996092319488525
stacked_lora,mnli,all,8,up_proj,57,0.9997708797454834
stacked_lora,mnli,all,8,up_proj,58,0.9995125532150269
stacked_lora,mnli,all,8,up_proj,59,0.9994146823883057
stacked_lora,mnli,all,8,up_proj,60,0.9998199939727783
stacked_lora,mnli,all,8,up_proj,61,0.999559223651886
stacked_lora,mnli,all,8,up_proj,62,0.9993948936462402
stacked_lora,mnli,all,8,up_proj,63,0.9993414282798767
stacked_lora,mnli,all,8,up_proj,64,0.9998371601104736
stacked_lora,mnli,all,8,up_proj,65,0.9995706677436829
stacked_lora,mnli,all,8,up_proj,66,0.9996119737625122
stacked_lora,mnli,all,8,up_proj,67,0.9594051837921143
stacked_lora,mnli,all,8,up_proj,68,0.9593390226364136
stacked_lora,mnli,all,8,up_proj,69,0.9996113181114197
stacked_lora,mnli,all,8,up_proj,70,0.9969015717506409
stacked_lora,mnli,all,8,up_proj,71,0.9956716895103455
stacked_lora,mnli,all,8,up_proj,72,0.9975441694259644
stacked_lora,mnli,all,8,up_proj,73,0.9991210699081421
stacked_lora,mnli,all,8,up_proj,74,0.9993860125541687
stacked_lora,mnli,all,8,up_proj,75,0.999650239944458
stacked_lora,mnli,all,8,up_proj,76,0.9995140433311462
stacked_lora,mnli,all,8,up_proj,77,0.9995853900909424
stacked_lora,mnli,all,8,up_proj,78,0.9998257756233215
stacked_lora,mnli,all,8,up_proj,79,0.9981557130813599
stacked_lora,mnli,all,8,up_proj,80,0.9983417987823486
stacked_lora,mnli,all,8,up_proj,81,0.9973232746124268
stacked_lora,mnli,all,8,up_proj,82,0.9973248839378357
stacked_lora,mnli,all,8,up_proj,83,0.9998576045036316
stacked_lora,mnli,all,8,up_proj,84,0.9998612403869629
stacked_lora,mnli,all,8,up_proj,85,0.9996894598007202
stacked_lora,mnli,all,8,up_proj,86,0.9998067617416382
stacked_lora,mnli,all,8,up_proj,87,0.9997292160987854
stacked_lora,mnli,all,8,up_proj,88,0.9998558759689331
stacked_lora,mnli,all,8,up_proj,89,0.9991716146469116
stacked_lora,mnli,all,8,up_proj,90,0.9992048740386963
stacked_lora,mnli,all,8,up_proj,91,0.9993264675140381
stacked_lora,mnli,all,8,up_proj,92,0.9994776844978333
stacked_lora,mnli,all,8,up_proj,93,0.999548614025116
stacked_lora,mnli,all,8,up_proj,94,0.9995196461677551
stacked_lora,mnli,all,8,up_proj,95,0.9993050694465637
stacked_lora,mnli,all,8,up_proj,96,0.9992802143096924
stacked_lora,mnli,all,8,up_proj,97,0.9997047781944275
stacked_lora,mnli,all,8,up_proj,98,0.9995254278182983
stacked_lora,mnli,all,8,up_proj,99,0.999609112739563
stacked_lora,mnli,all,8,up_proj,100,0.9992902278900146
stacked_lora,mnli,all,8,up_proj,101,0.9995800852775574
stacked_lora,mnli,all,8,up_proj,102,0.9988157749176025
stacked_lora,mnli,all,8,up_proj,103,0.9989751577377319
stacked_lora,mnli,all,8,up_proj,104,0.998783528804779
stacked_lora,mnli,all,8,up_proj,105,0.9975468516349792
stacked_lora,mnli,all,8,up_proj,106,0.9986920952796936
stacked_lora,mnli,all,8,up_proj,107,0.9992122054100037
stacked_lora,mnli,all,8,up_proj,108,0.9995126724243164
stacked_lora,mnli,all,8,up_proj,109,0.9985820055007935
stacked_lora,mnli,all,8,up_proj,110,0.999696671962738
stacked_lora,mnli,all,8,up_proj,111,0.9915286302566528
stacked_lora,mnli,all,8,up_proj,112,0.9918455481529236
stacked_lora,mnli,all,8,up_proj,113,0.9989115595817566
stacked_lora,mnli,all,8,up_proj,114,0.9985606074333191
stacked_lora,mnli,all,8,up_proj,115,0.9986529350280762
stacked_lora,mnli,all,8,up_proj,116,0.9985796809196472
stacked_lora,mnli,all,8,up_proj,117,0.9992494583129883
stacked_lora,mnli,all,8,up_proj,118,0.988620936870575
stacked_lora,mnli,all,8,up_proj,119,0.9843764305114746
stacked_lora,mnli,all,8,up_proj,120,0.9931665658950806
stacked_lora,mnli,all,8,up_proj,121,0.9961608052253723
stacked_lora,mnli,all,8,up_proj,122,0.9970625638961792
stacked_lora,mnli,all,8,up_proj,123,0.9972430467605591
stacked_lora,mnli,all,8,up_proj,124,0.9972084164619446
stacked_lora,mnli,all,8,up_proj,125,0.9977209568023682
stacked_lora,mnli,all,8,up_proj,126,0.9986600875854492
stacked_lora,mnli,all,8,up_proj,127,0.9986764788627625
stacked_lora,mnli,all,8,up_proj,128,0.9882345199584961
stacked_lora,mnli,all,8,up_proj,129,0.99013751745224
stacked_lora,mnli,all,8,up_proj,130,0.9962770938873291
stacked_lora,mnli,all,8,up_proj,131,0.9985970258712769
stacked_lora,mnli,all,8,up_proj,132,0.9985536932945251
stacked_lora,mnli,all,8,up_proj,133,0.9970242977142334
stacked_lora,mnli,all,8,up_proj,134,0.9964948296546936
stacked_lora,mnli,all,8,up_proj,135,0.9929318428039551
stacked_lora,mnli,all,8,up_proj,136,0.9930038452148438
stacked_lora,mnli,all,8,up_proj,137,0.9987788200378418
stacked_lora,mnli,all,8,up_proj,138,0.9959846138954163
stacked_lora,mnli,all,8,up_proj,139,0.9989374876022339
stacked_lora,mnli,all,8,up_proj,140,0.9944810271263123
stacked_lora,mnli,all,8,up_proj,141,0.9963589906692505
stacked_lora,mnli,all,8,up_proj,142,0.999153733253479
stacked_lora,mnli,all,8,up_proj,143,0.998376190662384
stacked_lora,mnli,all,8,up_proj,144,0.9980297088623047
stacked_lora,mnli,all,8,up_proj,145,0.9912097454071045
stacked_lora,mnli,all,8,up_proj,146,0.990784227848053
stacked_lora,mnli,all,8,up_proj,147,0.9990582466125488
stacked_lora,mnli,all,8,up_proj,148,0.998771071434021
stacked_lora,mnli,all,8,up_proj,149,0.9980199933052063
stacked_lora,mnli,all,8,up_proj,150,0.9979232549667358
stacked_lora,mnli,all,8,down_proj,1,0.9999998807907104
stacked_lora,mnli,all,8,down_proj,2,0.9999995827674866
stacked_lora,mnli,all,8,down_proj,3,1.0000003576278687
stacked_lora,mnli,all,8,down_proj,4,1.0000004768371582
stacked_lora,mnli,all,8,down_proj,5,0.9999997019767761
stacked_lora,mnli,all,8,down_proj,6,0.9999990463256836
stacked_lora,mnli,all,8,down_proj,7,0.9999991655349731
stacked_lora,mnli,all,8,down_proj,8,0.9999996423721313
stacked_lora,mnli,all,8,down_proj,9,0.9999996423721313
stacked_lora,mnli,all,8,down_proj,10,0.9999959468841553
stacked_lora,mnli,all,8,down_proj,11,0.9999979734420776
stacked_lora,mnli,all,8,down_proj,12,0.9999951124191284
stacked_lora,mnli,all,8,down_proj,13,0.999999463558197
stacked_lora,mnli,all,8,down_proj,14,0.9999995231628418
stacked_lora,mnli,all,8,down_proj,15,0.9999992251396179
stacked_lora,mnli,all,8,down_proj,16,0.9999982714653015
stacked_lora,mnli,all,8,down_proj,17,0.9999966025352478
stacked_lora,mnli,all,8,down_proj,18,0.9999836683273315
stacked_lora,mnli,all,8,down_proj,19,0.9998851418495178
stacked_lora,mnli,all,8,down_proj,20,0.9998836517333984
stacked_lora,mnli,all,8,down_proj,21,0.9999964237213135
stacked_lora,mnli,all,8,down_proj,22,0.9999542236328125
stacked_lora,mnli,all,8,down_proj,23,0.9999459385871887
stacked_lora,mnli,all,8,down_proj,24,0.99998539686203
stacked_lora,mnli,all,8,down_proj,25,0.9999921917915344
stacked_lora,mnli,all,8,down_proj,26,0.9999719858169556
stacked_lora,mnli,all,8,down_proj,27,0.9999642968177795
stacked_lora,mnli,all,8,down_proj,28,0.999996542930603
stacked_lora,mnli,all,8,down_proj,29,0.9999978542327881
stacked_lora,mnli,all,8,down_proj,30,0.9999905824661255
stacked_lora,mnli,all,8,down_proj,31,0.9999915361404419
stacked_lora,mnli,all,8,down_proj,32,0.9999942779541016
stacked_lora,mnli,all,8,down_proj,33,0.9999815225601196
stacked_lora,mnli,all,8,down_proj,34,0.999987781047821
stacked_lora,mnli,all,8,down_proj,35,0.9999825358390808
stacked_lora,mnli,all,8,down_proj,36,0.9999743700027466
stacked_lora,mnli,all,8,down_proj,37,0.9999850988388062
stacked_lora,mnli,all,8,down_proj,38,0.9998958110809326
stacked_lora,mnli,all,8,down_proj,39,0.9999087452888489
stacked_lora,mnli,all,8,down_proj,40,0.9999896883964539
stacked_lora,mnli,all,8,down_proj,41,0.9999446272850037
stacked_lora,mnli,all,8,down_proj,42,0.9999276399612427
stacked_lora,mnli,all,8,down_proj,43,0.9999620318412781
stacked_lora,mnli,all,8,down_proj,44,0.9999841451644897
stacked_lora,mnli,all,8,down_proj,45,0.9999846816062927
stacked_lora,mnli,all,8,down_proj,46,0.9999748468399048
stacked_lora,mnli,all,8,down_proj,47,0.999991774559021
stacked_lora,mnli,all,8,down_proj,48,0.9999754428863525
stacked_lora,mnli,all,8,down_proj,49,0.9999781847000122
stacked_lora,mnli,all,8,down_proj,50,0.9999448657035828
stacked_lora,mnli,all,8,down_proj,51,0.9999428987503052
stacked_lora,mnli,all,8,down_proj,52,0.9998855590820312
stacked_lora,mnli,all,8,down_proj,53,0.9999483227729797
stacked_lora,mnli,all,8,down_proj,54,0.9988476037979126
stacked_lora,mnli,all,8,down_proj,55,0.998844563961029
stacked_lora,mnli,all,8,down_proj,56,0.9999107718467712
stacked_lora,mnli,all,8,down_proj,57,0.9999445676803589
stacked_lora,mnli,all,8,down_proj,58,0.9999452233314514
stacked_lora,mnli,all,8,down_proj,59,0.9999803900718689
stacked_lora,mnli,all,8,down_proj,60,0.9999533891677856
stacked_lora,mnli,all,8,down_proj,61,0.9999738931655884
stacked_lora,mnli,all,8,down_proj,62,0.9999858140945435
stacked_lora,mnli,all,8,down_proj,63,0.9999722838401794
stacked_lora,mnli,all,8,down_proj,64,0.9999711513519287
stacked_lora,mnli,all,8,down_proj,65,0.999830424785614
stacked_lora,mnli,all,8,down_proj,66,0.9992514848709106
stacked_lora,mnli,all,8,down_proj,67,0.9993206262588501
stacked_lora,mnli,all,8,down_proj,68,0.9997768998146057
stacked_lora,mnli,all,8,down_proj,69,0.9998872876167297
stacked_lora,mnli,all,8,down_proj,70,0.9999570846557617
stacked_lora,mnli,all,8,down_proj,71,0.9999024868011475
stacked_lora,mnli,all,8,down_proj,72,0.999972939491272
stacked_lora,mnli,all,8,down_proj,73,0.9995373487472534
stacked_lora,mnli,all,8,down_proj,74,0.9995905160903931
stacked_lora,mnli,all,8,down_proj,75,0.9998190999031067
stacked_lora,mnli,all,8,down_proj,76,0.9999302625656128
stacked_lora,mnli,all,8,down_proj,77,0.9998406767845154
stacked_lora,mnli,all,8,down_proj,78,0.9999690055847168
stacked_lora,mnli,all,8,down_proj,79,0.9998574256896973
stacked_lora,mnli,all,8,down_proj,80,0.9999807476997375
stacked_lora,mnli,all,8,down_proj,81,0.9998742341995239
stacked_lora,mnli,all,8,down_proj,82,0.999942421913147
stacked_lora,mnli,all,8,down_proj,83,0.9993458986282349
stacked_lora,mnli,all,8,down_proj,84,0.999748170375824
stacked_lora,mnli,all,8,down_proj,85,0.9997658729553223
stacked_lora,mnli,all,8,down_proj,86,0.9997875690460205
stacked_lora,mnli,all,8,down_proj,87,0.9999611973762512
stacked_lora,mnli,all,8,down_proj,88,0.9999536275863647
stacked_lora,mnli,all,8,down_proj,89,0.9984756112098694
stacked_lora,mnli,all,8,down_proj,90,0.9985183477401733
stacked_lora,mnli,all,8,down_proj,91,0.999920666217804
stacked_lora,mnli,all,8,down_proj,92,0.9998780488967896
stacked_lora,mnli,all,8,down_proj,93,0.9997313618659973
stacked_lora,mnli,all,8,down_proj,94,0.999840259552002
stacked_lora,mnli,all,8,down_proj,95,0.9999463558197021
stacked_lora,mnli,all,8,down_proj,96,0.9999035000801086
stacked_lora,mnli,all,8,down_proj,97,0.9999459385871887
stacked_lora,mnli,all,8,down_proj,98,0.9999116659164429
stacked_lora,mnli,all,8,down_proj,99,0.9999026656150818
stacked_lora,mnli,all,8,down_proj,100,0.999813437461853
stacked_lora,mnli,all,8,down_proj,101,0.99930340051651
stacked_lora,mnli,all,8,down_proj,102,0.9994953870773315
stacked_lora,mnli,all,8,down_proj,103,0.9998311996459961
stacked_lora,mnli,all,8,down_proj,104,0.999762773513794
stacked_lora,mnli,all,8,down_proj,105,0.9992722868919373
stacked_lora,mnli,all,8,down_proj,106,0.9994027614593506
stacked_lora,mnli,all,8,down_proj,107,0.9999626278877258
stacked_lora,mnli,all,8,down_proj,108,0.9998717904090881
stacked_lora,mnli,all,8,down_proj,109,0.9998741149902344
stacked_lora,mnli,all,8,down_proj,110,0.9998949766159058
stacked_lora,mnli,all,8,down_proj,111,0.9998974800109863
stacked_lora,mnli,all,8,down_proj,112,0.9999242424964905
stacked_lora,mnli,all,8,down_proj,113,0.9999305009841919
stacked_lora,mnli,all,8,down_proj,114,0.999929666519165
stacked_lora,mnli,all,8,down_proj,115,0.9981170892715454
stacked_lora,mnli,all,8,down_proj,116,0.9980611205101013
stacked_lora,mnli,all,8,down_proj,117,0.9998748302459717
stacked_lora,mnli,all,8,down_proj,118,0.9997134804725647
stacked_lora,mnli,all,8,down_proj,119,0.9995434284210205
stacked_lora,mnli,all,8,down_proj,120,0.9998733997344971
stacked_lora,mnli,all,8,down_proj,121,0.9998328685760498
stacked_lora,mnli,all,8,down_proj,122,0.9997658133506775
stacked_lora,mnli,all,8,down_proj,123,0.9998242259025574
stacked_lora,mnli,all,8,down_proj,124,0.9996333122253418
stacked_lora,mnli,all,8,down_proj,125,0.9995935559272766
stacked_lora,mnli,all,8,down_proj,126,0.999646782875061
stacked_lora,mnli,all,8,down_proj,127,0.998395562171936
stacked_lora,mnli,all,8,down_proj,128,0.9976668953895569
stacked_lora,mnli,all,8,down_proj,129,0.999390721321106
stacked_lora,mnli,all,8,down_proj,130,0.9998494386672974
stacked_lora,mnli,all,8,down_proj,131,0.9996709823608398
stacked_lora,mnli,all,8,down_proj,132,0.9999181628227234
stacked_lora,mnli,all,8,down_proj,133,0.9998747706413269
stacked_lora,mnli,all,8,down_proj,134,0.9998773336410522
stacked_lora,mnli,all,8,down_proj,135,0.9996197819709778
stacked_lora,mnli,all,8,down_proj,136,0.9987279772758484
stacked_lora,mnli,all,8,down_proj,137,0.9941025376319885
stacked_lora,mnli,all,8,down_proj,138,0.9951686859130859
stacked_lora,mnli,all,8,down_proj,139,0.9941626191139221
stacked_lora,mnli,all,8,down_proj,140,0.9986123442649841
stacked_lora,mnli,all,8,down_proj,141,0.9984172582626343
stacked_lora,mnli,all,8,down_proj,142,0.9993945360183716
stacked_lora,mnli,all,8,down_proj,143,0.9998077750205994
stacked_lora,mnli,all,8,down_proj,144,0.9997979402542114
stacked_lora,mnli,all,8,down_proj,145,0.9949676394462585
stacked_lora,mnli,all,8,down_proj,146,0.9947758316993713
stacked_lora,mnli,all,8,down_proj,147,0.9997366666793823
stacked_lora,mnli,all,8,down_proj,148,0.999769389629364
stacked_lora,mnli,all,8,down_proj,149,0.9998019933700562
stacked_lora,mnli,all,8,down_proj,150,0.999660849571228
stacked_lora,mnli,all,15,q_proj,1,1.0000004768371582
stacked_lora,mnli,all,15,q_proj,2,1.0000007152557373
stacked_lora,mnli,all,15,q_proj,3,1.000000238418579
stacked_lora,mnli,all,15,q_proj,4,0.9999986290931702
stacked_lora,mnli,all,15,q_proj,5,0.9999988079071045
stacked_lora,mnli,all,15,q_proj,6,0.9999996423721313
stacked_lora,mnli,all,15,q_proj,7,0.9999927878379822
stacked_lora,mnli,all,15,q_proj,8,0.9999924302101135
stacked_lora,mnli,all,15,q_proj,9,0.999997615814209
stacked_lora,mnli,all,15,q_proj,10,0.9999979734420776
stacked_lora,mnli,all,15,q_proj,11,0.9999986290931702
stacked_lora,mnli,all,15,q_proj,12,0.9999992251396179
stacked_lora,mnli,all,15,q_proj,13,0.9999992847442627
stacked_lora,mnli,all,15,q_proj,14,0.999999463558197
stacked_lora,mnli,all,15,q_proj,15,0.9999974966049194
stacked_lora,mnli,all,15,q_proj,16,0.9999991655349731
stacked_lora,mnli,all,15,q_proj,17,0.9999990463256836
stacked_lora,mnli,all,15,q_proj,18,0.9999986886978149
stacked_lora,mnli,all,15,q_proj,19,0.9999943375587463
stacked_lora,mnli,all,15,q_proj,20,0.9999913573265076
stacked_lora,mnli,all,15,q_proj,21,0.9999967217445374
stacked_lora,mnli,all,15,q_proj,22,0.9999880194664001
stacked_lora,mnli,all,15,q_proj,23,0.9999884963035583
stacked_lora,mnli,all,15,q_proj,24,0.9999998211860657
stacked_lora,mnli,all,15,q_proj,25,0.9999996423721313
stacked_lora,mnli,all,15,q_proj,26,0.9999992251396179
stacked_lora,mnli,all,15,q_proj,27,0.9999990463256836
stacked_lora,mnli,all,15,q_proj,28,0.9999955892562866
stacked_lora,mnli,all,15,q_proj,29,0.9999949336051941
stacked_lora,mnli,all,15,q_proj,30,0.9999992251396179
stacked_lora,mnli,all,15,q_proj,31,0.9999984502792358
stacked_lora,mnli,all,15,q_proj,32,0.9999980926513672
stacked_lora,mnli,all,15,q_proj,33,0.9999991655349731
stacked_lora,mnli,all,15,q_proj,34,0.9999991655349731
stacked_lora,mnli,all,15,q_proj,35,0.9999986290931702
stacked_lora,mnli,all,15,q_proj,36,0.9999985098838806
stacked_lora,mnli,all,15,q_proj,37,0.9999967813491821
stacked_lora,mnli,all,15,q_proj,38,0.9999979138374329
stacked_lora,mnli,all,15,q_proj,39,0.9999905824661255
stacked_lora,mnli,all,15,q_proj,40,0.9999983310699463
stacked_lora,mnli,all,15,q_proj,41,0.9999571442604065
stacked_lora,mnli,all,15,q_proj,42,0.9999582171440125
stacked_lora,mnli,all,15,q_proj,43,0.999998152256012
stacked_lora,mnli,all,15,q_proj,44,0.999998927116394
stacked_lora,mnli,all,15,q_proj,45,0.9999989867210388
stacked_lora,mnli,all,15,q_proj,46,0.9999980330467224
stacked_lora,mnli,all,15,q_proj,47,0.9999970197677612
stacked_lora,mnli,all,15,q_proj,48,0.9999971389770508
stacked_lora,mnli,all,15,q_proj,49,0.9999985098838806
stacked_lora,mnli,all,15,q_proj,50,0.9999471306800842
stacked_lora,mnli,all,15,q_proj,51,0.9999440312385559
stacked_lora,mnli,all,15,q_proj,52,0.9999973177909851
stacked_lora,mnli,all,15,q_proj,53,0.9999971985816956
stacked_lora,mnli,all,15,q_proj,54,0.999992311000824
stacked_lora,mnli,all,15,q_proj,55,0.9999939203262329
stacked_lora,mnli,all,15,q_proj,56,0.9999892711639404
stacked_lora,mnli,all,15,q_proj,57,0.9999914765357971
stacked_lora,mnli,all,15,q_proj,58,0.9999935030937195
stacked_lora,mnli,all,15,q_proj,59,0.9999875426292419
stacked_lora,mnli,all,15,q_proj,60,0.9999802708625793
stacked_lora,mnli,all,15,q_proj,61,0.9999814629554749
stacked_lora,mnli,all,15,q_proj,62,0.9999814033508301
stacked_lora,mnli,all,15,q_proj,63,0.9999719858169556
stacked_lora,mnli,all,15,q_proj,64,0.999968409538269
stacked_lora,mnli,all,15,q_proj,65,0.9999747276306152
stacked_lora,mnli,all,15,q_proj,66,0.9999820590019226
stacked_lora,mnli,all,15,q_proj,67,0.9999954700469971
stacked_lora,mnli,all,15,q_proj,68,0.999993622303009
stacked_lora,mnli,all,15,q_proj,69,0.9999958872795105
stacked_lora,mnli,all,15,q_proj,70,0.999995768070221
stacked_lora,mnli,all,15,q_proj,71,0.9999862313270569
stacked_lora,mnli,all,15,q_proj,72,0.9999904036521912
stacked_lora,mnli,all,15,q_proj,73,0.9999802708625793
stacked_lora,mnli,all,15,q_proj,74,0.9999906420707703
stacked_lora,mnli,all,15,q_proj,75,0.9999546408653259
stacked_lora,mnli,all,15,q_proj,76,0.9999681115150452
stacked_lora,mnli,all,15,q_proj,77,0.9999819397926331
stacked_lora,mnli,all,15,q_proj,78,0.9999868869781494
stacked_lora,mnli,all,15,q_proj,79,0.999982476234436
stacked_lora,mnli,all,15,q_proj,80,0.9999938011169434
stacked_lora,mnli,all,15,q_proj,81,0.9999740123748779
stacked_lora,mnli,all,15,q_proj,82,0.9999722838401794
stacked_lora,mnli,all,15,q_proj,83,0.9999845623970032
stacked_lora,mnli,all,15,q_proj,84,0.9999881982803345
stacked_lora,mnli,all,15,q_proj,85,0.9999698996543884
stacked_lora,mnli,all,15,q_proj,86,0.999969482421875
stacked_lora,mnli,all,15,q_proj,87,0.9999677538871765
stacked_lora,mnli,all,15,q_proj,88,0.9999831318855286
stacked_lora,mnli,all,15,q_proj,89,0.9999507069587708
stacked_lora,mnli,all,15,q_proj,90,0.9999524354934692
stacked_lora,mnli,all,15,q_proj,91,0.9999891519546509
stacked_lora,mnli,all,15,q_proj,92,0.9999940991401672
stacked_lora,mnli,all,15,q_proj,93,0.9999938011169434
stacked_lora,mnli,all,15,q_proj,94,0.9999790191650391
stacked_lora,mnli,all,15,q_proj,95,0.9999903440475464
stacked_lora,mnli,all,15,q_proj,96,0.9999857544898987
stacked_lora,mnli,all,15,q_proj,97,0.9999814629554749
stacked_lora,mnli,all,15,q_proj,98,0.999962329864502
stacked_lora,mnli,all,15,q_proj,99,0.9999625086784363
stacked_lora,mnli,all,15,q_proj,100,0.9999935626983643
stacked_lora,mnli,all,15,q_proj,101,0.9998199343681335
stacked_lora,mnli,all,15,q_proj,102,0.9998369812965393
stacked_lora,mnli,all,15,q_proj,103,0.9999875426292419
stacked_lora,mnli,all,15,q_proj,104,0.9999875426292419
stacked_lora,mnli,all,15,q_proj,105,0.9999791979789734
stacked_lora,mnli,all,15,q_proj,106,0.9999833106994629
stacked_lora,mnli,all,15,q_proj,107,0.9999068379402161
stacked_lora,mnli,all,15,q_proj,108,0.9998913407325745
stacked_lora,mnli,all,15,q_proj,109,0.9999792575836182
stacked_lora,mnli,all,15,q_proj,110,0.9999854564666748
stacked_lora,mnli,all,15,q_proj,111,0.9999904036521912
stacked_lora,mnli,all,15,q_proj,112,0.9999778866767883
stacked_lora,mnli,all,15,q_proj,113,0.9999591708183289
stacked_lora,mnli,all,15,q_proj,114,0.999720573425293
stacked_lora,mnli,all,15,q_proj,115,0.9997524619102478
stacked_lora,mnli,all,15,q_proj,116,0.9999640583992004
stacked_lora,mnli,all,15,q_proj,117,0.999955952167511
stacked_lora,mnli,all,15,q_proj,118,0.999962329864502
stacked_lora,mnli,all,15,q_proj,119,0.9999381303787231
stacked_lora,mnli,all,15,q_proj,120,0.9999825358390808
stacked_lora,mnli,all,15,q_proj,121,0.9999779462814331
stacked_lora,mnli,all,15,q_proj,122,0.9999695420265198
stacked_lora,mnli,all,15,q_proj,123,0.9998226165771484
stacked_lora,mnli,all,15,q_proj,124,0.9998233318328857
stacked_lora,mnli,all,15,q_proj,125,0.999142587184906
stacked_lora,mnli,all,15,q_proj,126,0.9991728067398071
stacked_lora,mnli,all,15,q_proj,127,0.9999500513076782
stacked_lora,mnli,all,15,q_proj,128,0.9999755024909973
stacked_lora,mnli,all,15,q_proj,129,0.9999327659606934
stacked_lora,mnli,all,15,q_proj,130,0.9999348521232605
stacked_lora,mnli,all,15,q_proj,131,0.9999903440475464
stacked_lora,mnli,all,15,q_proj,132,0.9999715089797974
stacked_lora,mnli,all,15,q_proj,133,0.9999738335609436
stacked_lora,mnli,all,15,q_proj,134,0.9999176263809204
stacked_lora,mnli,all,15,q_proj,135,0.9999041557312012
stacked_lora,mnli,all,15,q_proj,136,0.9998220205307007
stacked_lora,mnli,all,15,q_proj,137,0.9998318552970886
stacked_lora,mnli,all,15,q_proj,138,0.9999266266822815
stacked_lora,mnli,all,15,q_proj,139,0.9998157620429993
stacked_lora,mnli,all,15,q_proj,140,0.9998030662536621
stacked_lora,mnli,all,15,q_proj,141,0.9999005198478699
stacked_lora,mnli,all,15,q_proj,142,0.9999622106552124
stacked_lora,mnli,all,15,q_proj,143,0.9999592304229736
stacked_lora,mnli,all,15,q_proj,144,0.9999240636825562
stacked_lora,mnli,all,15,q_proj,145,0.9996005296707153
stacked_lora,mnli,all,15,q_proj,146,0.9996410608291626
stacked_lora,mnli,all,15,q_proj,147,0.9999565482139587
stacked_lora,mnli,all,15,q_proj,148,0.9999469518661499
stacked_lora,mnli,all,15,q_proj,149,0.9999634027481079
stacked_lora,mnli,all,15,q_proj,150,0.9998972415924072
stacked_lora,mnli,all,15,v_proj,1,0.9999974966049194
stacked_lora,mnli,all,15,v_proj,2,0.9999963045120239
stacked_lora,mnli,all,15,v_proj,3,0.9999967813491821
stacked_lora,mnli,all,15,v_proj,4,0.9999988079071045
stacked_lora,mnli,all,15,v_proj,5,0.9999982118606567
stacked_lora,mnli,all,15,v_proj,6,0.9999970197677612
stacked_lora,mnli,all,15,v_proj,7,0.9999956488609314
stacked_lora,mnli,all,15,v_proj,8,0.999996542930603
stacked_lora,mnli,all,15,v_proj,9,0.9999955892562866
stacked_lora,mnli,all,15,v_proj,10,0.9999926090240479
stacked_lora,mnli,all,15,v_proj,11,0.9999954700469971
stacked_lora,mnli,all,15,v_proj,12,0.9999904632568359
stacked_lora,mnli,all,15,v_proj,13,0.9999904632568359
stacked_lora,mnli,all,15,v_proj,14,0.9999813437461853
stacked_lora,mnli,all,15,v_proj,15,0.9998587369918823
stacked_lora,mnli,all,15,v_proj,16,0.9998459815979004
stacked_lora,mnli,all,15,v_proj,17,0.9999821186065674
stacked_lora,mnli,all,15,v_proj,18,0.9999882578849792
stacked_lora,mnli,all,15,v_proj,19,0.9999891519546509
stacked_lora,mnli,all,15,v_proj,20,0.9999967813491821
stacked_lora,mnli,all,15,v_proj,21,0.9999921321868896
stacked_lora,mnli,all,15,v_proj,22,0.9999920129776001
stacked_lora,mnli,all,15,v_proj,23,0.9999892711639404
stacked_lora,mnli,all,15,v_proj,24,0.9999921321868896
stacked_lora,mnli,all,15,v_proj,25,0.999988317489624
stacked_lora,mnli,all,15,v_proj,26,0.9999776482582092
stacked_lora,mnli,all,15,v_proj,27,0.9999788403511047
stacked_lora,mnli,all,15,v_proj,28,0.9999803900718689
stacked_lora,mnli,all,15,v_proj,29,0.9999966025352478
stacked_lora,mnli,all,15,v_proj,30,0.9999862909317017
stacked_lora,mnli,all,15,v_proj,31,0.9999890327453613
stacked_lora,mnli,all,15,v_proj,32,0.9999940395355225
stacked_lora,mnli,all,15,v_proj,33,0.999994158744812
stacked_lora,mnli,all,15,v_proj,34,0.9999953508377075
stacked_lora,mnli,all,15,v_proj,35,0.9999927282333374
stacked_lora,mnli,all,15,v_proj,36,0.9998732805252075
stacked_lora,mnli,all,15,v_proj,37,0.9998809695243835
stacked_lora,mnli,all,15,v_proj,38,0.9999954700469971
stacked_lora,mnli,all,15,v_proj,39,0.9999940991401672
stacked_lora,mnli,all,15,v_proj,40,0.9999926090240479
stacked_lora,mnli,all,15,v_proj,41,0.999948263168335
stacked_lora,mnli,all,15,v_proj,42,0.9999452829360962
stacked_lora,mnli,all,15,v_proj,43,0.999970555305481
stacked_lora,mnli,all,15,v_proj,44,0.9999829530715942
stacked_lora,mnli,all,15,v_proj,45,0.9999853372573853
stacked_lora,mnli,all,15,v_proj,46,0.9999836087226868
stacked_lora,mnli,all,15,v_proj,47,0.9999899864196777
stacked_lora,mnli,all,15,v_proj,48,0.9999932050704956
stacked_lora,mnli,all,15,v_proj,49,0.9999960660934448
stacked_lora,mnli,all,15,v_proj,50,0.9999921321868896
stacked_lora,mnli,all,15,v_proj,51,0.999974250793457
stacked_lora,mnli,all,15,v_proj,52,0.9999725818634033
stacked_lora,mnli,all,15,v_proj,53,0.9999884963035583
stacked_lora,mnli,all,15,v_proj,54,0.999961256980896
stacked_lora,mnli,all,15,v_proj,55,0.9999406337738037
stacked_lora,mnli,all,15,v_proj,56,0.999931812286377
stacked_lora,mnli,all,15,v_proj,57,0.9999157190322876
stacked_lora,mnli,all,15,v_proj,58,0.9999916553497314
stacked_lora,mnli,all,15,v_proj,59,0.9999521970748901
stacked_lora,mnli,all,15,v_proj,60,0.9999594688415527
stacked_lora,mnli,all,15,v_proj,61,0.999995231628418
stacked_lora,mnli,all,15,v_proj,62,0.9999946355819702
stacked_lora,mnli,all,15,v_proj,63,0.9999961853027344
stacked_lora,mnli,all,15,v_proj,64,0.9999967813491821
stacked_lora,mnli,all,15,v_proj,65,0.9999905824661255
stacked_lora,mnli,all,15,v_proj,66,0.9999862909317017
stacked_lora,mnli,all,15,v_proj,67,0.9999164342880249
stacked_lora,mnli,all,15,v_proj,68,0.999945878982544
stacked_lora,mnli,all,15,v_proj,69,0.9999791383743286
stacked_lora,mnli,all,15,v_proj,70,0.9999797344207764
stacked_lora,mnli,all,15,v_proj,71,0.9999901652336121
stacked_lora,mnli,all,15,v_proj,72,0.9999497532844543
stacked_lora,mnli,all,15,v_proj,73,0.9999572038650513
stacked_lora,mnli,all,15,v_proj,74,0.9999279379844666
stacked_lora,mnli,all,15,v_proj,75,0.9999340176582336
stacked_lora,mnli,all,15,v_proj,76,0.9999889135360718
stacked_lora,mnli,all,15,v_proj,77,0.9999873638153076
stacked_lora,mnli,all,15,v_proj,78,0.9999663829803467
stacked_lora,mnli,all,15,v_proj,79,0.999965250492096
stacked_lora,mnli,all,15,v_proj,80,0.9999844431877136
stacked_lora,mnli,all,15,v_proj,81,0.9999710321426392
stacked_lora,mnli,all,15,v_proj,82,0.9999794960021973
stacked_lora,mnli,all,15,v_proj,83,0.9999479651451111
stacked_lora,mnli,all,15,v_proj,84,0.9999437928199768
stacked_lora,mnli,all,15,v_proj,85,0.9999643564224243
stacked_lora,mnli,all,15,v_proj,86,0.9999569058418274
stacked_lora,mnli,all,15,v_proj,87,0.999962568283081
stacked_lora,mnli,all,15,v_proj,88,0.9999731779098511
stacked_lora,mnli,all,15,v_proj,89,0.9999364018440247
stacked_lora,mnli,all,15,v_proj,90,0.9999491572380066
stacked_lora,mnli,all,15,v_proj,91,0.9999580383300781
stacked_lora,mnli,all,15,v_proj,92,0.9998946189880371
stacked_lora,mnli,all,15,v_proj,93,0.9997934103012085
stacked_lora,mnli,all,15,v_proj,94,0.9997680187225342
stacked_lora,mnli,all,15,v_proj,95,0.9998686909675598
stacked_lora,mnli,all,15,v_proj,96,0.9988011121749878
stacked_lora,mnli,all,15,v_proj,97,0.9990078806877136
stacked_lora,mnli,all,15,v_proj,98,0.9998948574066162
stacked_lora,mnli,all,15,v_proj,99,0.9998224973678589
stacked_lora,mnli,all,15,v_proj,100,0.9999393224716187
stacked_lora,mnli,all,15,v_proj,101,0.9998849630355835
stacked_lora,mnli,all,15,v_proj,102,0.9999199509620667
stacked_lora,mnli,all,15,v_proj,103,0.9997305274009705
stacked_lora,mnli,all,15,v_proj,104,0.999755859375
stacked_lora,mnli,all,15,v_proj,105,0.9998847842216492
stacked_lora,mnli,all,15,v_proj,106,0.9996424317359924
stacked_lora,mnli,all,15,v_proj,107,0.9994874000549316
stacked_lora,mnli,all,15,v_proj,108,0.9991129636764526
stacked_lora,mnli,all,15,v_proj,109,0.9994039535522461
stacked_lora,mnli,all,15,v_proj,110,0.9998231530189514
stacked_lora,mnli,all,15,v_proj,111,0.9997532367706299
stacked_lora,mnli,all,15,v_proj,112,0.9995972514152527
stacked_lora,mnli,all,15,v_proj,113,0.9997591376304626
stacked_lora,mnli,all,15,v_proj,114,0.9997812509536743
stacked_lora,mnli,all,15,v_proj,115,0.999728798866272
stacked_lora,mnli,all,15,v_proj,116,0.9996904730796814
stacked_lora,mnli,all,15,v_proj,117,0.9996107220649719
stacked_lora,mnli,all,15,v_proj,118,0.9996307492256165
stacked_lora,mnli,all,15,v_proj,119,0.999847948551178
stacked_lora,mnli,all,15,v_proj,120,0.9996563196182251
stacked_lora,mnli,all,15,v_proj,121,0.9995017647743225
stacked_lora,mnli,all,15,v_proj,122,0.9998471140861511
stacked_lora,mnli,all,15,v_proj,123,0.9998617172241211
stacked_lora,mnli,all,15,v_proj,124,0.9998782277107239
stacked_lora,mnli,all,15,v_proj,125,0.9998539686203003
stacked_lora,mnli,all,15,v_proj,126,0.9997050762176514
stacked_lora,mnli,all,15,v_proj,127,0.9995915293693542
stacked_lora,mnli,all,15,v_proj,128,0.9991170167922974
stacked_lora,mnli,all,15,v_proj,129,0.9993788003921509
stacked_lora,mnli,all,15,v_proj,130,0.9992924928665161
stacked_lora,mnli,all,15,v_proj,131,0.9990679025650024
stacked_lora,mnli,all,15,v_proj,132,0.999640941619873
stacked_lora,mnli,all,15,v_proj,133,0.9996399283409119
stacked_lora,mnli,all,15,v_proj,134,0.9997465014457703
stacked_lora,mnli,all,15,v_proj,135,0.9993440508842468
stacked_lora,mnli,all,15,v_proj,136,0.999254047870636
stacked_lora,mnli,all,15,v_proj,137,0.9992306232452393
stacked_lora,mnli,all,15,v_proj,138,0.9992601275444031
stacked_lora,mnli,all,15,v_proj,139,0.9996625185012817
stacked_lora,mnli,all,15,v_proj,140,0.9994620084762573
stacked_lora,mnli,all,15,v_proj,141,0.9997553825378418
stacked_lora,mnli,all,15,v_proj,142,0.9998332858085632
stacked_lora,mnli,all,15,v_proj,143,0.9996804594993591
stacked_lora,mnli,all,15,v_proj,144,0.9997422099113464
stacked_lora,mnli,all,15,v_proj,145,0.9997349381446838
stacked_lora,mnli,all,15,v_proj,146,0.9999575018882751
stacked_lora,mnli,all,15,v_proj,147,0.9998911023139954
stacked_lora,mnli,all,15,v_proj,148,0.999834418296814
stacked_lora,mnli,all,15,v_proj,149,0.9996917247772217
stacked_lora,mnli,all,15,v_proj,150,0.9984272122383118
stacked_lora,mnli,all,15,up_proj,1,0.9999990463256836
stacked_lora,mnli,all,15,up_proj,2,0.9999996423721313
stacked_lora,mnli,all,15,up_proj,3,0.9999995827674866
stacked_lora,mnli,all,15,up_proj,4,0.9999984502792358
stacked_lora,mnli,all,15,up_proj,5,0.999997079372406
stacked_lora,mnli,all,15,up_proj,6,0.9999969005584717
stacked_lora,mnli,all,15,up_proj,7,0.9999983310699463
stacked_lora,mnli,all,15,up_proj,8,0.9999991655349731
stacked_lora,mnli,all,15,up_proj,9,0.9999985694885254
stacked_lora,mnli,all,15,up_proj,10,0.999998152256012
stacked_lora,mnli,all,15,up_proj,11,0.9999987483024597
stacked_lora,mnli,all,15,up_proj,12,0.9999989867210388
stacked_lora,mnli,all,15,up_proj,13,0.9999857544898987
stacked_lora,mnli,all,15,up_proj,14,0.9999852776527405
stacked_lora,mnli,all,15,up_proj,15,0.999995768070221
stacked_lora,mnli,all,15,up_proj,16,0.9999924898147583
stacked_lora,mnli,all,15,up_proj,17,0.9999971389770508
stacked_lora,mnli,all,15,up_proj,18,0.9999985098838806
stacked_lora,mnli,all,15,up_proj,19,0.9999975562095642
stacked_lora,mnli,all,15,up_proj,20,0.9999980330467224
stacked_lora,mnli,all,15,up_proj,21,0.9999982118606567
stacked_lora,mnli,all,15,up_proj,22,0.9999961256980896
stacked_lora,mnli,all,15,up_proj,23,0.9999911785125732
stacked_lora,mnli,all,15,up_proj,24,0.9999933242797852
stacked_lora,mnli,all,15,up_proj,25,0.9999955892562866
stacked_lora,mnli,all,15,up_proj,26,0.9999760985374451
stacked_lora,mnli,all,15,up_proj,27,0.999980092048645
stacked_lora,mnli,all,15,up_proj,28,0.9999952912330627
stacked_lora,mnli,all,15,up_proj,29,0.999997079372406
stacked_lora,mnli,all,15,up_proj,30,0.9999947547912598
stacked_lora,mnli,all,15,up_proj,31,0.9999963641166687
stacked_lora,mnli,all,15,up_proj,32,0.999991238117218
stacked_lora,mnli,all,15,up_proj,33,0.9999960064888
stacked_lora,mnli,all,15,up_proj,34,0.9999924302101135
stacked_lora,mnli,all,15,up_proj,35,0.9999852776527405
stacked_lora,mnli,all,15,up_proj,36,0.9999902844429016
stacked_lora,mnli,all,15,up_proj,37,0.9999645948410034
stacked_lora,mnli,all,15,up_proj,38,0.999963641166687
stacked_lora,mnli,all,15,up_proj,39,0.9999531507492065
stacked_lora,mnli,all,15,up_proj,40,0.9999384880065918
stacked_lora,mnli,all,15,up_proj,41,0.9999745488166809
stacked_lora,mnli,all,15,up_proj,42,0.9999813437461853
stacked_lora,mnli,all,15,up_proj,43,0.9999814033508301
stacked_lora,mnli,all,15,up_proj,44,0.9999719858169556
stacked_lora,mnli,all,15,up_proj,45,0.999937117099762
stacked_lora,mnli,all,15,up_proj,46,0.9999610781669617
stacked_lora,mnli,all,15,up_proj,47,0.9999733567237854
stacked_lora,mnli,all,15,up_proj,48,0.9999562501907349
stacked_lora,mnli,all,15,up_proj,49,0.9999856352806091
stacked_lora,mnli,all,15,up_proj,50,0.9999871850013733
stacked_lora,mnli,all,15,up_proj,51,0.9999729990959167
stacked_lora,mnli,all,15,up_proj,52,0.999950110912323
stacked_lora,mnli,all,15,up_proj,53,0.999971330165863
stacked_lora,mnli,all,15,up_proj,54,0.9999806880950928
stacked_lora,mnli,all,15,up_proj,55,0.9999287724494934
stacked_lora,mnli,all,15,up_proj,56,0.9998691082000732
stacked_lora,mnli,all,15,up_proj,57,0.9998778104782104
stacked_lora,mnli,all,15,up_proj,58,0.9999333620071411
stacked_lora,mnli,all,15,up_proj,59,0.9998960494995117
stacked_lora,mnli,all,15,up_proj,60,0.9999464750289917
stacked_lora,mnli,all,15,up_proj,61,0.9998983144760132
stacked_lora,mnli,all,15,up_proj,62,0.9999457001686096
stacked_lora,mnli,all,15,up_proj,63,0.9994979500770569
stacked_lora,mnli,all,15,up_proj,64,0.9999196529388428
stacked_lora,mnli,all,15,up_proj,65,0.9995405673980713
stacked_lora,mnli,all,15,up_proj,66,0.9999292492866516
stacked_lora,mnli,all,15,up_proj,67,0.9997132420539856
stacked_lora,mnli,all,15,up_proj,68,0.9997678995132446
stacked_lora,mnli,all,15,up_proj,69,0.9984712600708008
stacked_lora,mnli,all,15,up_proj,70,0.9985182881355286
stacked_lora,mnli,all,15,up_proj,71,0.999684751033783
stacked_lora,mnli,all,15,up_proj,72,0.9996719360351562
stacked_lora,mnli,all,15,up_proj,73,0.9999557733535767
stacked_lora,mnli,all,15,up_proj,74,0.9997603893280029
stacked_lora,mnli,all,15,up_proj,75,0.9997439980506897
stacked_lora,mnli,all,15,up_proj,76,0.9998498558998108
stacked_lora,mnli,all,15,up_proj,77,0.9997073411941528
stacked_lora,mnli,all,15,up_proj,78,0.9992415308952332
stacked_lora,mnli,all,15,up_proj,79,0.998781681060791
stacked_lora,mnli,all,15,up_proj,80,0.9997538328170776
stacked_lora,mnli,all,15,up_proj,81,0.9999394416809082
stacked_lora,mnli,all,15,up_proj,82,0.9998064041137695
stacked_lora,mnli,all,15,up_proj,83,0.9998903274536133
stacked_lora,mnli,all,15,up_proj,84,0.9996657967567444
stacked_lora,mnli,all,15,up_proj,85,0.9977605938911438
stacked_lora,mnli,all,15,up_proj,86,0.9978090524673462
stacked_lora,mnli,all,15,up_proj,87,0.9999624490737915
stacked_lora,mnli,all,15,up_proj,88,0.9997793436050415
stacked_lora,mnli,all,15,up_proj,89,0.999893307685852
stacked_lora,mnli,all,15,up_proj,90,0.9997158050537109
stacked_lora,mnli,all,15,up_proj,91,0.9995157718658447
stacked_lora,mnli,all,15,up_proj,92,0.9996100068092346
stacked_lora,mnli,all,15,up_proj,93,0.9999462962150574
stacked_lora,mnli,all,15,up_proj,94,0.9997603297233582
stacked_lora,mnli,all,15,up_proj,95,0.9991397857666016
stacked_lora,mnli,all,15,up_proj,96,0.9992588758468628
stacked_lora,mnli,all,15,up_proj,97,0.9998496770858765
stacked_lora,mnli,all,15,up_proj,98,0.9986100792884827
stacked_lora,mnli,all,15,up_proj,99,0.9986405372619629
stacked_lora,mnli,all,15,up_proj,100,0.9998776316642761
stacked_lora,mnli,all,15,up_proj,101,0.9999250769615173
stacked_lora,mnli,all,15,up_proj,102,0.9997888207435608
stacked_lora,mnli,all,15,up_proj,103,0.9990116953849792
stacked_lora,mnli,all,15,up_proj,104,0.9992433190345764
stacked_lora,mnli,all,15,up_proj,105,0.9997777938842773
stacked_lora,mnli,all,15,up_proj,106,0.9977707266807556
stacked_lora,mnli,all,15,up_proj,107,0.9978169202804565
stacked_lora,mnli,all,15,up_proj,108,0.9997272491455078
stacked_lora,mnli,all,15,up_proj,109,0.9987803101539612
stacked_lora,mnli,all,15,up_proj,110,0.9986618161201477
stacked_lora,mnli,all,15,up_proj,111,0.9996436238288879
stacked_lora,mnli,all,15,up_proj,112,0.9996890425682068
stacked_lora,mnli,all,15,up_proj,113,0.9999164342880249
stacked_lora,mnli,all,15,up_proj,114,0.9998444318771362
stacked_lora,mnli,all,15,up_proj,115,0.999896228313446
stacked_lora,mnli,all,15,up_proj,116,0.9994889497756958
stacked_lora,mnli,all,15,up_proj,117,0.9992784261703491
stacked_lora,mnli,all,15,up_proj,118,0.9991316199302673
stacked_lora,mnli,all,15,up_proj,119,0.9998103976249695
stacked_lora,mnli,all,15,up_proj,120,0.9995093941688538
stacked_lora,mnli,all,15,up_proj,121,0.9981178641319275
stacked_lora,mnli,all,15,up_proj,122,0.9983617067337036
stacked_lora,mnli,all,15,up_proj,123,0.9998995065689087
stacked_lora,mnli,all,15,up_proj,124,0.9996011257171631
stacked_lora,mnli,all,15,up_proj,125,0.9993178844451904
stacked_lora,mnli,all,15,up_proj,126,0.9995694160461426
stacked_lora,mnli,all,15,up_proj,127,0.9994090795516968
stacked_lora,mnli,all,15,up_proj,128,0.9991454482078552
stacked_lora,mnli,all,15,up_proj,129,0.9994876384735107
stacked_lora,mnli,all,15,up_proj,130,0.9996354579925537
stacked_lora,mnli,all,15,up_proj,131,0.9997537136077881
stacked_lora,mnli,all,15,up_proj,132,0.9996956586837769
stacked_lora,mnli,all,15,up_proj,133,0.9995697736740112
stacked_lora,mnli,all,15,up_proj,134,0.9997941851615906
stacked_lora,mnli,all,15,up_proj,135,0.9967474937438965
stacked_lora,mnli,all,15,up_proj,136,0.9963527321815491
stacked_lora,mnli,all,15,up_proj,137,0.9995615482330322
stacked_lora,mnli,all,15,up_proj,138,0.9982198476791382
stacked_lora,mnli,all,15,up_proj,139,0.9983582496643066
stacked_lora,mnli,all,15,up_proj,140,0.9999089241027832
stacked_lora,mnli,all,15,up_proj,141,0.9995835423469543
stacked_lora,mnli,all,15,up_proj,142,0.9995028972625732
stacked_lora,mnli,all,15,up_proj,143,0.9994620084762573
stacked_lora,mnli,all,15,up_proj,144,0.999264121055603
stacked_lora,mnli,all,15,up_proj,145,0.9993906617164612
stacked_lora,mnli,all,15,up_proj,146,0.9997707009315491
stacked_lora,mnli,all,15,up_proj,147,0.999826192855835
stacked_lora,mnli,all,15,up_proj,148,0.9999021291732788
stacked_lora,mnli,all,15,up_proj,149,0.9995879530906677
stacked_lora,mnli,all,15,up_proj,150,0.9995896816253662
stacked_lora,mnli,all,15,down_proj,1,0.9999998807907104
stacked_lora,mnli,all,15,down_proj,2,1.0000011920928955
stacked_lora,mnli,all,15,down_proj,3,1.0000004768371582
stacked_lora,mnli,all,15,down_proj,4,0.9999988675117493
stacked_lora,mnli,all,15,down_proj,5,1.0000001192092896
stacked_lora,mnli,all,15,down_proj,6,0.9999997615814209
stacked_lora,mnli,all,15,down_proj,7,0.9999966621398926
stacked_lora,mnli,all,15,down_proj,8,0.9999958276748657
stacked_lora,mnli,all,15,down_proj,9,0.999993085861206
stacked_lora,mnli,all,15,down_proj,10,0.9999922513961792
stacked_lora,mnli,all,15,down_proj,11,0.9999926686286926
stacked_lora,mnli,all,15,down_proj,12,0.9999892711639404
stacked_lora,mnli,all,15,down_proj,13,0.9998973608016968
stacked_lora,mnli,all,15,down_proj,14,0.9998950362205505
stacked_lora,mnli,all,15,down_proj,15,0.9999942183494568
stacked_lora,mnli,all,15,down_proj,16,0.9999925494194031
stacked_lora,mnli,all,15,down_proj,17,0.9999898672103882
stacked_lora,mnli,all,15,down_proj,18,0.999992311000824
stacked_lora,mnli,all,15,down_proj,19,0.9999880790710449
stacked_lora,mnli,all,15,down_proj,20,0.9999857544898987
stacked_lora,mnli,all,15,down_proj,21,0.9999866485595703
stacked_lora,mnli,all,15,down_proj,22,0.999994695186615
stacked_lora,mnli,all,15,down_proj,23,0.999975860118866
stacked_lora,mnli,all,15,down_proj,24,0.9999536275863647
stacked_lora,mnli,all,15,down_proj,25,0.9999698400497437
stacked_lora,mnli,all,15,down_proj,26,0.999976634979248
stacked_lora,mnli,all,15,down_proj,27,0.9999688863754272
stacked_lora,mnli,all,15,down_proj,28,0.9999921917915344
stacked_lora,mnli,all,15,down_proj,29,0.9999892115592957
stacked_lora,mnli,all,15,down_proj,30,0.9999952912330627
stacked_lora,mnli,all,15,down_proj,31,0.999984622001648
stacked_lora,mnli,all,15,down_proj,32,0.9999640583992004
stacked_lora,mnli,all,15,down_proj,33,0.9999678134918213
stacked_lora,mnli,all,15,down_proj,34,0.9999856352806091
stacked_lora,mnli,all,15,down_proj,35,0.9999570250511169
stacked_lora,mnli,all,15,down_proj,36,0.9999677538871765
stacked_lora,mnli,all,15,down_proj,37,0.9999216794967651
stacked_lora,mnli,all,15,down_proj,38,0.9999593496322632
stacked_lora,mnli,all,15,down_proj,39,0.9999119639396667
stacked_lora,mnli,all,15,down_proj,40,0.9998551607131958
stacked_lora,mnli,all,15,down_proj,41,0.9998952150344849
stacked_lora,mnli,all,15,down_proj,42,0.999946117401123
stacked_lora,mnli,all,15,down_proj,43,0.9999285936355591
stacked_lora,mnli,all,15,down_proj,44,0.9999855756759644
stacked_lora,mnli,all,15,down_proj,45,0.9999735355377197
stacked_lora,mnli,all,15,down_proj,46,0.9999886155128479
stacked_lora,mnli,all,15,down_proj,47,0.9999182820320129
stacked_lora,mnli,all,15,down_proj,48,0.9998912811279297
stacked_lora,mnli,all,15,down_proj,49,0.9999683499336243
stacked_lora,mnli,all,15,down_proj,50,0.9999377727508545
stacked_lora,mnli,all,15,down_proj,51,0.999975323677063
stacked_lora,mnli,all,15,down_proj,52,0.9999788403511047
stacked_lora,mnli,all,15,down_proj,53,0.9999676942825317
stacked_lora,mnli,all,15,down_proj,54,0.9999696612358093
stacked_lora,mnli,all,15,down_proj,55,0.9999889135360718
stacked_lora,mnli,all,15,down_proj,56,0.9999806880950928
stacked_lora,mnli,all,15,down_proj,57,0.9999179244041443
stacked_lora,mnli,all,15,down_proj,58,0.9999083876609802
stacked_lora,mnli,all,15,down_proj,59,0.9999660849571228
stacked_lora,mnli,all,15,down_proj,60,0.9999784231185913
stacked_lora,mnli,all,15,down_proj,61,0.9997882843017578
stacked_lora,mnli,all,15,down_proj,62,0.9995445609092712
stacked_lora,mnli,all,15,down_proj,63,0.9997114539146423
stacked_lora,mnli,all,15,down_proj,64,0.9998955726623535
stacked_lora,mnli,all,15,down_proj,65,0.9998490214347839
stacked_lora,mnli,all,15,down_proj,66,0.999839723110199
stacked_lora,mnli,all,15,down_proj,67,0.9999046325683594
stacked_lora,mnli,all,15,down_proj,68,0.9999698400497437
stacked_lora,mnli,all,15,down_proj,69,0.9999533295631409
stacked_lora,mnli,all,15,down_proj,70,0.9999520778656006
stacked_lora,mnli,all,15,down_proj,71,0.9999099969863892
stacked_lora,mnli,all,15,down_proj,72,0.9999144077301025
stacked_lora,mnli,all,15,down_proj,73,0.9998815059661865
stacked_lora,mnli,all,15,down_proj,74,0.9999587535858154
stacked_lora,mnli,all,15,down_proj,75,0.999954342842102
stacked_lora,mnli,all,15,down_proj,76,0.9999433755874634
stacked_lora,mnli,all,15,down_proj,77,0.9999394416809082
stacked_lora,mnli,all,15,down_proj,78,0.999955415725708
stacked_lora,mnli,all,15,down_proj,79,0.9999569654464722
stacked_lora,mnli,all,15,down_proj,80,0.999847948551178
stacked_lora,mnli,all,15,down_proj,81,0.9998200535774231
stacked_lora,mnli,all,15,down_proj,82,0.999980628490448
stacked_lora,mnli,all,15,down_proj,83,0.9998511075973511
stacked_lora,mnli,all,15,down_proj,84,0.99985671043396
stacked_lora,mnli,all,15,down_proj,85,0.9999222159385681
stacked_lora,mnli,all,15,down_proj,86,0.9999302625656128
stacked_lora,mnli,all,15,down_proj,87,0.9999319314956665
stacked_lora,mnli,all,15,down_proj,88,0.9999402165412903
stacked_lora,mnli,all,15,down_proj,89,0.9999695420265198
stacked_lora,mnli,all,15,down_proj,90,0.9998905658721924
stacked_lora,mnli,all,15,down_proj,91,0.9999569058418274
stacked_lora,mnli,all,15,down_proj,92,0.9999668002128601
stacked_lora,mnli,all,15,down_proj,93,0.9999783635139465
stacked_lora,mnli,all,15,down_proj,94,0.9999499917030334
stacked_lora,mnli,all,15,down_proj,95,0.9982029795646667
stacked_lora,mnli,all,15,down_proj,96,0.9981991052627563
stacked_lora,mnli,all,15,down_proj,97,0.9998863935470581
stacked_lora,mnli,all,15,down_proj,98,0.9999340772628784
stacked_lora,mnli,all,15,down_proj,99,0.9999602437019348
stacked_lora,mnli,all,15,down_proj,100,0.9999579787254333
stacked_lora,mnli,all,15,down_proj,101,0.9999671578407288
stacked_lora,mnli,all,15,down_proj,102,0.9999201893806458
stacked_lora,mnli,all,15,down_proj,103,0.9998251795768738
stacked_lora,mnli,all,15,down_proj,104,0.9998666644096375
stacked_lora,mnli,all,15,down_proj,105,0.9998995661735535
stacked_lora,mnli,all,15,down_proj,106,0.9999642968177795
stacked_lora,mnli,all,15,down_proj,107,0.9999493360519409
stacked_lora,mnli,all,15,down_proj,108,0.999836266040802
stacked_lora,mnli,all,15,down_proj,109,0.9997698068618774
stacked_lora,mnli,all,15,down_proj,110,0.999961793422699
stacked_lora,mnli,all,15,down_proj,111,0.9996633529663086
stacked_lora,mnli,all,15,down_proj,112,0.999714732170105
stacked_lora,mnli,all,15,down_proj,113,0.9997997879981995
stacked_lora,mnli,all,15,down_proj,114,0.9997994899749756
stacked_lora,mnli,all,15,down_proj,115,0.9999717473983765
stacked_lora,mnli,all,15,down_proj,116,0.9999645352363586
stacked_lora,mnli,all,15,down_proj,117,0.9999693036079407
stacked_lora,mnli,all,15,down_proj,118,0.999970555305481
stacked_lora,mnli,all,15,down_proj,119,0.9997774362564087
stacked_lora,mnli,all,15,down_proj,120,0.999701738357544
stacked_lora,mnli,all,15,down_proj,121,0.9992651343345642
stacked_lora,mnli,all,15,down_proj,122,0.9992309212684631
stacked_lora,mnli,all,15,down_proj,123,0.9999468326568604
stacked_lora,mnli,all,15,down_proj,124,0.9997885227203369
stacked_lora,mnli,all,15,down_proj,125,0.9998499751091003
stacked_lora,mnli,all,15,down_proj,126,0.9997960329055786
stacked_lora,mnli,all,15,down_proj,127,0.9997645616531372
stacked_lora,mnli,all,15,down_proj,128,0.9998103380203247
stacked_lora,mnli,all,15,down_proj,129,0.9998786449432373
stacked_lora,mnli,all,15,down_proj,130,0.9998915195465088
stacked_lora,mnli,all,15,down_proj,131,0.9999246001243591
stacked_lora,mnli,all,15,down_proj,132,0.9999779462814331
stacked_lora,mnli,all,15,down_proj,133,0.9999836683273315
stacked_lora,mnli,all,15,down_proj,134,0.9990555047988892
stacked_lora,mnli,all,15,down_proj,135,0.9991575479507446
stacked_lora,mnli,all,15,down_proj,136,0.999802827835083
stacked_lora,mnli,all,15,down_proj,137,0.9999305605888367
stacked_lora,mnli,all,15,down_proj,138,0.9999765157699585
stacked_lora,mnli,all,15,down_proj,139,0.9998873472213745
stacked_lora,mnli,all,15,down_proj,140,0.9998970031738281
stacked_lora,mnli,all,15,down_proj,141,0.9999338388442993
stacked_lora,mnli,all,15,down_proj,142,0.9983224272727966
stacked_lora,mnli,all,15,down_proj,143,0.998275876045227
stacked_lora,mnli,all,15,down_proj,144,0.9999223947525024
stacked_lora,mnli,all,15,down_proj,145,0.9998407363891602
stacked_lora,mnli,all,15,down_proj,146,0.9998867511749268
stacked_lora,mnli,all,15,down_proj,147,0.999946117401123
stacked_lora,mnli,all,15,down_proj,148,0.9998041391372681
stacked_lora,mnli,all,15,down_proj,149,0.9995414018630981
stacked_lora,mnli,all,15,down_proj,150,0.9991863369941711
stacked_lora,qqp,all,0,q_proj,1,0.9999991655349731
stacked_lora,qqp,all,0,q_proj,2,1.0000005960464478
stacked_lora,qqp,all,0,q_proj,3,1.0000004768371582
stacked_lora,qqp,all,0,q_proj,4,0.999999463558197
stacked_lora,qqp,all,0,q_proj,5,0.9999993443489075
stacked_lora,qqp,all,0,q_proj,6,0.9999990463256836
stacked_lora,qqp,all,0,q_proj,7,0.999999463558197
stacked_lora,qqp,all,0,q_proj,8,0.9999996423721313
stacked_lora,qqp,all,0,q_proj,9,1.000000238418579
stacked_lora,qqp,all,0,q_proj,10,0.9999995231628418
stacked_lora,qqp,all,0,q_proj,11,0.9999998807907104
stacked_lora,qqp,all,0,q_proj,12,0.9999998211860657
stacked_lora,qqp,all,0,q_proj,13,0.9999994039535522
stacked_lora,qqp,all,0,q_proj,14,0.9999985098838806
stacked_lora,qqp,all,0,q_proj,15,0.999991774559021
stacked_lora,qqp,all,0,q_proj,16,0.9999900460243225
stacked_lora,qqp,all,0,q_proj,17,0.9999990463256836
stacked_lora,qqp,all,0,q_proj,18,0.9999992847442627
stacked_lora,qqp,all,0,q_proj,19,0.9999998807907104
stacked_lora,qqp,all,0,q_proj,20,0.9999995231628418
stacked_lora,qqp,all,0,q_proj,21,0.999984860420227
stacked_lora,qqp,all,0,q_proj,22,0.9999828934669495
stacked_lora,qqp,all,0,q_proj,23,0.9999948143959045
stacked_lora,qqp,all,0,q_proj,24,0.9999973177909851
stacked_lora,qqp,all,0,q_proj,25,0.9999963641166687
stacked_lora,qqp,all,0,q_proj,26,0.9999978542327881
stacked_lora,qqp,all,0,q_proj,27,0.9999942779541016
stacked_lora,qqp,all,0,q_proj,28,0.9999949932098389
stacked_lora,qqp,all,0,q_proj,29,0.9999960660934448
stacked_lora,qqp,all,0,q_proj,30,0.9999862909317017
stacked_lora,qqp,all,0,q_proj,31,0.9999899864196777
stacked_lora,qqp,all,0,q_proj,32,0.9999958276748657
stacked_lora,qqp,all,0,q_proj,33,0.9999963045120239
stacked_lora,qqp,all,0,q_proj,34,0.9999979138374329
stacked_lora,qqp,all,0,q_proj,35,0.9999942183494568
stacked_lora,qqp,all,0,q_proj,36,0.999991238117218
stacked_lora,qqp,all,0,q_proj,37,0.9999884366989136
stacked_lora,qqp,all,0,q_proj,38,0.9999881386756897
stacked_lora,qqp,all,0,q_proj,39,0.9999914169311523
stacked_lora,qqp,all,0,q_proj,40,0.9999892115592957
stacked_lora,qqp,all,0,q_proj,41,0.9999902844429016
stacked_lora,qqp,all,0,q_proj,42,0.9999926686286926
stacked_lora,qqp,all,0,q_proj,43,0.9999880194664001
stacked_lora,qqp,all,0,q_proj,44,0.9999958276748657
stacked_lora,qqp,all,0,q_proj,45,0.999996542930603
stacked_lora,qqp,all,0,q_proj,46,0.9999945759773254
stacked_lora,qqp,all,0,q_proj,47,0.9999914169311523
stacked_lora,qqp,all,0,q_proj,48,0.9999931454658508
stacked_lora,qqp,all,0,q_proj,49,0.9999872446060181
stacked_lora,qqp,all,0,q_proj,50,0.9999812245368958
stacked_lora,qqp,all,0,q_proj,51,0.9999759793281555
stacked_lora,qqp,all,0,q_proj,52,0.9999916553497314
stacked_lora,qqp,all,0,q_proj,53,0.9999916553497314
stacked_lora,qqp,all,0,q_proj,54,0.9999828934669495
stacked_lora,qqp,all,0,q_proj,55,0.9999871253967285
stacked_lora,qqp,all,0,q_proj,56,0.9999771118164062
stacked_lora,qqp,all,0,q_proj,57,0.9998891949653625
stacked_lora,qqp,all,0,q_proj,58,0.9999209046363831
stacked_lora,qqp,all,0,q_proj,59,0.9999852180480957
stacked_lora,qqp,all,0,q_proj,60,0.9999808073043823
stacked_lora,qqp,all,0,q_proj,61,0.9999955892562866
stacked_lora,qqp,all,0,q_proj,62,0.9999719858169556
stacked_lora,qqp,all,0,q_proj,63,0.9999628663063049
stacked_lora,qqp,all,0,q_proj,64,0.9999842047691345
stacked_lora,qqp,all,0,q_proj,65,0.9999392032623291
stacked_lora,qqp,all,0,q_proj,66,0.9999457001686096
stacked_lora,qqp,all,0,q_proj,67,0.9996817708015442
stacked_lora,qqp,all,0,q_proj,68,0.9996731281280518
stacked_lora,qqp,all,0,q_proj,69,0.9999683499336243
stacked_lora,qqp,all,0,q_proj,70,0.9999815821647644
stacked_lora,qqp,all,0,q_proj,71,0.9999102354049683
stacked_lora,qqp,all,0,q_proj,72,0.9999149441719055
stacked_lora,qqp,all,0,q_proj,73,0.9999517202377319
stacked_lora,qqp,all,0,q_proj,74,0.9999569058418274
stacked_lora,qqp,all,0,q_proj,75,0.9999352693557739
stacked_lora,qqp,all,0,q_proj,76,0.9999664425849915
stacked_lora,qqp,all,0,q_proj,77,0.9999608993530273
stacked_lora,qqp,all,0,q_proj,78,0.9999921917915344
stacked_lora,qqp,all,0,q_proj,79,0.9999820590019226
stacked_lora,qqp,all,0,q_proj,80,0.9997926354408264
stacked_lora,qqp,all,0,q_proj,81,0.9997788667678833
stacked_lora,qqp,all,0,q_proj,82,0.9999698400497437
stacked_lora,qqp,all,0,q_proj,83,0.999970018863678
stacked_lora,qqp,all,0,q_proj,84,0.9999759793281555
stacked_lora,qqp,all,0,q_proj,85,0.9999359846115112
stacked_lora,qqp,all,0,q_proj,86,0.999925971031189
stacked_lora,qqp,all,0,q_proj,87,0.9999673962593079
stacked_lora,qqp,all,0,q_proj,88,0.9953670501708984
stacked_lora,qqp,all,0,q_proj,89,0.9953495860099792
stacked_lora,qqp,all,0,q_proj,90,0.9999580383300781
stacked_lora,qqp,all,0,q_proj,91,0.9999448657035828
stacked_lora,qqp,all,0,q_proj,92,0.9999380707740784
stacked_lora,qqp,all,0,q_proj,93,0.9999028444290161
stacked_lora,qqp,all,0,q_proj,94,0.9999499320983887
stacked_lora,qqp,all,0,q_proj,95,0.9999523758888245
stacked_lora,qqp,all,0,q_proj,96,0.9999704957008362
stacked_lora,qqp,all,0,q_proj,97,0.99998539686203
stacked_lora,qqp,all,0,q_proj,98,0.9999730587005615
stacked_lora,qqp,all,0,q_proj,99,0.9999711513519287
stacked_lora,qqp,all,0,q_proj,100,0.9994701147079468
stacked_lora,qqp,all,0,q_proj,101,0.999466061592102
stacked_lora,qqp,all,0,q_proj,102,0.9999770522117615
stacked_lora,qqp,all,0,q_proj,103,0.9999772906303406
stacked_lora,qqp,all,0,q_proj,104,0.9999651908874512
stacked_lora,qqp,all,0,q_proj,105,0.9999412894248962
stacked_lora,qqp,all,0,q_proj,106,0.9999489188194275
stacked_lora,qqp,all,0,q_proj,107,0.9999618530273438
stacked_lora,qqp,all,0,q_proj,108,0.9999575614929199
stacked_lora,qqp,all,0,q_proj,109,0.9999553561210632
stacked_lora,qqp,all,0,q_proj,110,0.9999606013298035
stacked_lora,qqp,all,0,q_proj,111,0.9999566078186035
stacked_lora,qqp,all,0,q_proj,112,0.9999669790267944
stacked_lora,qqp,all,0,q_proj,113,0.9567060470581055
stacked_lora,qqp,all,0,q_proj,114,0.956433117389679
stacked_lora,qqp,all,0,q_proj,115,0.9996991157531738
stacked_lora,qqp,all,0,q_proj,116,0.9998418688774109
stacked_lora,qqp,all,0,q_proj,117,0.9997967481613159
stacked_lora,qqp,all,0,q_proj,118,0.9998617768287659
stacked_lora,qqp,all,0,q_proj,119,0.9997241497039795
stacked_lora,qqp,all,0,q_proj,120,0.9998820424079895
stacked_lora,qqp,all,0,q_proj,121,0.9997974634170532
stacked_lora,qqp,all,0,q_proj,122,0.9999633431434631
stacked_lora,qqp,all,0,q_proj,123,0.9998934864997864
stacked_lora,qqp,all,0,q_proj,124,0.9999724626541138
stacked_lora,qqp,all,0,q_proj,125,0.9998942613601685
stacked_lora,qqp,all,0,q_proj,126,0.9998635649681091
stacked_lora,qqp,all,0,q_proj,127,0.9999292492866516
stacked_lora,qqp,all,0,q_proj,128,0.9984277486801147
stacked_lora,qqp,all,0,q_proj,129,0.9984574317932129
stacked_lora,qqp,all,0,q_proj,130,0.9999188184738159
stacked_lora,qqp,all,0,q_proj,131,0.9999321103096008
stacked_lora,qqp,all,0,q_proj,132,0.9999054074287415
stacked_lora,qqp,all,0,q_proj,133,0.9998066425323486
stacked_lora,qqp,all,0,q_proj,134,0.9997793436050415
stacked_lora,qqp,all,0,q_proj,135,0.9988453388214111
stacked_lora,qqp,all,0,q_proj,136,0.9987493753433228
stacked_lora,qqp,all,0,q_proj,137,0.999774158000946
stacked_lora,qqp,all,0,q_proj,138,0.9996979832649231
stacked_lora,qqp,all,0,q_proj,139,0.9998223781585693
stacked_lora,qqp,all,0,q_proj,140,0.9999653100967407
stacked_lora,qqp,all,0,q_proj,141,0.9999251365661621
stacked_lora,qqp,all,0,q_proj,142,0.9999526143074036
stacked_lora,qqp,all,0,q_proj,143,0.9998552203178406
stacked_lora,qqp,all,0,q_proj,144,0.9998618960380554
stacked_lora,qqp,all,0,q_proj,145,0.9982320070266724
stacked_lora,qqp,all,0,q_proj,146,0.9981583952903748
stacked_lora,qqp,all,0,q_proj,147,0.9998680353164673
stacked_lora,qqp,all,0,q_proj,148,0.9998215436935425
stacked_lora,qqp,all,0,q_proj,149,0.9999175071716309
stacked_lora,qqp,all,0,q_proj,150,0.9998290538787842
stacked_lora,qqp,all,0,v_proj,1,0.9999925494194031
stacked_lora,qqp,all,0,v_proj,2,0.9998975992202759
stacked_lora,qqp,all,0,v_proj,3,0.9998395442962646
stacked_lora,qqp,all,0,v_proj,4,0.999924898147583
stacked_lora,qqp,all,0,v_proj,5,0.9999576807022095
stacked_lora,qqp,all,0,v_proj,6,0.9999307990074158
stacked_lora,qqp,all,0,v_proj,7,0.9999277591705322
stacked_lora,qqp,all,0,v_proj,8,0.9998173713684082
stacked_lora,qqp,all,0,v_proj,9,0.9999397993087769
stacked_lora,qqp,all,0,v_proj,10,0.9997560977935791
stacked_lora,qqp,all,0,v_proj,11,0.9993302822113037
stacked_lora,qqp,all,0,v_proj,12,0.9993173480033875
stacked_lora,qqp,all,0,v_proj,13,0.9997198581695557
stacked_lora,qqp,all,0,v_proj,14,0.9998867511749268
stacked_lora,qqp,all,0,v_proj,15,0.9998827576637268
stacked_lora,qqp,all,0,v_proj,16,0.9998343586921692
stacked_lora,qqp,all,0,v_proj,17,0.9993462562561035
stacked_lora,qqp,all,0,v_proj,18,0.9994266033172607
stacked_lora,qqp,all,0,v_proj,19,0.9995032548904419
stacked_lora,qqp,all,0,v_proj,20,0.9996633529663086
stacked_lora,qqp,all,0,v_proj,21,0.9994990825653076
stacked_lora,qqp,all,0,v_proj,22,0.9993969202041626
stacked_lora,qqp,all,0,v_proj,23,0.9986014366149902
stacked_lora,qqp,all,0,v_proj,24,0.9971425533294678
stacked_lora,qqp,all,0,v_proj,25,0.9987009167671204
stacked_lora,qqp,all,0,v_proj,26,0.9990257024765015
stacked_lora,qqp,all,0,v_proj,27,0.9995337724685669
stacked_lora,qqp,all,0,v_proj,28,0.9983632564544678
stacked_lora,qqp,all,0,v_proj,29,0.9985156059265137
stacked_lora,qqp,all,0,v_proj,30,0.9983335733413696
stacked_lora,qqp,all,0,v_proj,31,0.997009813785553
stacked_lora,qqp,all,0,v_proj,32,0.9974093437194824
stacked_lora,qqp,all,0,v_proj,33,0.9987838864326477
stacked_lora,qqp,all,0,v_proj,34,0.9959390759468079
stacked_lora,qqp,all,0,v_proj,35,0.9958182573318481
stacked_lora,qqp,all,0,v_proj,36,0.9984490275382996
stacked_lora,qqp,all,0,v_proj,37,0.9987963438034058
stacked_lora,qqp,all,0,v_proj,38,0.9978212118148804
stacked_lora,qqp,all,0,v_proj,39,0.9981257915496826
stacked_lora,qqp,all,0,v_proj,40,0.9932340383529663
stacked_lora,qqp,all,0,v_proj,41,0.9888972043991089
stacked_lora,qqp,all,0,v_proj,42,0.9928023815155029
stacked_lora,qqp,all,0,v_proj,43,0.9976303577423096
stacked_lora,qqp,all,0,v_proj,44,0.9984245896339417
stacked_lora,qqp,all,0,v_proj,45,0.999123752117157
stacked_lora,qqp,all,0,v_proj,46,0.9891339540481567
stacked_lora,qqp,all,0,v_proj,47,0.990104079246521
stacked_lora,qqp,all,0,v_proj,48,0.9953142404556274
stacked_lora,qqp,all,0,v_proj,49,0.995519757270813
stacked_lora,qqp,all,0,v_proj,50,0.9982953071594238
stacked_lora,qqp,all,0,v_proj,51,0.9984385967254639
stacked_lora,qqp,all,0,v_proj,52,0.9983234405517578
stacked_lora,qqp,all,0,v_proj,53,0.9988623857498169
stacked_lora,qqp,all,0,v_proj,54,0.9973330497741699
stacked_lora,qqp,all,0,v_proj,55,0.9939199686050415
stacked_lora,qqp,all,0,v_proj,56,0.9941744208335876
stacked_lora,qqp,all,0,v_proj,57,0.9978657960891724
stacked_lora,qqp,all,0,v_proj,58,0.9514691829681396
stacked_lora,qqp,all,0,v_proj,59,0.9523530006408691
stacked_lora,qqp,all,0,v_proj,60,0.9943079948425293
stacked_lora,qqp,all,0,v_proj,61,0.9939172863960266
stacked_lora,qqp,all,0,v_proj,62,0.9958534240722656
stacked_lora,qqp,all,0,v_proj,63,0.9964510202407837
stacked_lora,qqp,all,0,v_proj,64,0.9964128732681274
stacked_lora,qqp,all,0,v_proj,65,0.9974424839019775
stacked_lora,qqp,all,0,v_proj,66,0.9949890971183777
stacked_lora,qqp,all,0,v_proj,67,0.9958149194717407
stacked_lora,qqp,all,0,v_proj,68,0.9976764917373657
stacked_lora,qqp,all,0,v_proj,69,0.9977496266365051
stacked_lora,qqp,all,0,v_proj,70,0.9989036321640015
stacked_lora,qqp,all,0,v_proj,71,0.9989851713180542
stacked_lora,qqp,all,0,v_proj,72,0.9975565075874329
stacked_lora,qqp,all,0,v_proj,73,0.9978513717651367
stacked_lora,qqp,all,0,v_proj,74,0.9990624189376831
stacked_lora,qqp,all,0,v_proj,75,0.9973980784416199
stacked_lora,qqp,all,0,v_proj,76,0.9964686036109924
stacked_lora,qqp,all,0,v_proj,77,0.9965825080871582
stacked_lora,qqp,all,0,v_proj,78,0.9976797103881836
stacked_lora,qqp,all,0,v_proj,79,0.9631485342979431
stacked_lora,qqp,all,0,v_proj,80,0.9628034830093384
stacked_lora,qqp,all,0,v_proj,81,0.9975278377532959
stacked_lora,qqp,all,0,v_proj,82,0.9962954521179199
stacked_lora,qqp,all,0,v_proj,83,0.9952858090400696
stacked_lora,qqp,all,0,v_proj,84,0.9949696063995361
stacked_lora,qqp,all,0,v_proj,85,0.9974022507667542
stacked_lora,qqp,all,0,v_proj,86,0.9986129403114319
stacked_lora,qqp,all,0,v_proj,87,0.998609721660614
stacked_lora,qqp,all,0,v_proj,88,0.9987540245056152
stacked_lora,qqp,all,0,v_proj,89,0.9946879744529724
stacked_lora,qqp,all,0,v_proj,90,0.9946354031562805
stacked_lora,qqp,all,0,v_proj,91,0.9970726370811462
stacked_lora,qqp,all,0,v_proj,92,0.9933159351348877
stacked_lora,qqp,all,0,v_proj,93,0.9924778938293457
stacked_lora,qqp,all,0,v_proj,94,0.9960336089134216
stacked_lora,qqp,all,0,v_proj,95,0.9951128959655762
stacked_lora,qqp,all,0,v_proj,96,0.994409441947937
stacked_lora,qqp,all,0,v_proj,97,0.9968199729919434
stacked_lora,qqp,all,0,v_proj,98,0.9994213581085205
stacked_lora,qqp,all,0,v_proj,99,0.9975284934043884
stacked_lora,qqp,all,0,v_proj,100,0.9986463785171509
stacked_lora,qqp,all,0,v_proj,101,0.9967456459999084
stacked_lora,qqp,all,0,v_proj,102,0.9926551580429077
stacked_lora,qqp,all,0,v_proj,103,0.9800792336463928
stacked_lora,qqp,all,0,v_proj,104,0.9807298183441162
stacked_lora,qqp,all,0,v_proj,105,0.99834144115448
stacked_lora,qqp,all,0,v_proj,106,0.9890616536140442
stacked_lora,qqp,all,0,v_proj,107,0.9856646656990051
stacked_lora,qqp,all,0,v_proj,108,0.9970930814743042
stacked_lora,qqp,all,0,v_proj,109,0.9992274045944214
stacked_lora,qqp,all,0,v_proj,110,0.9310493469238281
stacked_lora,qqp,all,0,v_proj,111,0.9329246282577515
stacked_lora,qqp,all,0,v_proj,112,0.9991499185562134
stacked_lora,qqp,all,0,v_proj,113,0.9991158246994019
stacked_lora,qqp,all,0,v_proj,114,0.9989954233169556
stacked_lora,qqp,all,0,v_proj,115,0.996979832649231
stacked_lora,qqp,all,0,v_proj,116,0.995698094367981
stacked_lora,qqp,all,0,v_proj,117,0.9496167302131653
stacked_lora,qqp,all,0,v_proj,118,0.9464552998542786
stacked_lora,qqp,all,0,v_proj,119,0.9909613132476807
stacked_lora,qqp,all,0,v_proj,120,0.9932283163070679
stacked_lora,qqp,all,0,v_proj,121,0.9676076173782349
stacked_lora,qqp,all,0,v_proj,122,0.9648787379264832
stacked_lora,qqp,all,0,v_proj,123,0.9905918836593628
stacked_lora,qqp,all,0,v_proj,124,0.9783381223678589
stacked_lora,qqp,all,0,v_proj,125,0.9647818803787231
stacked_lora,qqp,all,0,v_proj,126,0.9940855503082275
stacked_lora,qqp,all,0,v_proj,127,0.9962083101272583
stacked_lora,qqp,all,0,v_proj,128,0.9957056045532227
stacked_lora,qqp,all,0,v_proj,129,0.9950348138809204
stacked_lora,qqp,all,0,v_proj,130,0.9970995187759399
stacked_lora,qqp,all,0,v_proj,131,0.995811402797699
stacked_lora,qqp,all,0,v_proj,132,0.9911734461784363
stacked_lora,qqp,all,0,v_proj,133,0.9937763214111328
stacked_lora,qqp,all,0,v_proj,134,0.9955540895462036
stacked_lora,qqp,all,0,v_proj,135,0.998420238494873
stacked_lora,qqp,all,0,v_proj,136,0.9984419941902161
stacked_lora,qqp,all,0,v_proj,137,0.9987803101539612
stacked_lora,qqp,all,0,v_proj,138,0.9910374879837036
stacked_lora,qqp,all,0,v_proj,139,0.9907389283180237
stacked_lora,qqp,all,0,v_proj,140,0.9990683197975159
stacked_lora,qqp,all,0,v_proj,141,0.9981844425201416
stacked_lora,qqp,all,0,v_proj,142,0.9983072280883789
stacked_lora,qqp,all,0,v_proj,143,0.9980250597000122
stacked_lora,qqp,all,0,v_proj,144,0.9986675977706909
stacked_lora,qqp,all,0,v_proj,145,0.9991136789321899
stacked_lora,qqp,all,0,v_proj,146,0.9974094033241272
stacked_lora,qqp,all,0,v_proj,147,0.9968714118003845
stacked_lora,qqp,all,0,v_proj,148,0.9971027970314026
stacked_lora,qqp,all,0,v_proj,149,0.9983595013618469
stacked_lora,qqp,all,0,v_proj,150,0.994946300983429
stacked_lora,qqp,all,0,up_proj,1,0.9999977350234985
stacked_lora,qqp,all,0,up_proj,2,0.9999964237213135
stacked_lora,qqp,all,0,up_proj,3,0.999995768070221
stacked_lora,qqp,all,0,up_proj,4,0.9999945163726807
stacked_lora,qqp,all,0,up_proj,5,0.9999943971633911
stacked_lora,qqp,all,0,up_proj,6,0.9999229907989502
stacked_lora,qqp,all,0,up_proj,7,0.9999199509620667
stacked_lora,qqp,all,0,up_proj,8,0.9999827146530151
stacked_lora,qqp,all,0,up_proj,9,0.9999823570251465
stacked_lora,qqp,all,0,up_proj,10,0.9999827146530151
stacked_lora,qqp,all,0,up_proj,11,0.9994620680809021
stacked_lora,qqp,all,0,up_proj,12,0.9994804859161377
stacked_lora,qqp,all,0,up_proj,13,0.9999289512634277
stacked_lora,qqp,all,0,up_proj,14,0.9999048113822937
stacked_lora,qqp,all,0,up_proj,15,0.9999440908432007
stacked_lora,qqp,all,0,up_proj,16,0.9999372959136963
stacked_lora,qqp,all,0,up_proj,17,0.9999353289604187
stacked_lora,qqp,all,0,up_proj,18,0.999976634979248
stacked_lora,qqp,all,0,up_proj,19,0.9999777674674988
stacked_lora,qqp,all,0,up_proj,20,0.999969482421875
stacked_lora,qqp,all,0,up_proj,21,0.9998146295547485
stacked_lora,qqp,all,0,up_proj,22,0.9998140931129456
stacked_lora,qqp,all,0,up_proj,23,0.9999723434448242
stacked_lora,qqp,all,0,up_proj,24,0.9999666213989258
stacked_lora,qqp,all,0,up_proj,25,0.9999813437461853
stacked_lora,qqp,all,0,up_proj,26,0.9994298219680786
stacked_lora,qqp,all,0,up_proj,27,0.9993448257446289
stacked_lora,qqp,all,0,up_proj,28,0.9998834133148193
stacked_lora,qqp,all,0,up_proj,29,0.9999707937240601
stacked_lora,qqp,all,0,up_proj,30,0.9999756217002869
stacked_lora,qqp,all,0,up_proj,31,0.9998950362205505
stacked_lora,qqp,all,0,up_proj,32,0.9998534321784973
stacked_lora,qqp,all,0,up_proj,33,0.9998452663421631
stacked_lora,qqp,all,0,up_proj,34,0.9999852776527405
stacked_lora,qqp,all,0,up_proj,35,0.9999718070030212
stacked_lora,qqp,all,0,up_proj,36,0.9999551177024841
stacked_lora,qqp,all,0,up_proj,37,0.9999598860740662
stacked_lora,qqp,all,0,up_proj,38,0.9999369978904724
stacked_lora,qqp,all,0,up_proj,39,0.9999184608459473
stacked_lora,qqp,all,0,up_proj,40,0.9998990297317505
stacked_lora,qqp,all,0,up_proj,41,0.9998178482055664
stacked_lora,qqp,all,0,up_proj,42,0.999869167804718
stacked_lora,qqp,all,0,up_proj,43,0.9999188184738159
stacked_lora,qqp,all,0,up_proj,44,0.9999601244926453
stacked_lora,qqp,all,0,up_proj,45,0.9999473690986633
stacked_lora,qqp,all,0,up_proj,46,0.9999260306358337
stacked_lora,qqp,all,0,up_proj,47,0.9999441504478455
stacked_lora,qqp,all,0,up_proj,48,0.9996932148933411
stacked_lora,qqp,all,0,up_proj,49,0.99985671043396
stacked_lora,qqp,all,0,up_proj,50,0.9996399879455566
stacked_lora,qqp,all,0,up_proj,51,0.9999372959136963
stacked_lora,qqp,all,0,up_proj,52,0.9999635219573975
stacked_lora,qqp,all,0,up_proj,53,0.9999273419380188
stacked_lora,qqp,all,0,up_proj,54,0.9992564916610718
stacked_lora,qqp,all,0,up_proj,55,0.9991694092750549
stacked_lora,qqp,all,0,up_proj,56,0.999686062335968
stacked_lora,qqp,all,0,up_proj,57,0.9996232986450195
stacked_lora,qqp,all,0,up_proj,58,0.9990642070770264
stacked_lora,qqp,all,0,up_proj,59,0.9988990426063538
stacked_lora,qqp,all,0,up_proj,60,0.9995759725570679
stacked_lora,qqp,all,0,up_proj,61,0.9997932314872742
stacked_lora,qqp,all,0,up_proj,62,0.999675989151001
stacked_lora,qqp,all,0,up_proj,63,0.9996486902236938
stacked_lora,qqp,all,0,up_proj,64,0.9991214275360107
stacked_lora,qqp,all,0,up_proj,65,0.9994080066680908
stacked_lora,qqp,all,0,up_proj,66,0.999118983745575
stacked_lora,qqp,all,0,up_proj,67,0.9990845322608948
stacked_lora,qqp,all,0,up_proj,68,0.9953633546829224
stacked_lora,qqp,all,0,up_proj,69,0.9930999279022217
stacked_lora,qqp,all,0,up_proj,70,0.9966277480125427
stacked_lora,qqp,all,0,up_proj,71,0.997650682926178
stacked_lora,qqp,all,0,up_proj,72,0.9990563988685608
stacked_lora,qqp,all,0,up_proj,73,0.9997088313102722
stacked_lora,qqp,all,0,up_proj,74,0.9993723630905151
stacked_lora,qqp,all,0,up_proj,75,0.9994136095046997
stacked_lora,qqp,all,0,up_proj,76,0.9985542893409729
stacked_lora,qqp,all,0,up_proj,77,0.9984089136123657
stacked_lora,qqp,all,0,up_proj,78,0.9970019459724426
stacked_lora,qqp,all,0,up_proj,79,0.9965553879737854
stacked_lora,qqp,all,0,up_proj,80,0.9995506405830383
stacked_lora,qqp,all,0,up_proj,81,0.9992772340774536
stacked_lora,qqp,all,0,up_proj,82,0.9990079998970032
stacked_lora,qqp,all,0,up_proj,83,0.9982537031173706
stacked_lora,qqp,all,0,up_proj,84,0.9979228973388672
stacked_lora,qqp,all,0,up_proj,85,0.9968968629837036
stacked_lora,qqp,all,0,up_proj,86,0.992908775806427
stacked_lora,qqp,all,0,up_proj,87,0.9939823746681213
stacked_lora,qqp,all,0,up_proj,88,0.9990703463554382
stacked_lora,qqp,all,0,up_proj,89,0.9985220432281494
stacked_lora,qqp,all,0,up_proj,90,0.9989836812019348
stacked_lora,qqp,all,0,up_proj,91,0.9586394429206848
stacked_lora,qqp,all,0,up_proj,92,0.9566124081611633
stacked_lora,qqp,all,0,up_proj,93,0.9910979270935059
stacked_lora,qqp,all,0,up_proj,94,0.9993585348129272
stacked_lora,qqp,all,0,up_proj,95,0.99898761510849
stacked_lora,qqp,all,0,up_proj,96,0.9985953569412231
stacked_lora,qqp,all,0,up_proj,97,0.9992541670799255
stacked_lora,qqp,all,0,up_proj,98,0.998320460319519
stacked_lora,qqp,all,0,up_proj,99,0.9988020062446594
stacked_lora,qqp,all,0,up_proj,100,0.9983862638473511
stacked_lora,qqp,all,0,up_proj,101,0.9978677034378052
stacked_lora,qqp,all,0,up_proj,102,0.9993419647216797
stacked_lora,qqp,all,0,up_proj,103,0.9987229108810425
stacked_lora,qqp,all,0,up_proj,104,0.9993364810943604
stacked_lora,qqp,all,0,up_proj,105,0.997846782207489
stacked_lora,qqp,all,0,up_proj,106,0.9993029236793518
stacked_lora,qqp,all,0,up_proj,107,0.9991907477378845
stacked_lora,qqp,all,0,up_proj,108,0.9987841844558716
stacked_lora,qqp,all,0,up_proj,109,0.9982207417488098
stacked_lora,qqp,all,0,up_proj,110,0.9986482262611389
stacked_lora,qqp,all,0,up_proj,111,0.9985293745994568
stacked_lora,qqp,all,0,up_proj,112,0.9973287582397461
stacked_lora,qqp,all,0,up_proj,113,0.996789813041687
stacked_lora,qqp,all,0,up_proj,114,0.998123049736023
stacked_lora,qqp,all,0,up_proj,115,0.9948212504386902
stacked_lora,qqp,all,0,up_proj,116,0.9969643950462341
stacked_lora,qqp,all,0,up_proj,117,0.998414158821106
stacked_lora,qqp,all,0,up_proj,118,0.9990007877349854
stacked_lora,qqp,all,0,up_proj,119,0.9982588291168213
stacked_lora,qqp,all,0,up_proj,120,0.9950227737426758
stacked_lora,qqp,all,0,up_proj,121,0.9971000552177429
stacked_lora,qqp,all,0,up_proj,122,0.9988502860069275
stacked_lora,qqp,all,0,up_proj,123,0.9990280866622925
stacked_lora,qqp,all,0,up_proj,124,0.9979634284973145
stacked_lora,qqp,all,0,up_proj,125,0.9981089234352112
stacked_lora,qqp,all,0,up_proj,126,0.9960504770278931
stacked_lora,qqp,all,0,up_proj,127,0.9957459568977356
stacked_lora,qqp,all,0,up_proj,128,0.9985095858573914
stacked_lora,qqp,all,0,up_proj,129,0.9972075819969177
stacked_lora,qqp,all,0,up_proj,130,0.9975741505622864
stacked_lora,qqp,all,0,up_proj,131,0.9976287484169006
stacked_lora,qqp,all,0,up_proj,132,0.9963743090629578
stacked_lora,qqp,all,0,up_proj,133,0.9991700053215027
stacked_lora,qqp,all,0,up_proj,134,0.9981125593185425
stacked_lora,qqp,all,0,up_proj,135,0.9933516383171082
stacked_lora,qqp,all,0,up_proj,136,0.9934952259063721
stacked_lora,qqp,all,0,up_proj,137,0.9982378482818604
stacked_lora,qqp,all,0,up_proj,138,0.9965823888778687
stacked_lora,qqp,all,0,up_proj,139,0.9969214797019958
stacked_lora,qqp,all,0,up_proj,140,0.9972589612007141
stacked_lora,qqp,all,0,up_proj,141,0.9971434473991394
stacked_lora,qqp,all,0,up_proj,142,0.9968011975288391
stacked_lora,qqp,all,0,up_proj,143,0.9972285032272339
stacked_lora,qqp,all,0,up_proj,144,0.9061466455459595
stacked_lora,qqp,all,0,up_proj,145,0.9057090282440186
stacked_lora,qqp,all,0,up_proj,146,0.9966622591018677
stacked_lora,qqp,all,0,up_proj,147,0.986859142780304
stacked_lora,qqp,all,0,up_proj,148,0.9863862991333008
stacked_lora,qqp,all,0,up_proj,149,0.9866446852684021
stacked_lora,qqp,all,0,up_proj,150,0.9874597787857056
stacked_lora,qqp,all,0,down_proj,1,1.0000001192092896
stacked_lora,qqp,all,0,down_proj,2,0.9999998211860657
stacked_lora,qqp,all,0,down_proj,3,0.999998927116394
stacked_lora,qqp,all,0,down_proj,4,0.9999991655349731
stacked_lora,qqp,all,0,down_proj,5,0.9999984502792358
stacked_lora,qqp,all,0,down_proj,6,0.9999976754188538
stacked_lora,qqp,all,0,down_proj,7,0.9999962449073792
stacked_lora,qqp,all,0,down_proj,8,0.9999991655349731
stacked_lora,qqp,all,0,down_proj,9,0.9999966621398926
stacked_lora,qqp,all,0,down_proj,10,0.9999967813491821
stacked_lora,qqp,all,0,down_proj,11,0.9999983310699463
stacked_lora,qqp,all,0,down_proj,12,0.9999894499778748
stacked_lora,qqp,all,0,down_proj,13,0.9999920129776001
stacked_lora,qqp,all,0,down_proj,14,0.9999980926513672
stacked_lora,qqp,all,0,down_proj,15,0.9999948740005493
stacked_lora,qqp,all,0,down_proj,16,0.9999934434890747
stacked_lora,qqp,all,0,down_proj,17,0.9999911785125732
stacked_lora,qqp,all,0,down_proj,18,0.9999916553497314
stacked_lora,qqp,all,0,down_proj,19,0.9999910593032837
stacked_lora,qqp,all,0,down_proj,20,0.9408830404281616
stacked_lora,qqp,all,0,down_proj,21,0.9408725500106812
stacked_lora,qqp,all,0,down_proj,22,0.9998491406440735
stacked_lora,qqp,all,0,down_proj,23,0.9998490214347839
stacked_lora,qqp,all,0,down_proj,24,0.9999827146530151
stacked_lora,qqp,all,0,down_proj,25,0.9999733567237854
stacked_lora,qqp,all,0,down_proj,26,0.9999628663063049
stacked_lora,qqp,all,0,down_proj,27,0.9999606609344482
stacked_lora,qqp,all,0,down_proj,28,0.9999933838844299
stacked_lora,qqp,all,0,down_proj,29,0.999959409236908
stacked_lora,qqp,all,0,down_proj,30,0.9999902844429016
stacked_lora,qqp,all,0,down_proj,31,0.999983549118042
stacked_lora,qqp,all,0,down_proj,32,0.9999582171440125
stacked_lora,qqp,all,0,down_proj,33,0.9998974800109863
stacked_lora,qqp,all,0,down_proj,34,0.9999125003814697
stacked_lora,qqp,all,0,down_proj,35,0.9999849200248718
stacked_lora,qqp,all,0,down_proj,36,0.9998334646224976
stacked_lora,qqp,all,0,down_proj,37,0.999793291091919
stacked_lora,qqp,all,0,down_proj,38,0.9999027848243713
stacked_lora,qqp,all,0,down_proj,39,0.9999338984489441
stacked_lora,qqp,all,0,down_proj,40,0.9994282126426697
stacked_lora,qqp,all,0,down_proj,41,0.9994603991508484
stacked_lora,qqp,all,0,down_proj,42,0.999860942363739
stacked_lora,qqp,all,0,down_proj,43,0.999874472618103
stacked_lora,qqp,all,0,down_proj,44,0.9998908042907715
stacked_lora,qqp,all,0,down_proj,45,0.9999003410339355
stacked_lora,qqp,all,0,down_proj,46,0.9999514222145081
stacked_lora,qqp,all,0,down_proj,47,0.9999772906303406
stacked_lora,qqp,all,0,down_proj,48,0.9999662041664124
stacked_lora,qqp,all,0,down_proj,49,0.9999570846557617
stacked_lora,qqp,all,0,down_proj,50,0.9981040954589844
stacked_lora,qqp,all,0,down_proj,51,0.9981192350387573
stacked_lora,qqp,all,0,down_proj,52,0.9999262094497681
stacked_lora,qqp,all,0,down_proj,53,0.9999549984931946
stacked_lora,qqp,all,0,down_proj,54,0.9999675154685974
stacked_lora,qqp,all,0,down_proj,55,0.9999406933784485
stacked_lora,qqp,all,0,down_proj,56,0.9999027252197266
stacked_lora,qqp,all,0,down_proj,57,0.9994663596153259
stacked_lora,qqp,all,0,down_proj,58,0.9986158013343811
stacked_lora,qqp,all,0,down_proj,59,0.9990453124046326
stacked_lora,qqp,all,0,down_proj,60,0.9994651079177856
stacked_lora,qqp,all,0,down_proj,61,0.9997292160987854
stacked_lora,qqp,all,0,down_proj,62,0.9998739957809448
stacked_lora,qqp,all,0,down_proj,63,0.9997384548187256
stacked_lora,qqp,all,0,down_proj,64,0.9998631477355957
stacked_lora,qqp,all,0,down_proj,65,0.9998322129249573
stacked_lora,qqp,all,0,down_proj,66,0.9997267723083496
stacked_lora,qqp,all,0,down_proj,67,0.9997689127922058
stacked_lora,qqp,all,0,down_proj,68,0.9995841979980469
stacked_lora,qqp,all,0,down_proj,69,0.9997668862342834
stacked_lora,qqp,all,0,down_proj,70,0.9996690154075623
stacked_lora,qqp,all,0,down_proj,71,0.9998932480812073
stacked_lora,qqp,all,0,down_proj,72,0.9998449087142944
stacked_lora,qqp,all,0,down_proj,73,0.9992489218711853
stacked_lora,qqp,all,0,down_proj,74,0.9992704391479492
stacked_lora,qqp,all,0,down_proj,75,0.9997056722640991
stacked_lora,qqp,all,0,down_proj,76,0.9995975494384766
stacked_lora,qqp,all,0,down_proj,77,0.9995698928833008
stacked_lora,qqp,all,0,down_proj,78,0.9997286796569824
stacked_lora,qqp,all,0,down_proj,79,0.9991698265075684
stacked_lora,qqp,all,0,down_proj,80,0.9992932677268982
stacked_lora,qqp,all,0,down_proj,81,0.9989157319068909
stacked_lora,qqp,all,0,down_proj,82,0.9988769888877869
stacked_lora,qqp,all,0,down_proj,83,0.9994004368782043
stacked_lora,qqp,all,0,down_proj,84,0.99964839220047
stacked_lora,qqp,all,0,down_proj,85,0.9993266463279724
stacked_lora,qqp,all,0,down_proj,86,0.9993100166320801
stacked_lora,qqp,all,0,down_proj,87,0.9994698762893677
stacked_lora,qqp,all,0,down_proj,88,0.9998387694358826
stacked_lora,qqp,all,0,down_proj,89,0.9997219443321228
stacked_lora,qqp,all,0,down_proj,90,0.9967874884605408
stacked_lora,qqp,all,0,down_proj,91,0.9912282228469849
stacked_lora,qqp,all,0,down_proj,92,0.9933415055274963
stacked_lora,qqp,all,0,down_proj,93,0.9977537393569946
stacked_lora,qqp,all,0,down_proj,94,0.9990983009338379
stacked_lora,qqp,all,0,down_proj,95,0.9985783100128174
stacked_lora,qqp,all,0,down_proj,96,0.9991559982299805
stacked_lora,qqp,all,0,down_proj,97,0.9994043111801147
stacked_lora,qqp,all,0,down_proj,98,0.9967832565307617
stacked_lora,qqp,all,0,down_proj,99,0.99675053358078
stacked_lora,qqp,all,0,down_proj,100,0.9990689158439636
stacked_lora,qqp,all,0,down_proj,101,0.9995139837265015
stacked_lora,qqp,all,0,down_proj,102,0.999845027923584
stacked_lora,qqp,all,0,down_proj,103,0.9990250468254089
stacked_lora,qqp,all,0,down_proj,104,0.9975939393043518
stacked_lora,qqp,all,0,down_proj,105,0.9980681538581848
stacked_lora,qqp,all,0,down_proj,106,0.9992545247077942
stacked_lora,qqp,all,0,down_proj,107,0.9994403719902039
stacked_lora,qqp,all,0,down_proj,108,0.9998934864997864
stacked_lora,qqp,all,0,down_proj,109,0.9993657469749451
stacked_lora,qqp,all,0,down_proj,110,0.9994871616363525
stacked_lora,qqp,all,0,down_proj,111,0.9997454881668091
stacked_lora,qqp,all,0,down_proj,112,0.9997464418411255
stacked_lora,qqp,all,0,down_proj,113,0.9991668462753296
stacked_lora,qqp,all,0,down_proj,114,0.9994059801101685
stacked_lora,qqp,all,0,down_proj,115,0.9976887702941895
stacked_lora,qqp,all,0,down_proj,116,0.996806263923645
stacked_lora,qqp,all,0,down_proj,117,0.9987747669219971
stacked_lora,qqp,all,0,down_proj,118,0.9997469782829285
stacked_lora,qqp,all,0,down_proj,119,0.9997586607933044
stacked_lora,qqp,all,0,down_proj,120,0.9991694092750549
stacked_lora,qqp,all,0,down_proj,121,0.999163806438446
stacked_lora,qqp,all,0,down_proj,122,0.9987645745277405
stacked_lora,qqp,all,0,down_proj,123,0.9655354022979736
stacked_lora,qqp,all,0,down_proj,124,0.9657667279243469
stacked_lora,qqp,all,0,down_proj,125,0.998306930065155
stacked_lora,qqp,all,0,down_proj,126,0.9995988607406616
stacked_lora,qqp,all,0,down_proj,127,0.9992121458053589
stacked_lora,qqp,all,0,down_proj,128,0.9990482330322266
stacked_lora,qqp,all,0,down_proj,129,0.9997745156288147
stacked_lora,qqp,all,0,down_proj,130,0.9995969533920288
stacked_lora,qqp,all,0,down_proj,131,0.999402642250061
stacked_lora,qqp,all,0,down_proj,132,0.9996078610420227
stacked_lora,qqp,all,0,down_proj,133,0.999537467956543
stacked_lora,qqp,all,0,down_proj,134,0.9963003396987915
stacked_lora,qqp,all,0,down_proj,135,0.9939362406730652
stacked_lora,qqp,all,0,down_proj,136,0.996202826499939
stacked_lora,qqp,all,0,down_proj,137,0.977523684501648
stacked_lora,qqp,all,0,down_proj,138,0.97838294506073
stacked_lora,qqp,all,0,down_proj,139,0.9994502067565918
stacked_lora,qqp,all,0,down_proj,140,0.9994608759880066
stacked_lora,qqp,all,0,down_proj,141,0.9996595978736877
stacked_lora,qqp,all,0,down_proj,142,0.9983700513839722
stacked_lora,qqp,all,0,down_proj,143,0.9983091354370117
stacked_lora,qqp,all,0,down_proj,144,0.999559223651886
stacked_lora,qqp,all,0,down_proj,145,0.9991322159767151
stacked_lora,qqp,all,0,down_proj,146,0.9968277812004089
stacked_lora,qqp,all,0,down_proj,147,0.996707558631897
stacked_lora,qqp,all,0,down_proj,148,0.9993125200271606
stacked_lora,qqp,all,0,down_proj,149,0.9996131658554077
stacked_lora,qqp,all,0,down_proj,150,0.9998142123222351
stacked_lora,qqp,all,8,q_proj,1,0.9999979734420776
stacked_lora,qqp,all,8,q_proj,2,0.9999991059303284
stacked_lora,qqp,all,8,q_proj,3,0.9999996423721313
stacked_lora,qqp,all,8,q_proj,4,0.999999463558197
stacked_lora,qqp,all,8,q_proj,5,0.9999998211860657
stacked_lora,qqp,all,8,q_proj,6,0.9999972581863403
stacked_lora,qqp,all,8,q_proj,7,0.9999951720237732
stacked_lora,qqp,all,8,q_proj,8,0.9999908804893494
stacked_lora,qqp,all,8,q_proj,9,0.9999936819076538
stacked_lora,qqp,all,8,q_proj,10,0.9999939203262329
stacked_lora,qqp,all,8,q_proj,11,0.9999986886978149
stacked_lora,qqp,all,8,q_proj,12,0.9999982714653015
stacked_lora,qqp,all,8,q_proj,13,0.999988853931427
stacked_lora,qqp,all,8,q_proj,14,0.9999737739562988
stacked_lora,qqp,all,8,q_proj,15,0.9999672174453735
stacked_lora,qqp,all,8,q_proj,16,0.9999762773513794
stacked_lora,qqp,all,8,q_proj,17,0.9999842047691345
stacked_lora,qqp,all,8,q_proj,18,0.9999912977218628
stacked_lora,qqp,all,8,q_proj,19,0.9999934434890747
stacked_lora,qqp,all,8,q_proj,20,0.9999961853027344
stacked_lora,qqp,all,8,q_proj,21,0.9999958276748657
stacked_lora,qqp,all,8,q_proj,22,0.9999889135360718
stacked_lora,qqp,all,8,q_proj,23,0.9999915957450867
stacked_lora,qqp,all,8,q_proj,24,0.9999732375144958
stacked_lora,qqp,all,8,q_proj,25,0.9999810457229614
stacked_lora,qqp,all,8,q_proj,26,0.9999968409538269
stacked_lora,qqp,all,8,q_proj,27,0.9999929666519165
stacked_lora,qqp,all,8,q_proj,28,0.9999740719795227
stacked_lora,qqp,all,8,q_proj,29,0.9999626874923706
stacked_lora,qqp,all,8,q_proj,30,0.9999908804893494
stacked_lora,qqp,all,8,q_proj,31,0.9999831914901733
stacked_lora,qqp,all,8,q_proj,32,0.999978244304657
stacked_lora,qqp,all,8,q_proj,33,0.9999775886535645
stacked_lora,qqp,all,8,q_proj,34,0.9999858140945435
stacked_lora,qqp,all,8,q_proj,35,0.9999919533729553
stacked_lora,qqp,all,8,q_proj,36,0.9999969005584717
stacked_lora,qqp,all,8,q_proj,37,0.9999839067459106
stacked_lora,qqp,all,8,q_proj,38,0.999975323677063
stacked_lora,qqp,all,8,q_proj,39,0.9999617338180542
stacked_lora,qqp,all,8,q_proj,40,0.9999694228172302
stacked_lora,qqp,all,8,q_proj,41,0.9999639391899109
stacked_lora,qqp,all,8,q_proj,42,0.9999532699584961
stacked_lora,qqp,all,8,q_proj,43,0.999963104724884
stacked_lora,qqp,all,8,q_proj,44,0.9999196529388428
stacked_lora,qqp,all,8,q_proj,45,0.9999181032180786
stacked_lora,qqp,all,8,q_proj,46,0.9999933838844299
stacked_lora,qqp,all,8,q_proj,47,0.9998866319656372
stacked_lora,qqp,all,8,q_proj,48,0.999888002872467
stacked_lora,qqp,all,8,q_proj,49,0.9999821782112122
stacked_lora,qqp,all,8,q_proj,50,0.9999821186065674
stacked_lora,qqp,all,8,q_proj,51,0.9999414086341858
stacked_lora,qqp,all,8,q_proj,52,0.9999414086341858
stacked_lora,qqp,all,8,q_proj,53,0.9999762773513794
stacked_lora,qqp,all,8,q_proj,54,0.9999794960021973
stacked_lora,qqp,all,8,q_proj,55,0.9999796748161316
stacked_lora,qqp,all,8,q_proj,56,0.9999504089355469
stacked_lora,qqp,all,8,q_proj,57,0.9999434351921082
stacked_lora,qqp,all,8,q_proj,58,0.9998481869697571
stacked_lora,qqp,all,8,q_proj,59,0.9998246431350708
stacked_lora,qqp,all,8,q_proj,60,0.9999616146087646
stacked_lora,qqp,all,8,q_proj,61,0.9999668002128601
stacked_lora,qqp,all,8,q_proj,62,0.9999748468399048
stacked_lora,qqp,all,8,q_proj,63,0.9999606609344482
stacked_lora,qqp,all,8,q_proj,64,0.9998962879180908
stacked_lora,qqp,all,8,q_proj,65,0.999915599822998
stacked_lora,qqp,all,8,q_proj,66,0.9998969435691833
stacked_lora,qqp,all,8,q_proj,67,0.9999576807022095
stacked_lora,qqp,all,8,q_proj,68,0.9999501705169678
stacked_lora,qqp,all,8,q_proj,69,0.9999282360076904
stacked_lora,qqp,all,8,q_proj,70,0.9999316930770874
stacked_lora,qqp,all,8,q_proj,71,0.999916136264801
stacked_lora,qqp,all,8,q_proj,72,0.9999330043792725
stacked_lora,qqp,all,8,q_proj,73,0.9996947646141052
stacked_lora,qqp,all,8,q_proj,74,0.9996797442436218
stacked_lora,qqp,all,8,q_proj,75,0.9998350143432617
stacked_lora,qqp,all,8,q_proj,76,0.9998488426208496
stacked_lora,qqp,all,8,q_proj,77,0.9990499019622803
stacked_lora,qqp,all,8,q_proj,78,0.9990180730819702
stacked_lora,qqp,all,8,q_proj,79,0.9998095035552979
stacked_lora,qqp,all,8,q_proj,80,0.9999465346336365
stacked_lora,qqp,all,8,q_proj,81,0.9994160532951355
stacked_lora,qqp,all,8,q_proj,82,0.9995555281639099
stacked_lora,qqp,all,8,q_proj,83,0.9998728036880493
stacked_lora,qqp,all,8,q_proj,84,0.9991334676742554
stacked_lora,qqp,all,8,q_proj,85,0.999093234539032
stacked_lora,qqp,all,8,q_proj,86,0.9998926520347595
stacked_lora,qqp,all,8,q_proj,87,0.9998879432678223
stacked_lora,qqp,all,8,q_proj,88,0.9997656941413879
stacked_lora,qqp,all,8,q_proj,89,0.9995508193969727
stacked_lora,qqp,all,8,q_proj,90,0.9996057748794556
stacked_lora,qqp,all,8,q_proj,91,0.999732494354248
stacked_lora,qqp,all,8,q_proj,92,0.9994550347328186
stacked_lora,qqp,all,8,q_proj,93,0.999771237373352
stacked_lora,qqp,all,8,q_proj,94,0.9991192817687988
stacked_lora,qqp,all,8,q_proj,95,0.9985780715942383
stacked_lora,qqp,all,8,q_proj,96,0.9993048906326294
stacked_lora,qqp,all,8,q_proj,97,0.9998583197593689
stacked_lora,qqp,all,8,q_proj,98,0.9999199509620667
stacked_lora,qqp,all,8,q_proj,99,0.999783992767334
stacked_lora,qqp,all,8,q_proj,100,0.9994399547576904
stacked_lora,qqp,all,8,q_proj,101,0.999498724937439
stacked_lora,qqp,all,8,q_proj,102,0.9990941882133484
stacked_lora,qqp,all,8,q_proj,103,0.9990957975387573
stacked_lora,qqp,all,8,q_proj,104,0.9999470114707947
stacked_lora,qqp,all,8,q_proj,105,0.9967818856239319
stacked_lora,qqp,all,8,q_proj,106,0.996906042098999
stacked_lora,qqp,all,8,q_proj,107,0.9998648166656494
stacked_lora,qqp,all,8,q_proj,108,0.9992632865905762
stacked_lora,qqp,all,8,q_proj,109,0.9993720054626465
stacked_lora,qqp,all,8,q_proj,110,0.9998522400856018
stacked_lora,qqp,all,8,q_proj,111,0.9998769164085388
stacked_lora,qqp,all,8,q_proj,112,0.9999436140060425
stacked_lora,qqp,all,8,q_proj,113,0.9996752738952637
stacked_lora,qqp,all,8,q_proj,114,0.9998298287391663
stacked_lora,qqp,all,8,q_proj,115,0.999607503414154
stacked_lora,qqp,all,8,q_proj,116,0.9998937249183655
stacked_lora,qqp,all,8,q_proj,117,0.9997265934944153
stacked_lora,qqp,all,8,q_proj,118,0.9998717904090881
stacked_lora,qqp,all,8,q_proj,119,0.9995781779289246
stacked_lora,qqp,all,8,q_proj,120,0.9995609521865845
stacked_lora,qqp,all,8,q_proj,121,0.9999060034751892
stacked_lora,qqp,all,8,q_proj,122,0.999806821346283
stacked_lora,qqp,all,8,q_proj,123,0.9996087551116943
stacked_lora,qqp,all,8,q_proj,124,0.9994776248931885
stacked_lora,qqp,all,8,q_proj,125,0.9997100234031677
stacked_lora,qqp,all,8,q_proj,126,0.9998601078987122
stacked_lora,qqp,all,8,q_proj,127,0.9997788667678833
stacked_lora,qqp,all,8,q_proj,128,0.99978107213974
stacked_lora,qqp,all,8,q_proj,129,0.9998555183410645
stacked_lora,qqp,all,8,q_proj,130,0.9989312291145325
stacked_lora,qqp,all,8,q_proj,131,0.9989157915115356
stacked_lora,qqp,all,8,q_proj,132,0.9998483061790466
stacked_lora,qqp,all,8,q_proj,133,0.9996232986450195
stacked_lora,qqp,all,8,q_proj,134,0.9995898604393005
stacked_lora,qqp,all,8,q_proj,135,0.9998263716697693
stacked_lora,qqp,all,8,q_proj,136,0.9994754195213318
stacked_lora,qqp,all,8,q_proj,137,0.999934732913971
stacked_lora,qqp,all,8,q_proj,138,0.9996845126152039
stacked_lora,qqp,all,8,q_proj,139,0.9995326399803162
stacked_lora,qqp,all,8,q_proj,140,0.9993658065795898
stacked_lora,qqp,all,8,q_proj,141,0.9995747208595276
stacked_lora,qqp,all,8,q_proj,142,0.9994386434555054
stacked_lora,qqp,all,8,q_proj,143,0.9995438456535339
stacked_lora,qqp,all,8,q_proj,144,0.999700665473938
stacked_lora,qqp,all,8,q_proj,145,0.9989083409309387
stacked_lora,qqp,all,8,q_proj,146,0.9990874528884888
stacked_lora,qqp,all,8,q_proj,147,0.9997758269309998
stacked_lora,qqp,all,8,q_proj,148,0.9999439716339111
stacked_lora,qqp,all,8,q_proj,149,0.9998395442962646
stacked_lora,qqp,all,8,q_proj,150,0.9998446106910706
stacked_lora,qqp,all,8,v_proj,1,0.9998639225959778
stacked_lora,qqp,all,8,v_proj,2,0.9998921751976013
stacked_lora,qqp,all,8,v_proj,3,0.9998389482498169
stacked_lora,qqp,all,8,v_proj,4,0.9992035031318665
stacked_lora,qqp,all,8,v_proj,5,0.9976416230201721
stacked_lora,qqp,all,8,v_proj,6,0.9982092976570129
stacked_lora,qqp,all,8,v_proj,7,0.9993183016777039
stacked_lora,qqp,all,8,v_proj,8,0.9987942576408386
stacked_lora,qqp,all,8,v_proj,9,0.9991639256477356
stacked_lora,qqp,all,8,v_proj,10,0.9930036067962646
stacked_lora,qqp,all,8,v_proj,11,0.9928610324859619
stacked_lora,qqp,all,8,v_proj,12,0.9984034299850464
stacked_lora,qqp,all,8,v_proj,13,0.9970314502716064
stacked_lora,qqp,all,8,v_proj,14,0.9975440502166748
stacked_lora,qqp,all,8,v_proj,15,0.9989094734191895
stacked_lora,qqp,all,8,v_proj,16,0.9996157288551331
stacked_lora,qqp,all,8,v_proj,17,0.9997115731239319
stacked_lora,qqp,all,8,v_proj,18,0.9997332096099854
stacked_lora,qqp,all,8,v_proj,19,0.9996639490127563
stacked_lora,qqp,all,8,v_proj,20,0.9989091157913208
stacked_lora,qqp,all,8,v_proj,21,0.9988769292831421
stacked_lora,qqp,all,8,v_proj,22,0.9979794025421143
stacked_lora,qqp,all,8,v_proj,23,0.9987778663635254
stacked_lora,qqp,all,8,v_proj,24,0.9996282458305359
stacked_lora,qqp,all,8,v_proj,25,0.9994363188743591
stacked_lora,qqp,all,8,v_proj,26,0.9986180663108826
stacked_lora,qqp,all,8,v_proj,27,0.9960764050483704
stacked_lora,qqp,all,8,v_proj,28,0.9946088790893555
stacked_lora,qqp,all,8,v_proj,29,0.9923661351203918
stacked_lora,qqp,all,8,v_proj,30,0.9898278713226318
stacked_lora,qqp,all,8,v_proj,31,0.9984771013259888
stacked_lora,qqp,all,8,v_proj,32,0.9989619851112366
stacked_lora,qqp,all,8,v_proj,33,0.9992117285728455
stacked_lora,qqp,all,8,v_proj,34,0.9990325570106506
stacked_lora,qqp,all,8,v_proj,35,0.9900020956993103
stacked_lora,qqp,all,8,v_proj,36,0.9901771545410156
stacked_lora,qqp,all,8,v_proj,37,0.9991188049316406
stacked_lora,qqp,all,8,v_proj,38,0.9987486004829407
stacked_lora,qqp,all,8,v_proj,39,0.9968348741531372
stacked_lora,qqp,all,8,v_proj,40,0.9975876808166504
stacked_lora,qqp,all,8,v_proj,41,0.9981975555419922
stacked_lora,qqp,all,8,v_proj,42,0.9979159832000732
stacked_lora,qqp,all,8,v_proj,43,0.9971060752868652
stacked_lora,qqp,all,8,v_proj,44,0.9982315301895142
stacked_lora,qqp,all,8,v_proj,45,0.997829020023346
stacked_lora,qqp,all,8,v_proj,46,0.980222225189209
stacked_lora,qqp,all,8,v_proj,47,0.9788868427276611
stacked_lora,qqp,all,8,v_proj,48,0.9980998635292053
stacked_lora,qqp,all,8,v_proj,49,0.9774628281593323
stacked_lora,qqp,all,8,v_proj,50,0.9809073805809021
stacked_lora,qqp,all,8,v_proj,51,0.995163083076477
stacked_lora,qqp,all,8,v_proj,52,0.9989466071128845
stacked_lora,qqp,all,8,v_proj,53,0.9958497285842896
stacked_lora,qqp,all,8,v_proj,54,0.9943113327026367
stacked_lora,qqp,all,8,v_proj,55,0.9960822463035583
stacked_lora,qqp,all,8,v_proj,56,0.9697256088256836
stacked_lora,qqp,all,8,v_proj,57,0.968991756439209
stacked_lora,qqp,all,8,v_proj,58,0.9978621006011963
stacked_lora,qqp,all,8,v_proj,59,0.99925297498703
stacked_lora,qqp,all,8,v_proj,60,0.9988886117935181
stacked_lora,qqp,all,8,v_proj,61,0.9707036018371582
stacked_lora,qqp,all,8,v_proj,62,0.9695449471473694
stacked_lora,qqp,all,8,v_proj,63,0.9855005741119385
stacked_lora,qqp,all,8,v_proj,64,0.9823845624923706
stacked_lora,qqp,all,8,v_proj,65,0.996120274066925
stacked_lora,qqp,all,8,v_proj,66,0.9742901921272278
stacked_lora,qqp,all,8,v_proj,67,0.9748711585998535
stacked_lora,qqp,all,8,v_proj,68,0.9991292953491211
stacked_lora,qqp,all,8,v_proj,69,0.9991337060928345
stacked_lora,qqp,all,8,v_proj,70,0.9985779523849487
stacked_lora,qqp,all,8,v_proj,71,0.9983344078063965
stacked_lora,qqp,all,8,v_proj,72,0.9991159439086914
stacked_lora,qqp,all,8,v_proj,73,0.9985333681106567
stacked_lora,qqp,all,8,v_proj,74,0.998904824256897
stacked_lora,qqp,all,8,v_proj,75,0.9988130331039429
stacked_lora,qqp,all,8,v_proj,76,0.9970147609710693
stacked_lora,qqp,all,8,v_proj,77,0.9978407025337219
stacked_lora,qqp,all,8,v_proj,78,0.9992920160293579
stacked_lora,qqp,all,8,v_proj,79,0.9979298710823059
stacked_lora,qqp,all,8,v_proj,80,0.9824459552764893
stacked_lora,qqp,all,8,v_proj,81,0.9823311567306519
stacked_lora,qqp,all,8,v_proj,82,0.9996426105499268
stacked_lora,qqp,all,8,v_proj,83,0.9984532594680786
stacked_lora,qqp,all,8,v_proj,84,0.9972518682479858
stacked_lora,qqp,all,8,v_proj,85,0.997349739074707
stacked_lora,qqp,all,8,v_proj,86,0.9983111619949341
stacked_lora,qqp,all,8,v_proj,87,0.9989421367645264
stacked_lora,qqp,all,8,v_proj,88,0.999015212059021
stacked_lora,qqp,all,8,v_proj,89,0.9989041686058044
stacked_lora,qqp,all,8,v_proj,90,0.9968966245651245
stacked_lora,qqp,all,8,v_proj,91,0.976796567440033
stacked_lora,qqp,all,8,v_proj,92,0.9784690737724304
stacked_lora,qqp,all,8,v_proj,93,0.985129714012146
stacked_lora,qqp,all,8,v_proj,94,0.9857347011566162
stacked_lora,qqp,all,8,v_proj,95,0.9969210624694824
stacked_lora,qqp,all,8,v_proj,96,0.9991298913955688
stacked_lora,qqp,all,8,v_proj,97,0.9954570531845093
stacked_lora,qqp,all,8,v_proj,98,0.9984719157218933
stacked_lora,qqp,all,8,v_proj,99,0.9976776838302612
stacked_lora,qqp,all,8,v_proj,100,0.995041012763977
stacked_lora,qqp,all,8,v_proj,101,0.9918532371520996
stacked_lora,qqp,all,8,v_proj,102,0.9966152906417847
stacked_lora,qqp,all,8,v_proj,103,0.9988483786582947
stacked_lora,qqp,all,8,v_proj,104,0.9987552762031555
stacked_lora,qqp,all,8,v_proj,105,0.924910843372345
stacked_lora,qqp,all,8,v_proj,106,0.9247918128967285
stacked_lora,qqp,all,8,v_proj,107,0.9964488744735718
stacked_lora,qqp,all,8,v_proj,108,0.9947621822357178
stacked_lora,qqp,all,8,v_proj,109,0.9986134767532349
stacked_lora,qqp,all,8,v_proj,110,0.9969502091407776
stacked_lora,qqp,all,8,v_proj,111,0.9985227584838867
stacked_lora,qqp,all,8,v_proj,112,0.9992331266403198
stacked_lora,qqp,all,8,v_proj,113,0.9990038275718689
stacked_lora,qqp,all,8,v_proj,114,0.9994430541992188
stacked_lora,qqp,all,8,v_proj,115,0.9938308000564575
stacked_lora,qqp,all,8,v_proj,116,0.9854501485824585
stacked_lora,qqp,all,8,v_proj,117,0.9889472723007202
stacked_lora,qqp,all,8,v_proj,118,0.9984369277954102
stacked_lora,qqp,all,8,v_proj,119,0.9962520599365234
stacked_lora,qqp,all,8,v_proj,120,0.9957218170166016
stacked_lora,qqp,all,8,v_proj,121,0.9980148673057556
stacked_lora,qqp,all,8,v_proj,122,0.996915340423584
stacked_lora,qqp,all,8,v_proj,123,0.9973853826522827
stacked_lora,qqp,all,8,v_proj,124,0.9973798990249634
stacked_lora,qqp,all,8,v_proj,125,0.9934111833572388
stacked_lora,qqp,all,8,v_proj,126,0.9957275986671448
stacked_lora,qqp,all,8,v_proj,127,0.992011547088623
stacked_lora,qqp,all,8,v_proj,128,0.9938832521438599
stacked_lora,qqp,all,8,v_proj,129,0.990782618522644
stacked_lora,qqp,all,8,v_proj,130,0.9952371120452881
stacked_lora,qqp,all,8,v_proj,131,0.9942449331283569
stacked_lora,qqp,all,8,v_proj,132,0.9899690747261047
stacked_lora,qqp,all,8,v_proj,133,0.9585100412368774
stacked_lora,qqp,all,8,v_proj,134,0.9138625860214233
stacked_lora,qqp,all,8,v_proj,135,0.9573916792869568
stacked_lora,qqp,all,8,v_proj,136,0.9862968325614929
stacked_lora,qqp,all,8,v_proj,137,0.9841470718383789
stacked_lora,qqp,all,8,v_proj,138,0.9929024577140808
stacked_lora,qqp,all,8,v_proj,139,0.9928831458091736
stacked_lora,qqp,all,8,v_proj,140,0.9960523247718811
stacked_lora,qqp,all,8,v_proj,141,0.9906319975852966
stacked_lora,qqp,all,8,v_proj,142,0.9932275414466858
stacked_lora,qqp,all,8,v_proj,143,0.997390627861023
stacked_lora,qqp,all,8,v_proj,144,0.997302770614624
stacked_lora,qqp,all,8,v_proj,145,0.9960008263587952
stacked_lora,qqp,all,8,v_proj,146,0.9833274483680725
stacked_lora,qqp,all,8,v_proj,147,0.9826182126998901
stacked_lora,qqp,all,8,v_proj,148,0.9981590509414673
stacked_lora,qqp,all,8,v_proj,149,0.9957665205001831
stacked_lora,qqp,all,8,v_proj,150,0.9961584806442261
stacked_lora,qqp,all,8,up_proj,1,0.9999967813491821
stacked_lora,qqp,all,8,up_proj,2,0.9999914169311523
stacked_lora,qqp,all,8,up_proj,3,0.9999881982803345
stacked_lora,qqp,all,8,up_proj,4,0.999990701675415
stacked_lora,qqp,all,8,up_proj,5,0.9999849200248718
stacked_lora,qqp,all,8,up_proj,6,0.999977171421051
stacked_lora,qqp,all,8,up_proj,7,0.9999914765357971
stacked_lora,qqp,all,8,up_proj,8,0.9999887943267822
stacked_lora,qqp,all,8,up_proj,9,0.9999803304672241
stacked_lora,qqp,all,8,up_proj,10,0.9999470114707947
stacked_lora,qqp,all,8,up_proj,11,0.9999619126319885
stacked_lora,qqp,all,8,up_proj,12,0.9999313950538635
stacked_lora,qqp,all,8,up_proj,13,0.9555478692054749
stacked_lora,qqp,all,8,up_proj,14,0.9554944038391113
stacked_lora,qqp,all,8,up_proj,15,0.9999479055404663
stacked_lora,qqp,all,8,up_proj,16,0.9999620318412781
stacked_lora,qqp,all,8,up_proj,17,0.999982476234436
stacked_lora,qqp,all,8,up_proj,18,0.9999739527702332
stacked_lora,qqp,all,8,up_proj,19,0.999894917011261
stacked_lora,qqp,all,8,up_proj,20,0.9999030828475952
stacked_lora,qqp,all,8,up_proj,21,0.9999697804450989
stacked_lora,qqp,all,8,up_proj,22,0.999973475933075
stacked_lora,qqp,all,8,up_proj,23,0.9988346099853516
stacked_lora,qqp,all,8,up_proj,24,0.9988291263580322
stacked_lora,qqp,all,8,up_proj,25,0.9999035000801086
stacked_lora,qqp,all,8,up_proj,26,0.9998904466629028
stacked_lora,qqp,all,8,up_proj,27,0.9999244809150696
stacked_lora,qqp,all,8,up_proj,28,0.9999098777770996
stacked_lora,qqp,all,8,up_proj,29,0.9996358156204224
stacked_lora,qqp,all,8,up_proj,30,0.9995896816253662
stacked_lora,qqp,all,8,up_proj,31,0.99959796667099
stacked_lora,qqp,all,8,up_proj,32,0.9995513558387756
stacked_lora,qqp,all,8,up_proj,33,0.999889612197876
stacked_lora,qqp,all,8,up_proj,34,0.9999153017997742
stacked_lora,qqp,all,8,up_proj,35,0.9998326301574707
stacked_lora,qqp,all,8,up_proj,36,0.9997074604034424
stacked_lora,qqp,all,8,up_proj,37,0.9997583627700806
stacked_lora,qqp,all,8,up_proj,38,0.9998846054077148
stacked_lora,qqp,all,8,up_proj,39,0.9950647950172424
stacked_lora,qqp,all,8,up_proj,40,0.99526047706604
stacked_lora,qqp,all,8,up_proj,41,0.9995588064193726
stacked_lora,qqp,all,8,up_proj,42,0.9994904398918152
stacked_lora,qqp,all,8,up_proj,43,0.9994122385978699
stacked_lora,qqp,all,8,up_proj,44,0.999468982219696
stacked_lora,qqp,all,8,up_proj,45,0.9976950883865356
stacked_lora,qqp,all,8,up_proj,46,0.9975647926330566
stacked_lora,qqp,all,8,up_proj,47,0.9997381567955017
stacked_lora,qqp,all,8,up_proj,48,0.9997779726982117
stacked_lora,qqp,all,8,up_proj,49,0.999753475189209
stacked_lora,qqp,all,8,up_proj,50,0.9998544454574585
stacked_lora,qqp,all,8,up_proj,51,0.9996428489685059
stacked_lora,qqp,all,8,up_proj,52,0.9996843338012695
stacked_lora,qqp,all,8,up_proj,53,0.9996698498725891
stacked_lora,qqp,all,8,up_proj,54,0.9993070960044861
stacked_lora,qqp,all,8,up_proj,55,0.9993019700050354
stacked_lora,qqp,all,8,up_proj,56,0.9995608329772949
stacked_lora,qqp,all,8,up_proj,57,0.9996791481971741
stacked_lora,qqp,all,8,up_proj,58,0.9993371963500977
stacked_lora,qqp,all,8,up_proj,59,0.9993793368339539
stacked_lora,qqp,all,8,up_proj,60,0.9996894001960754
stacked_lora,qqp,all,8,up_proj,61,0.9994813203811646
stacked_lora,qqp,all,8,up_proj,62,0.9996446967124939
stacked_lora,qqp,all,8,up_proj,63,0.9990829229354858
stacked_lora,qqp,all,8,up_proj,64,0.9995642900466919
stacked_lora,qqp,all,8,up_proj,65,0.999351441860199
stacked_lora,qqp,all,8,up_proj,66,0.9993007183074951
stacked_lora,qqp,all,8,up_proj,67,0.9281324148178101
stacked_lora,qqp,all,8,up_proj,68,0.9279637336730957
stacked_lora,qqp,all,8,up_proj,69,0.9994378089904785
stacked_lora,qqp,all,8,up_proj,70,0.9959754347801208
stacked_lora,qqp,all,8,up_proj,71,0.993552565574646
stacked_lora,qqp,all,8,up_proj,72,0.9958177208900452
stacked_lora,qqp,all,8,up_proj,73,0.9983178377151489
stacked_lora,qqp,all,8,up_proj,74,0.9986246824264526
stacked_lora,qqp,all,8,up_proj,75,0.9987295269966125
stacked_lora,qqp,all,8,up_proj,76,0.9988916516304016
stacked_lora,qqp,all,8,up_proj,77,0.999615490436554
stacked_lora,qqp,all,8,up_proj,78,0.9992533922195435
stacked_lora,qqp,all,8,up_proj,79,0.9991630911827087
stacked_lora,qqp,all,8,up_proj,80,0.9988973736763
stacked_lora,qqp,all,8,up_proj,81,0.9954677224159241
stacked_lora,qqp,all,8,up_proj,82,0.9951348304748535
stacked_lora,qqp,all,8,up_proj,83,0.9997149705886841
stacked_lora,qqp,all,8,up_proj,84,0.9994698762893677
stacked_lora,qqp,all,8,up_proj,85,0.999148428440094
stacked_lora,qqp,all,8,up_proj,86,0.9992157816886902
stacked_lora,qqp,all,8,up_proj,87,0.9991541504859924
stacked_lora,qqp,all,8,up_proj,88,0.999642550945282
stacked_lora,qqp,all,8,up_proj,89,0.9992086887359619
stacked_lora,qqp,all,8,up_proj,90,0.9949547648429871
stacked_lora,qqp,all,8,up_proj,91,0.9956399202346802
stacked_lora,qqp,all,8,up_proj,92,0.9994562864303589
stacked_lora,qqp,all,8,up_proj,93,0.9992085695266724
stacked_lora,qqp,all,8,up_proj,94,0.9980921745300293
stacked_lora,qqp,all,8,up_proj,95,0.9992119669914246
stacked_lora,qqp,all,8,up_proj,96,0.9983625411987305
stacked_lora,qqp,all,8,up_proj,97,0.9993330836296082
stacked_lora,qqp,all,8,up_proj,98,0.9991868734359741
stacked_lora,qqp,all,8,up_proj,99,0.9994283318519592
stacked_lora,qqp,all,8,up_proj,100,0.9986482858657837
stacked_lora,qqp,all,8,up_proj,101,0.9992734789848328
stacked_lora,qqp,all,8,up_proj,102,0.99783855676651
stacked_lora,qqp,all,8,up_proj,103,0.9975950121879578
stacked_lora,qqp,all,8,up_proj,104,0.9979346990585327
stacked_lora,qqp,all,8,up_proj,105,0.9954918622970581
stacked_lora,qqp,all,8,up_proj,106,0.9970518946647644
stacked_lora,qqp,all,8,up_proj,107,0.9984242916107178
stacked_lora,qqp,all,8,up_proj,108,0.9983744621276855
stacked_lora,qqp,all,8,up_proj,109,0.9883227944374084
stacked_lora,qqp,all,8,up_proj,110,0.9913130402565002
stacked_lora,qqp,all,8,up_proj,111,0.9698105454444885
stacked_lora,qqp,all,8,up_proj,112,0.9728135466575623
stacked_lora,qqp,all,8,up_proj,113,0.9943629503250122
stacked_lora,qqp,all,8,up_proj,114,0.9875919222831726
stacked_lora,qqp,all,8,up_proj,115,0.9919125437736511
stacked_lora,qqp,all,8,up_proj,116,0.998342752456665
stacked_lora,qqp,all,8,up_proj,117,0.9987831115722656
stacked_lora,qqp,all,8,up_proj,118,0.9932345151901245
stacked_lora,qqp,all,8,up_proj,119,0.9896602034568787
stacked_lora,qqp,all,8,up_proj,120,0.992808997631073
stacked_lora,qqp,all,8,up_proj,121,0.9960814118385315
stacked_lora,qqp,all,8,up_proj,122,0.9976127743721008
stacked_lora,qqp,all,8,up_proj,123,0.9978296160697937
stacked_lora,qqp,all,8,up_proj,124,0.9951055645942688
stacked_lora,qqp,all,8,up_proj,125,0.9951827526092529
stacked_lora,qqp,all,8,up_proj,126,0.9980922341346741
stacked_lora,qqp,all,8,up_proj,127,0.9978867769241333
stacked_lora,qqp,all,8,up_proj,128,0.9941158890724182
stacked_lora,qqp,all,8,up_proj,129,0.9986526966094971
stacked_lora,qqp,all,8,up_proj,130,0.9921295046806335
stacked_lora,qqp,all,8,up_proj,131,0.9969920516014099
stacked_lora,qqp,all,8,up_proj,132,0.9972737431526184
stacked_lora,qqp,all,8,up_proj,133,0.996600329875946
stacked_lora,qqp,all,8,up_proj,134,0.9961482882499695
stacked_lora,qqp,all,8,up_proj,135,0.9911006093025208
stacked_lora,qqp,all,8,up_proj,136,0.991567075252533
stacked_lora,qqp,all,8,up_proj,137,0.9986186027526855
stacked_lora,qqp,all,8,up_proj,138,0.997219443321228
stacked_lora,qqp,all,8,up_proj,139,0.9986721277236938
stacked_lora,qqp,all,8,up_proj,140,0.9966416358947754
stacked_lora,qqp,all,8,up_proj,141,0.9978053569793701
stacked_lora,qqp,all,8,up_proj,142,0.9988669157028198
stacked_lora,qqp,all,8,up_proj,143,0.9979618191719055
stacked_lora,qqp,all,8,up_proj,144,0.9978346824645996
stacked_lora,qqp,all,8,up_proj,145,0.9776699542999268
stacked_lora,qqp,all,8,up_proj,146,0.9727658033370972
stacked_lora,qqp,all,8,up_proj,147,0.9931286573410034
stacked_lora,qqp,all,8,up_proj,148,0.9981881380081177
stacked_lora,qqp,all,8,up_proj,149,0.9957810640335083
stacked_lora,qqp,all,8,up_proj,150,0.9945476055145264
stacked_lora,qqp,all,8,down_proj,1,1.0000004768371582
stacked_lora,qqp,all,8,down_proj,2,0.9999996423721313
stacked_lora,qqp,all,8,down_proj,3,1.0
stacked_lora,qqp,all,8,down_proj,4,1.0000001192092896
stacked_lora,qqp,all,8,down_proj,5,0.9999985098838806
stacked_lora,qqp,all,8,down_proj,6,0.9999967813491821
stacked_lora,qqp,all,8,down_proj,7,0.9999971985816956
stacked_lora,qqp,all,8,down_proj,8,0.9999996423721313
stacked_lora,qqp,all,8,down_proj,9,0.9999991655349731
stacked_lora,qqp,all,8,down_proj,10,0.9999927282333374
stacked_lora,qqp,all,8,down_proj,11,0.999994695186615
stacked_lora,qqp,all,8,down_proj,12,0.9999914765357971
stacked_lora,qqp,all,8,down_proj,13,0.9999989867210388
stacked_lora,qqp,all,8,down_proj,14,0.9999982118606567
stacked_lora,qqp,all,8,down_proj,15,0.9999987483024597
stacked_lora,qqp,all,8,down_proj,16,0.9999856948852539
stacked_lora,qqp,all,8,down_proj,17,0.9999843239784241
stacked_lora,qqp,all,8,down_proj,18,0.9999860525131226
stacked_lora,qqp,all,8,down_proj,19,0.9997267127037048
stacked_lora,qqp,all,8,down_proj,20,0.9997233152389526
stacked_lora,qqp,all,8,down_proj,21,0.9999929666519165
stacked_lora,qqp,all,8,down_proj,22,0.9999157786369324
stacked_lora,qqp,all,8,down_proj,23,0.9999070763587952
stacked_lora,qqp,all,8,down_proj,24,0.9999839067459106
stacked_lora,qqp,all,8,down_proj,25,0.9999783039093018
stacked_lora,qqp,all,8,down_proj,26,0.99990314245224
stacked_lora,qqp,all,8,down_proj,27,0.9998804330825806
stacked_lora,qqp,all,8,down_proj,28,0.9999970197677612
stacked_lora,qqp,all,8,down_proj,29,0.9999940395355225
stacked_lora,qqp,all,8,down_proj,30,0.9997595548629761
stacked_lora,qqp,all,8,down_proj,31,0.9997597932815552
stacked_lora,qqp,all,8,down_proj,32,0.9999901652336121
stacked_lora,qqp,all,8,down_proj,33,0.9999780058860779
stacked_lora,qqp,all,8,down_proj,34,0.9999796748161316
stacked_lora,qqp,all,8,down_proj,35,0.999977707862854
stacked_lora,qqp,all,8,down_proj,36,0.9999751448631287
stacked_lora,qqp,all,8,down_proj,37,0.9999750852584839
stacked_lora,qqp,all,8,down_proj,38,0.9999149441719055
stacked_lora,qqp,all,8,down_proj,39,0.9999070763587952
stacked_lora,qqp,all,8,down_proj,40,0.9999759197235107
stacked_lora,qqp,all,8,down_proj,41,0.9999486207962036
stacked_lora,qqp,all,8,down_proj,42,0.9999033212661743
stacked_lora,qqp,all,8,down_proj,43,0.9999430179595947
stacked_lora,qqp,all,8,down_proj,44,0.9999812245368958
stacked_lora,qqp,all,8,down_proj,45,0.999986469745636
stacked_lora,qqp,all,8,down_proj,46,0.9999738931655884
stacked_lora,qqp,all,8,down_proj,47,0.9999627470970154
stacked_lora,qqp,all,8,down_proj,48,0.9999417066574097
stacked_lora,qqp,all,8,down_proj,49,0.9999598860740662
stacked_lora,qqp,all,8,down_proj,50,0.9999024868011475
stacked_lora,qqp,all,8,down_proj,51,0.9998198747634888
stacked_lora,qqp,all,8,down_proj,52,0.9998064637184143
stacked_lora,qqp,all,8,down_proj,53,0.9999195337295532
stacked_lora,qqp,all,8,down_proj,54,0.9996840357780457
stacked_lora,qqp,all,8,down_proj,55,0.9997503757476807
stacked_lora,qqp,all,8,down_proj,56,0.9998877644538879
stacked_lora,qqp,all,8,down_proj,57,0.9998257160186768
stacked_lora,qqp,all,8,down_proj,58,0.9998334050178528
stacked_lora,qqp,all,8,down_proj,59,0.9998888969421387
stacked_lora,qqp,all,8,down_proj,60,0.9998824596405029
stacked_lora,qqp,all,8,down_proj,61,0.9998157024383545
stacked_lora,qqp,all,8,down_proj,62,0.9998302459716797
stacked_lora,qqp,all,8,down_proj,63,0.9999541640281677
stacked_lora,qqp,all,8,down_proj,64,0.9999581575393677
stacked_lora,qqp,all,8,down_proj,65,0.9996165037155151
stacked_lora,qqp,all,8,down_proj,66,0.9996297359466553
stacked_lora,qqp,all,8,down_proj,67,0.9998887777328491
stacked_lora,qqp,all,8,down_proj,68,0.9998296499252319
stacked_lora,qqp,all,8,down_proj,69,0.999967098236084
stacked_lora,qqp,all,8,down_proj,70,0.9999564290046692
stacked_lora,qqp,all,8,down_proj,71,0.999902069568634
stacked_lora,qqp,all,8,down_proj,72,0.9999660849571228
stacked_lora,qqp,all,8,down_proj,73,0.999290406703949
stacked_lora,qqp,all,8,down_proj,74,0.9993448853492737
stacked_lora,qqp,all,8,down_proj,75,0.9996575713157654
stacked_lora,qqp,all,8,down_proj,76,0.9998688101768494
stacked_lora,qqp,all,8,down_proj,77,0.9997774958610535
stacked_lora,qqp,all,8,down_proj,78,0.999937891960144
stacked_lora,qqp,all,8,down_proj,79,0.9997650980949402
stacked_lora,qqp,all,8,down_proj,80,0.9999376535415649
stacked_lora,qqp,all,8,down_proj,81,0.9997353553771973
stacked_lora,qqp,all,8,down_proj,82,0.999772846698761
stacked_lora,qqp,all,8,down_proj,83,0.9992330074310303
stacked_lora,qqp,all,8,down_proj,84,0.9820698499679565
stacked_lora,qqp,all,8,down_proj,85,0.9823418855667114
stacked_lora,qqp,all,8,down_proj,86,0.9996113181114197
stacked_lora,qqp,all,8,down_proj,87,0.9999499320983887
stacked_lora,qqp,all,8,down_proj,88,0.9999188184738159
stacked_lora,qqp,all,8,down_proj,89,0.9985327124595642
stacked_lora,qqp,all,8,down_proj,90,0.9986006021499634
stacked_lora,qqp,all,8,down_proj,91,0.9999207258224487
stacked_lora,qqp,all,8,down_proj,92,0.9998573660850525
stacked_lora,qqp,all,8,down_proj,93,0.9997657537460327
stacked_lora,qqp,all,8,down_proj,94,0.9998508095741272
stacked_lora,qqp,all,8,down_proj,95,0.9999602437019348
stacked_lora,qqp,all,8,down_proj,96,0.9997735023498535
stacked_lora,qqp,all,8,down_proj,97,0.9997845888137817
stacked_lora,qqp,all,8,down_proj,98,0.9997599124908447
stacked_lora,qqp,all,8,down_proj,99,0.9998278021812439
stacked_lora,qqp,all,8,down_proj,100,0.9996375441551208
stacked_lora,qqp,all,8,down_proj,101,0.999377965927124
stacked_lora,qqp,all,8,down_proj,102,0.9996830224990845
stacked_lora,qqp,all,8,down_proj,103,0.9997940063476562
stacked_lora,qqp,all,8,down_proj,104,0.9998317956924438
stacked_lora,qqp,all,8,down_proj,105,0.9992785453796387
stacked_lora,qqp,all,8,down_proj,106,0.9993823766708374
stacked_lora,qqp,all,8,down_proj,107,0.9998718500137329
stacked_lora,qqp,all,8,down_proj,108,0.9999548196792603
stacked_lora,qqp,all,8,down_proj,109,0.9998053312301636
stacked_lora,qqp,all,8,down_proj,110,0.9997408986091614
stacked_lora,qqp,all,8,down_proj,111,0.9996317625045776
stacked_lora,qqp,all,8,down_proj,112,0.9997805953025818
stacked_lora,qqp,all,8,down_proj,113,0.999915599822998
stacked_lora,qqp,all,8,down_proj,114,0.999885618686676
stacked_lora,qqp,all,8,down_proj,115,0.9947908520698547
stacked_lora,qqp,all,8,down_proj,116,0.9947338104248047
stacked_lora,qqp,all,8,down_proj,117,0.9994946718215942
stacked_lora,qqp,all,8,down_proj,118,0.9993930459022522
stacked_lora,qqp,all,8,down_proj,119,0.9988795518875122
stacked_lora,qqp,all,8,down_proj,120,0.9995419979095459
stacked_lora,qqp,all,8,down_proj,121,0.9995341897010803
stacked_lora,qqp,all,8,down_proj,122,0.9995757341384888
stacked_lora,qqp,all,8,down_proj,123,0.9994851350784302
stacked_lora,qqp,all,8,down_proj,124,0.9993032813072205
stacked_lora,qqp,all,8,down_proj,125,0.9995151162147522
stacked_lora,qqp,all,8,down_proj,126,0.999302327632904
stacked_lora,qqp,all,8,down_proj,127,0.9950128197669983
stacked_lora,qqp,all,8,down_proj,128,0.9947980046272278
stacked_lora,qqp,all,8,down_proj,129,0.9994721412658691
stacked_lora,qqp,all,8,down_proj,130,0.999639093875885
stacked_lora,qqp,all,8,down_proj,131,0.9993675351142883
stacked_lora,qqp,all,8,down_proj,132,0.999855637550354
stacked_lora,qqp,all,8,down_proj,133,0.9997914433479309
stacked_lora,qqp,all,8,down_proj,134,0.9970595836639404
stacked_lora,qqp,all,8,down_proj,135,0.9968318343162537
stacked_lora,qqp,all,8,down_proj,136,0.9974416494369507
stacked_lora,qqp,all,8,down_proj,137,0.9885118007659912
stacked_lora,qqp,all,8,down_proj,138,0.9915116429328918
stacked_lora,qqp,all,8,down_proj,139,0.9931710362434387
stacked_lora,qqp,all,8,down_proj,140,0.998062252998352
stacked_lora,qqp,all,8,down_proj,141,0.9981064796447754
stacked_lora,qqp,all,8,down_proj,142,0.9981669783592224
stacked_lora,qqp,all,8,down_proj,143,0.9991788268089294
stacked_lora,qqp,all,8,down_proj,144,0.9993153810501099
stacked_lora,qqp,all,8,down_proj,145,0.9944612979888916
stacked_lora,qqp,all,8,down_proj,146,0.9945063591003418
stacked_lora,qqp,all,8,down_proj,147,0.9996892213821411
stacked_lora,qqp,all,8,down_proj,148,0.9994431138038635
stacked_lora,qqp,all,8,down_proj,149,0.9985251426696777
stacked_lora,qqp,all,8,down_proj,150,0.998782217502594
stacked_lora,qqp,all,15,q_proj,1,1.0000001192092896
stacked_lora,qqp,all,15,q_proj,2,1.0000004768371582
stacked_lora,qqp,all,15,q_proj,3,1.0000004768371582
stacked_lora,qqp,all,15,q_proj,4,0.9999995827674866
stacked_lora,qqp,all,15,q_proj,5,0.9999996423721313
stacked_lora,qqp,all,15,q_proj,6,0.999999463558197
stacked_lora,qqp,all,15,q_proj,7,0.9999956488609314
stacked_lora,qqp,all,15,q_proj,8,0.9999947547912598
stacked_lora,qqp,all,15,q_proj,9,0.9999985098838806
stacked_lora,qqp,all,15,q_proj,10,0.9999983906745911
stacked_lora,qqp,all,15,q_proj,11,0.9999983906745911
stacked_lora,qqp,all,15,q_proj,12,0.9999991059303284
stacked_lora,qqp,all,15,q_proj,13,0.9999991059303284
stacked_lora,qqp,all,15,q_proj,14,0.9999974966049194
stacked_lora,qqp,all,15,q_proj,15,0.9999953508377075
stacked_lora,qqp,all,15,q_proj,16,0.9999986886978149
stacked_lora,qqp,all,15,q_proj,17,0.9999990463256836
stacked_lora,qqp,all,15,q_proj,18,0.9999985694885254
stacked_lora,qqp,all,15,q_proj,19,0.999997615814209
stacked_lora,qqp,all,15,q_proj,20,0.9999942183494568
stacked_lora,qqp,all,15,q_proj,21,0.9999939203262329
stacked_lora,qqp,all,15,q_proj,22,0.9999868869781494
stacked_lora,qqp,all,15,q_proj,23,0.9999896883964539
stacked_lora,qqp,all,15,q_proj,24,0.9999997615814209
stacked_lora,qqp,all,15,q_proj,25,0.9999991655349731
stacked_lora,qqp,all,15,q_proj,26,0.9999987483024597
stacked_lora,qqp,all,15,q_proj,27,0.9999988675117493
stacked_lora,qqp,all,15,q_proj,28,0.9999951124191284
stacked_lora,qqp,all,15,q_proj,29,0.9999940991401672
stacked_lora,qqp,all,15,q_proj,30,0.9999983310699463
stacked_lora,qqp,all,15,q_proj,31,0.9999942183494568
stacked_lora,qqp,all,15,q_proj,32,0.9999935030937195
stacked_lora,qqp,all,15,q_proj,33,0.9999986290931702
stacked_lora,qqp,all,15,q_proj,34,0.9999979734420776
stacked_lora,qqp,all,15,q_proj,35,0.9999972581863403
stacked_lora,qqp,all,15,q_proj,36,0.9999958276748657
stacked_lora,qqp,all,15,q_proj,37,0.9999951124191284
stacked_lora,qqp,all,15,q_proj,38,0.9999980926513672
stacked_lora,qqp,all,15,q_proj,39,0.9999919533729553
stacked_lora,qqp,all,15,q_proj,40,0.9999958276748657
stacked_lora,qqp,all,15,q_proj,41,0.9999650716781616
stacked_lora,qqp,all,15,q_proj,42,0.9999669194221497
stacked_lora,qqp,all,15,q_proj,43,0.9999979734420776
stacked_lora,qqp,all,15,q_proj,44,0.9999982118606567
stacked_lora,qqp,all,15,q_proj,45,0.9999985694885254
stacked_lora,qqp,all,15,q_proj,46,0.9999979138374329
stacked_lora,qqp,all,15,q_proj,47,0.9999959468841553
stacked_lora,qqp,all,15,q_proj,48,0.9999954104423523
stacked_lora,qqp,all,15,q_proj,49,0.9999951720237732
stacked_lora,qqp,all,15,q_proj,50,0.9999959468841553
stacked_lora,qqp,all,15,q_proj,51,0.9999934434890747
stacked_lora,qqp,all,15,q_proj,52,0.999994158744812
stacked_lora,qqp,all,15,q_proj,53,0.9999938011169434
stacked_lora,qqp,all,15,q_proj,54,0.9999902248382568
stacked_lora,qqp,all,15,q_proj,55,0.9999920725822449
stacked_lora,qqp,all,15,q_proj,56,0.9999865889549255
stacked_lora,qqp,all,15,q_proj,57,0.9999901652336121
stacked_lora,qqp,all,15,q_proj,58,0.9999917149543762
stacked_lora,qqp,all,15,q_proj,59,0.99998939037323
stacked_lora,qqp,all,15,q_proj,60,0.9999794363975525
stacked_lora,qqp,all,15,q_proj,61,0.9999558329582214
stacked_lora,qqp,all,15,q_proj,62,0.9999598264694214
stacked_lora,qqp,all,15,q_proj,63,0.9999741315841675
stacked_lora,qqp,all,15,q_proj,64,0.999971330165863
stacked_lora,qqp,all,15,q_proj,65,0.9999657273292542
stacked_lora,qqp,all,15,q_proj,66,0.9999720454216003
stacked_lora,qqp,all,15,q_proj,67,0.9999821186065674
stacked_lora,qqp,all,15,q_proj,68,0.999992311000824
stacked_lora,qqp,all,15,q_proj,69,0.9999890923500061
stacked_lora,qqp,all,15,q_proj,70,0.9999937415122986
stacked_lora,qqp,all,15,q_proj,71,0.999987781047821
stacked_lora,qqp,all,15,q_proj,72,0.9999802112579346
stacked_lora,qqp,all,15,q_proj,73,0.9999692440032959
stacked_lora,qqp,all,15,q_proj,74,0.9999876022338867
stacked_lora,qqp,all,15,q_proj,75,0.9999068379402161
stacked_lora,qqp,all,15,q_proj,76,0.9999347925186157
stacked_lora,qqp,all,15,q_proj,77,0.9999761581420898
stacked_lora,qqp,all,15,q_proj,78,0.9999855756759644
stacked_lora,qqp,all,15,q_proj,79,0.9999656677246094
stacked_lora,qqp,all,15,q_proj,80,0.9999842047691345
stacked_lora,qqp,all,15,q_proj,81,0.9999891519546509
stacked_lora,qqp,all,15,q_proj,82,0.9999896287918091
stacked_lora,qqp,all,15,q_proj,83,0.9999707341194153
stacked_lora,qqp,all,15,q_proj,84,0.9999644756317139
stacked_lora,qqp,all,15,q_proj,85,0.9999756217002869
stacked_lora,qqp,all,15,q_proj,86,0.9999725818634033
stacked_lora,qqp,all,15,q_proj,87,0.9999449253082275
stacked_lora,qqp,all,15,q_proj,88,0.9999631643295288
stacked_lora,qqp,all,15,q_proj,89,0.9999452829360962
stacked_lora,qqp,all,15,q_proj,90,0.9997914433479309
stacked_lora,qqp,all,15,q_proj,91,0.9997805953025818
stacked_lora,qqp,all,15,q_proj,92,0.9999861121177673
stacked_lora,qqp,all,15,q_proj,93,0.999984860420227
stacked_lora,qqp,all,15,q_proj,94,0.9999595284461975
stacked_lora,qqp,all,15,q_proj,95,0.9999918937683105
stacked_lora,qqp,all,15,q_proj,96,0.9999732971191406
stacked_lora,qqp,all,15,q_proj,97,0.9999605417251587
stacked_lora,qqp,all,15,q_proj,98,0.9999632239341736
stacked_lora,qqp,all,15,q_proj,99,0.9999707341194153
stacked_lora,qqp,all,15,q_proj,100,0.9999733567237854
stacked_lora,qqp,all,15,q_proj,101,0.9998390674591064
stacked_lora,qqp,all,15,q_proj,102,0.9998583793640137
stacked_lora,qqp,all,15,q_proj,103,0.9999656677246094
stacked_lora,qqp,all,15,q_proj,104,0.9999784231185913
stacked_lora,qqp,all,15,q_proj,105,0.9999763369560242
stacked_lora,qqp,all,15,q_proj,106,0.999975860118866
stacked_lora,qqp,all,15,q_proj,107,0.9997933506965637
stacked_lora,qqp,all,15,q_proj,108,0.9997766613960266
stacked_lora,qqp,all,15,q_proj,109,0.9999492168426514
stacked_lora,qqp,all,15,q_proj,110,0.9999517202377319
stacked_lora,qqp,all,15,q_proj,111,0.9999523162841797
stacked_lora,qqp,all,15,q_proj,112,0.9999215006828308
stacked_lora,qqp,all,15,q_proj,113,0.9999406337738037
stacked_lora,qqp,all,15,q_proj,114,0.9998928904533386
stacked_lora,qqp,all,15,q_proj,115,0.9999505877494812
stacked_lora,qqp,all,15,q_proj,116,0.9998440742492676
stacked_lora,qqp,all,15,q_proj,117,0.9999071359634399
stacked_lora,qqp,all,15,q_proj,118,0.9999318718910217
stacked_lora,qqp,all,15,q_proj,119,0.9999383687973022
stacked_lora,qqp,all,15,q_proj,120,0.9999565482139587
stacked_lora,qqp,all,15,q_proj,121,0.9999544024467468
stacked_lora,qqp,all,15,q_proj,122,0.9999719858169556
stacked_lora,qqp,all,15,q_proj,123,0.9998487830162048
stacked_lora,qqp,all,15,q_proj,124,0.9998412728309631
stacked_lora,qqp,all,15,q_proj,125,0.9988815188407898
stacked_lora,qqp,all,15,q_proj,126,0.9989240765571594
stacked_lora,qqp,all,15,q_proj,127,0.9999203681945801
stacked_lora,qqp,all,15,q_proj,128,0.9999336004257202
stacked_lora,qqp,all,15,q_proj,129,0.9996984601020813
stacked_lora,qqp,all,15,q_proj,130,0.9997146129608154
stacked_lora,qqp,all,15,q_proj,131,0.9999566674232483
stacked_lora,qqp,all,15,q_proj,132,0.9999237656593323
stacked_lora,qqp,all,15,q_proj,133,0.9999217987060547
stacked_lora,qqp,all,15,q_proj,134,0.9999117255210876
stacked_lora,qqp,all,15,q_proj,135,0.9998851418495178
stacked_lora,qqp,all,15,q_proj,136,0.9999414086341858
stacked_lora,qqp,all,15,q_proj,137,0.9999188184738159
stacked_lora,qqp,all,15,q_proj,138,0.9999347925186157
stacked_lora,qqp,all,15,q_proj,139,0.9997732043266296
stacked_lora,qqp,all,15,q_proj,140,0.999758243560791
stacked_lora,qqp,all,15,q_proj,141,0.9998883008956909
stacked_lora,qqp,all,15,q_proj,142,0.9999293088912964
stacked_lora,qqp,all,15,q_proj,143,0.9999698400497437
stacked_lora,qqp,all,15,q_proj,144,0.9999284744262695
stacked_lora,qqp,all,15,q_proj,145,0.9997742176055908
stacked_lora,qqp,all,15,q_proj,146,0.9997762441635132
stacked_lora,qqp,all,15,q_proj,147,0.9999523758888245
stacked_lora,qqp,all,15,q_proj,148,0.9999266862869263
stacked_lora,qqp,all,15,q_proj,149,0.999962329864502
stacked_lora,qqp,all,15,q_proj,150,0.9998549222946167
stacked_lora,qqp,all,15,v_proj,1,0.9999964237213135
stacked_lora,qqp,all,15,v_proj,2,0.9999963641166687
stacked_lora,qqp,all,15,v_proj,3,0.9999980926513672
stacked_lora,qqp,all,15,v_proj,4,0.9999972581863403
stacked_lora,qqp,all,15,v_proj,5,0.9999940395355225
stacked_lora,qqp,all,15,v_proj,6,0.9999892711639404
stacked_lora,qqp,all,15,v_proj,7,0.9999920725822449
stacked_lora,qqp,all,15,v_proj,8,0.9999945163726807
stacked_lora,qqp,all,15,v_proj,9,0.9999949932098389
stacked_lora,qqp,all,15,v_proj,10,0.999991774559021
stacked_lora,qqp,all,15,v_proj,11,0.9999936819076538
stacked_lora,qqp,all,15,v_proj,12,0.9999854564666748
stacked_lora,qqp,all,15,v_proj,13,0.9999846816062927
stacked_lora,qqp,all,15,v_proj,14,0.9999537467956543
stacked_lora,qqp,all,15,v_proj,15,0.9996677041053772
stacked_lora,qqp,all,15,v_proj,16,0.9996745586395264
stacked_lora,qqp,all,15,v_proj,17,0.9999739527702332
stacked_lora,qqp,all,15,v_proj,18,0.9999728202819824
stacked_lora,qqp,all,15,v_proj,19,0.9999735951423645
stacked_lora,qqp,all,15,v_proj,20,0.9999703764915466
stacked_lora,qqp,all,15,v_proj,21,0.9999637603759766
stacked_lora,qqp,all,15,v_proj,22,0.9999905228614807
stacked_lora,qqp,all,15,v_proj,23,0.9999935626983643
stacked_lora,qqp,all,15,v_proj,24,0.9999890327453613
stacked_lora,qqp,all,15,v_proj,25,0.9999828338623047
stacked_lora,qqp,all,15,v_proj,26,0.9999773502349854
stacked_lora,qqp,all,15,v_proj,27,0.9999752044677734
stacked_lora,qqp,all,15,v_proj,28,0.9999377727508545
stacked_lora,qqp,all,15,v_proj,29,0.9999665021896362
stacked_lora,qqp,all,15,v_proj,30,0.9999819993972778
stacked_lora,qqp,all,15,v_proj,31,0.9999821186065674
stacked_lora,qqp,all,15,v_proj,32,0.9999936819076538
stacked_lora,qqp,all,15,v_proj,33,0.9999541640281677
stacked_lora,qqp,all,15,v_proj,34,0.9999446868896484
stacked_lora,qqp,all,15,v_proj,35,0.9999176263809204
stacked_lora,qqp,all,15,v_proj,36,0.9999067783355713
stacked_lora,qqp,all,15,v_proj,37,0.9999083280563354
stacked_lora,qqp,all,15,v_proj,38,0.9999864101409912
stacked_lora,qqp,all,15,v_proj,39,0.9999939799308777
stacked_lora,qqp,all,15,v_proj,40,0.9999913573265076
stacked_lora,qqp,all,15,v_proj,41,0.9999134540557861
stacked_lora,qqp,all,15,v_proj,42,0.9999057054519653
stacked_lora,qqp,all,15,v_proj,43,0.9999696612358093
stacked_lora,qqp,all,15,v_proj,44,0.9999808073043823
stacked_lora,qqp,all,15,v_proj,45,0.9999655485153198
stacked_lora,qqp,all,15,v_proj,46,0.9999529719352722
stacked_lora,qqp,all,15,v_proj,47,0.9999364018440247
stacked_lora,qqp,all,15,v_proj,48,0.9999586343765259
stacked_lora,qqp,all,15,v_proj,49,0.9999901056289673
stacked_lora,qqp,all,15,v_proj,50,0.9999884963035583
stacked_lora,qqp,all,15,v_proj,51,0.9999789595603943
stacked_lora,qqp,all,15,v_proj,52,0.9999779462814331
stacked_lora,qqp,all,15,v_proj,53,0.9999944567680359
stacked_lora,qqp,all,15,v_proj,54,0.9999297857284546
stacked_lora,qqp,all,15,v_proj,55,0.9999210834503174
stacked_lora,qqp,all,15,v_proj,56,0.9999202489852905
stacked_lora,qqp,all,15,v_proj,57,0.9999089241027832
stacked_lora,qqp,all,15,v_proj,58,0.9999921321868896
stacked_lora,qqp,all,15,v_proj,59,0.9999634623527527
stacked_lora,qqp,all,15,v_proj,60,0.9999642372131348
stacked_lora,qqp,all,15,v_proj,61,0.9999912977218628
stacked_lora,qqp,all,15,v_proj,62,0.9999924898147583
stacked_lora,qqp,all,15,v_proj,63,0.999992311000824
stacked_lora,qqp,all,15,v_proj,64,0.9999963045120239
stacked_lora,qqp,all,15,v_proj,65,0.9999781250953674
stacked_lora,qqp,all,15,v_proj,66,0.9999722838401794
stacked_lora,qqp,all,15,v_proj,67,0.9999099969863892
stacked_lora,qqp,all,15,v_proj,68,0.9999397993087769
stacked_lora,qqp,all,15,v_proj,69,0.9999843835830688
stacked_lora,qqp,all,15,v_proj,70,0.9999698996543884
stacked_lora,qqp,all,15,v_proj,71,0.9999815225601196
stacked_lora,qqp,all,15,v_proj,72,0.9999585151672363
stacked_lora,qqp,all,15,v_proj,73,0.9999505877494812
stacked_lora,qqp,all,15,v_proj,74,0.9999282360076904
stacked_lora,qqp,all,15,v_proj,75,0.9999141693115234
stacked_lora,qqp,all,15,v_proj,76,0.999981164932251
stacked_lora,qqp,all,15,v_proj,77,0.9999125599861145
stacked_lora,qqp,all,15,v_proj,78,0.9999089241027832
stacked_lora,qqp,all,15,v_proj,79,0.9999670386314392
stacked_lora,qqp,all,15,v_proj,80,0.9999480247497559
stacked_lora,qqp,all,15,v_proj,81,0.9998474717140198
stacked_lora,qqp,all,15,v_proj,82,0.999800443649292
stacked_lora,qqp,all,15,v_proj,83,0.999884843826294
stacked_lora,qqp,all,15,v_proj,84,0.9998505711555481
stacked_lora,qqp,all,15,v_proj,85,0.9998757839202881
stacked_lora,qqp,all,15,v_proj,86,0.9999330639839172
stacked_lora,qqp,all,15,v_proj,87,0.9999435544013977
stacked_lora,qqp,all,15,v_proj,88,0.9999099969863892
stacked_lora,qqp,all,15,v_proj,89,0.9998478293418884
stacked_lora,qqp,all,15,v_proj,90,0.9998835325241089
stacked_lora,qqp,all,15,v_proj,91,0.9999062418937683
stacked_lora,qqp,all,15,v_proj,92,0.9998464584350586
stacked_lora,qqp,all,15,v_proj,93,0.9999175667762756
stacked_lora,qqp,all,15,v_proj,94,0.9998762011528015
stacked_lora,qqp,all,15,v_proj,95,0.9999002814292908
stacked_lora,qqp,all,15,v_proj,96,0.9969379901885986
stacked_lora,qqp,all,15,v_proj,97,0.9968225359916687
stacked_lora,qqp,all,15,v_proj,98,0.9993694424629211
stacked_lora,qqp,all,15,v_proj,99,0.9995628595352173
stacked_lora,qqp,all,15,v_proj,100,0.9999070167541504
stacked_lora,qqp,all,15,v_proj,101,0.9998448491096497
stacked_lora,qqp,all,15,v_proj,102,0.9999255537986755
stacked_lora,qqp,all,15,v_proj,103,0.9998374581336975
stacked_lora,qqp,all,15,v_proj,104,0.9997803568840027
stacked_lora,qqp,all,15,v_proj,105,0.9999179244041443
stacked_lora,qqp,all,15,v_proj,106,0.9993950128555298
stacked_lora,qqp,all,15,v_proj,107,0.9993847608566284
stacked_lora,qqp,all,15,v_proj,108,0.997779369354248
stacked_lora,qqp,all,15,v_proj,109,0.9977550506591797
stacked_lora,qqp,all,15,v_proj,110,0.9995004534721375
stacked_lora,qqp,all,15,v_proj,111,0.9990624785423279
stacked_lora,qqp,all,15,v_proj,112,0.9989486932754517
stacked_lora,qqp,all,15,v_proj,113,0.9998264312744141
stacked_lora,qqp,all,15,v_proj,114,0.9973551034927368
stacked_lora,qqp,all,15,v_proj,115,0.9973292946815491
stacked_lora,qqp,all,15,v_proj,116,0.9997655153274536
stacked_lora,qqp,all,15,v_proj,117,0.9997208714485168
stacked_lora,qqp,all,15,v_proj,118,0.9982377290725708
stacked_lora,qqp,all,15,v_proj,119,0.9982632398605347
stacked_lora,qqp,all,15,v_proj,120,0.9994348883628845
stacked_lora,qqp,all,15,v_proj,121,0.9994220733642578
stacked_lora,qqp,all,15,v_proj,122,0.9997508525848389
stacked_lora,qqp,all,15,v_proj,123,0.9998480081558228
stacked_lora,qqp,all,15,v_proj,124,0.9998255372047424
stacked_lora,qqp,all,15,v_proj,125,0.9997298717498779
stacked_lora,qqp,all,15,v_proj,126,0.999683678150177
stacked_lora,qqp,all,15,v_proj,127,0.9995779991149902
stacked_lora,qqp,all,15,v_proj,128,0.9980129599571228
stacked_lora,qqp,all,15,v_proj,129,0.9985058307647705
stacked_lora,qqp,all,15,v_proj,130,0.9981683492660522
stacked_lora,qqp,all,15,v_proj,131,0.9979106187820435
stacked_lora,qqp,all,15,v_proj,132,0.9989516139030457
stacked_lora,qqp,all,15,v_proj,133,0.9988616704940796
stacked_lora,qqp,all,15,v_proj,134,0.9990925192832947
stacked_lora,qqp,all,15,v_proj,135,0.9989250302314758
stacked_lora,qqp,all,15,v_proj,136,0.9991539716720581
stacked_lora,qqp,all,15,v_proj,137,0.9989109635353088
stacked_lora,qqp,all,15,v_proj,138,0.998690128326416
stacked_lora,qqp,all,15,v_proj,139,0.9979019165039062
stacked_lora,qqp,all,15,v_proj,140,0.9976991415023804
stacked_lora,qqp,all,15,v_proj,141,0.9997707009315491
stacked_lora,qqp,all,15,v_proj,142,0.9994017481803894
stacked_lora,qqp,all,15,v_proj,143,0.999443769454956
stacked_lora,qqp,all,15,v_proj,144,0.9997144937515259
stacked_lora,qqp,all,15,v_proj,145,0.9995577335357666
stacked_lora,qqp,all,15,v_proj,146,0.9995687007904053
stacked_lora,qqp,all,15,v_proj,147,0.9995413422584534
stacked_lora,qqp,all,15,v_proj,148,0.9990507364273071
stacked_lora,qqp,all,15,v_proj,149,0.99898761510849
stacked_lora,qqp,all,15,v_proj,150,0.9991730451583862
stacked_lora,qqp,all,15,up_proj,1,0.9999997019767761
stacked_lora,qqp,all,15,up_proj,2,1.0000003576278687
stacked_lora,qqp,all,15,up_proj,3,0.9999998211860657
stacked_lora,qqp,all,15,up_proj,4,0.9999982714653015
stacked_lora,qqp,all,15,up_proj,5,0.9999966025352478
stacked_lora,qqp,all,15,up_proj,6,0.9999967813491821
stacked_lora,qqp,all,15,up_proj,7,0.999997615814209
stacked_lora,qqp,all,15,up_proj,8,0.9999985694885254
stacked_lora,qqp,all,15,up_proj,9,0.9999979138374329
stacked_lora,qqp,all,15,up_proj,10,0.9999974370002747
stacked_lora,qqp,all,15,up_proj,11,0.9999983310699463
stacked_lora,qqp,all,15,up_proj,12,0.9999988675117493
stacked_lora,qqp,all,15,up_proj,13,0.9999764561653137
stacked_lora,qqp,all,15,up_proj,14,0.9999770522117615
stacked_lora,qqp,all,15,up_proj,15,0.9999918937683105
stacked_lora,qqp,all,15,up_proj,16,0.9999901652336121
stacked_lora,qqp,all,15,up_proj,17,0.9999963641166687
stacked_lora,qqp,all,15,up_proj,18,0.9999971389770508
stacked_lora,qqp,all,15,up_proj,19,0.9999958276748657
stacked_lora,qqp,all,15,up_proj,20,0.9999964237213135
stacked_lora,qqp,all,15,up_proj,21,0.9999971985816956
stacked_lora,qqp,all,15,up_proj,22,0.9999949336051941
stacked_lora,qqp,all,15,up_proj,23,0.9999895095825195
stacked_lora,qqp,all,15,up_proj,24,0.9999881982803345
stacked_lora,qqp,all,15,up_proj,25,0.9999899864196777
stacked_lora,qqp,all,15,up_proj,26,0.9999856352806091
stacked_lora,qqp,all,15,up_proj,27,0.99997478723526
stacked_lora,qqp,all,15,up_proj,28,0.9999794363975525
stacked_lora,qqp,all,15,up_proj,29,0.9999961256980896
stacked_lora,qqp,all,15,up_proj,30,0.9999935626983643
stacked_lora,qqp,all,15,up_proj,31,0.9999951720237732
stacked_lora,qqp,all,15,up_proj,32,0.9999904632568359
stacked_lora,qqp,all,15,up_proj,33,0.9999911189079285
stacked_lora,qqp,all,15,up_proj,34,0.9999889135360718
stacked_lora,qqp,all,15,up_proj,35,0.9999792575836182
stacked_lora,qqp,all,15,up_proj,36,0.9999769330024719
stacked_lora,qqp,all,15,up_proj,37,0.9999372959136963
stacked_lora,qqp,all,15,up_proj,38,0.9999403357505798
stacked_lora,qqp,all,15,up_proj,39,0.9999917149543762
stacked_lora,qqp,all,15,up_proj,40,0.9999716281890869
stacked_lora,qqp,all,15,up_proj,41,0.9999781250953674
stacked_lora,qqp,all,15,up_proj,42,0.9999727606773376
stacked_lora,qqp,all,15,up_proj,43,0.9999767541885376
stacked_lora,qqp,all,15,up_proj,44,0.9999673366546631
stacked_lora,qqp,all,15,up_proj,45,0.9999411702156067
stacked_lora,qqp,all,15,up_proj,46,0.9999642372131348
stacked_lora,qqp,all,15,up_proj,47,0.9999542236328125
stacked_lora,qqp,all,15,up_proj,48,0.9999472498893738
stacked_lora,qqp,all,15,up_proj,49,0.999980092048645
stacked_lora,qqp,all,15,up_proj,50,0.9999702572822571
stacked_lora,qqp,all,15,up_proj,51,0.9999768733978271
stacked_lora,qqp,all,15,up_proj,52,0.9999601244926453
stacked_lora,qqp,all,15,up_proj,53,0.9999353289604187
stacked_lora,qqp,all,15,up_proj,54,0.9999426603317261
stacked_lora,qqp,all,15,up_proj,55,0.999950110912323
stacked_lora,qqp,all,15,up_proj,56,0.9998438954353333
stacked_lora,qqp,all,15,up_proj,57,0.9998183250427246
stacked_lora,qqp,all,15,up_proj,58,0.9998016357421875
stacked_lora,qqp,all,15,up_proj,59,0.9997469782829285
stacked_lora,qqp,all,15,up_proj,60,0.9999129176139832
stacked_lora,qqp,all,15,up_proj,61,0.9998192191123962
stacked_lora,qqp,all,15,up_proj,62,0.9998965859413147
stacked_lora,qqp,all,15,up_proj,63,0.9994509220123291
stacked_lora,qqp,all,15,up_proj,64,0.9999422430992126
stacked_lora,qqp,all,15,up_proj,65,0.999530017375946
stacked_lora,qqp,all,15,up_proj,66,0.99989253282547
stacked_lora,qqp,all,15,up_proj,67,0.999705970287323
stacked_lora,qqp,all,15,up_proj,68,0.9998577833175659
stacked_lora,qqp,all,15,up_proj,69,0.9963304996490479
stacked_lora,qqp,all,15,up_proj,70,0.9963409304618835
stacked_lora,qqp,all,15,up_proj,71,0.9988686442375183
stacked_lora,qqp,all,15,up_proj,72,0.9988843202590942
stacked_lora,qqp,all,15,up_proj,73,0.9999448657035828
stacked_lora,qqp,all,15,up_proj,74,0.9997742176055908
stacked_lora,qqp,all,15,up_proj,75,0.9997842907905579
stacked_lora,qqp,all,15,up_proj,76,0.9997897148132324
stacked_lora,qqp,all,15,up_proj,77,0.9997161626815796
stacked_lora,qqp,all,15,up_proj,78,0.9993881583213806
stacked_lora,qqp,all,15,up_proj,79,0.9990795254707336
stacked_lora,qqp,all,15,up_proj,80,0.9998022317886353
stacked_lora,qqp,all,15,up_proj,81,0.9999197721481323
stacked_lora,qqp,all,15,up_proj,82,0.9997449517250061
stacked_lora,qqp,all,15,up_proj,83,0.9999604821205139
stacked_lora,qqp,all,15,up_proj,84,0.9996553063392639
stacked_lora,qqp,all,15,up_proj,85,0.9966685771942139
stacked_lora,qqp,all,15,up_proj,86,0.9967091083526611
stacked_lora,qqp,all,15,up_proj,87,0.9998621940612793
stacked_lora,qqp,all,15,up_proj,88,0.9998123645782471
stacked_lora,qqp,all,15,up_proj,89,0.9999005794525146
stacked_lora,qqp,all,15,up_proj,90,0.9995250701904297
stacked_lora,qqp,all,15,up_proj,91,0.9993029236793518
stacked_lora,qqp,all,15,up_proj,92,0.9994730353355408
stacked_lora,qqp,all,15,up_proj,93,0.9998181462287903
stacked_lora,qqp,all,15,up_proj,94,0.9996218681335449
stacked_lora,qqp,all,15,up_proj,95,0.9960709810256958
stacked_lora,qqp,all,15,up_proj,96,0.9959717988967896
stacked_lora,qqp,all,15,up_proj,97,0.9997766613960266
stacked_lora,qqp,all,15,up_proj,98,0.9956820607185364
stacked_lora,qqp,all,15,up_proj,99,0.9955862760543823
stacked_lora,qqp,all,15,up_proj,100,0.9999377727508545
stacked_lora,qqp,all,15,up_proj,101,0.9998953342437744
stacked_lora,qqp,all,15,up_proj,102,0.9998772740364075
stacked_lora,qqp,all,15,up_proj,103,0.9993084669113159
stacked_lora,qqp,all,15,up_proj,104,0.9993708729743958
stacked_lora,qqp,all,15,up_proj,105,0.9998571872711182
stacked_lora,qqp,all,15,up_proj,106,0.996706485748291
stacked_lora,qqp,all,15,up_proj,107,0.9965713620185852
stacked_lora,qqp,all,15,up_proj,108,0.9996917843818665
stacked_lora,qqp,all,15,up_proj,109,0.9985001683235168
stacked_lora,qqp,all,15,up_proj,110,0.9981428980827332
stacked_lora,qqp,all,15,up_proj,111,0.9990158677101135
stacked_lora,qqp,all,15,up_proj,112,0.9997139573097229
stacked_lora,qqp,all,15,up_proj,113,0.9998394250869751
stacked_lora,qqp,all,15,up_proj,114,0.9998559355735779
stacked_lora,qqp,all,15,up_proj,115,0.9998931884765625
stacked_lora,qqp,all,15,up_proj,116,0.9994721412658691
stacked_lora,qqp,all,15,up_proj,117,0.9991613030433655
stacked_lora,qqp,all,15,up_proj,118,0.9987689256668091
stacked_lora,qqp,all,15,up_proj,119,0.9996594786643982
stacked_lora,qqp,all,15,up_proj,120,0.9994630217552185
stacked_lora,qqp,all,15,up_proj,121,0.9991149306297302
stacked_lora,qqp,all,15,up_proj,122,0.9993914365768433
stacked_lora,qqp,all,15,up_proj,123,0.999740719795227
stacked_lora,qqp,all,15,up_proj,124,0.9995545148849487
stacked_lora,qqp,all,15,up_proj,125,0.9993497133255005
stacked_lora,qqp,all,15,up_proj,126,0.9997649192810059
stacked_lora,qqp,all,15,up_proj,127,0.9996880888938904
stacked_lora,qqp,all,15,up_proj,128,0.9991705417633057
stacked_lora,qqp,all,15,up_proj,129,0.9992305040359497
stacked_lora,qqp,all,15,up_proj,130,0.9995275139808655
stacked_lora,qqp,all,15,up_proj,131,0.9993686079978943
stacked_lora,qqp,all,15,up_proj,132,0.9991500973701477
stacked_lora,qqp,all,15,up_proj,133,0.9994655251502991
stacked_lora,qqp,all,15,up_proj,134,0.9996048808097839
stacked_lora,qqp,all,15,up_proj,135,0.9952960014343262
stacked_lora,qqp,all,15,up_proj,136,0.9945794939994812
stacked_lora,qqp,all,15,up_proj,137,0.9991657137870789
stacked_lora,qqp,all,15,up_proj,138,0.9974678754806519
stacked_lora,qqp,all,15,up_proj,139,0.9976952075958252
stacked_lora,qqp,all,15,up_proj,140,0.9998807311058044
stacked_lora,qqp,all,15,up_proj,141,0.9996360540390015
stacked_lora,qqp,all,15,up_proj,142,0.9985721111297607
stacked_lora,qqp,all,15,up_proj,143,0.9984909296035767
stacked_lora,qqp,all,15,up_proj,144,0.9995444416999817
stacked_lora,qqp,all,15,up_proj,145,0.999557375907898
stacked_lora,qqp,all,15,up_proj,146,0.9989707469940186
stacked_lora,qqp,all,15,up_proj,147,0.9981019496917725
stacked_lora,qqp,all,15,up_proj,148,0.9988730549812317
stacked_lora,qqp,all,15,up_proj,149,0.9992681741714478
stacked_lora,qqp,all,15,up_proj,150,0.9995821714401245
stacked_lora,qqp,all,15,down_proj,1,1.0000007152557373
stacked_lora,qqp,all,15,down_proj,2,1.0000003576278687
stacked_lora,qqp,all,15,down_proj,3,1.0000003576278687
stacked_lora,qqp,all,15,down_proj,4,0.9999990463256836
stacked_lora,qqp,all,15,down_proj,5,0.9999995231628418
stacked_lora,qqp,all,15,down_proj,6,0.9999996423721313
stacked_lora,qqp,all,15,down_proj,7,0.999994695186615
stacked_lora,qqp,all,15,down_proj,8,0.9999936819076538
stacked_lora,qqp,all,15,down_proj,9,0.9999954104423523
stacked_lora,qqp,all,15,down_proj,10,0.999995231628418
stacked_lora,qqp,all,15,down_proj,11,0.9999899864196777
stacked_lora,qqp,all,15,down_proj,12,0.9999887347221375
stacked_lora,qqp,all,15,down_proj,13,0.9998151659965515
stacked_lora,qqp,all,15,down_proj,14,0.9998105764389038
stacked_lora,qqp,all,15,down_proj,15,0.9999931454658508
stacked_lora,qqp,all,15,down_proj,16,0.9999858140945435
stacked_lora,qqp,all,15,down_proj,17,0.9999815821647644
stacked_lora,qqp,all,15,down_proj,18,0.9999858736991882
stacked_lora,qqp,all,15,down_proj,19,0.9999786019325256
stacked_lora,qqp,all,15,down_proj,20,0.9999799728393555
stacked_lora,qqp,all,15,down_proj,21,0.9999748468399048
stacked_lora,qqp,all,15,down_proj,22,0.9999926090240479
stacked_lora,qqp,all,15,down_proj,23,0.9999668002128601
stacked_lora,qqp,all,15,down_proj,24,0.9999467134475708
stacked_lora,qqp,all,15,down_proj,25,0.9999624490737915
stacked_lora,qqp,all,15,down_proj,26,0.9999651908874512
stacked_lora,qqp,all,15,down_proj,27,0.9999628067016602
stacked_lora,qqp,all,15,down_proj,28,0.9999849796295166
stacked_lora,qqp,all,15,down_proj,29,0.9999818205833435
stacked_lora,qqp,all,15,down_proj,30,0.9999923706054688
stacked_lora,qqp,all,15,down_proj,31,0.9999830722808838
stacked_lora,qqp,all,15,down_proj,32,0.9999645352363586
stacked_lora,qqp,all,15,down_proj,33,0.9999717473983765
stacked_lora,qqp,all,15,down_proj,34,0.9999753832817078
stacked_lora,qqp,all,15,down_proj,35,0.9999447464942932
stacked_lora,qqp,all,15,down_proj,36,0.9998257160186768
stacked_lora,qqp,all,15,down_proj,37,0.9997518062591553
stacked_lora,qqp,all,15,down_proj,38,0.9999292492866516
stacked_lora,qqp,all,15,down_proj,39,0.9998661279678345
stacked_lora,qqp,all,15,down_proj,40,0.9998422265052795
stacked_lora,qqp,all,15,down_proj,41,0.9997923374176025
stacked_lora,qqp,all,15,down_proj,42,0.999866783618927
stacked_lora,qqp,all,15,down_proj,43,0.9998777508735657
stacked_lora,qqp,all,15,down_proj,44,0.9999657273292542
stacked_lora,qqp,all,15,down_proj,45,0.9999678134918213
stacked_lora,qqp,all,15,down_proj,46,0.9999841451644897
stacked_lora,qqp,all,15,down_proj,47,0.999842643737793
stacked_lora,qqp,all,15,down_proj,48,0.999788761138916
stacked_lora,qqp,all,15,down_proj,49,0.9999421834945679
stacked_lora,qqp,all,15,down_proj,50,0.9999011754989624
stacked_lora,qqp,all,15,down_proj,51,0.9999427795410156
stacked_lora,qqp,all,15,down_proj,52,0.9999473094940186
stacked_lora,qqp,all,15,down_proj,53,0.99996417760849
stacked_lora,qqp,all,15,down_proj,54,0.9999567270278931
stacked_lora,qqp,all,15,down_proj,55,0.9999746084213257
stacked_lora,qqp,all,15,down_proj,56,0.9999778270721436
stacked_lora,qqp,all,15,down_proj,57,0.9999127984046936
stacked_lora,qqp,all,15,down_proj,58,0.9999112486839294
stacked_lora,qqp,all,15,down_proj,59,0.9999700784683228
stacked_lora,qqp,all,15,down_proj,60,0.9999812245368958
stacked_lora,qqp,all,15,down_proj,61,0.9997805953025818
stacked_lora,qqp,all,15,down_proj,62,0.9995777606964111
stacked_lora,qqp,all,15,down_proj,63,0.9997413754463196
stacked_lora,qqp,all,15,down_proj,64,0.9998924732208252
stacked_lora,qqp,all,15,down_proj,65,0.999800980091095
stacked_lora,qqp,all,15,down_proj,66,0.9997677206993103
stacked_lora,qqp,all,15,down_proj,67,0.9999103546142578
stacked_lora,qqp,all,15,down_proj,68,0.9999600052833557
stacked_lora,qqp,all,15,down_proj,69,0.9999621510505676
stacked_lora,qqp,all,15,down_proj,70,0.9999364614486694
stacked_lora,qqp,all,15,down_proj,71,0.9999324679374695
stacked_lora,qqp,all,15,down_proj,72,0.9999516606330872
stacked_lora,qqp,all,15,down_proj,73,0.9999375343322754
stacked_lora,qqp,all,15,down_proj,74,0.9999582171440125
stacked_lora,qqp,all,15,down_proj,75,0.9999380111694336
stacked_lora,qqp,all,15,down_proj,76,0.9998672604560852
stacked_lora,qqp,all,15,down_proj,77,0.9998841285705566
stacked_lora,qqp,all,15,down_proj,78,0.999920666217804
stacked_lora,qqp,all,15,down_proj,79,0.9999299645423889
stacked_lora,qqp,all,15,down_proj,80,0.9999442100524902
stacked_lora,qqp,all,15,down_proj,81,0.9998858571052551
stacked_lora,qqp,all,15,down_proj,82,0.9999725222587585
stacked_lora,qqp,all,15,down_proj,83,0.9998922348022461
stacked_lora,qqp,all,15,down_proj,84,0.9999117851257324
stacked_lora,qqp,all,15,down_proj,85,0.9999163746833801
stacked_lora,qqp,all,15,down_proj,86,0.9999136328697205
stacked_lora,qqp,all,15,down_proj,87,0.9998930096626282
stacked_lora,qqp,all,15,down_proj,88,0.9999412298202515
stacked_lora,qqp,all,15,down_proj,89,0.9999657869338989
stacked_lora,qqp,all,15,down_proj,90,0.9998621940612793
stacked_lora,qqp,all,15,down_proj,91,0.9999308586120605
stacked_lora,qqp,all,15,down_proj,92,0.9999265670776367
stacked_lora,qqp,all,15,down_proj,93,0.9999129176139832
stacked_lora,qqp,all,15,down_proj,94,0.999942421913147
stacked_lora,qqp,all,15,down_proj,95,0.9988510608673096
stacked_lora,qqp,all,15,down_proj,96,0.99886155128479
stacked_lora,qqp,all,15,down_proj,97,0.9998819828033447
stacked_lora,qqp,all,15,down_proj,98,0.9999409914016724
stacked_lora,qqp,all,15,down_proj,99,0.9999531507492065
stacked_lora,qqp,all,15,down_proj,100,0.9999645352363586
stacked_lora,qqp,all,15,down_proj,101,0.9999374747276306
stacked_lora,qqp,all,15,down_proj,102,0.999961793422699
stacked_lora,qqp,all,15,down_proj,103,0.9998549222946167
stacked_lora,qqp,all,15,down_proj,104,0.9999116659164429
stacked_lora,qqp,all,15,down_proj,105,0.9998096823692322
stacked_lora,qqp,all,15,down_proj,106,0.9998747110366821
stacked_lora,qqp,all,15,down_proj,107,0.9999549388885498
stacked_lora,qqp,all,15,down_proj,108,0.9999083280563354
stacked_lora,qqp,all,15,down_proj,109,0.9998307824134827
stacked_lora,qqp,all,15,down_proj,110,0.9999139904975891
stacked_lora,qqp,all,15,down_proj,111,0.9997228384017944
stacked_lora,qqp,all,15,down_proj,112,0.9998652935028076
stacked_lora,qqp,all,15,down_proj,113,0.9997890591621399
stacked_lora,qqp,all,15,down_proj,114,0.9997787475585938
stacked_lora,qqp,all,15,down_proj,115,0.9999772310256958
stacked_lora,qqp,all,15,down_proj,116,0.9999683499336243
stacked_lora,qqp,all,15,down_proj,117,0.9999586343765259
stacked_lora,qqp,all,15,down_proj,118,0.9999516010284424
stacked_lora,qqp,all,15,down_proj,119,0.9996833801269531
stacked_lora,qqp,all,15,down_proj,120,0.9996005296707153
stacked_lora,qqp,all,15,down_proj,121,0.9987485408782959
stacked_lora,qqp,all,15,down_proj,122,0.9987186193466187
stacked_lora,qqp,all,15,down_proj,123,0.9999533891677856
stacked_lora,qqp,all,15,down_proj,124,0.9998077154159546
stacked_lora,qqp,all,15,down_proj,125,0.9999008774757385
stacked_lora,qqp,all,15,down_proj,126,0.9998094439506531
stacked_lora,qqp,all,15,down_proj,127,0.9997765421867371
stacked_lora,qqp,all,15,down_proj,128,0.9998252391815186
stacked_lora,qqp,all,15,down_proj,129,0.9997355937957764
stacked_lora,qqp,all,15,down_proj,130,0.9997475743293762
stacked_lora,qqp,all,15,down_proj,131,0.9999204277992249
stacked_lora,qqp,all,15,down_proj,132,0.9999294281005859
stacked_lora,qqp,all,15,down_proj,133,0.9999294877052307
stacked_lora,qqp,all,15,down_proj,134,0.9986721873283386
stacked_lora,qqp,all,15,down_proj,135,0.9988088607788086
stacked_lora,qqp,all,15,down_proj,136,0.9997148513793945
stacked_lora,qqp,all,15,down_proj,137,0.9999043941497803
stacked_lora,qqp,all,15,down_proj,138,0.9999826550483704
stacked_lora,qqp,all,15,down_proj,139,0.999866247177124
stacked_lora,qqp,all,15,down_proj,140,0.999896764755249
stacked_lora,qqp,all,15,down_proj,141,0.9999444484710693
stacked_lora,qqp,all,15,down_proj,142,0.9983770251274109
stacked_lora,qqp,all,15,down_proj,143,0.9983552098274231
stacked_lora,qqp,all,15,down_proj,144,0.9999100565910339
stacked_lora,qqp,all,15,down_proj,145,0.9998297095298767
stacked_lora,qqp,all,15,down_proj,146,0.9998772144317627
stacked_lora,qqp,all,15,down_proj,147,0.9999279379844666
stacked_lora,qqp,all,15,down_proj,148,0.999750018119812
stacked_lora,qqp,all,15,down_proj,149,0.9997190237045288
stacked_lora,qqp,all,15,down_proj,150,0.9993985891342163
stacked_lora,siqa,all,0,q_proj,1,1.0000001192092896
stacked_lora,siqa,all,0,q_proj,2,1.0000005960464478
stacked_lora,siqa,all,0,q_proj,3,1.000000238418579
stacked_lora,siqa,all,0,q_proj,4,0.9999985098838806
stacked_lora,siqa,all,0,q_proj,5,0.9999988079071045
stacked_lora,siqa,all,0,q_proj,6,0.9999989867210388
stacked_lora,siqa,all,0,q_proj,7,0.9999991059303284
stacked_lora,siqa,all,0,q_proj,8,0.9999998211860657
stacked_lora,siqa,all,0,q_proj,9,0.9999988675117493
stacked_lora,siqa,all,0,q_proj,10,0.9999988675117493
stacked_lora,siqa,all,0,q_proj,11,0.9999995827674866
stacked_lora,siqa,all,0,q_proj,12,0.9999993443489075
stacked_lora,siqa,all,0,q_proj,13,0.9999991059303284
stacked_lora,siqa,all,0,q_proj,14,0.9999978542327881
stacked_lora,siqa,all,0,q_proj,15,0.9999830722808838
stacked_lora,siqa,all,0,q_proj,16,0.9999816417694092
stacked_lora,siqa,all,0,q_proj,17,0.999998152256012
stacked_lora,siqa,all,0,q_proj,18,0.999998152256012
stacked_lora,siqa,all,0,q_proj,19,0.9999992251396179
stacked_lora,siqa,all,0,q_proj,20,0.9999985694885254
stacked_lora,siqa,all,0,q_proj,21,0.9999772310256958
stacked_lora,siqa,all,0,q_proj,22,0.9999776482582092
stacked_lora,siqa,all,0,q_proj,23,0.9999949336051941
stacked_lora,siqa,all,0,q_proj,24,0.9999978542327881
stacked_lora,siqa,all,0,q_proj,25,0.9999948143959045
stacked_lora,siqa,all,0,q_proj,26,0.9999938607215881
stacked_lora,siqa,all,0,q_proj,27,0.999923586845398
stacked_lora,siqa,all,0,q_proj,28,0.9999217987060547
stacked_lora,siqa,all,0,q_proj,29,0.9999918937683105
stacked_lora,siqa,all,0,q_proj,30,0.9999906420707703
stacked_lora,siqa,all,0,q_proj,31,0.9999951124191284
stacked_lora,siqa,all,0,q_proj,32,0.9999784827232361
stacked_lora,siqa,all,0,q_proj,33,0.9999799132347107
stacked_lora,siqa,all,0,q_proj,34,0.9999909996986389
stacked_lora,siqa,all,0,q_proj,35,0.9999892711639404
stacked_lora,siqa,all,0,q_proj,36,0.9999760985374451
stacked_lora,siqa,all,0,q_proj,37,0.999965250492096
stacked_lora,siqa,all,0,q_proj,38,0.9999614953994751
stacked_lora,siqa,all,0,q_proj,39,0.9999887943267822
stacked_lora,siqa,all,0,q_proj,40,0.9999821186065674
stacked_lora,siqa,all,0,q_proj,41,0.9999902248382568
stacked_lora,siqa,all,0,q_proj,42,0.9999900460243225
stacked_lora,siqa,all,0,q_proj,43,0.9999873042106628
stacked_lora,siqa,all,0,q_proj,44,0.9999879598617554
stacked_lora,siqa,all,0,q_proj,45,0.9999873638153076
stacked_lora,siqa,all,0,q_proj,46,0.9999904036521912
stacked_lora,siqa,all,0,q_proj,47,0.999991774559021
stacked_lora,siqa,all,0,q_proj,48,0.9999922513961792
stacked_lora,siqa,all,0,q_proj,49,0.9999867677688599
stacked_lora,siqa,all,0,q_proj,50,0.9999855160713196
stacked_lora,siqa,all,0,q_proj,51,0.9999803304672241
stacked_lora,siqa,all,0,q_proj,52,0.999991238117218
stacked_lora,siqa,all,0,q_proj,53,0.9999922513961792
stacked_lora,siqa,all,0,q_proj,54,0.9999571442604065
stacked_lora,siqa,all,0,q_proj,55,0.9999551773071289
stacked_lora,siqa,all,0,q_proj,56,0.9999784231185913
stacked_lora,siqa,all,0,q_proj,57,0.999938428401947
stacked_lora,siqa,all,0,q_proj,58,0.9999511241912842
stacked_lora,siqa,all,0,q_proj,59,0.9999840259552002
stacked_lora,siqa,all,0,q_proj,60,0.9999803900718689
stacked_lora,siqa,all,0,q_proj,61,0.9999867081642151
stacked_lora,siqa,all,0,q_proj,62,0.9999603033065796
stacked_lora,siqa,all,0,q_proj,63,0.999962568283081
stacked_lora,siqa,all,0,q_proj,64,0.9999644756317139
stacked_lora,siqa,all,0,q_proj,65,0.999793529510498
stacked_lora,siqa,all,0,q_proj,66,0.999837338924408
stacked_lora,siqa,all,0,q_proj,67,0.9996201395988464
stacked_lora,siqa,all,0,q_proj,68,0.9995661973953247
stacked_lora,siqa,all,0,q_proj,69,0.99991375207901
stacked_lora,siqa,all,0,q_proj,70,0.9999707937240601
stacked_lora,siqa,all,0,q_proj,71,0.999953031539917
stacked_lora,siqa,all,0,q_proj,72,0.9999857544898987
stacked_lora,siqa,all,0,q_proj,73,0.9998670816421509
stacked_lora,siqa,all,0,q_proj,74,0.9998728632926941
stacked_lora,siqa,all,0,q_proj,75,0.9999063014984131
stacked_lora,siqa,all,0,q_proj,76,0.9999628663063049
stacked_lora,siqa,all,0,q_proj,77,0.9999428391456604
stacked_lora,siqa,all,0,q_proj,78,0.999815821647644
stacked_lora,siqa,all,0,q_proj,79,0.9998232126235962
stacked_lora,siqa,all,0,q_proj,80,0.9998530745506287
stacked_lora,siqa,all,0,q_proj,81,0.9998399019241333
stacked_lora,siqa,all,0,q_proj,82,0.9999725818634033
stacked_lora,siqa,all,0,q_proj,83,0.999980092048645
stacked_lora,siqa,all,0,q_proj,84,0.9999808669090271
stacked_lora,siqa,all,0,q_proj,85,0.9999138116836548
stacked_lora,siqa,all,0,q_proj,86,0.9999161958694458
stacked_lora,siqa,all,0,q_proj,87,0.9998929500579834
stacked_lora,siqa,all,0,q_proj,88,0.9997255802154541
stacked_lora,siqa,all,0,q_proj,89,0.9997187256813049
stacked_lora,siqa,all,0,q_proj,90,0.9998725652694702
stacked_lora,siqa,all,0,q_proj,91,0.9998577833175659
stacked_lora,siqa,all,0,q_proj,92,0.9998596906661987
stacked_lora,siqa,all,0,q_proj,93,0.9998785257339478
stacked_lora,siqa,all,0,q_proj,94,0.9999072551727295
stacked_lora,siqa,all,0,q_proj,95,0.9999166131019592
stacked_lora,siqa,all,0,q_proj,96,0.9999622702598572
stacked_lora,siqa,all,0,q_proj,97,0.9999547004699707
stacked_lora,siqa,all,0,q_proj,98,0.9999373555183411
stacked_lora,siqa,all,0,q_proj,99,0.9999541640281677
stacked_lora,siqa,all,0,q_proj,100,0.999204158782959
stacked_lora,siqa,all,0,q_proj,101,0.9991518259048462
stacked_lora,siqa,all,0,q_proj,102,0.9999393820762634
stacked_lora,siqa,all,0,q_proj,103,0.999713122844696
stacked_lora,siqa,all,0,q_proj,104,0.9995943903923035
stacked_lora,siqa,all,0,q_proj,105,0.9998061060905457
stacked_lora,siqa,all,0,q_proj,106,0.9998765587806702
stacked_lora,siqa,all,0,q_proj,107,0.9998584985733032
stacked_lora,siqa,all,0,q_proj,108,0.9999111294746399
stacked_lora,siqa,all,0,q_proj,109,0.9999235272407532
stacked_lora,siqa,all,0,q_proj,110,0.9999653697013855
stacked_lora,siqa,all,0,q_proj,111,0.9998741745948792
stacked_lora,siqa,all,0,q_proj,112,0.9998579025268555
stacked_lora,siqa,all,0,q_proj,113,0.8507493734359741
stacked_lora,siqa,all,0,q_proj,114,0.850337028503418
stacked_lora,siqa,all,0,q_proj,115,0.999403178691864
stacked_lora,siqa,all,0,q_proj,116,0.9994068145751953
stacked_lora,siqa,all,0,q_proj,117,0.9993917346000671
stacked_lora,siqa,all,0,q_proj,118,0.9997533559799194
stacked_lora,siqa,all,0,q_proj,119,0.9995173811912537
stacked_lora,siqa,all,0,q_proj,120,0.9995948672294617
stacked_lora,siqa,all,0,q_proj,121,0.9998403787612915
stacked_lora,siqa,all,0,q_proj,122,0.9999306201934814
stacked_lora,siqa,all,0,q_proj,123,0.999763548374176
stacked_lora,siqa,all,0,q_proj,124,0.999914824962616
stacked_lora,siqa,all,0,q_proj,125,0.999852180480957
stacked_lora,siqa,all,0,q_proj,126,0.9998472929000854
stacked_lora,siqa,all,0,q_proj,127,0.9998534917831421
stacked_lora,siqa,all,0,q_proj,128,0.9889081120491028
stacked_lora,siqa,all,0,q_proj,129,0.9889593124389648
stacked_lora,siqa,all,0,q_proj,130,0.999912440776825
stacked_lora,siqa,all,0,q_proj,131,0.9996973276138306
stacked_lora,siqa,all,0,q_proj,132,0.9996649622917175
stacked_lora,siqa,all,0,q_proj,133,0.9996081590652466
stacked_lora,siqa,all,0,q_proj,134,0.9996022582054138
stacked_lora,siqa,all,0,q_proj,135,0.9983158111572266
stacked_lora,siqa,all,0,q_proj,136,0.9983677268028259
stacked_lora,siqa,all,0,q_proj,137,0.9995546340942383
stacked_lora,siqa,all,0,q_proj,138,0.9993178844451904
stacked_lora,siqa,all,0,q_proj,139,0.9995442032814026
stacked_lora,siqa,all,0,q_proj,140,0.9997752904891968
stacked_lora,siqa,all,0,q_proj,141,0.9998654127120972
stacked_lora,siqa,all,0,q_proj,142,0.9999158382415771
stacked_lora,siqa,all,0,q_proj,143,0.9998886585235596
stacked_lora,siqa,all,0,q_proj,144,0.9995478391647339
stacked_lora,siqa,all,0,q_proj,145,0.9987723231315613
stacked_lora,siqa,all,0,q_proj,146,0.9983444213867188
stacked_lora,siqa,all,0,q_proj,147,0.9997296929359436
stacked_lora,siqa,all,0,q_proj,148,0.9996674656867981
stacked_lora,siqa,all,0,q_proj,149,0.9990692138671875
stacked_lora,siqa,all,0,q_proj,150,0.9990585446357727
stacked_lora,siqa,all,0,v_proj,1,0.9999853372573853
stacked_lora,siqa,all,0,v_proj,2,0.9999673962593079
stacked_lora,siqa,all,0,v_proj,3,0.9999374151229858
stacked_lora,siqa,all,0,v_proj,4,0.9999387264251709
stacked_lora,siqa,all,0,v_proj,5,0.9999319314956665
stacked_lora,siqa,all,0,v_proj,6,0.9997522830963135
stacked_lora,siqa,all,0,v_proj,7,0.9997854232788086
stacked_lora,siqa,all,0,v_proj,8,0.9996241331100464
stacked_lora,siqa,all,0,v_proj,9,0.9992994666099548
stacked_lora,siqa,all,0,v_proj,10,0.9993340373039246
stacked_lora,siqa,all,0,v_proj,11,0.9995465278625488
stacked_lora,siqa,all,0,v_proj,12,0.9994565844535828
stacked_lora,siqa,all,0,v_proj,13,0.9996880292892456
stacked_lora,siqa,all,0,v_proj,14,0.9994257092475891
stacked_lora,siqa,all,0,v_proj,15,0.9995898008346558
stacked_lora,siqa,all,0,v_proj,16,0.9997280836105347
stacked_lora,siqa,all,0,v_proj,17,0.9995216131210327
stacked_lora,siqa,all,0,v_proj,18,0.9993617534637451
stacked_lora,siqa,all,0,v_proj,19,0.9991840720176697
stacked_lora,siqa,all,0,v_proj,20,0.9994950294494629
stacked_lora,siqa,all,0,v_proj,21,0.9991474151611328
stacked_lora,siqa,all,0,v_proj,22,0.9983855485916138
stacked_lora,siqa,all,0,v_proj,23,0.9984561800956726
stacked_lora,siqa,all,0,v_proj,24,0.9981403350830078
stacked_lora,siqa,all,0,v_proj,25,0.9976745843887329
stacked_lora,siqa,all,0,v_proj,26,0.9968717098236084
stacked_lora,siqa,all,0,v_proj,27,0.9981648325920105
stacked_lora,siqa,all,0,v_proj,28,0.9976871609687805
stacked_lora,siqa,all,0,v_proj,29,0.9960656762123108
stacked_lora,siqa,all,0,v_proj,30,0.9953925609588623
stacked_lora,siqa,all,0,v_proj,31,0.9944252967834473
stacked_lora,siqa,all,0,v_proj,32,0.9886192083358765
stacked_lora,siqa,all,0,v_proj,33,0.9889652132987976
stacked_lora,siqa,all,0,v_proj,34,0.9971842765808105
stacked_lora,siqa,all,0,v_proj,35,0.9973368048667908
stacked_lora,siqa,all,0,v_proj,36,0.9977858066558838
stacked_lora,siqa,all,0,v_proj,37,0.9973100423812866
stacked_lora,siqa,all,0,v_proj,38,0.9882781505584717
stacked_lora,siqa,all,0,v_proj,39,0.9918221235275269
stacked_lora,siqa,all,0,v_proj,40,0.9877880811691284
stacked_lora,siqa,all,0,v_proj,41,0.9694215059280396
stacked_lora,siqa,all,0,v_proj,42,0.9786979556083679
stacked_lora,siqa,all,0,v_proj,43,0.9761065244674683
stacked_lora,siqa,all,0,v_proj,44,0.9673187732696533
stacked_lora,siqa,all,0,v_proj,45,0.9870569705963135
stacked_lora,siqa,all,0,v_proj,46,0.9933228492736816
stacked_lora,siqa,all,0,v_proj,47,0.9893451929092407
stacked_lora,siqa,all,0,v_proj,48,0.9971613883972168
stacked_lora,siqa,all,0,v_proj,49,0.9973076581954956
stacked_lora,siqa,all,0,v_proj,50,0.9951340556144714
stacked_lora,siqa,all,0,v_proj,51,0.9946646690368652
stacked_lora,siqa,all,0,v_proj,52,0.9975212216377258
stacked_lora,siqa,all,0,v_proj,53,0.9987871646881104
stacked_lora,siqa,all,0,v_proj,54,0.9964141845703125
stacked_lora,siqa,all,0,v_proj,55,0.9950380325317383
stacked_lora,siqa,all,0,v_proj,56,0.9959326386451721
stacked_lora,siqa,all,0,v_proj,57,0.9963156580924988
stacked_lora,siqa,all,0,v_proj,58,0.9663115739822388
stacked_lora,siqa,all,0,v_proj,59,0.9656621217727661
stacked_lora,siqa,all,0,v_proj,60,0.9560695290565491
stacked_lora,siqa,all,0,v_proj,61,0.9546992778778076
stacked_lora,siqa,all,0,v_proj,62,0.996090292930603
stacked_lora,siqa,all,0,v_proj,63,0.99603271484375
stacked_lora,siqa,all,0,v_proj,64,0.9972150325775146
stacked_lora,siqa,all,0,v_proj,65,0.9987612962722778
stacked_lora,siqa,all,0,v_proj,66,0.9962501525878906
stacked_lora,siqa,all,0,v_proj,67,0.9976415038108826
stacked_lora,siqa,all,0,v_proj,68,0.998396635055542
stacked_lora,siqa,all,0,v_proj,69,0.9986392855644226
stacked_lora,siqa,all,0,v_proj,70,0.9949994683265686
stacked_lora,siqa,all,0,v_proj,71,0.9928411841392517
stacked_lora,siqa,all,0,v_proj,72,0.9969233274459839
stacked_lora,siqa,all,0,v_proj,73,0.993928074836731
stacked_lora,siqa,all,0,v_proj,74,0.9792191982269287
stacked_lora,siqa,all,0,v_proj,75,0.9803388118743896
stacked_lora,siqa,all,0,v_proj,76,0.9968177676200867
stacked_lora,siqa,all,0,v_proj,77,0.997617781162262
stacked_lora,siqa,all,0,v_proj,78,0.9983692765235901
stacked_lora,siqa,all,0,v_proj,79,0.9638937711715698
stacked_lora,siqa,all,0,v_proj,80,0.9648922085762024
stacked_lora,siqa,all,0,v_proj,81,0.9949745535850525
stacked_lora,siqa,all,0,v_proj,82,0.9961574077606201
stacked_lora,siqa,all,0,v_proj,83,0.9880025386810303
stacked_lora,siqa,all,0,v_proj,84,0.9874746799468994
stacked_lora,siqa,all,0,v_proj,85,0.9893003106117249
stacked_lora,siqa,all,0,v_proj,86,0.9910904765129089
stacked_lora,siqa,all,0,v_proj,87,0.9961572885513306
stacked_lora,siqa,all,0,v_proj,88,0.998105525970459
stacked_lora,siqa,all,0,v_proj,89,0.9827395677566528
stacked_lora,siqa,all,0,v_proj,90,0.9856995344161987
stacked_lora,siqa,all,0,v_proj,91,0.9976102113723755
stacked_lora,siqa,all,0,v_proj,92,0.9896782636642456
stacked_lora,siqa,all,0,v_proj,93,0.9892703294754028
stacked_lora,siqa,all,0,v_proj,94,0.9877849817276001
stacked_lora,siqa,all,0,v_proj,95,0.9851242899894714
stacked_lora,siqa,all,0,v_proj,96,0.9948397874832153
stacked_lora,siqa,all,0,v_proj,97,0.995468258857727
stacked_lora,siqa,all,0,v_proj,98,0.9978008270263672
stacked_lora,siqa,all,0,v_proj,99,0.9968377351760864
stacked_lora,siqa,all,0,v_proj,100,0.9980833530426025
stacked_lora,siqa,all,0,v_proj,101,0.9947831630706787
stacked_lora,siqa,all,0,v_proj,102,0.9816636443138123
stacked_lora,siqa,all,0,v_proj,103,0.9775233864784241
stacked_lora,siqa,all,0,v_proj,104,0.9920796751976013
stacked_lora,siqa,all,0,v_proj,105,0.9970750212669373
stacked_lora,siqa,all,0,v_proj,106,0.9970287084579468
stacked_lora,siqa,all,0,v_proj,107,0.9966717958450317
stacked_lora,siqa,all,0,v_proj,108,0.9972862005233765
stacked_lora,siqa,all,0,v_proj,109,0.9967178702354431
stacked_lora,siqa,all,0,v_proj,110,0.8651593923568726
stacked_lora,siqa,all,0,v_proj,111,0.8708811402320862
stacked_lora,siqa,all,0,v_proj,112,0.9977669715881348
stacked_lora,siqa,all,0,v_proj,113,0.998181939125061
stacked_lora,siqa,all,0,v_proj,114,0.9975144863128662
stacked_lora,siqa,all,0,v_proj,115,0.9942125678062439
stacked_lora,siqa,all,0,v_proj,116,0.9925968647003174
stacked_lora,siqa,all,0,v_proj,117,0.9434669017791748
stacked_lora,siqa,all,0,v_proj,118,0.9421266317367554
stacked_lora,siqa,all,0,v_proj,119,0.9943457245826721
stacked_lora,siqa,all,0,v_proj,120,0.9942965507507324
stacked_lora,siqa,all,0,v_proj,121,0.9177859425544739
stacked_lora,siqa,all,0,v_proj,122,0.9178463220596313
stacked_lora,siqa,all,0,v_proj,123,0.9860458970069885
stacked_lora,siqa,all,0,v_proj,124,0.9880108833312988
stacked_lora,siqa,all,0,v_proj,125,0.9716228246688843
stacked_lora,siqa,all,0,v_proj,126,0.9910767078399658
stacked_lora,siqa,all,0,v_proj,127,0.991264820098877
stacked_lora,siqa,all,0,v_proj,128,0.9894360303878784
stacked_lora,siqa,all,0,v_proj,129,0.9886875152587891
stacked_lora,siqa,all,0,v_proj,130,0.9948338270187378
stacked_lora,siqa,all,0,v_proj,131,0.9917112588882446
stacked_lora,siqa,all,0,v_proj,132,0.9952757954597473
stacked_lora,siqa,all,0,v_proj,133,0.9959566593170166
stacked_lora,siqa,all,0,v_proj,134,0.9911873936653137
stacked_lora,siqa,all,0,v_proj,135,0.9981797933578491
stacked_lora,siqa,all,0,v_proj,136,0.9916437864303589
stacked_lora,siqa,all,0,v_proj,137,0.9918798208236694
stacked_lora,siqa,all,0,v_proj,138,0.9889440536499023
stacked_lora,siqa,all,0,v_proj,139,0.9891332387924194
stacked_lora,siqa,all,0,v_proj,140,0.9971193075180054
stacked_lora,siqa,all,0,v_proj,141,0.9979398846626282
stacked_lora,siqa,all,0,v_proj,142,0.9877759218215942
stacked_lora,siqa,all,0,v_proj,143,0.9864779710769653
stacked_lora,siqa,all,0,v_proj,144,0.996483564376831
stacked_lora,siqa,all,0,v_proj,145,0.9178466200828552
stacked_lora,siqa,all,0,v_proj,146,0.9174184203147888
stacked_lora,siqa,all,0,v_proj,147,0.982146680355072
stacked_lora,siqa,all,0,v_proj,148,0.9819129705429077
stacked_lora,siqa,all,0,v_proj,149,0.9933016896247864
stacked_lora,siqa,all,0,v_proj,150,0.9790055751800537
stacked_lora,siqa,all,0,up_proj,1,0.9999969005584717
stacked_lora,siqa,all,0,up_proj,2,0.9999937415122986
stacked_lora,siqa,all,0,up_proj,3,0.9999915361404419
stacked_lora,siqa,all,0,up_proj,4,0.999988853931427
stacked_lora,siqa,all,0,up_proj,5,0.9999872446060181
stacked_lora,siqa,all,0,up_proj,6,0.9997668862342834
stacked_lora,siqa,all,0,up_proj,7,0.9997648596763611
stacked_lora,siqa,all,0,up_proj,8,0.999972403049469
stacked_lora,siqa,all,0,up_proj,9,0.9999444484710693
stacked_lora,siqa,all,0,up_proj,10,0.9999370574951172
stacked_lora,siqa,all,0,up_proj,11,0.9999440908432007
stacked_lora,siqa,all,0,up_proj,12,0.9999356865882874
stacked_lora,siqa,all,0,up_proj,13,0.9998218417167664
stacked_lora,siqa,all,0,up_proj,14,0.9996357560157776
stacked_lora,siqa,all,0,up_proj,15,0.999744713306427
stacked_lora,siqa,all,0,up_proj,16,0.9999114871025085
stacked_lora,siqa,all,0,up_proj,17,0.9998527765274048
stacked_lora,siqa,all,0,up_proj,18,0.9998724460601807
stacked_lora,siqa,all,0,up_proj,19,0.9999302625656128
stacked_lora,siqa,all,0,up_proj,20,0.9999597668647766
stacked_lora,siqa,all,0,up_proj,21,0.9999213814735413
stacked_lora,siqa,all,0,up_proj,22,0.9999529123306274
stacked_lora,siqa,all,0,up_proj,23,0.9999629259109497
stacked_lora,siqa,all,0,up_proj,24,0.9999182820320129
stacked_lora,siqa,all,0,up_proj,25,0.9999136924743652
stacked_lora,siqa,all,0,up_proj,26,0.998957097530365
stacked_lora,siqa,all,0,up_proj,27,0.9987258315086365
stacked_lora,siqa,all,0,up_proj,28,0.9997282028198242
stacked_lora,siqa,all,0,up_proj,29,0.999926745891571
stacked_lora,siqa,all,0,up_proj,30,0.9999310374259949
stacked_lora,siqa,all,0,up_proj,31,0.9998236298561096
stacked_lora,siqa,all,0,up_proj,32,0.999790370464325
stacked_lora,siqa,all,0,up_proj,33,0.9998916983604431
stacked_lora,siqa,all,0,up_proj,34,0.9999523162841797
stacked_lora,siqa,all,0,up_proj,35,0.9999406933784485
stacked_lora,siqa,all,0,up_proj,36,0.9999389052391052
stacked_lora,siqa,all,0,up_proj,37,0.9997851252555847
stacked_lora,siqa,all,0,up_proj,38,0.9996963143348694
stacked_lora,siqa,all,0,up_proj,39,0.9998378753662109
stacked_lora,siqa,all,0,up_proj,40,0.9997692704200745
stacked_lora,siqa,all,0,up_proj,41,0.9997621178627014
stacked_lora,siqa,all,0,up_proj,42,0.9998801350593567
stacked_lora,siqa,all,0,up_proj,43,0.9998053312301636
stacked_lora,siqa,all,0,up_proj,44,0.9998860359191895
stacked_lora,siqa,all,0,up_proj,45,0.9998358488082886
stacked_lora,siqa,all,0,up_proj,46,0.9998416900634766
stacked_lora,siqa,all,0,up_proj,47,0.9998790621757507
stacked_lora,siqa,all,0,up_proj,48,0.9993236660957336
stacked_lora,siqa,all,0,up_proj,49,0.999758780002594
stacked_lora,siqa,all,0,up_proj,50,0.9993132948875427
stacked_lora,siqa,all,0,up_proj,51,0.9998812675476074
stacked_lora,siqa,all,0,up_proj,52,0.9997825622558594
stacked_lora,siqa,all,0,up_proj,53,0.9998049736022949
stacked_lora,siqa,all,0,up_proj,54,0.9971350431442261
stacked_lora,siqa,all,0,up_proj,55,0.9971224665641785
stacked_lora,siqa,all,0,up_proj,56,0.9993383288383484
stacked_lora,siqa,all,0,up_proj,57,0.999394416809082
stacked_lora,siqa,all,0,up_proj,58,0.9995715022087097
stacked_lora,siqa,all,0,up_proj,59,0.9991739392280579
stacked_lora,siqa,all,0,up_proj,60,0.9992320537567139
stacked_lora,siqa,all,0,up_proj,61,0.9995152950286865
stacked_lora,siqa,all,0,up_proj,62,0.999762773513794
stacked_lora,siqa,all,0,up_proj,63,0.9989917278289795
stacked_lora,siqa,all,0,up_proj,64,0.995762825012207
stacked_lora,siqa,all,0,up_proj,65,0.9952417612075806
stacked_lora,siqa,all,0,up_proj,66,0.9957429766654968
stacked_lora,siqa,all,0,up_proj,67,0.9956524968147278
stacked_lora,siqa,all,0,up_proj,68,0.9992879629135132
stacked_lora,siqa,all,0,up_proj,69,0.9772424697875977
stacked_lora,siqa,all,0,up_proj,70,0.9756166338920593
stacked_lora,siqa,all,0,up_proj,71,0.9957112669944763
stacked_lora,siqa,all,0,up_proj,72,0.9980915784835815
stacked_lora,siqa,all,0,up_proj,73,0.9989520311355591
stacked_lora,siqa,all,0,up_proj,74,0.9981846809387207
stacked_lora,siqa,all,0,up_proj,75,0.9985473155975342
stacked_lora,siqa,all,0,up_proj,76,0.9989944100379944
stacked_lora,siqa,all,0,up_proj,77,0.9985435605049133
stacked_lora,siqa,all,0,up_proj,78,0.9514909386634827
stacked_lora,siqa,all,0,up_proj,79,0.9519968628883362
stacked_lora,siqa,all,0,up_proj,80,0.9989259839057922
stacked_lora,siqa,all,0,up_proj,81,0.9991540908813477
stacked_lora,siqa,all,0,up_proj,82,0.9990604519844055
stacked_lora,siqa,all,0,up_proj,83,0.9992536306381226
stacked_lora,siqa,all,0,up_proj,84,0.9993494749069214
stacked_lora,siqa,all,0,up_proj,85,0.9964022636413574
stacked_lora,siqa,all,0,up_proj,86,0.9753315448760986
stacked_lora,siqa,all,0,up_proj,87,0.9732211828231812
stacked_lora,siqa,all,0,up_proj,88,0.9981962442398071
stacked_lora,siqa,all,0,up_proj,89,0.9898157715797424
stacked_lora,siqa,all,0,up_proj,90,0.9915320873260498
stacked_lora,siqa,all,0,up_proj,91,0.9471630454063416
stacked_lora,siqa,all,0,up_proj,92,0.9447018504142761
stacked_lora,siqa,all,0,up_proj,93,0.9920300245285034
stacked_lora,siqa,all,0,up_proj,94,0.9988962411880493
stacked_lora,siqa,all,0,up_proj,95,0.9985727071762085
stacked_lora,siqa,all,0,up_proj,96,0.9985144138336182
stacked_lora,siqa,all,0,up_proj,97,0.9977627396583557
stacked_lora,siqa,all,0,up_proj,98,0.9973465800285339
stacked_lora,siqa,all,0,up_proj,99,0.9976069927215576
stacked_lora,siqa,all,0,up_proj,100,0.9968961477279663
stacked_lora,siqa,all,0,up_proj,101,0.9915431141853333
stacked_lora,siqa,all,0,up_proj,102,0.9941847324371338
stacked_lora,siqa,all,0,up_proj,103,0.997693657875061
stacked_lora,siqa,all,0,up_proj,104,0.9872758984565735
stacked_lora,siqa,all,0,up_proj,105,0.9852460026741028
stacked_lora,siqa,all,0,up_proj,106,0.9978830814361572
stacked_lora,siqa,all,0,up_proj,107,0.9982203245162964
stacked_lora,siqa,all,0,up_proj,108,0.995029866695404
stacked_lora,siqa,all,0,up_proj,109,0.9961245059967041
stacked_lora,siqa,all,0,up_proj,110,0.9980098605155945
stacked_lora,siqa,all,0,up_proj,111,0.9968726634979248
stacked_lora,siqa,all,0,up_proj,112,0.9958942532539368
stacked_lora,siqa,all,0,up_proj,113,0.9959405660629272
stacked_lora,siqa,all,0,up_proj,114,0.9974038004875183
stacked_lora,siqa,all,0,up_proj,115,0.9913471341133118
stacked_lora,siqa,all,0,up_proj,116,0.9943529367446899
stacked_lora,siqa,all,0,up_proj,117,0.9860183596611023
stacked_lora,siqa,all,0,up_proj,118,0.9894052147865295
stacked_lora,siqa,all,0,up_proj,119,0.9959799647331238
stacked_lora,siqa,all,0,up_proj,120,0.9955493807792664
stacked_lora,siqa,all,0,up_proj,121,0.9972972869873047
stacked_lora,siqa,all,0,up_proj,122,0.9929478764533997
stacked_lora,siqa,all,0,up_proj,123,0.9923722147941589
stacked_lora,siqa,all,0,up_proj,124,0.996944785118103
stacked_lora,siqa,all,0,up_proj,125,0.9969801306724548
stacked_lora,siqa,all,0,up_proj,126,0.9713658690452576
stacked_lora,siqa,all,0,up_proj,127,0.9610709547996521
stacked_lora,siqa,all,0,up_proj,128,0.9869304299354553
stacked_lora,siqa,all,0,up_proj,129,0.9867843389511108
stacked_lora,siqa,all,0,up_proj,130,0.9871286749839783
stacked_lora,siqa,all,0,up_proj,131,0.9950504302978516
stacked_lora,siqa,all,0,up_proj,132,0.9951664209365845
stacked_lora,siqa,all,0,up_proj,133,0.9980306625366211
stacked_lora,siqa,all,0,up_proj,134,0.9948456287384033
stacked_lora,siqa,all,0,up_proj,135,0.9882662296295166
stacked_lora,siqa,all,0,up_proj,136,0.9902151823043823
stacked_lora,siqa,all,0,up_proj,137,0.9978386163711548
stacked_lora,siqa,all,0,up_proj,138,0.9930109977722168
stacked_lora,siqa,all,0,up_proj,139,0.9932445287704468
stacked_lora,siqa,all,0,up_proj,140,0.9959077835083008
stacked_lora,siqa,all,0,up_proj,141,0.9982073903083801
stacked_lora,siqa,all,0,up_proj,142,0.9964311718940735
stacked_lora,siqa,all,0,up_proj,143,0.9973360300064087
stacked_lora,siqa,all,0,up_proj,144,0.9586939215660095
stacked_lora,siqa,all,0,up_proj,145,0.9599593877792358
stacked_lora,siqa,all,0,up_proj,146,0.9863742589950562
stacked_lora,siqa,all,0,up_proj,147,0.9735113978385925
stacked_lora,siqa,all,0,up_proj,148,0.9579172730445862
stacked_lora,siqa,all,0,up_proj,149,0.9640600681304932
stacked_lora,siqa,all,0,up_proj,150,0.9712664484977722
stacked_lora,siqa,all,0,down_proj,1,0.9999996423721313
stacked_lora,siqa,all,0,down_proj,2,0.9999992251396179
stacked_lora,siqa,all,0,down_proj,3,0.9999989867210388
stacked_lora,siqa,all,0,down_proj,4,0.9999978542327881
stacked_lora,siqa,all,0,down_proj,5,0.999998152256012
stacked_lora,siqa,all,0,down_proj,6,0.9999898076057434
stacked_lora,siqa,all,0,down_proj,7,0.9999872446060181
stacked_lora,siqa,all,0,down_proj,8,0.9999969005584717
stacked_lora,siqa,all,0,down_proj,9,0.9999924898147583
stacked_lora,siqa,all,0,down_proj,10,0.9999709129333496
stacked_lora,siqa,all,0,down_proj,11,0.9999674558639526
stacked_lora,siqa,all,0,down_proj,12,0.9999869465827942
stacked_lora,siqa,all,0,down_proj,13,0.9999900460243225
stacked_lora,siqa,all,0,down_proj,14,0.999992847442627
stacked_lora,siqa,all,0,down_proj,15,0.9999876618385315
stacked_lora,siqa,all,0,down_proj,16,0.9999904632568359
stacked_lora,siqa,all,0,down_proj,17,0.999932587146759
stacked_lora,siqa,all,0,down_proj,18,0.9999367594718933
stacked_lora,siqa,all,0,down_proj,19,0.9999862909317017
stacked_lora,siqa,all,0,down_proj,20,0.7261601686477661
stacked_lora,siqa,all,0,down_proj,21,0.726129949092865
stacked_lora,siqa,all,0,down_proj,22,0.9996517896652222
stacked_lora,siqa,all,0,down_proj,23,0.9996711611747742
stacked_lora,siqa,all,0,down_proj,24,0.9999763369560242
stacked_lora,siqa,all,0,down_proj,25,0.9999779462814331
stacked_lora,siqa,all,0,down_proj,26,0.9999707937240601
stacked_lora,siqa,all,0,down_proj,27,0.999764084815979
stacked_lora,siqa,all,0,down_proj,28,0.9997696280479431
stacked_lora,siqa,all,0,down_proj,29,0.9998368620872498
stacked_lora,siqa,all,0,down_proj,30,0.9999529123306274
stacked_lora,siqa,all,0,down_proj,31,0.9999513626098633
stacked_lora,siqa,all,0,down_proj,32,0.9998940825462341
stacked_lora,siqa,all,0,down_proj,33,0.9991778135299683
stacked_lora,siqa,all,0,down_proj,34,0.999174952507019
stacked_lora,siqa,all,0,down_proj,35,0.999968945980072
stacked_lora,siqa,all,0,down_proj,36,0.9997488856315613
stacked_lora,siqa,all,0,down_proj,37,0.9997004866600037
stacked_lora,siqa,all,0,down_proj,38,0.9998961687088013
stacked_lora,siqa,all,0,down_proj,39,0.9999130964279175
stacked_lora,siqa,all,0,down_proj,40,0.999789834022522
stacked_lora,siqa,all,0,down_proj,41,0.9997931122779846
stacked_lora,siqa,all,0,down_proj,42,0.999631941318512
stacked_lora,siqa,all,0,down_proj,43,0.9996762275695801
stacked_lora,siqa,all,0,down_proj,44,0.9993748068809509
stacked_lora,siqa,all,0,down_proj,45,0.9993990063667297
stacked_lora,siqa,all,0,down_proj,46,0.9998763799667358
stacked_lora,siqa,all,0,down_proj,47,0.9985492825508118
stacked_lora,siqa,all,0,down_proj,48,0.9985541105270386
stacked_lora,siqa,all,0,down_proj,49,0.9999271631240845
stacked_lora,siqa,all,0,down_proj,50,0.9927853941917419
stacked_lora,siqa,all,0,down_proj,51,0.9928598403930664
stacked_lora,siqa,all,0,down_proj,52,0.9997789859771729
stacked_lora,siqa,all,0,down_proj,53,0.999945878982544
stacked_lora,siqa,all,0,down_proj,54,0.9999297261238098
stacked_lora,siqa,all,0,down_proj,55,0.9999059438705444
stacked_lora,siqa,all,0,down_proj,56,0.9998624920845032
stacked_lora,siqa,all,0,down_proj,57,0.9991163015365601
stacked_lora,siqa,all,0,down_proj,58,0.9899120330810547
stacked_lora,siqa,all,0,down_proj,59,0.9907376766204834
stacked_lora,siqa,all,0,down_proj,60,0.9992311596870422
stacked_lora,siqa,all,0,down_proj,61,0.9993579387664795
stacked_lora,siqa,all,0,down_proj,62,0.9993056058883667
stacked_lora,siqa,all,0,down_proj,63,0.9992108345031738
stacked_lora,siqa,all,0,down_proj,64,0.9998255968093872
stacked_lora,siqa,all,0,down_proj,65,0.9995530843734741
stacked_lora,siqa,all,0,down_proj,66,0.9997830390930176
stacked_lora,siqa,all,0,down_proj,67,0.9997891187667847
stacked_lora,siqa,all,0,down_proj,68,0.9994206428527832
stacked_lora,siqa,all,0,down_proj,69,0.9996476769447327
stacked_lora,siqa,all,0,down_proj,70,0.9996613264083862
stacked_lora,siqa,all,0,down_proj,71,0.9998812079429626
stacked_lora,siqa,all,0,down_proj,72,0.9997671246528625
stacked_lora,siqa,all,0,down_proj,73,0.9998012185096741
stacked_lora,siqa,all,0,down_proj,74,0.9998859167098999
stacked_lora,siqa,all,0,down_proj,75,0.9998721480369568
stacked_lora,siqa,all,0,down_proj,76,0.9994653463363647
stacked_lora,siqa,all,0,down_proj,77,0.9993461966514587
stacked_lora,siqa,all,0,down_proj,78,0.9997000098228455
stacked_lora,siqa,all,0,down_proj,79,0.9990916848182678
stacked_lora,siqa,all,0,down_proj,80,0.9989146590232849
stacked_lora,siqa,all,0,down_proj,81,0.9984630942344666
stacked_lora,siqa,all,0,down_proj,82,0.9988793134689331
stacked_lora,siqa,all,0,down_proj,83,0.9990527629852295
stacked_lora,siqa,all,0,down_proj,84,0.9993835091590881
stacked_lora,siqa,all,0,down_proj,85,0.9988784193992615
stacked_lora,siqa,all,0,down_proj,86,0.9989082217216492
stacked_lora,siqa,all,0,down_proj,87,0.9993719458580017
stacked_lora,siqa,all,0,down_proj,88,0.9998093843460083
stacked_lora,siqa,all,0,down_proj,89,0.9995856285095215
stacked_lora,siqa,all,0,down_proj,90,0.994196355342865
stacked_lora,siqa,all,0,down_proj,91,0.9891610145568848
stacked_lora,siqa,all,0,down_proj,92,0.9937542676925659
stacked_lora,siqa,all,0,down_proj,93,0.9992543458938599
stacked_lora,siqa,all,0,down_proj,94,0.9991028308868408
stacked_lora,siqa,all,0,down_proj,95,0.9984152913093567
stacked_lora,siqa,all,0,down_proj,96,0.9984062314033508
stacked_lora,siqa,all,0,down_proj,97,0.9977719783782959
stacked_lora,siqa,all,0,down_proj,98,0.9876053929328918
stacked_lora,siqa,all,0,down_proj,99,0.9896761775016785
stacked_lora,siqa,all,0,down_proj,100,0.9990620017051697
stacked_lora,siqa,all,0,down_proj,101,0.9995657205581665
stacked_lora,siqa,all,0,down_proj,102,0.9971034526824951
stacked_lora,siqa,all,0,down_proj,103,0.9960312843322754
stacked_lora,siqa,all,0,down_proj,104,0.9988085627555847
stacked_lora,siqa,all,0,down_proj,105,0.9990109205245972
stacked_lora,siqa,all,0,down_proj,106,0.9994419813156128
stacked_lora,siqa,all,0,down_proj,107,0.9994116425514221
stacked_lora,siqa,all,0,down_proj,108,0.9991462230682373
stacked_lora,siqa,all,0,down_proj,109,0.9975162148475647
stacked_lora,siqa,all,0,down_proj,110,0.9973437190055847
stacked_lora,siqa,all,0,down_proj,111,0.9987455606460571
stacked_lora,siqa,all,0,down_proj,112,0.9996725916862488
stacked_lora,siqa,all,0,down_proj,113,0.998216450214386
stacked_lora,siqa,all,0,down_proj,114,0.9987796545028687
stacked_lora,siqa,all,0,down_proj,115,0.9979194402694702
stacked_lora,siqa,all,0,down_proj,116,0.9977201223373413
stacked_lora,siqa,all,0,down_proj,117,0.9982599020004272
stacked_lora,siqa,all,0,down_proj,118,0.9991532564163208
stacked_lora,siqa,all,0,down_proj,119,0.999272346496582
stacked_lora,siqa,all,0,down_proj,120,0.9980883598327637
stacked_lora,siqa,all,0,down_proj,121,0.9981866478919983
stacked_lora,siqa,all,0,down_proj,122,0.997840404510498
stacked_lora,siqa,all,0,down_proj,123,0.9707884192466736
stacked_lora,siqa,all,0,down_proj,124,0.9710552096366882
stacked_lora,siqa,all,0,down_proj,125,0.9979378581047058
stacked_lora,siqa,all,0,down_proj,126,0.9991452693939209
stacked_lora,siqa,all,0,down_proj,127,0.9991630911827087
stacked_lora,siqa,all,0,down_proj,128,0.9985146522521973
stacked_lora,siqa,all,0,down_proj,129,0.9979975819587708
stacked_lora,siqa,all,0,down_proj,130,0.9977053999900818
stacked_lora,siqa,all,0,down_proj,131,0.9988229870796204
stacked_lora,siqa,all,0,down_proj,132,0.9993143081665039
stacked_lora,siqa,all,0,down_proj,133,0.9995874762535095
stacked_lora,siqa,all,0,down_proj,134,0.9969640374183655
stacked_lora,siqa,all,0,down_proj,135,0.9965499639511108
stacked_lora,siqa,all,0,down_proj,136,0.99741530418396
stacked_lora,siqa,all,0,down_proj,137,0.9326664805412292
stacked_lora,siqa,all,0,down_proj,138,0.9327989220619202
stacked_lora,siqa,all,0,down_proj,139,0.998691737651825
stacked_lora,siqa,all,0,down_proj,140,0.9980362057685852
stacked_lora,siqa,all,0,down_proj,141,0.9985007047653198
stacked_lora,siqa,all,0,down_proj,142,0.9978291392326355
stacked_lora,siqa,all,0,down_proj,143,0.9994210004806519
stacked_lora,siqa,all,0,down_proj,144,0.997804582118988
stacked_lora,siqa,all,0,down_proj,145,0.9974390268325806
stacked_lora,siqa,all,0,down_proj,146,0.9978581070899963
stacked_lora,siqa,all,0,down_proj,147,0.9975122213363647
stacked_lora,siqa,all,0,down_proj,148,0.9982966184616089
stacked_lora,siqa,all,0,down_proj,149,0.9993187189102173
stacked_lora,siqa,all,0,down_proj,150,0.9980413317680359
stacked_lora,siqa,all,8,q_proj,1,0.9999975562095642
stacked_lora,siqa,all,8,q_proj,2,0.999995231628418
stacked_lora,siqa,all,8,q_proj,3,0.9999959468841553
stacked_lora,siqa,all,8,q_proj,4,0.9999967813491821
stacked_lora,siqa,all,8,q_proj,5,0.999996542930603
stacked_lora,siqa,all,8,q_proj,6,0.9999958872795105
stacked_lora,siqa,all,8,q_proj,7,0.9999944567680359
stacked_lora,siqa,all,8,q_proj,8,0.9999933242797852
stacked_lora,siqa,all,8,q_proj,9,0.9999982714653015
stacked_lora,siqa,all,8,q_proj,10,0.9999909996986389
stacked_lora,siqa,all,8,q_proj,11,0.9999966621398926
stacked_lora,siqa,all,8,q_proj,12,0.999997615814209
stacked_lora,siqa,all,8,q_proj,13,0.9999896287918091
stacked_lora,siqa,all,8,q_proj,14,0.9998831152915955
stacked_lora,siqa,all,8,q_proj,15,0.9998865127563477
stacked_lora,siqa,all,8,q_proj,16,0.9999749660491943
stacked_lora,siqa,all,8,q_proj,17,0.999971866607666
stacked_lora,siqa,all,8,q_proj,18,0.9999732375144958
stacked_lora,siqa,all,8,q_proj,19,0.9999856948852539
stacked_lora,siqa,all,8,q_proj,20,0.9999918341636658
stacked_lora,siqa,all,8,q_proj,21,0.9999926090240479
stacked_lora,siqa,all,8,q_proj,22,0.9999737739562988
stacked_lora,siqa,all,8,q_proj,23,0.999961793422699
stacked_lora,siqa,all,8,q_proj,24,0.999951183795929
stacked_lora,siqa,all,8,q_proj,25,0.9999587535858154
stacked_lora,siqa,all,8,q_proj,26,0.9999939799308777
stacked_lora,siqa,all,8,q_proj,27,0.9999822378158569
stacked_lora,siqa,all,8,q_proj,28,0.9999701976776123
stacked_lora,siqa,all,8,q_proj,29,0.999975323677063
stacked_lora,siqa,all,8,q_proj,30,0.9999884963035583
stacked_lora,siqa,all,8,q_proj,31,0.9999798536300659
stacked_lora,siqa,all,8,q_proj,32,0.9999375939369202
stacked_lora,siqa,all,8,q_proj,33,0.9999361038208008
stacked_lora,siqa,all,8,q_proj,34,0.9999874234199524
stacked_lora,siqa,all,8,q_proj,35,0.999988317489624
stacked_lora,siqa,all,8,q_proj,36,0.9999843835830688
stacked_lora,siqa,all,8,q_proj,37,0.9999638795852661
stacked_lora,siqa,all,8,q_proj,38,0.9999786615371704
stacked_lora,siqa,all,8,q_proj,39,0.9999821782112122
stacked_lora,siqa,all,8,q_proj,40,0.9999762773513794
stacked_lora,siqa,all,8,q_proj,41,0.9997854828834534
stacked_lora,siqa,all,8,q_proj,42,0.9997852444648743
stacked_lora,siqa,all,8,q_proj,43,0.9999650716781616
stacked_lora,siqa,all,8,q_proj,44,0.999971866607666
stacked_lora,siqa,all,8,q_proj,45,0.9999526739120483
stacked_lora,siqa,all,8,q_proj,46,0.999981701374054
stacked_lora,siqa,all,8,q_proj,47,0.9998293519020081
stacked_lora,siqa,all,8,q_proj,48,0.9998268485069275
stacked_lora,siqa,all,8,q_proj,49,0.9999722242355347
stacked_lora,siqa,all,8,q_proj,50,0.999968409538269
stacked_lora,siqa,all,8,q_proj,51,0.9999614357948303
stacked_lora,siqa,all,8,q_proj,52,0.9999587535858154
stacked_lora,siqa,all,8,q_proj,53,0.9999521374702454
stacked_lora,siqa,all,8,q_proj,54,0.999972403049469
stacked_lora,siqa,all,8,q_proj,55,0.9999188184738159
stacked_lora,siqa,all,8,q_proj,56,0.9998988509178162
stacked_lora,siqa,all,8,q_proj,57,0.9999324679374695
stacked_lora,siqa,all,8,q_proj,58,0.9999189376831055
stacked_lora,siqa,all,8,q_proj,59,0.9998703002929688
stacked_lora,siqa,all,8,q_proj,60,0.9999265074729919
stacked_lora,siqa,all,8,q_proj,61,0.9996911883354187
stacked_lora,siqa,all,8,q_proj,62,0.9996972680091858
stacked_lora,siqa,all,8,q_proj,63,0.9998258948326111
stacked_lora,siqa,all,8,q_proj,64,0.9998020529747009
stacked_lora,siqa,all,8,q_proj,65,0.9998298287391663
stacked_lora,siqa,all,8,q_proj,66,0.9998090267181396
stacked_lora,siqa,all,8,q_proj,67,0.9999392628669739
stacked_lora,siqa,all,8,q_proj,68,0.9999478459358215
stacked_lora,siqa,all,8,q_proj,69,0.9998638033866882
stacked_lora,siqa,all,8,q_proj,70,0.9999569058418274
stacked_lora,siqa,all,8,q_proj,71,0.9998615384101868
stacked_lora,siqa,all,8,q_proj,72,0.9999135732650757
stacked_lora,siqa,all,8,q_proj,73,0.9992189407348633
stacked_lora,siqa,all,8,q_proj,74,0.9993143677711487
stacked_lora,siqa,all,8,q_proj,75,0.9998128414154053
stacked_lora,siqa,all,8,q_proj,76,0.999839186668396
stacked_lora,siqa,all,8,q_proj,77,0.9986854791641235
stacked_lora,siqa,all,8,q_proj,78,0.9985594749450684
stacked_lora,siqa,all,8,q_proj,79,0.999627411365509
stacked_lora,siqa,all,8,q_proj,80,0.9999099969863892
stacked_lora,siqa,all,8,q_proj,81,0.999267578125
stacked_lora,siqa,all,8,q_proj,82,0.9991703033447266
stacked_lora,siqa,all,8,q_proj,83,0.9995326995849609
stacked_lora,siqa,all,8,q_proj,84,0.9993600249290466
stacked_lora,siqa,all,8,q_proj,85,0.9994101524353027
stacked_lora,siqa,all,8,q_proj,86,0.9998983144760132
stacked_lora,siqa,all,8,q_proj,87,0.9998077750205994
stacked_lora,siqa,all,8,q_proj,88,0.9995724558830261
stacked_lora,siqa,all,8,q_proj,89,0.999465823173523
stacked_lora,siqa,all,8,q_proj,90,0.9991950392723083
stacked_lora,siqa,all,8,q_proj,91,0.9994231462478638
stacked_lora,siqa,all,8,q_proj,92,0.9993458390235901
stacked_lora,siqa,all,8,q_proj,93,0.999776303768158
stacked_lora,siqa,all,8,q_proj,94,0.9988589286804199
stacked_lora,siqa,all,8,q_proj,95,0.9976803064346313
stacked_lora,siqa,all,8,q_proj,96,0.9988089203834534
stacked_lora,siqa,all,8,q_proj,97,0.9997319579124451
stacked_lora,siqa,all,8,q_proj,98,0.9996809959411621
stacked_lora,siqa,all,8,q_proj,99,0.9994638562202454
stacked_lora,siqa,all,8,q_proj,100,0.9962863326072693
stacked_lora,siqa,all,8,q_proj,101,0.9963948726654053
stacked_lora,siqa,all,8,q_proj,102,0.9997991323471069
stacked_lora,siqa,all,8,q_proj,103,0.999794065952301
stacked_lora,siqa,all,8,q_proj,104,0.9997506737709045
stacked_lora,siqa,all,8,q_proj,105,0.9868873357772827
stacked_lora,siqa,all,8,q_proj,106,0.987248420715332
stacked_lora,siqa,all,8,q_proj,107,0.9997349381446838
stacked_lora,siqa,all,8,q_proj,108,0.9994363784790039
stacked_lora,siqa,all,8,q_proj,109,0.9997131824493408
stacked_lora,siqa,all,8,q_proj,110,0.9998394250869751
stacked_lora,siqa,all,8,q_proj,111,0.9992029070854187
stacked_lora,siqa,all,8,q_proj,112,0.9991206526756287
stacked_lora,siqa,all,8,q_proj,113,0.9993950128555298
stacked_lora,siqa,all,8,q_proj,114,0.9996971487998962
stacked_lora,siqa,all,8,q_proj,115,0.9994904398918152
stacked_lora,siqa,all,8,q_proj,116,0.9997963905334473
stacked_lora,siqa,all,8,q_proj,117,0.9996177554130554
stacked_lora,siqa,all,8,q_proj,118,0.9998839497566223
stacked_lora,siqa,all,8,q_proj,119,0.9997909665107727
stacked_lora,siqa,all,8,q_proj,120,0.9997093677520752
stacked_lora,siqa,all,8,q_proj,121,0.9997459053993225
stacked_lora,siqa,all,8,q_proj,122,0.9994879364967346
stacked_lora,siqa,all,8,q_proj,123,0.999377429485321
stacked_lora,siqa,all,8,q_proj,124,0.9994193315505981
stacked_lora,siqa,all,8,q_proj,125,0.9991722702980042
stacked_lora,siqa,all,8,q_proj,126,0.9992426633834839
stacked_lora,siqa,all,8,q_proj,127,0.9995993375778198
stacked_lora,siqa,all,8,q_proj,128,0.9998615980148315
stacked_lora,siqa,all,8,q_proj,129,0.9998181462287903
stacked_lora,siqa,all,8,q_proj,130,0.9940814971923828
stacked_lora,siqa,all,8,q_proj,131,0.9945323467254639
stacked_lora,siqa,all,8,q_proj,132,0.999396562576294
stacked_lora,siqa,all,8,q_proj,133,0.999200701713562
stacked_lora,siqa,all,8,q_proj,134,0.9989998936653137
stacked_lora,siqa,all,8,q_proj,135,0.9998049736022949
stacked_lora,siqa,all,8,q_proj,136,0.999393105506897
stacked_lora,siqa,all,8,q_proj,137,0.999714732170105
stacked_lora,siqa,all,8,q_proj,138,0.9993892312049866
stacked_lora,siqa,all,8,q_proj,139,0.9995249509811401
stacked_lora,siqa,all,8,q_proj,140,0.9994967579841614
stacked_lora,siqa,all,8,q_proj,141,0.9992781281471252
stacked_lora,siqa,all,8,q_proj,142,0.9989454746246338
stacked_lora,siqa,all,8,q_proj,143,0.9990314245223999
stacked_lora,siqa,all,8,q_proj,144,0.9994144439697266
stacked_lora,siqa,all,8,q_proj,145,0.9989998936653137
stacked_lora,siqa,all,8,q_proj,146,0.998965859413147
stacked_lora,siqa,all,8,q_proj,147,0.9996764659881592
stacked_lora,siqa,all,8,q_proj,148,0.9998139142990112
stacked_lora,siqa,all,8,q_proj,149,0.9997206926345825
stacked_lora,siqa,all,8,q_proj,150,0.9993805885314941
stacked_lora,siqa,all,8,v_proj,1,0.9997608661651611
stacked_lora,siqa,all,8,v_proj,2,0.9998486638069153
stacked_lora,siqa,all,8,v_proj,3,0.9993192553520203
stacked_lora,siqa,all,8,v_proj,4,0.999731183052063
stacked_lora,siqa,all,8,v_proj,5,0.9953104257583618
stacked_lora,siqa,all,8,v_proj,6,0.9947199821472168
stacked_lora,siqa,all,8,v_proj,7,0.9982813596725464
stacked_lora,siqa,all,8,v_proj,8,0.9964074492454529
stacked_lora,siqa,all,8,v_proj,9,0.9966049194335938
stacked_lora,siqa,all,8,v_proj,10,0.9934917688369751
stacked_lora,siqa,all,8,v_proj,11,0.9931055903434753
stacked_lora,siqa,all,8,v_proj,12,0.9982692003250122
stacked_lora,siqa,all,8,v_proj,13,0.9962868094444275
stacked_lora,siqa,all,8,v_proj,14,0.9962427020072937
stacked_lora,siqa,all,8,v_proj,15,0.998586893081665
stacked_lora,siqa,all,8,v_proj,16,0.9986908435821533
stacked_lora,siqa,all,8,v_proj,17,0.9992185235023499
stacked_lora,siqa,all,8,v_proj,18,0.9993085861206055
stacked_lora,siqa,all,8,v_proj,19,0.9991894364356995
stacked_lora,siqa,all,8,v_proj,20,0.9985142946243286
stacked_lora,siqa,all,8,v_proj,21,0.998603343963623
stacked_lora,siqa,all,8,v_proj,22,0.9978065490722656
stacked_lora,siqa,all,8,v_proj,23,0.9981675744056702
stacked_lora,siqa,all,8,v_proj,24,0.9996262192726135
stacked_lora,siqa,all,8,v_proj,25,0.9984281063079834
stacked_lora,siqa,all,8,v_proj,26,0.9982653260231018
stacked_lora,siqa,all,8,v_proj,27,0.991848349571228
stacked_lora,siqa,all,8,v_proj,28,0.9819360971450806
stacked_lora,siqa,all,8,v_proj,29,0.9874568581581116
stacked_lora,siqa,all,8,v_proj,30,0.996812641620636
stacked_lora,siqa,all,8,v_proj,31,0.9986105561256409
stacked_lora,siqa,all,8,v_proj,32,0.9989378452301025
stacked_lora,siqa,all,8,v_proj,33,0.9982525706291199
stacked_lora,siqa,all,8,v_proj,34,0.9976477026939392
stacked_lora,siqa,all,8,v_proj,35,0.9722005128860474
stacked_lora,siqa,all,8,v_proj,36,0.9724922776222229
stacked_lora,siqa,all,8,v_proj,37,0.9978329539299011
stacked_lora,siqa,all,8,v_proj,38,0.9936256408691406
stacked_lora,siqa,all,8,v_proj,39,0.9933725595474243
stacked_lora,siqa,all,8,v_proj,40,0.9987889528274536
stacked_lora,siqa,all,8,v_proj,41,0.9953617453575134
stacked_lora,siqa,all,8,v_proj,42,0.9952676892280579
stacked_lora,siqa,all,8,v_proj,43,0.9976708889007568
stacked_lora,siqa,all,8,v_proj,44,0.9975448250770569
stacked_lora,siqa,all,8,v_proj,45,0.9925671815872192
stacked_lora,siqa,all,8,v_proj,46,0.9318928718566895
stacked_lora,siqa,all,8,v_proj,47,0.9327911138534546
stacked_lora,siqa,all,8,v_proj,48,0.9945436716079712
stacked_lora,siqa,all,8,v_proj,49,0.990972638130188
stacked_lora,siqa,all,8,v_proj,50,0.9962573051452637
stacked_lora,siqa,all,8,v_proj,51,0.9891252517700195
stacked_lora,siqa,all,8,v_proj,52,0.9981555938720703
stacked_lora,siqa,all,8,v_proj,53,0.9921162128448486
stacked_lora,siqa,all,8,v_proj,54,0.9913841485977173
stacked_lora,siqa,all,8,v_proj,55,0.9965113401412964
stacked_lora,siqa,all,8,v_proj,56,0.9500994682312012
stacked_lora,siqa,all,8,v_proj,57,0.9463567137718201
stacked_lora,siqa,all,8,v_proj,58,0.9955571293830872
stacked_lora,siqa,all,8,v_proj,59,0.9994279742240906
stacked_lora,siqa,all,8,v_proj,60,0.9975694417953491
stacked_lora,siqa,all,8,v_proj,61,0.9729080200195312
stacked_lora,siqa,all,8,v_proj,62,0.9713311791419983
stacked_lora,siqa,all,8,v_proj,63,0.9873032569885254
stacked_lora,siqa,all,8,v_proj,64,0.9869856834411621
stacked_lora,siqa,all,8,v_proj,65,0.9988270998001099
stacked_lora,siqa,all,8,v_proj,66,0.9266848564147949
stacked_lora,siqa,all,8,v_proj,67,0.9243229031562805
stacked_lora,siqa,all,8,v_proj,68,0.9983180165290833
stacked_lora,siqa,all,8,v_proj,69,0.9985529184341431
stacked_lora,siqa,all,8,v_proj,70,0.9976967573165894
stacked_lora,siqa,all,8,v_proj,71,0.9980788826942444
stacked_lora,siqa,all,8,v_proj,72,0.9988740682601929
stacked_lora,siqa,all,8,v_proj,73,0.9966213703155518
stacked_lora,siqa,all,8,v_proj,74,0.9966055154800415
stacked_lora,siqa,all,8,v_proj,75,0.9965518712997437
stacked_lora,siqa,all,8,v_proj,76,0.9962194561958313
stacked_lora,siqa,all,8,v_proj,77,0.9961986541748047
stacked_lora,siqa,all,8,v_proj,78,0.9949036240577698
stacked_lora,siqa,all,8,v_proj,79,0.9959443807601929
stacked_lora,siqa,all,8,v_proj,80,0.9900068044662476
stacked_lora,siqa,all,8,v_proj,81,0.9918737411499023
stacked_lora,siqa,all,8,v_proj,82,0.9987207055091858
stacked_lora,siqa,all,8,v_proj,83,0.9985154867172241
stacked_lora,siqa,all,8,v_proj,84,0.9977470636367798
stacked_lora,siqa,all,8,v_proj,85,0.9940674304962158
stacked_lora,siqa,all,8,v_proj,86,0.9941592812538147
stacked_lora,siqa,all,8,v_proj,87,0.9982771873474121
stacked_lora,siqa,all,8,v_proj,88,0.9982834458351135
stacked_lora,siqa,all,8,v_proj,89,0.9969374537467957
stacked_lora,siqa,all,8,v_proj,90,0.9965173006057739
stacked_lora,siqa,all,8,v_proj,91,0.9647672176361084
stacked_lora,siqa,all,8,v_proj,92,0.9681166410446167
stacked_lora,siqa,all,8,v_proj,93,0.9947008490562439
stacked_lora,siqa,all,8,v_proj,94,0.9960137605667114
stacked_lora,siqa,all,8,v_proj,95,0.9935368299484253
stacked_lora,siqa,all,8,v_proj,96,0.9965303540229797
stacked_lora,siqa,all,8,v_proj,97,0.9820164442062378
stacked_lora,siqa,all,8,v_proj,98,0.9629759192466736
stacked_lora,siqa,all,8,v_proj,99,0.9647806286811829
stacked_lora,siqa,all,8,v_proj,100,0.9839898347854614
stacked_lora,siqa,all,8,v_proj,101,0.9905288219451904
stacked_lora,siqa,all,8,v_proj,102,0.9963725805282593
stacked_lora,siqa,all,8,v_proj,103,0.9974372982978821
stacked_lora,siqa,all,8,v_proj,104,0.9961376786231995
stacked_lora,siqa,all,8,v_proj,105,0.9746854305267334
stacked_lora,siqa,all,8,v_proj,106,0.9745811223983765
stacked_lora,siqa,all,8,v_proj,107,0.9898711442947388
stacked_lora,siqa,all,8,v_proj,108,0.9881154298782349
stacked_lora,siqa,all,8,v_proj,109,0.9882521629333496
stacked_lora,siqa,all,8,v_proj,110,0.9866253137588501
stacked_lora,siqa,all,8,v_proj,111,0.9966583251953125
stacked_lora,siqa,all,8,v_proj,112,0.9976866245269775
stacked_lora,siqa,all,8,v_proj,113,0.9964523911476135
stacked_lora,siqa,all,8,v_proj,114,0.9958819150924683
stacked_lora,siqa,all,8,v_proj,115,0.9919028282165527
stacked_lora,siqa,all,8,v_proj,116,0.9903709292411804
stacked_lora,siqa,all,8,v_proj,117,0.9966833591461182
stacked_lora,siqa,all,8,v_proj,118,0.9983986616134644
stacked_lora,siqa,all,8,v_proj,119,0.9957207441329956
stacked_lora,siqa,all,8,v_proj,120,0.996717095375061
stacked_lora,siqa,all,8,v_proj,121,0.9978535175323486
stacked_lora,siqa,all,8,v_proj,122,0.9576023817062378
stacked_lora,siqa,all,8,v_proj,123,0.9534838199615479
stacked_lora,siqa,all,8,v_proj,124,0.9970678091049194
stacked_lora,siqa,all,8,v_proj,125,0.9903005361557007
stacked_lora,siqa,all,8,v_proj,126,0.9963158965110779
stacked_lora,siqa,all,8,v_proj,127,0.9962871670722961
stacked_lora,siqa,all,8,v_proj,128,0.9964002370834351
stacked_lora,siqa,all,8,v_proj,129,0.99636310338974
stacked_lora,siqa,all,8,v_proj,130,0.997454822063446
stacked_lora,siqa,all,8,v_proj,131,0.9954509735107422
stacked_lora,siqa,all,8,v_proj,132,0.9913389682769775
stacked_lora,siqa,all,8,v_proj,133,0.7422224283218384
stacked_lora,siqa,all,8,v_proj,134,0.7684321403503418
stacked_lora,siqa,all,8,v_proj,135,0.937020480632782
stacked_lora,siqa,all,8,v_proj,136,0.9946308732032776
stacked_lora,siqa,all,8,v_proj,137,0.9909241199493408
stacked_lora,siqa,all,8,v_proj,138,0.8429890871047974
stacked_lora,siqa,all,8,v_proj,139,0.8351370096206665
stacked_lora,siqa,all,8,v_proj,140,0.9888108372688293
stacked_lora,siqa,all,8,v_proj,141,0.9900929927825928
stacked_lora,siqa,all,8,v_proj,142,0.9946766495704651
stacked_lora,siqa,all,8,v_proj,143,0.9950625896453857
stacked_lora,siqa,all,8,v_proj,144,0.9911644458770752
stacked_lora,siqa,all,8,v_proj,145,0.9923555254936218
stacked_lora,siqa,all,8,v_proj,146,0.9791246652603149
stacked_lora,siqa,all,8,v_proj,147,0.9781785607337952
stacked_lora,siqa,all,8,v_proj,148,0.9876129627227783
stacked_lora,siqa,all,8,v_proj,149,0.9830077886581421
stacked_lora,siqa,all,8,v_proj,150,0.9949690103530884
stacked_lora,siqa,all,8,up_proj,1,0.9999937415122986
stacked_lora,siqa,all,8,up_proj,2,0.9999876022338867
stacked_lora,siqa,all,8,up_proj,3,0.9999788403511047
stacked_lora,siqa,all,8,up_proj,4,0.9999812245368958
stacked_lora,siqa,all,8,up_proj,5,0.9999801516532898
stacked_lora,siqa,all,8,up_proj,6,0.9999698400497437
stacked_lora,siqa,all,8,up_proj,7,0.9999787211418152
stacked_lora,siqa,all,8,up_proj,8,0.9999627470970154
stacked_lora,siqa,all,8,up_proj,9,0.99993896484375
stacked_lora,siqa,all,8,up_proj,10,0.9998751282691956
stacked_lora,siqa,all,8,up_proj,11,0.999911367893219
stacked_lora,siqa,all,8,up_proj,12,0.9998577833175659
stacked_lora,siqa,all,8,up_proj,13,0.999180793762207
stacked_lora,siqa,all,8,up_proj,14,0.999077320098877
stacked_lora,siqa,all,8,up_proj,15,0.9998804330825806
stacked_lora,siqa,all,8,up_proj,16,0.9999094605445862
stacked_lora,siqa,all,8,up_proj,17,0.99996018409729
stacked_lora,siqa,all,8,up_proj,18,0.9994811415672302
stacked_lora,siqa,all,8,up_proj,19,0.999249279499054
stacked_lora,siqa,all,8,up_proj,20,0.9992944002151489
stacked_lora,siqa,all,8,up_proj,21,0.9998283982276917
stacked_lora,siqa,all,8,up_proj,22,0.9999118447303772
stacked_lora,siqa,all,8,up_proj,23,0.999242901802063
stacked_lora,siqa,all,8,up_proj,24,0.9992501735687256
stacked_lora,siqa,all,8,up_proj,25,0.9998472929000854
stacked_lora,siqa,all,8,up_proj,26,0.9997718930244446
stacked_lora,siqa,all,8,up_proj,27,0.9995906352996826
stacked_lora,siqa,all,8,up_proj,28,0.9996736645698547
stacked_lora,siqa,all,8,up_proj,29,0.9989612698554993
stacked_lora,siqa,all,8,up_proj,30,0.9989021420478821
stacked_lora,siqa,all,8,up_proj,31,0.9991880655288696
stacked_lora,siqa,all,8,up_proj,32,0.9991532564163208
stacked_lora,siqa,all,8,up_proj,33,0.998737096786499
stacked_lora,siqa,all,8,up_proj,34,0.9993327260017395
stacked_lora,siqa,all,8,up_proj,35,0.9996945858001709
stacked_lora,siqa,all,8,up_proj,36,0.9993802309036255
stacked_lora,siqa,all,8,up_proj,37,0.9997467398643494
stacked_lora,siqa,all,8,up_proj,38,0.9995129108428955
stacked_lora,siqa,all,8,up_proj,39,0.9946096539497375
stacked_lora,siqa,all,8,up_proj,40,0.9947917461395264
stacked_lora,siqa,all,8,up_proj,41,0.9992486834526062
stacked_lora,siqa,all,8,up_proj,42,0.9994511604309082
stacked_lora,siqa,all,8,up_proj,43,0.9993981719017029
stacked_lora,siqa,all,8,up_proj,44,0.9991583824157715
stacked_lora,siqa,all,8,up_proj,45,0.9946788549423218
stacked_lora,siqa,all,8,up_proj,46,0.9948046803474426
stacked_lora,siqa,all,8,up_proj,47,0.9993361830711365
stacked_lora,siqa,all,8,up_proj,48,0.9994695782661438
stacked_lora,siqa,all,8,up_proj,49,0.9993084073066711
stacked_lora,siqa,all,8,up_proj,50,0.9991738200187683
stacked_lora,siqa,all,8,up_proj,51,0.9995874166488647
stacked_lora,siqa,all,8,up_proj,52,0.9994346499443054
stacked_lora,siqa,all,8,up_proj,53,0.9992364645004272
stacked_lora,siqa,all,8,up_proj,54,0.997589647769928
stacked_lora,siqa,all,8,up_proj,55,0.9970579147338867
stacked_lora,siqa,all,8,up_proj,56,0.9973093867301941
stacked_lora,siqa,all,8,up_proj,57,0.9979642033576965
stacked_lora,siqa,all,8,up_proj,58,0.9991591572761536
stacked_lora,siqa,all,8,up_proj,59,0.9992057681083679
stacked_lora,siqa,all,8,up_proj,60,0.9997388124465942
stacked_lora,siqa,all,8,up_proj,61,0.9991266131401062
stacked_lora,siqa,all,8,up_proj,62,0.9990832805633545
stacked_lora,siqa,all,8,up_proj,63,0.9985698461532593
stacked_lora,siqa,all,8,up_proj,64,0.9996565580368042
stacked_lora,siqa,all,8,up_proj,65,0.9994966387748718
stacked_lora,siqa,all,8,up_proj,66,0.9991816282272339
stacked_lora,siqa,all,8,up_proj,67,0.8729042410850525
stacked_lora,siqa,all,8,up_proj,68,0.8728415966033936
stacked_lora,siqa,all,8,up_proj,69,0.9980850219726562
stacked_lora,siqa,all,8,up_proj,70,0.9919482469558716
stacked_lora,siqa,all,8,up_proj,71,0.9895129799842834
stacked_lora,siqa,all,8,up_proj,72,0.9933869242668152
stacked_lora,siqa,all,8,up_proj,73,0.9966316819190979
stacked_lora,siqa,all,8,up_proj,74,0.9981613755226135
stacked_lora,siqa,all,8,up_proj,75,0.9991200566291809
stacked_lora,siqa,all,8,up_proj,76,0.9988678693771362
stacked_lora,siqa,all,8,up_proj,77,0.9986327290534973
stacked_lora,siqa,all,8,up_proj,78,0.9983482360839844
stacked_lora,siqa,all,8,up_proj,79,0.9942718148231506
stacked_lora,siqa,all,8,up_proj,80,0.9950724244117737
stacked_lora,siqa,all,8,up_proj,81,0.9848120212554932
stacked_lora,siqa,all,8,up_proj,82,0.9850264191627502
stacked_lora,siqa,all,8,up_proj,83,0.999437153339386
stacked_lora,siqa,all,8,up_proj,84,0.99915611743927
stacked_lora,siqa,all,8,up_proj,85,0.9973509907722473
stacked_lora,siqa,all,8,up_proj,86,0.997707724571228
stacked_lora,siqa,all,8,up_proj,87,0.9985162019729614
stacked_lora,siqa,all,8,up_proj,88,0.9985101819038391
stacked_lora,siqa,all,8,up_proj,89,0.998369038105011
stacked_lora,siqa,all,8,up_proj,90,0.9799465537071228
stacked_lora,siqa,all,8,up_proj,91,0.980010449886322
stacked_lora,siqa,all,8,up_proj,92,0.9988295435905457
stacked_lora,siqa,all,8,up_proj,93,0.998952329158783
stacked_lora,siqa,all,8,up_proj,94,0.9976469278335571
stacked_lora,siqa,all,8,up_proj,95,0.9942311644554138
stacked_lora,siqa,all,8,up_proj,96,0.9901450872421265
stacked_lora,siqa,all,8,up_proj,97,0.9958544373512268
stacked_lora,siqa,all,8,up_proj,98,0.9978463053703308
stacked_lora,siqa,all,8,up_proj,99,0.9975326061248779
stacked_lora,siqa,all,8,up_proj,100,0.9986068606376648
stacked_lora,siqa,all,8,up_proj,101,0.9980455040931702
stacked_lora,siqa,all,8,up_proj,102,0.9838327765464783
stacked_lora,siqa,all,8,up_proj,103,0.9821540713310242
stacked_lora,siqa,all,8,up_proj,104,0.9969959259033203
stacked_lora,siqa,all,8,up_proj,105,0.9942054152488708
stacked_lora,siqa,all,8,up_proj,106,0.9955196976661682
stacked_lora,siqa,all,8,up_proj,107,0.9980650544166565
stacked_lora,siqa,all,8,up_proj,108,0.9966428875923157
stacked_lora,siqa,all,8,up_proj,109,0.9892575740814209
stacked_lora,siqa,all,8,up_proj,110,0.9941539168357849
stacked_lora,siqa,all,8,up_proj,111,0.9737082719802856
stacked_lora,siqa,all,8,up_proj,112,0.9729551076889038
stacked_lora,siqa,all,8,up_proj,113,0.9916177988052368
stacked_lora,siqa,all,8,up_proj,114,0.9746438264846802
stacked_lora,siqa,all,8,up_proj,115,0.9793391823768616
stacked_lora,siqa,all,8,up_proj,116,0.9964640140533447
stacked_lora,siqa,all,8,up_proj,117,0.9982973337173462
stacked_lora,siqa,all,8,up_proj,118,0.9986899495124817
stacked_lora,siqa,all,8,up_proj,119,0.9965552687644958
stacked_lora,siqa,all,8,up_proj,120,0.9980891346931458
stacked_lora,siqa,all,8,up_proj,121,0.9966810941696167
stacked_lora,siqa,all,8,up_proj,122,0.997373640537262
stacked_lora,siqa,all,8,up_proj,123,0.9983338117599487
stacked_lora,siqa,all,8,up_proj,124,0.9840261340141296
stacked_lora,siqa,all,8,up_proj,125,0.9830029606819153
stacked_lora,siqa,all,8,up_proj,126,0.9963879585266113
stacked_lora,siqa,all,8,up_proj,127,0.9959401488304138
stacked_lora,siqa,all,8,up_proj,128,0.9789260029792786
stacked_lora,siqa,all,8,up_proj,129,0.9871811270713806
stacked_lora,siqa,all,8,up_proj,130,0.9867447018623352
stacked_lora,siqa,all,8,up_proj,131,0.993584394454956
stacked_lora,siqa,all,8,up_proj,132,0.9916313290596008
stacked_lora,siqa,all,8,up_proj,133,0.996764063835144
stacked_lora,siqa,all,8,up_proj,134,0.9965580105781555
stacked_lora,siqa,all,8,up_proj,135,0.9736201167106628
stacked_lora,siqa,all,8,up_proj,136,0.9743331074714661
stacked_lora,siqa,all,8,up_proj,137,0.9966520071029663
stacked_lora,siqa,all,8,up_proj,138,0.9923389554023743
stacked_lora,siqa,all,8,up_proj,139,0.9945297241210938
stacked_lora,siqa,all,8,up_proj,140,0.9957407712936401
stacked_lora,siqa,all,8,up_proj,141,0.9953131079673767
stacked_lora,siqa,all,8,up_proj,142,0.9968962073326111
stacked_lora,siqa,all,8,up_proj,143,0.9983172416687012
stacked_lora,siqa,all,8,up_proj,144,0.9971867203712463
stacked_lora,siqa,all,8,up_proj,145,0.9775790572166443
stacked_lora,siqa,all,8,up_proj,146,0.9740890264511108
stacked_lora,siqa,all,8,up_proj,147,0.9919060468673706
stacked_lora,siqa,all,8,up_proj,148,0.9953281283378601
stacked_lora,siqa,all,8,up_proj,149,0.9945446252822876
stacked_lora,siqa,all,8,up_proj,150,0.986347496509552
stacked_lora,siqa,all,8,down_proj,1,0.9999994039535522
stacked_lora,siqa,all,8,down_proj,2,0.999999463558197
stacked_lora,siqa,all,8,down_proj,3,0.9999995231628418
stacked_lora,siqa,all,8,down_proj,4,0.9999997019767761
stacked_lora,siqa,all,8,down_proj,5,0.9999972581863403
stacked_lora,siqa,all,8,down_proj,6,0.9999926686286926
stacked_lora,siqa,all,8,down_proj,7,0.9999927282333374
stacked_lora,siqa,all,8,down_proj,8,0.9999977350234985
stacked_lora,siqa,all,8,down_proj,9,0.9999971985816956
stacked_lora,siqa,all,8,down_proj,10,0.9999861717224121
stacked_lora,siqa,all,8,down_proj,11,0.9999904632568359
stacked_lora,siqa,all,8,down_proj,12,0.9999861717224121
stacked_lora,siqa,all,8,down_proj,13,0.9999958276748657
stacked_lora,siqa,all,8,down_proj,14,0.9999940395355225
stacked_lora,siqa,all,8,down_proj,15,0.9999958276748657
stacked_lora,siqa,all,8,down_proj,16,0.9999849796295166
stacked_lora,siqa,all,8,down_proj,17,0.9999845027923584
stacked_lora,siqa,all,8,down_proj,18,0.999984085559845
stacked_lora,siqa,all,8,down_proj,19,0.9999486207962036
stacked_lora,siqa,all,8,down_proj,20,0.9999470710754395
stacked_lora,siqa,all,8,down_proj,21,0.9999858140945435
stacked_lora,siqa,all,8,down_proj,22,0.999788761138916
stacked_lora,siqa,all,8,down_proj,23,0.9997735023498535
stacked_lora,siqa,all,8,down_proj,24,0.9999780654907227
stacked_lora,siqa,all,8,down_proj,25,0.999966025352478
stacked_lora,siqa,all,8,down_proj,26,0.9996784925460815
stacked_lora,siqa,all,8,down_proj,27,0.9996424317359924
stacked_lora,siqa,all,8,down_proj,28,0.9999822974205017
stacked_lora,siqa,all,8,down_proj,29,0.9999842643737793
stacked_lora,siqa,all,8,down_proj,30,0.9997013807296753
stacked_lora,siqa,all,8,down_proj,31,0.9996989965438843
stacked_lora,siqa,all,8,down_proj,32,0.999972403049469
stacked_lora,siqa,all,8,down_proj,33,0.9999536275863647
stacked_lora,siqa,all,8,down_proj,34,0.9999794363975525
stacked_lora,siqa,all,8,down_proj,35,0.9999772906303406
stacked_lora,siqa,all,8,down_proj,36,0.9999443292617798
stacked_lora,siqa,all,8,down_proj,37,0.9999582767486572
stacked_lora,siqa,all,8,down_proj,38,0.9998659491539001
stacked_lora,siqa,all,8,down_proj,39,0.9998776316642761
stacked_lora,siqa,all,8,down_proj,40,0.9999801516532898
stacked_lora,siqa,all,8,down_proj,41,0.9999344348907471
stacked_lora,siqa,all,8,down_proj,42,0.9999121427536011
stacked_lora,siqa,all,8,down_proj,43,0.9999678134918213
stacked_lora,siqa,all,8,down_proj,44,0.9999443292617798
stacked_lora,siqa,all,8,down_proj,45,0.9999645352363586
stacked_lora,siqa,all,8,down_proj,46,0.9999565482139587
stacked_lora,siqa,all,8,down_proj,47,0.9997724294662476
stacked_lora,siqa,all,8,down_proj,48,0.9997437000274658
stacked_lora,siqa,all,8,down_proj,49,0.9998921155929565
stacked_lora,siqa,all,8,down_proj,50,0.9994875192642212
stacked_lora,siqa,all,8,down_proj,51,0.9993312954902649
stacked_lora,siqa,all,8,down_proj,52,0.9996022582054138
stacked_lora,siqa,all,8,down_proj,53,0.9997991323471069
stacked_lora,siqa,all,8,down_proj,54,0.9993943572044373
stacked_lora,siqa,all,8,down_proj,55,0.9994642734527588
stacked_lora,siqa,all,8,down_proj,56,0.9999154210090637
stacked_lora,siqa,all,8,down_proj,57,0.9997508525848389
stacked_lora,siqa,all,8,down_proj,58,0.9997440576553345
stacked_lora,siqa,all,8,down_proj,59,0.999334454536438
stacked_lora,siqa,all,8,down_proj,60,0.9993780851364136
stacked_lora,siqa,all,8,down_proj,61,0.9998379945755005
stacked_lora,siqa,all,8,down_proj,62,0.999869704246521
stacked_lora,siqa,all,8,down_proj,63,0.9998944997787476
stacked_lora,siqa,all,8,down_proj,64,0.9998218417167664
stacked_lora,siqa,all,8,down_proj,65,0.9994203448295593
stacked_lora,siqa,all,8,down_proj,66,0.9997425079345703
stacked_lora,siqa,all,8,down_proj,67,0.9996684193611145
stacked_lora,siqa,all,8,down_proj,68,0.999768853187561
stacked_lora,siqa,all,8,down_proj,69,0.9998748898506165
stacked_lora,siqa,all,8,down_proj,70,0.9997385740280151
stacked_lora,siqa,all,8,down_proj,71,0.9996585249900818
stacked_lora,siqa,all,8,down_proj,72,0.999882698059082
stacked_lora,siqa,all,8,down_proj,73,0.9994663000106812
stacked_lora,siqa,all,8,down_proj,74,0.9993031024932861
stacked_lora,siqa,all,8,down_proj,75,0.999573290348053
stacked_lora,siqa,all,8,down_proj,76,0.9996157288551331
stacked_lora,siqa,all,8,down_proj,77,0.9997419714927673
stacked_lora,siqa,all,8,down_proj,78,0.9999474883079529
stacked_lora,siqa,all,8,down_proj,79,0.9996712803840637
stacked_lora,siqa,all,8,down_proj,80,0.9998025894165039
stacked_lora,siqa,all,8,down_proj,81,0.9996985793113708
stacked_lora,siqa,all,8,down_proj,82,0.9997907876968384
stacked_lora,siqa,all,8,down_proj,83,0.998981237411499
stacked_lora,siqa,all,8,down_proj,84,0.9963712692260742
stacked_lora,siqa,all,8,down_proj,85,0.996566116809845
stacked_lora,siqa,all,8,down_proj,86,0.9993985891342163
stacked_lora,siqa,all,8,down_proj,87,0.9997385740280151
stacked_lora,siqa,all,8,down_proj,88,0.9996834993362427
stacked_lora,siqa,all,8,down_proj,89,0.997437059879303
stacked_lora,siqa,all,8,down_proj,90,0.9973911046981812
stacked_lora,siqa,all,8,down_proj,91,0.9995678663253784
stacked_lora,siqa,all,8,down_proj,92,0.9985874891281128
stacked_lora,siqa,all,8,down_proj,93,0.9984731674194336
stacked_lora,siqa,all,8,down_proj,94,0.9997243285179138
stacked_lora,siqa,all,8,down_proj,95,0.9996693134307861
stacked_lora,siqa,all,8,down_proj,96,0.9987953305244446
stacked_lora,siqa,all,8,down_proj,97,0.9988107681274414
stacked_lora,siqa,all,8,down_proj,98,0.9994927048683167
stacked_lora,siqa,all,8,down_proj,99,0.9997093677520752
stacked_lora,siqa,all,8,down_proj,100,0.9996294975280762
stacked_lora,siqa,all,8,down_proj,101,0.9990061521530151
stacked_lora,siqa,all,8,down_proj,102,0.9990689754486084
stacked_lora,siqa,all,8,down_proj,103,0.999125599861145
stacked_lora,siqa,all,8,down_proj,104,0.9984233975410461
stacked_lora,siqa,all,8,down_proj,105,0.9930341839790344
stacked_lora,siqa,all,8,down_proj,106,0.9945387244224548
stacked_lora,siqa,all,8,down_proj,107,0.9995250105857849
stacked_lora,siqa,all,8,down_proj,108,0.9998612999916077
stacked_lora,siqa,all,8,down_proj,109,0.9996914863586426
stacked_lora,siqa,all,8,down_proj,110,0.9996229410171509
stacked_lora,siqa,all,8,down_proj,111,0.9988771677017212
stacked_lora,siqa,all,8,down_proj,112,0.9990209937095642
stacked_lora,siqa,all,8,down_proj,113,0.9997550845146179
stacked_lora,siqa,all,8,down_proj,114,0.9998733997344971
stacked_lora,siqa,all,8,down_proj,115,0.9994477033615112
stacked_lora,siqa,all,8,down_proj,116,0.9991591572761536
stacked_lora,siqa,all,8,down_proj,117,0.9987517595291138
stacked_lora,siqa,all,8,down_proj,118,0.9984927773475647
stacked_lora,siqa,all,8,down_proj,119,0.998792827129364
stacked_lora,siqa,all,8,down_proj,120,0.9995436668395996
stacked_lora,siqa,all,8,down_proj,121,0.9996830224990845
stacked_lora,siqa,all,8,down_proj,122,0.9996205568313599
stacked_lora,siqa,all,8,down_proj,123,0.9996069669723511
stacked_lora,siqa,all,8,down_proj,124,0.9996333718299866
stacked_lora,siqa,all,8,down_proj,125,0.9996722936630249
stacked_lora,siqa,all,8,down_proj,126,0.999529242515564
stacked_lora,siqa,all,8,down_proj,127,0.9971762895584106
stacked_lora,siqa,all,8,down_proj,128,0.9968880414962769
stacked_lora,siqa,all,8,down_proj,129,0.9995921850204468
stacked_lora,siqa,all,8,down_proj,130,0.9992181062698364
stacked_lora,siqa,all,8,down_proj,131,0.9988332986831665
stacked_lora,siqa,all,8,down_proj,132,0.9996547698974609
stacked_lora,siqa,all,8,down_proj,133,0.9996856451034546
stacked_lora,siqa,all,8,down_proj,134,0.9798301458358765
stacked_lora,siqa,all,8,down_proj,135,0.9796826839447021
stacked_lora,siqa,all,8,down_proj,136,0.9975883960723877
stacked_lora,siqa,all,8,down_proj,137,0.9900997877120972
stacked_lora,siqa,all,8,down_proj,138,0.9906696677207947
stacked_lora,siqa,all,8,down_proj,139,0.9946821331977844
stacked_lora,siqa,all,8,down_proj,140,0.9993445873260498
stacked_lora,siqa,all,8,down_proj,141,0.9973256587982178
stacked_lora,siqa,all,8,down_proj,142,0.9963559508323669
stacked_lora,siqa,all,8,down_proj,143,0.9982798099517822
stacked_lora,siqa,all,8,down_proj,144,0.998860776424408
stacked_lora,siqa,all,8,down_proj,145,0.9978256821632385
stacked_lora,siqa,all,8,down_proj,146,0.9968608617782593
stacked_lora,siqa,all,8,down_proj,147,0.9983634948730469
stacked_lora,siqa,all,8,down_proj,148,0.9990490674972534
stacked_lora,siqa,all,8,down_proj,149,0.9980809092521667
stacked_lora,siqa,all,8,down_proj,150,0.998786985874176
stacked_lora,siqa,all,15,q_proj,1,1.0000008344650269
stacked_lora,siqa,all,15,q_proj,2,1.0000001192092896
stacked_lora,siqa,all,15,q_proj,3,0.9999998211860657
stacked_lora,siqa,all,15,q_proj,4,0.999996542930603
stacked_lora,siqa,all,15,q_proj,5,0.9999927282333374
stacked_lora,siqa,all,15,q_proj,6,0.9999953508377075
stacked_lora,siqa,all,15,q_proj,7,0.999979555606842
stacked_lora,siqa,all,15,q_proj,8,0.9999797940254211
stacked_lora,siqa,all,15,q_proj,9,0.9999982714653015
stacked_lora,siqa,all,15,q_proj,10,0.9999968409538269
stacked_lora,siqa,all,15,q_proj,11,0.9999971985816956
stacked_lora,siqa,all,15,q_proj,12,0.9999968409538269
stacked_lora,siqa,all,15,q_proj,13,0.9999988079071045
stacked_lora,siqa,all,15,q_proj,14,0.999996542930603
stacked_lora,siqa,all,15,q_proj,15,0.9999959468841553
stacked_lora,siqa,all,15,q_proj,16,0.9999959468841553
stacked_lora,siqa,all,15,q_proj,17,0.9999973773956299
stacked_lora,siqa,all,15,q_proj,18,0.999993622303009
stacked_lora,siqa,all,15,q_proj,19,0.9999874234199524
stacked_lora,siqa,all,15,q_proj,20,0.9999879598617554
stacked_lora,siqa,all,15,q_proj,21,0.9999866485595703
stacked_lora,siqa,all,15,q_proj,22,0.9999964237213135
stacked_lora,siqa,all,15,q_proj,23,0.9999839663505554
stacked_lora,siqa,all,15,q_proj,24,0.9999942779541016
stacked_lora,siqa,all,15,q_proj,25,0.9999973773956299
stacked_lora,siqa,all,15,q_proj,26,0.9999985098838806
stacked_lora,siqa,all,15,q_proj,27,0.9999986290931702
stacked_lora,siqa,all,15,q_proj,28,0.9999942779541016
stacked_lora,siqa,all,15,q_proj,29,0.999993085861206
stacked_lora,siqa,all,15,q_proj,30,0.9999949932098389
stacked_lora,siqa,all,15,q_proj,31,0.9999830722808838
stacked_lora,siqa,all,15,q_proj,32,0.9999821782112122
stacked_lora,siqa,all,15,q_proj,33,0.9999973773956299
stacked_lora,siqa,all,15,q_proj,34,0.9999971389770508
stacked_lora,siqa,all,15,q_proj,35,0.9999958872795105
stacked_lora,siqa,all,15,q_proj,36,0.9999850988388062
stacked_lora,siqa,all,15,q_proj,37,0.9999826550483704
stacked_lora,siqa,all,15,q_proj,38,0.9999979734420776
stacked_lora,siqa,all,15,q_proj,39,0.9999921321868896
stacked_lora,siqa,all,15,q_proj,40,0.9999880790710449
stacked_lora,siqa,all,15,q_proj,41,0.9998986721038818
stacked_lora,siqa,all,15,q_proj,42,0.9999068975448608
stacked_lora,siqa,all,15,q_proj,43,0.9999926090240479
stacked_lora,siqa,all,15,q_proj,44,0.9999080896377563
stacked_lora,siqa,all,15,q_proj,45,0.9999039769172668
stacked_lora,siqa,all,15,q_proj,46,0.9999873042106628
stacked_lora,siqa,all,15,q_proj,47,0.9999697208404541
stacked_lora,siqa,all,15,q_proj,48,0.999970018863678
stacked_lora,siqa,all,15,q_proj,49,0.9999759793281555
stacked_lora,siqa,all,15,q_proj,50,0.9998267889022827
stacked_lora,siqa,all,15,q_proj,51,0.9998226761817932
stacked_lora,siqa,all,15,q_proj,52,0.9999768137931824
stacked_lora,siqa,all,15,q_proj,53,0.9999757409095764
stacked_lora,siqa,all,15,q_proj,54,0.9999798536300659
stacked_lora,siqa,all,15,q_proj,55,0.9999786019325256
stacked_lora,siqa,all,15,q_proj,56,0.9999892115592957
stacked_lora,siqa,all,15,q_proj,57,0.9999873638153076
stacked_lora,siqa,all,15,q_proj,58,0.9999832510948181
stacked_lora,siqa,all,15,q_proj,59,0.9999861717224121
stacked_lora,siqa,all,15,q_proj,60,0.9999760389328003
stacked_lora,siqa,all,15,q_proj,61,0.9999548196792603
stacked_lora,siqa,all,15,q_proj,62,0.9999619126319885
stacked_lora,siqa,all,15,q_proj,63,0.9999797344207764
stacked_lora,siqa,all,15,q_proj,64,0.9999824166297913
stacked_lora,siqa,all,15,q_proj,65,0.999975860118866
stacked_lora,siqa,all,15,q_proj,66,0.9999497532844543
stacked_lora,siqa,all,15,q_proj,67,0.9999508261680603
stacked_lora,siqa,all,15,q_proj,68,0.9998876452445984
stacked_lora,siqa,all,15,q_proj,69,0.9998778700828552
stacked_lora,siqa,all,15,q_proj,70,0.9998095035552979
stacked_lora,siqa,all,15,q_proj,71,0.999825119972229
stacked_lora,siqa,all,15,q_proj,72,0.99996018409729
stacked_lora,siqa,all,15,q_proj,73,0.9999659061431885
stacked_lora,siqa,all,15,q_proj,74,0.9999608993530273
stacked_lora,siqa,all,15,q_proj,75,0.9998950362205505
stacked_lora,siqa,all,15,q_proj,76,0.9999110698699951
stacked_lora,siqa,all,15,q_proj,77,0.9999427199363708
stacked_lora,siqa,all,15,q_proj,78,0.9999409914016724
stacked_lora,siqa,all,15,q_proj,79,0.9999696016311646
stacked_lora,siqa,all,15,q_proj,80,0.9999590516090393
stacked_lora,siqa,all,15,q_proj,81,0.999868631362915
stacked_lora,siqa,all,15,q_proj,82,0.9998514652252197
stacked_lora,siqa,all,15,q_proj,83,0.9999343156814575
stacked_lora,siqa,all,15,q_proj,84,0.9999388456344604
stacked_lora,siqa,all,15,q_proj,85,0.9999068975448608
stacked_lora,siqa,all,15,q_proj,86,0.9999106526374817
stacked_lora,siqa,all,15,q_proj,87,0.9999532103538513
stacked_lora,siqa,all,15,q_proj,88,0.9998670220375061
stacked_lora,siqa,all,15,q_proj,89,0.9997637867927551
stacked_lora,siqa,all,15,q_proj,90,0.9998024106025696
stacked_lora,siqa,all,15,q_proj,91,0.9999170303344727
stacked_lora,siqa,all,15,q_proj,92,0.9999569654464722
stacked_lora,siqa,all,15,q_proj,93,0.9999583959579468
stacked_lora,siqa,all,15,q_proj,94,0.999950110912323
stacked_lora,siqa,all,15,q_proj,95,0.9999778866767883
stacked_lora,siqa,all,15,q_proj,96,0.9999164938926697
stacked_lora,siqa,all,15,q_proj,97,0.9998966455459595
stacked_lora,siqa,all,15,q_proj,98,0.9999209642410278
stacked_lora,siqa,all,15,q_proj,99,0.9999041557312012
stacked_lora,siqa,all,15,q_proj,100,0.999870777130127
stacked_lora,siqa,all,15,q_proj,101,0.9998626112937927
stacked_lora,siqa,all,15,q_proj,102,0.999771237373352
stacked_lora,siqa,all,15,q_proj,103,0.9997649788856506
stacked_lora,siqa,all,15,q_proj,104,0.9998977780342102
stacked_lora,siqa,all,15,q_proj,105,0.9999651312828064
stacked_lora,siqa,all,15,q_proj,106,0.9999725222587585
stacked_lora,siqa,all,15,q_proj,107,0.9997670650482178
stacked_lora,siqa,all,15,q_proj,108,0.999767005443573
stacked_lora,siqa,all,15,q_proj,109,0.99993497133255
stacked_lora,siqa,all,15,q_proj,110,0.9999101161956787
stacked_lora,siqa,all,15,q_proj,111,0.9998886585235596
stacked_lora,siqa,all,15,q_proj,112,0.9997924566268921
stacked_lora,siqa,all,15,q_proj,113,0.999792218208313
stacked_lora,siqa,all,15,q_proj,114,0.9997293949127197
stacked_lora,siqa,all,15,q_proj,115,0.9997736215591431
stacked_lora,siqa,all,15,q_proj,116,0.9994445443153381
stacked_lora,siqa,all,15,q_proj,117,0.9991231560707092
stacked_lora,siqa,all,15,q_proj,118,0.9994020462036133
stacked_lora,siqa,all,15,q_proj,119,0.9998134970664978
stacked_lora,siqa,all,15,q_proj,120,0.9997318387031555
stacked_lora,siqa,all,15,q_proj,121,0.9997506737709045
stacked_lora,siqa,all,15,q_proj,122,0.9999306797981262
stacked_lora,siqa,all,15,q_proj,123,0.9999173283576965
stacked_lora,siqa,all,15,q_proj,124,0.999933123588562
stacked_lora,siqa,all,15,q_proj,125,0.997515082359314
stacked_lora,siqa,all,15,q_proj,126,0.9976314902305603
stacked_lora,siqa,all,15,q_proj,127,0.9998384118080139
stacked_lora,siqa,all,15,q_proj,128,0.9998891949653625
stacked_lora,siqa,all,15,q_proj,129,0.9995933175086975
stacked_lora,siqa,all,15,q_proj,130,0.9996504187583923
stacked_lora,siqa,all,15,q_proj,131,0.9996331930160522
stacked_lora,siqa,all,15,q_proj,132,0.9996104836463928
stacked_lora,siqa,all,15,q_proj,133,0.9995662569999695
stacked_lora,siqa,all,15,q_proj,134,0.9992781281471252
stacked_lora,siqa,all,15,q_proj,135,0.9990602135658264
stacked_lora,siqa,all,15,q_proj,136,0.9999529123306274
stacked_lora,siqa,all,15,q_proj,137,0.9998642802238464
stacked_lora,siqa,all,15,q_proj,138,0.9998284578323364
stacked_lora,siqa,all,15,q_proj,139,0.9990981817245483
stacked_lora,siqa,all,15,q_proj,140,0.9991232752799988
stacked_lora,siqa,all,15,q_proj,141,0.9998635649681091
stacked_lora,siqa,all,15,q_proj,142,0.9996793270111084
stacked_lora,siqa,all,15,q_proj,143,0.9997504949569702
stacked_lora,siqa,all,15,q_proj,144,0.9998370409011841
stacked_lora,siqa,all,15,q_proj,145,0.999850869178772
stacked_lora,siqa,all,15,q_proj,146,0.9997594356536865
stacked_lora,siqa,all,15,q_proj,147,0.9996316432952881
stacked_lora,siqa,all,15,q_proj,148,0.9999253153800964
stacked_lora,siqa,all,15,q_proj,149,0.9997323751449585
stacked_lora,siqa,all,15,q_proj,150,0.9971679449081421
stacked_lora,siqa,all,15,v_proj,1,0.999995231628418
stacked_lora,siqa,all,15,v_proj,2,0.9999904632568359
stacked_lora,siqa,all,15,v_proj,3,0.9999895095825195
stacked_lora,siqa,all,15,v_proj,4,0.9999960660934448
stacked_lora,siqa,all,15,v_proj,5,0.9999765157699585
stacked_lora,siqa,all,15,v_proj,6,0.9999727606773376
stacked_lora,siqa,all,15,v_proj,7,0.999988317489624
stacked_lora,siqa,all,15,v_proj,8,0.9999864101409912
stacked_lora,siqa,all,15,v_proj,9,0.9999845027923584
stacked_lora,siqa,all,15,v_proj,10,0.9999669790267944
stacked_lora,siqa,all,15,v_proj,11,0.9999790191650391
stacked_lora,siqa,all,15,v_proj,12,0.99994295835495
stacked_lora,siqa,all,15,v_proj,13,0.9999382495880127
stacked_lora,siqa,all,15,v_proj,14,0.9999704957008362
stacked_lora,siqa,all,15,v_proj,15,0.9998922348022461
stacked_lora,siqa,all,15,v_proj,16,0.999890148639679
stacked_lora,siqa,all,15,v_proj,17,0.9999831914901733
stacked_lora,siqa,all,15,v_proj,18,0.9999655485153198
stacked_lora,siqa,all,15,v_proj,19,0.9999611973762512
stacked_lora,siqa,all,15,v_proj,20,0.9999586343765259
stacked_lora,siqa,all,15,v_proj,21,0.9998862743377686
stacked_lora,siqa,all,15,v_proj,22,0.9999223351478577
stacked_lora,siqa,all,15,v_proj,23,0.9999618530273438
stacked_lora,siqa,all,15,v_proj,24,0.9999821186065674
stacked_lora,siqa,all,15,v_proj,25,0.999977171421051
stacked_lora,siqa,all,15,v_proj,26,0.9999779462814331
stacked_lora,siqa,all,15,v_proj,27,0.9999747276306152
stacked_lora,siqa,all,15,v_proj,28,0.9999849796295166
stacked_lora,siqa,all,15,v_proj,29,0.999990701675415
stacked_lora,siqa,all,15,v_proj,30,0.9999738931655884
stacked_lora,siqa,all,15,v_proj,31,0.9999741315841675
stacked_lora,siqa,all,15,v_proj,32,0.9999811053276062
stacked_lora,siqa,all,15,v_proj,33,0.9999673962593079
stacked_lora,siqa,all,15,v_proj,34,0.9999638199806213
stacked_lora,siqa,all,15,v_proj,35,0.9999704360961914
stacked_lora,siqa,all,15,v_proj,36,0.9999756813049316
stacked_lora,siqa,all,15,v_proj,37,0.9999464750289917
stacked_lora,siqa,all,15,v_proj,38,0.9999508857727051
stacked_lora,siqa,all,15,v_proj,39,0.9999081492424011
stacked_lora,siqa,all,15,v_proj,40,0.9999019503593445
stacked_lora,siqa,all,15,v_proj,41,0.9999343156814575
stacked_lora,siqa,all,15,v_proj,42,0.999917209148407
stacked_lora,siqa,all,15,v_proj,43,0.9998831152915955
stacked_lora,siqa,all,15,v_proj,44,0.9998968839645386
stacked_lora,siqa,all,15,v_proj,45,0.9999772906303406
stacked_lora,siqa,all,15,v_proj,46,0.9999494552612305
stacked_lora,siqa,all,15,v_proj,47,0.9999048709869385
stacked_lora,siqa,all,15,v_proj,48,0.9999369382858276
stacked_lora,siqa,all,15,v_proj,49,0.9999862313270569
stacked_lora,siqa,all,15,v_proj,50,0.999975323677063
stacked_lora,siqa,all,15,v_proj,51,0.9999574422836304
stacked_lora,siqa,all,15,v_proj,52,0.9999551773071289
stacked_lora,siqa,all,15,v_proj,53,0.9999532699584961
stacked_lora,siqa,all,15,v_proj,54,0.999956488609314
stacked_lora,siqa,all,15,v_proj,55,0.9999464750289917
stacked_lora,siqa,all,15,v_proj,56,0.999850332736969
stacked_lora,siqa,all,15,v_proj,57,0.9998550415039062
stacked_lora,siqa,all,15,v_proj,58,0.9999823570251465
stacked_lora,siqa,all,15,v_proj,59,0.9999723434448242
stacked_lora,siqa,all,15,v_proj,60,0.9999537467956543
stacked_lora,siqa,all,15,v_proj,61,0.9999491572380066
stacked_lora,siqa,all,15,v_proj,62,0.9999730587005615
stacked_lora,siqa,all,15,v_proj,63,0.9999737739562988
stacked_lora,siqa,all,15,v_proj,64,0.9999899864196777
stacked_lora,siqa,all,15,v_proj,65,0.9996646642684937
stacked_lora,siqa,all,15,v_proj,66,0.9996653199195862
stacked_lora,siqa,all,15,v_proj,67,0.9999493360519409
stacked_lora,siqa,all,15,v_proj,68,0.999975323677063
stacked_lora,siqa,all,15,v_proj,69,0.9998709559440613
stacked_lora,siqa,all,15,v_proj,70,0.9998788833618164
stacked_lora,siqa,all,15,v_proj,71,0.9999637603759766
stacked_lora,siqa,all,15,v_proj,72,0.9998347163200378
stacked_lora,siqa,all,15,v_proj,73,0.9998257756233215
stacked_lora,siqa,all,15,v_proj,74,0.9999428987503052
stacked_lora,siqa,all,15,v_proj,75,0.9999173879623413
stacked_lora,siqa,all,15,v_proj,76,0.9999443888664246
stacked_lora,siqa,all,15,v_proj,77,0.9998116493225098
stacked_lora,siqa,all,15,v_proj,78,0.9998112320899963
stacked_lora,siqa,all,15,v_proj,79,0.9999189972877502
stacked_lora,siqa,all,15,v_proj,80,0.9999281167984009
stacked_lora,siqa,all,15,v_proj,81,0.9999229907989502
stacked_lora,siqa,all,15,v_proj,82,0.9997369647026062
stacked_lora,siqa,all,15,v_proj,83,0.9994658827781677
stacked_lora,siqa,all,15,v_proj,84,0.9996616840362549
stacked_lora,siqa,all,15,v_proj,85,0.9997768998146057
stacked_lora,siqa,all,15,v_proj,86,0.9998562335968018
stacked_lora,siqa,all,15,v_proj,87,0.9997674822807312
stacked_lora,siqa,all,15,v_proj,88,0.9998127222061157
stacked_lora,siqa,all,15,v_proj,89,0.9997074007987976
stacked_lora,siqa,all,15,v_proj,90,0.9998575448989868
stacked_lora,siqa,all,15,v_proj,91,0.9996894001960754
stacked_lora,siqa,all,15,v_proj,92,0.9998089671134949
stacked_lora,siqa,all,15,v_proj,93,0.9997395277023315
stacked_lora,siqa,all,15,v_proj,94,0.9997429847717285
stacked_lora,siqa,all,15,v_proj,95,0.9997246265411377
stacked_lora,siqa,all,15,v_proj,96,0.9956295490264893
stacked_lora,siqa,all,15,v_proj,97,0.9954676628112793
stacked_lora,siqa,all,15,v_proj,98,0.9985507726669312
stacked_lora,siqa,all,15,v_proj,99,0.998746395111084
stacked_lora,siqa,all,15,v_proj,100,0.999814510345459
stacked_lora,siqa,all,15,v_proj,101,0.9997259378433228
stacked_lora,siqa,all,15,v_proj,102,0.9998350739479065
stacked_lora,siqa,all,15,v_proj,103,0.9998249411582947
stacked_lora,siqa,all,15,v_proj,104,0.99982750415802
stacked_lora,siqa,all,15,v_proj,105,0.9995587468147278
stacked_lora,siqa,all,15,v_proj,106,0.9973825216293335
stacked_lora,siqa,all,15,v_proj,107,0.9970635771751404
stacked_lora,siqa,all,15,v_proj,108,0.9996581077575684
stacked_lora,siqa,all,15,v_proj,109,0.9993962049484253
stacked_lora,siqa,all,15,v_proj,110,0.9996083378791809
stacked_lora,siqa,all,15,v_proj,111,0.9996894598007202
stacked_lora,siqa,all,15,v_proj,112,0.9993382692337036
stacked_lora,siqa,all,15,v_proj,113,0.9997135996818542
stacked_lora,siqa,all,15,v_proj,114,0.9991551637649536
stacked_lora,siqa,all,15,v_proj,115,0.9990139603614807
stacked_lora,siqa,all,15,v_proj,116,0.9992332458496094
stacked_lora,siqa,all,15,v_proj,117,0.9990938305854797
stacked_lora,siqa,all,15,v_proj,118,0.99674391746521
stacked_lora,siqa,all,15,v_proj,119,0.9969096183776855
stacked_lora,siqa,all,15,v_proj,120,0.999715268611908
stacked_lora,siqa,all,15,v_proj,121,0.9996416568756104
stacked_lora,siqa,all,15,v_proj,122,0.9995628595352173
stacked_lora,siqa,all,15,v_proj,123,0.9996277689933777
stacked_lora,siqa,all,15,v_proj,124,0.9993540644645691
stacked_lora,siqa,all,15,v_proj,125,0.9994623064994812
stacked_lora,siqa,all,15,v_proj,126,0.9993225932121277
stacked_lora,siqa,all,15,v_proj,127,0.9984100461006165
stacked_lora,siqa,all,15,v_proj,128,0.9972290396690369
stacked_lora,siqa,all,15,v_proj,129,0.998440682888031
stacked_lora,siqa,all,15,v_proj,130,0.9963104128837585
stacked_lora,siqa,all,15,v_proj,131,0.996620774269104
stacked_lora,siqa,all,15,v_proj,132,0.9992117285728455
stacked_lora,siqa,all,15,v_proj,133,0.9987234473228455
stacked_lora,siqa,all,15,v_proj,134,0.999319851398468
stacked_lora,siqa,all,15,v_proj,135,0.9992223978042603
stacked_lora,siqa,all,15,v_proj,136,0.9988102316856384
stacked_lora,siqa,all,15,v_proj,137,0.9995339512825012
stacked_lora,siqa,all,15,v_proj,138,0.9996157288551331
stacked_lora,siqa,all,15,v_proj,139,0.9981083869934082
stacked_lora,siqa,all,15,v_proj,140,0.9975682497024536
stacked_lora,siqa,all,15,v_proj,141,0.9994272589683533
stacked_lora,siqa,all,15,v_proj,142,0.9914915561676025
stacked_lora,siqa,all,15,v_proj,143,0.9915946125984192
stacked_lora,siqa,all,15,v_proj,144,0.9987653493881226
stacked_lora,siqa,all,15,v_proj,145,0.998284637928009
stacked_lora,siqa,all,15,v_proj,146,0.9983140230178833
stacked_lora,siqa,all,15,v_proj,147,0.9989835023880005
stacked_lora,siqa,all,15,v_proj,148,0.9990523457527161
stacked_lora,siqa,all,15,v_proj,149,0.9992960691452026
stacked_lora,siqa,all,15,v_proj,150,0.9987196922302246
stacked_lora,siqa,all,15,up_proj,1,0.9999995231628418
stacked_lora,siqa,all,15,up_proj,2,1.0000001192092896
stacked_lora,siqa,all,15,up_proj,3,0.9999989867210388
stacked_lora,siqa,all,15,up_proj,4,0.9999973773956299
stacked_lora,siqa,all,15,up_proj,5,0.9999949336051941
stacked_lora,siqa,all,15,up_proj,6,0.999993085861206
stacked_lora,siqa,all,15,up_proj,7,0.9999954700469971
stacked_lora,siqa,all,15,up_proj,8,0.999997079372406
stacked_lora,siqa,all,15,up_proj,9,0.9999971985816956
stacked_lora,siqa,all,15,up_proj,10,0.9999966025352478
stacked_lora,siqa,all,15,up_proj,11,0.999996542930603
stacked_lora,siqa,all,15,up_proj,12,0.9999957084655762
stacked_lora,siqa,all,15,up_proj,13,0.9999889135360718
stacked_lora,siqa,all,15,up_proj,14,0.9999902248382568
stacked_lora,siqa,all,15,up_proj,15,0.9999892711639404
stacked_lora,siqa,all,15,up_proj,16,0.999988317489624
stacked_lora,siqa,all,15,up_proj,17,0.9999950528144836
stacked_lora,siqa,all,15,up_proj,18,0.9999918341636658
stacked_lora,siqa,all,15,up_proj,19,0.9999905824661255
stacked_lora,siqa,all,15,up_proj,20,0.99998939037323
stacked_lora,siqa,all,15,up_proj,21,0.9999922513961792
stacked_lora,siqa,all,15,up_proj,22,0.9999924302101135
stacked_lora,siqa,all,15,up_proj,23,0.999982476234436
stacked_lora,siqa,all,15,up_proj,24,0.999967634677887
stacked_lora,siqa,all,15,up_proj,25,0.9999639987945557
stacked_lora,siqa,all,15,up_proj,26,0.9999790191650391
stacked_lora,siqa,all,15,up_proj,27,0.9999843239784241
stacked_lora,siqa,all,15,up_proj,28,0.9999909400939941
stacked_lora,siqa,all,15,up_proj,29,0.9999914765357971
stacked_lora,siqa,all,15,up_proj,30,0.9999879598617554
stacked_lora,siqa,all,15,up_proj,31,0.9999827742576599
stacked_lora,siqa,all,15,up_proj,32,0.9999819993972778
stacked_lora,siqa,all,15,up_proj,33,0.9999848008155823
stacked_lora,siqa,all,15,up_proj,34,0.9999845027923584
stacked_lora,siqa,all,15,up_proj,35,0.9999569654464722
stacked_lora,siqa,all,15,up_proj,36,0.9998833537101746
stacked_lora,siqa,all,15,up_proj,37,0.9998898506164551
stacked_lora,siqa,all,15,up_proj,38,0.9999719858169556
stacked_lora,siqa,all,15,up_proj,39,0.9986059069633484
stacked_lora,siqa,all,15,up_proj,40,0.9986014366149902
stacked_lora,siqa,all,15,up_proj,41,0.9999606609344482
stacked_lora,siqa,all,15,up_proj,42,0.9999415278434753
stacked_lora,siqa,all,15,up_proj,43,0.9999281764030457
stacked_lora,siqa,all,15,up_proj,44,0.9997772574424744
stacked_lora,siqa,all,15,up_proj,45,0.999693751335144
stacked_lora,siqa,all,15,up_proj,46,0.9998888969421387
stacked_lora,siqa,all,15,up_proj,47,0.9999087452888489
stacked_lora,siqa,all,15,up_proj,48,0.9999136924743652
stacked_lora,siqa,all,15,up_proj,49,0.9999747276306152
stacked_lora,siqa,all,15,up_proj,50,0.999940037727356
stacked_lora,siqa,all,15,up_proj,51,0.9999574422836304
stacked_lora,siqa,all,15,up_proj,52,0.9999407529830933
stacked_lora,siqa,all,15,up_proj,53,0.9999421834945679
stacked_lora,siqa,all,15,up_proj,54,0.9999407529830933
stacked_lora,siqa,all,15,up_proj,55,0.9997899532318115
stacked_lora,siqa,all,15,up_proj,56,0.9995118975639343
stacked_lora,siqa,all,15,up_proj,57,0.9996472001075745
stacked_lora,siqa,all,15,up_proj,58,0.9996529221534729
stacked_lora,siqa,all,15,up_proj,59,0.9995968341827393
stacked_lora,siqa,all,15,up_proj,60,0.9997681379318237
stacked_lora,siqa,all,15,up_proj,61,0.9996741414070129
stacked_lora,siqa,all,15,up_proj,62,0.9998675584793091
stacked_lora,siqa,all,15,up_proj,63,0.9996538758277893
stacked_lora,siqa,all,15,up_proj,64,0.9998727440834045
stacked_lora,siqa,all,15,up_proj,65,0.9997282028198242
stacked_lora,siqa,all,15,up_proj,66,0.9998534917831421
stacked_lora,siqa,all,15,up_proj,67,0.9995877146720886
stacked_lora,siqa,all,15,up_proj,68,0.9997571706771851
stacked_lora,siqa,all,15,up_proj,69,0.991718053817749
stacked_lora,siqa,all,15,up_proj,70,0.9917343258857727
stacked_lora,siqa,all,15,up_proj,71,0.9996446967124939
stacked_lora,siqa,all,15,up_proj,72,0.9995842576026917
stacked_lora,siqa,all,15,up_proj,73,0.9998567700386047
stacked_lora,siqa,all,15,up_proj,74,0.9994743466377258
stacked_lora,siqa,all,15,up_proj,75,0.9993879199028015
stacked_lora,siqa,all,15,up_proj,76,0.9996055364608765
stacked_lora,siqa,all,15,up_proj,77,0.9994720220565796
stacked_lora,siqa,all,15,up_proj,78,0.9984890222549438
stacked_lora,siqa,all,15,up_proj,79,0.9983982443809509
stacked_lora,siqa,all,15,up_proj,80,0.9996508955955505
stacked_lora,siqa,all,15,up_proj,81,0.9997057914733887
stacked_lora,siqa,all,15,up_proj,82,0.9994291067123413
stacked_lora,siqa,all,15,up_proj,83,0.9996789693832397
stacked_lora,siqa,all,15,up_proj,84,0.9991536140441895
stacked_lora,siqa,all,15,up_proj,85,0.9928571581840515
stacked_lora,siqa,all,15,up_proj,86,0.9925705194473267
stacked_lora,siqa,all,15,up_proj,87,0.9995041489601135
stacked_lora,siqa,all,15,up_proj,88,0.9996523857116699
stacked_lora,siqa,all,15,up_proj,89,0.9995346069335938
stacked_lora,siqa,all,15,up_proj,90,0.999565064907074
stacked_lora,siqa,all,15,up_proj,91,0.9995119571685791
stacked_lora,siqa,all,15,up_proj,92,0.9992784857749939
stacked_lora,siqa,all,15,up_proj,93,0.9994362592697144
stacked_lora,siqa,all,15,up_proj,94,0.9995661973953247
stacked_lora,siqa,all,15,up_proj,95,0.9615150690078735
stacked_lora,siqa,all,15,up_proj,96,0.9602932929992676
stacked_lora,siqa,all,15,up_proj,97,0.9988679885864258
stacked_lora,siqa,all,15,up_proj,98,0.9974952340126038
stacked_lora,siqa,all,15,up_proj,99,0.9977235198020935
stacked_lora,siqa,all,15,up_proj,100,0.9998225569725037
stacked_lora,siqa,all,15,up_proj,101,0.999832808971405
stacked_lora,siqa,all,15,up_proj,102,0.9997817873954773
stacked_lora,siqa,all,15,up_proj,103,0.9993219971656799
stacked_lora,siqa,all,15,up_proj,104,0.9994344115257263
stacked_lora,siqa,all,15,up_proj,105,0.9996123313903809
stacked_lora,siqa,all,15,up_proj,106,0.9986475706100464
stacked_lora,siqa,all,15,up_proj,107,0.998582124710083
stacked_lora,siqa,all,15,up_proj,108,0.999699056148529
stacked_lora,siqa,all,15,up_proj,109,0.9978345036506653
stacked_lora,siqa,all,15,up_proj,110,0.9966339468955994
stacked_lora,siqa,all,15,up_proj,111,0.9987622499465942
stacked_lora,siqa,all,15,up_proj,112,0.9996381402015686
stacked_lora,siqa,all,15,up_proj,113,0.9997864365577698
stacked_lora,siqa,all,15,up_proj,114,0.9997304081916809
stacked_lora,siqa,all,15,up_proj,115,0.9996551871299744
stacked_lora,siqa,all,15,up_proj,116,0.9996267557144165
stacked_lora,siqa,all,15,up_proj,117,0.9997907280921936
stacked_lora,siqa,all,15,up_proj,118,0.9992643594741821
stacked_lora,siqa,all,15,up_proj,119,0.9992579817771912
stacked_lora,siqa,all,15,up_proj,120,0.9992768168449402
stacked_lora,siqa,all,15,up_proj,121,0.9994261264801025
stacked_lora,siqa,all,15,up_proj,122,0.9997150897979736
stacked_lora,siqa,all,15,up_proj,123,0.9991347193717957
stacked_lora,siqa,all,15,up_proj,124,0.9987966418266296
stacked_lora,siqa,all,15,up_proj,125,0.9989897608757019
stacked_lora,siqa,all,15,up_proj,126,0.9976539611816406
stacked_lora,siqa,all,15,up_proj,127,0.9980757832527161
stacked_lora,siqa,all,15,up_proj,128,0.9990169405937195
stacked_lora,siqa,all,15,up_proj,129,0.9988059401512146
stacked_lora,siqa,all,15,up_proj,130,0.9983392357826233
stacked_lora,siqa,all,15,up_proj,131,0.999389111995697
stacked_lora,siqa,all,15,up_proj,132,0.9992478489875793
stacked_lora,siqa,all,15,up_proj,133,0.999147355556488
stacked_lora,siqa,all,15,up_proj,134,0.9996483325958252
stacked_lora,siqa,all,15,up_proj,135,0.9972760081291199
stacked_lora,siqa,all,15,up_proj,136,0.9967507719993591
stacked_lora,siqa,all,15,up_proj,137,0.9989964365959167
stacked_lora,siqa,all,15,up_proj,138,0.9995709657669067
stacked_lora,siqa,all,15,up_proj,139,0.9997621774673462
stacked_lora,siqa,all,15,up_proj,140,0.9996666312217712
stacked_lora,siqa,all,15,up_proj,141,0.9995816349983215
stacked_lora,siqa,all,15,up_proj,142,0.9993774890899658
stacked_lora,siqa,all,15,up_proj,143,0.9990207552909851
stacked_lora,siqa,all,15,up_proj,144,0.990458607673645
stacked_lora,siqa,all,15,up_proj,145,0.9905177354812622
stacked_lora,siqa,all,15,up_proj,146,0.997623085975647
stacked_lora,siqa,all,15,up_proj,147,0.9979867339134216
stacked_lora,siqa,all,15,up_proj,148,0.9977019429206848
stacked_lora,siqa,all,15,up_proj,149,0.9967894554138184
stacked_lora,siqa,all,15,up_proj,150,0.999477744102478
stacked_lora,siqa,all,15,down_proj,1,0.9999999403953552
stacked_lora,siqa,all,15,down_proj,2,1.000000238418579
stacked_lora,siqa,all,15,down_proj,3,0.9999997615814209
stacked_lora,siqa,all,15,down_proj,4,0.9999986886978149
stacked_lora,siqa,all,15,down_proj,5,0.9999988675117493
stacked_lora,siqa,all,15,down_proj,6,0.9999983310699463
stacked_lora,siqa,all,15,down_proj,7,0.9999828934669495
stacked_lora,siqa,all,15,down_proj,8,0.9999802708625793
stacked_lora,siqa,all,15,down_proj,9,0.9999864101409912
stacked_lora,siqa,all,15,down_proj,10,0.9999859929084778
stacked_lora,siqa,all,15,down_proj,11,0.9999818205833435
stacked_lora,siqa,all,15,down_proj,12,0.9999912977218628
stacked_lora,siqa,all,15,down_proj,13,0.9996921420097351
stacked_lora,siqa,all,15,down_proj,14,0.9996806383132935
stacked_lora,siqa,all,15,down_proj,15,0.9999915361404419
stacked_lora,siqa,all,15,down_proj,16,0.9999580979347229
stacked_lora,siqa,all,15,down_proj,17,0.9999368786811829
stacked_lora,siqa,all,15,down_proj,18,0.9999619722366333
stacked_lora,siqa,all,15,down_proj,19,0.9999788999557495
stacked_lora,siqa,all,15,down_proj,20,0.9999883770942688
stacked_lora,siqa,all,15,down_proj,21,0.9999821186065674
stacked_lora,siqa,all,15,down_proj,22,0.9999573230743408
stacked_lora,siqa,all,15,down_proj,23,0.9999603629112244
stacked_lora,siqa,all,15,down_proj,24,0.999822735786438
stacked_lora,siqa,all,15,down_proj,25,0.9998188614845276
stacked_lora,siqa,all,15,down_proj,26,0.9999082684516907
stacked_lora,siqa,all,15,down_proj,27,0.9999111294746399
stacked_lora,siqa,all,15,down_proj,28,0.9999330043792725
stacked_lora,siqa,all,15,down_proj,29,0.9999377727508545
stacked_lora,siqa,all,15,down_proj,30,0.9999024271965027
stacked_lora,siqa,all,15,down_proj,31,0.9998841881752014
stacked_lora,siqa,all,15,down_proj,32,0.9999646544456482
stacked_lora,siqa,all,15,down_proj,33,0.9999870657920837
stacked_lora,siqa,all,15,down_proj,34,0.9999666810035706
stacked_lora,siqa,all,15,down_proj,35,0.9999094009399414
stacked_lora,siqa,all,15,down_proj,36,0.9998944401741028
stacked_lora,siqa,all,15,down_proj,37,0.9998695254325867
stacked_lora,siqa,all,15,down_proj,38,0.9999099373817444
stacked_lora,siqa,all,15,down_proj,39,0.9995339512825012
stacked_lora,siqa,all,15,down_proj,40,0.9995441436767578
stacked_lora,siqa,all,15,down_proj,41,0.9996986985206604
stacked_lora,siqa,all,15,down_proj,42,0.9996545314788818
stacked_lora,siqa,all,15,down_proj,43,0.999661386013031
stacked_lora,siqa,all,15,down_proj,44,0.999954879283905
stacked_lora,siqa,all,15,down_proj,45,0.9999520778656006
stacked_lora,siqa,all,15,down_proj,46,0.9999772906303406
stacked_lora,siqa,all,15,down_proj,47,0.9998276829719543
stacked_lora,siqa,all,15,down_proj,48,0.9997201561927795
stacked_lora,siqa,all,15,down_proj,49,0.9998413920402527
stacked_lora,siqa,all,15,down_proj,50,0.9997521042823792
stacked_lora,siqa,all,15,down_proj,51,0.9999544024467468
stacked_lora,siqa,all,15,down_proj,52,0.9999621510505676
stacked_lora,siqa,all,15,down_proj,53,0.9998788237571716
stacked_lora,siqa,all,15,down_proj,54,0.9997240900993347
stacked_lora,siqa,all,15,down_proj,55,0.999771237373352
stacked_lora,siqa,all,15,down_proj,56,0.9999470710754395
stacked_lora,siqa,all,15,down_proj,57,0.9999273419380188
stacked_lora,siqa,all,15,down_proj,58,0.9999324679374695
stacked_lora,siqa,all,15,down_proj,59,0.9999317526817322
stacked_lora,siqa,all,15,down_proj,60,0.9999279379844666
stacked_lora,siqa,all,15,down_proj,61,0.9998456239700317
stacked_lora,siqa,all,15,down_proj,62,0.9996577501296997
stacked_lora,siqa,all,15,down_proj,63,0.9997958540916443
stacked_lora,siqa,all,15,down_proj,64,0.9997594952583313
stacked_lora,siqa,all,15,down_proj,65,0.999509334564209
stacked_lora,siqa,all,15,down_proj,66,0.9993773698806763
stacked_lora,siqa,all,15,down_proj,67,0.9998800158500671
stacked_lora,siqa,all,15,down_proj,68,0.999943196773529
stacked_lora,siqa,all,15,down_proj,69,0.9999237656593323
stacked_lora,siqa,all,15,down_proj,70,0.9999457001686096
stacked_lora,siqa,all,15,down_proj,71,0.9998067021369934
stacked_lora,siqa,all,15,down_proj,72,0.9998353719711304
stacked_lora,siqa,all,15,down_proj,73,0.9998180270195007
stacked_lora,siqa,all,15,down_proj,74,0.999847948551178
stacked_lora,siqa,all,15,down_proj,75,0.9997177720069885
stacked_lora,siqa,all,15,down_proj,76,0.999782919883728
stacked_lora,siqa,all,15,down_proj,77,0.9998840689659119
stacked_lora,siqa,all,15,down_proj,78,0.9998984336853027
stacked_lora,siqa,all,15,down_proj,79,0.9998587369918823
stacked_lora,siqa,all,15,down_proj,80,0.9998157620429993
stacked_lora,siqa,all,15,down_proj,81,0.9998391270637512
stacked_lora,siqa,all,15,down_proj,82,0.9999727010726929
stacked_lora,siqa,all,15,down_proj,83,0.9998661279678345
stacked_lora,siqa,all,15,down_proj,84,0.9998989105224609
stacked_lora,siqa,all,15,down_proj,85,0.999776303768158
stacked_lora,siqa,all,15,down_proj,86,0.9997546076774597
stacked_lora,siqa,all,15,down_proj,87,0.9999098777770996
stacked_lora,siqa,all,15,down_proj,88,0.9999126195907593
stacked_lora,siqa,all,15,down_proj,89,0.999925434589386
stacked_lora,siqa,all,15,down_proj,90,0.9998745918273926
stacked_lora,siqa,all,15,down_proj,91,0.9999243021011353
stacked_lora,siqa,all,15,down_proj,92,0.9999399781227112
stacked_lora,siqa,all,15,down_proj,93,0.9999299645423889
stacked_lora,siqa,all,15,down_proj,94,0.9998840689659119
stacked_lora,siqa,all,15,down_proj,95,0.9979479312896729
stacked_lora,siqa,all,15,down_proj,96,0.9978470206260681
stacked_lora,siqa,all,15,down_proj,97,0.9996873736381531
stacked_lora,siqa,all,15,down_proj,98,0.9998847842216492
stacked_lora,siqa,all,15,down_proj,99,0.9999591112136841
stacked_lora,siqa,all,15,down_proj,100,0.9999288320541382
stacked_lora,siqa,all,15,down_proj,101,0.9999328255653381
stacked_lora,siqa,all,15,down_proj,102,0.999646782875061
stacked_lora,siqa,all,15,down_proj,103,0.9996351003646851
stacked_lora,siqa,all,15,down_proj,104,0.9997928142547607
stacked_lora,siqa,all,15,down_proj,105,0.9994844198226929
stacked_lora,siqa,all,15,down_proj,106,0.9996427893638611
stacked_lora,siqa,all,15,down_proj,107,0.9999305009841919
stacked_lora,siqa,all,15,down_proj,108,0.9998091459274292
stacked_lora,siqa,all,15,down_proj,109,0.9996218085289001
stacked_lora,siqa,all,15,down_proj,110,0.9996698498725891
stacked_lora,siqa,all,15,down_proj,111,0.9997967481613159
stacked_lora,siqa,all,15,down_proj,112,0.9998022317886353
stacked_lora,siqa,all,15,down_proj,113,0.9968887567520142
stacked_lora,siqa,all,15,down_proj,114,0.9968880414962769
stacked_lora,siqa,all,15,down_proj,115,0.9998809099197388
stacked_lora,siqa,all,15,down_proj,116,0.9998590350151062
stacked_lora,siqa,all,15,down_proj,117,0.9998886585235596
stacked_lora,siqa,all,15,down_proj,118,0.9999233484268188
stacked_lora,siqa,all,15,down_proj,119,0.9998232126235962
stacked_lora,siqa,all,15,down_proj,120,0.999768853187561
stacked_lora,siqa,all,15,down_proj,121,0.9998328685760498
stacked_lora,siqa,all,15,down_proj,122,0.9998173713684082
stacked_lora,siqa,all,15,down_proj,123,0.9998887181282043
stacked_lora,siqa,all,15,down_proj,124,0.9998795390129089
stacked_lora,siqa,all,15,down_proj,125,0.9998276829719543
stacked_lora,siqa,all,15,down_proj,126,0.9997257590293884
stacked_lora,siqa,all,15,down_proj,127,0.9995325207710266
stacked_lora,siqa,all,15,down_proj,128,0.9996148943901062
stacked_lora,siqa,all,15,down_proj,129,0.9996042251586914
stacked_lora,siqa,all,15,down_proj,130,0.9995741248130798
stacked_lora,siqa,all,15,down_proj,131,0.9998488426208496
stacked_lora,siqa,all,15,down_proj,132,0.9994885921478271
stacked_lora,siqa,all,15,down_proj,133,0.9994719624519348
stacked_lora,siqa,all,15,down_proj,134,0.9973210096359253
stacked_lora,siqa,all,15,down_proj,135,0.9974167943000793
stacked_lora,siqa,all,15,down_proj,136,0.999514639377594
stacked_lora,siqa,all,15,down_proj,137,0.999861478805542
stacked_lora,siqa,all,15,down_proj,138,0.9999601244926453
stacked_lora,siqa,all,15,down_proj,139,0.9996576309204102
stacked_lora,siqa,all,15,down_proj,140,0.9996172189712524
stacked_lora,siqa,all,15,down_proj,141,0.9998812675476074
stacked_lora,siqa,all,15,down_proj,142,0.9985051155090332
stacked_lora,siqa,all,15,down_proj,143,0.9984064698219299
stacked_lora,siqa,all,15,down_proj,144,0.9999104142189026
stacked_lora,siqa,all,15,down_proj,145,0.9998245239257812
stacked_lora,siqa,all,15,down_proj,146,0.9990130662918091
stacked_lora,siqa,all,15,down_proj,147,0.9989069104194641
stacked_lora,siqa,all,15,down_proj,148,0.9996740221977234
stacked_lora,siqa,all,15,down_proj,149,0.9996721744537354
stacked_lora,siqa,all,15,down_proj,150,0.9992772340774536
stacked_lora,sst2,all,0,q_proj,1,0.9999988675117493
stacked_lora,sst2,all,0,q_proj,2,1.0000015497207642
stacked_lora,sst2,all,0,q_proj,3,1.0000008344650269
stacked_lora,sst2,all,0,q_proj,4,0.9999998211860657
stacked_lora,sst2,all,0,q_proj,5,0.9999996423721313
stacked_lora,sst2,all,0,q_proj,6,0.9999991059303284
stacked_lora,sst2,all,0,q_proj,7,0.9999992251396179
stacked_lora,sst2,all,0,q_proj,8,0.9999998807907104
stacked_lora,sst2,all,0,q_proj,9,0.9999995231628418
stacked_lora,sst2,all,0,q_proj,10,0.9999992251396179
stacked_lora,sst2,all,0,q_proj,11,0.9999998211860657
stacked_lora,sst2,all,0,q_proj,12,0.9999998807907104
stacked_lora,sst2,all,0,q_proj,13,0.9999994039535522
stacked_lora,sst2,all,0,q_proj,14,0.9999986290931702
stacked_lora,sst2,all,0,q_proj,15,0.9999954700469971
stacked_lora,sst2,all,0,q_proj,16,0.9999934434890747
stacked_lora,sst2,all,0,q_proj,17,0.9999991059303284
stacked_lora,sst2,all,0,q_proj,18,0.9999990463256836
stacked_lora,sst2,all,0,q_proj,19,0.9999997019767761
stacked_lora,sst2,all,0,q_proj,20,0.9999992847442627
stacked_lora,sst2,all,0,q_proj,21,0.9999849796295166
stacked_lora,sst2,all,0,q_proj,22,0.999984622001648
stacked_lora,sst2,all,0,q_proj,23,0.9999963641166687
stacked_lora,sst2,all,0,q_proj,24,0.9999910593032837
stacked_lora,sst2,all,0,q_proj,25,0.9999908804893494
stacked_lora,sst2,all,0,q_proj,26,0.9999962449073792
stacked_lora,sst2,all,0,q_proj,27,0.999995768070221
stacked_lora,sst2,all,0,q_proj,28,0.9999937415122986
stacked_lora,sst2,all,0,q_proj,29,0.9999924898147583
stacked_lora,sst2,all,0,q_proj,30,0.9999902844429016
stacked_lora,sst2,all,0,q_proj,31,0.9999951124191284
stacked_lora,sst2,all,0,q_proj,32,0.9999879002571106
stacked_lora,sst2,all,0,q_proj,33,0.9999896883964539
stacked_lora,sst2,all,0,q_proj,34,0.9999977350234985
stacked_lora,sst2,all,0,q_proj,35,0.9999962449073792
stacked_lora,sst2,all,0,q_proj,36,0.9999905824661255
stacked_lora,sst2,all,0,q_proj,37,0.9999883770942688
stacked_lora,sst2,all,0,q_proj,38,0.999988853931427
stacked_lora,sst2,all,0,q_proj,39,0.9999898672103882
stacked_lora,sst2,all,0,q_proj,40,0.9999902248382568
stacked_lora,sst2,all,0,q_proj,41,0.9999914765357971
stacked_lora,sst2,all,0,q_proj,42,0.9999909996986389
stacked_lora,sst2,all,0,q_proj,43,0.9999850988388062
stacked_lora,sst2,all,0,q_proj,44,0.9999948143959045
stacked_lora,sst2,all,0,q_proj,45,0.9999900460243225
stacked_lora,sst2,all,0,q_proj,46,0.9999902248382568
stacked_lora,sst2,all,0,q_proj,47,0.9999896883964539
stacked_lora,sst2,all,0,q_proj,48,0.9999921321868896
stacked_lora,sst2,all,0,q_proj,49,0.9999833106994629
stacked_lora,sst2,all,0,q_proj,50,0.9999800324440002
stacked_lora,sst2,all,0,q_proj,51,0.9999696016311646
stacked_lora,sst2,all,0,q_proj,52,0.9999876618385315
stacked_lora,sst2,all,0,q_proj,53,0.999992847442627
stacked_lora,sst2,all,0,q_proj,54,0.9999859929084778
stacked_lora,sst2,all,0,q_proj,55,0.9999863505363464
stacked_lora,sst2,all,0,q_proj,56,0.9999793171882629
stacked_lora,sst2,all,0,q_proj,57,0.9999096989631653
stacked_lora,sst2,all,0,q_proj,58,0.9999292492866516
stacked_lora,sst2,all,0,q_proj,59,0.9999728798866272
stacked_lora,sst2,all,0,q_proj,60,0.9999788999557495
stacked_lora,sst2,all,0,q_proj,61,0.9999945163726807
stacked_lora,sst2,all,0,q_proj,62,0.9999281167984009
stacked_lora,sst2,all,0,q_proj,63,0.9999229311943054
stacked_lora,sst2,all,0,q_proj,64,0.9999536871910095
stacked_lora,sst2,all,0,q_proj,65,0.9999128580093384
stacked_lora,sst2,all,0,q_proj,66,0.999944806098938
stacked_lora,sst2,all,0,q_proj,67,0.9997673630714417
stacked_lora,sst2,all,0,q_proj,68,0.9997400045394897
stacked_lora,sst2,all,0,q_proj,69,0.999966561794281
stacked_lora,sst2,all,0,q_proj,70,0.9999873042106628
stacked_lora,sst2,all,0,q_proj,71,0.999930202960968
stacked_lora,sst2,all,0,q_proj,72,0.999932587146759
stacked_lora,sst2,all,0,q_proj,73,0.9999057054519653
stacked_lora,sst2,all,0,q_proj,74,0.9999037384986877
stacked_lora,sst2,all,0,q_proj,75,0.9999268651008606
stacked_lora,sst2,all,0,q_proj,76,0.9999657273292542
stacked_lora,sst2,all,0,q_proj,77,0.999956488609314
stacked_lora,sst2,all,0,q_proj,78,0.9999777674674988
stacked_lora,sst2,all,0,q_proj,79,0.9999867081642151
stacked_lora,sst2,all,0,q_proj,80,0.9996946454048157
stacked_lora,sst2,all,0,q_proj,81,0.9996770024299622
stacked_lora,sst2,all,0,q_proj,82,0.9999633431434631
stacked_lora,sst2,all,0,q_proj,83,0.9999849200248718
stacked_lora,sst2,all,0,q_proj,84,0.999983549118042
stacked_lora,sst2,all,0,q_proj,85,0.9999366402626038
stacked_lora,sst2,all,0,q_proj,86,0.9999340772628784
stacked_lora,sst2,all,0,q_proj,87,0.9999716877937317
stacked_lora,sst2,all,0,q_proj,88,0.9975395202636719
stacked_lora,sst2,all,0,q_proj,89,0.9975123405456543
stacked_lora,sst2,all,0,q_proj,90,0.999943733215332
stacked_lora,sst2,all,0,q_proj,91,0.9999272227287292
stacked_lora,sst2,all,0,q_proj,92,0.9998338222503662
stacked_lora,sst2,all,0,q_proj,93,0.9997695684432983
stacked_lora,sst2,all,0,q_proj,94,0.9998757839202881
stacked_lora,sst2,all,0,q_proj,95,0.9999246001243591
stacked_lora,sst2,all,0,q_proj,96,0.9999486207962036
stacked_lora,sst2,all,0,q_proj,97,0.999976634979248
stacked_lora,sst2,all,0,q_proj,98,0.9999707937240601
stacked_lora,sst2,all,0,q_proj,99,0.9999330043792725
stacked_lora,sst2,all,0,q_proj,100,0.999605119228363
stacked_lora,sst2,all,0,q_proj,101,0.999549925327301
stacked_lora,sst2,all,0,q_proj,102,0.9999634027481079
stacked_lora,sst2,all,0,q_proj,103,0.9999296069145203
stacked_lora,sst2,all,0,q_proj,104,0.9999184608459473
stacked_lora,sst2,all,0,q_proj,105,0.9999287724494934
stacked_lora,sst2,all,0,q_proj,106,0.9999504089355469
stacked_lora,sst2,all,0,q_proj,107,0.9999502301216125
stacked_lora,sst2,all,0,q_proj,108,0.9999566674232483
stacked_lora,sst2,all,0,q_proj,109,0.9999455809593201
stacked_lora,sst2,all,0,q_proj,110,0.9999619722366333
stacked_lora,sst2,all,0,q_proj,111,0.9999157190322876
stacked_lora,sst2,all,0,q_proj,112,0.9999308586120605
stacked_lora,sst2,all,0,q_proj,113,0.9758241176605225
stacked_lora,sst2,all,0,q_proj,114,0.9756235480308533
stacked_lora,sst2,all,0,q_proj,115,0.9997479915618896
stacked_lora,sst2,all,0,q_proj,116,0.9995467066764832
stacked_lora,sst2,all,0,q_proj,117,0.9995124936103821
stacked_lora,sst2,all,0,q_proj,118,0.9997738003730774
stacked_lora,sst2,all,0,q_proj,119,0.999758243560791
stacked_lora,sst2,all,0,q_proj,120,0.9999083280563354
stacked_lora,sst2,all,0,q_proj,121,0.9998534321784973
stacked_lora,sst2,all,0,q_proj,122,0.9999095797538757
stacked_lora,sst2,all,0,q_proj,123,0.9997674822807312
stacked_lora,sst2,all,0,q_proj,124,0.999920129776001
stacked_lora,sst2,all,0,q_proj,125,0.9998292326927185
stacked_lora,sst2,all,0,q_proj,126,0.9997759461402893
stacked_lora,sst2,all,0,q_proj,127,0.9998895525932312
stacked_lora,sst2,all,0,q_proj,128,0.9974584579467773
stacked_lora,sst2,all,0,q_proj,129,0.9975011944770813
stacked_lora,sst2,all,0,q_proj,130,0.9999328851699829
stacked_lora,sst2,all,0,q_proj,131,0.9999127984046936
stacked_lora,sst2,all,0,q_proj,132,0.9998570084571838
stacked_lora,sst2,all,0,q_proj,133,0.999847948551178
stacked_lora,sst2,all,0,q_proj,134,0.9997775554656982
stacked_lora,sst2,all,0,q_proj,135,0.9992144703865051
stacked_lora,sst2,all,0,q_proj,136,0.9992360472679138
stacked_lora,sst2,all,0,q_proj,137,0.9997434020042419
stacked_lora,sst2,all,0,q_proj,138,0.9996100664138794
stacked_lora,sst2,all,0,q_proj,139,0.9997407793998718
stacked_lora,sst2,all,0,q_proj,140,0.9998824596405029
stacked_lora,sst2,all,0,q_proj,141,0.9998746514320374
stacked_lora,sst2,all,0,q_proj,142,0.9999650120735168
stacked_lora,sst2,all,0,q_proj,143,0.9998774528503418
stacked_lora,sst2,all,0,q_proj,144,0.9998303651809692
stacked_lora,sst2,all,0,q_proj,145,0.9979608058929443
stacked_lora,sst2,all,0,q_proj,146,0.9978477954864502
stacked_lora,sst2,all,0,q_proj,147,0.9998132586479187
stacked_lora,sst2,all,0,q_proj,148,0.9997579455375671
stacked_lora,sst2,all,0,q_proj,149,0.999692440032959
stacked_lora,sst2,all,0,q_proj,150,0.9997143149375916
stacked_lora,sst2,all,0,v_proj,1,0.9999866485595703
stacked_lora,sst2,all,0,v_proj,2,0.9999735355377197
stacked_lora,sst2,all,0,v_proj,3,0.9999474287033081
stacked_lora,sst2,all,0,v_proj,4,0.9999452829360962
stacked_lora,sst2,all,0,v_proj,5,0.9999495148658752
stacked_lora,sst2,all,0,v_proj,6,0.9998285174369812
stacked_lora,sst2,all,0,v_proj,7,0.9998395442962646
stacked_lora,sst2,all,0,v_proj,8,0.9998149871826172
stacked_lora,sst2,all,0,v_proj,9,0.9998928308486938
stacked_lora,sst2,all,0,v_proj,10,0.9997011423110962
stacked_lora,sst2,all,0,v_proj,11,0.9996931552886963
stacked_lora,sst2,all,0,v_proj,12,0.999559223651886
stacked_lora,sst2,all,0,v_proj,13,0.9996200799942017
stacked_lora,sst2,all,0,v_proj,14,0.9997045993804932
stacked_lora,sst2,all,0,v_proj,15,0.9996986985206604
stacked_lora,sst2,all,0,v_proj,16,0.9997082948684692
stacked_lora,sst2,all,0,v_proj,17,0.9989513158798218
stacked_lora,sst2,all,0,v_proj,18,0.9991199970245361
stacked_lora,sst2,all,0,v_proj,19,0.9990880489349365
stacked_lora,sst2,all,0,v_proj,20,0.9993125200271606
stacked_lora,sst2,all,0,v_proj,21,0.9996327757835388
stacked_lora,sst2,all,0,v_proj,22,0.9993400573730469
stacked_lora,sst2,all,0,v_proj,23,0.9989304542541504
stacked_lora,sst2,all,0,v_proj,24,0.9975776672363281
stacked_lora,sst2,all,0,v_proj,25,0.998883843421936
stacked_lora,sst2,all,0,v_proj,26,0.9975208044052124
stacked_lora,sst2,all,0,v_proj,27,0.9996227622032166
stacked_lora,sst2,all,0,v_proj,28,0.998832643032074
stacked_lora,sst2,all,0,v_proj,29,0.9984703660011292
stacked_lora,sst2,all,0,v_proj,30,0.9977195262908936
stacked_lora,sst2,all,0,v_proj,31,0.9964418411254883
stacked_lora,sst2,all,0,v_proj,32,0.994712233543396
stacked_lora,sst2,all,0,v_proj,33,0.9952269196510315
stacked_lora,sst2,all,0,v_proj,34,0.9962174296379089
stacked_lora,sst2,all,0,v_proj,35,0.996816098690033
stacked_lora,sst2,all,0,v_proj,36,0.9979242086410522
stacked_lora,sst2,all,0,v_proj,37,0.9981919527053833
stacked_lora,sst2,all,0,v_proj,38,0.9951270818710327
stacked_lora,sst2,all,0,v_proj,39,0.9963803291320801
stacked_lora,sst2,all,0,v_proj,40,0.9914472699165344
stacked_lora,sst2,all,0,v_proj,41,0.9786698222160339
stacked_lora,sst2,all,0,v_proj,42,0.9845264554023743
stacked_lora,sst2,all,0,v_proj,43,0.9864939451217651
stacked_lora,sst2,all,0,v_proj,44,0.9865769743919373
stacked_lora,sst2,all,0,v_proj,45,0.996571958065033
stacked_lora,sst2,all,0,v_proj,46,0.9981065988540649
stacked_lora,sst2,all,0,v_proj,47,0.9979179501533508
stacked_lora,sst2,all,0,v_proj,48,0.9970920085906982
stacked_lora,sst2,all,0,v_proj,49,0.9976726770401001
stacked_lora,sst2,all,0,v_proj,50,0.9984878897666931
stacked_lora,sst2,all,0,v_proj,51,0.99815833568573
stacked_lora,sst2,all,0,v_proj,52,0.9987937211990356
stacked_lora,sst2,all,0,v_proj,53,0.9984656572341919
stacked_lora,sst2,all,0,v_proj,54,0.9971829652786255
stacked_lora,sst2,all,0,v_proj,55,0.9945058226585388
stacked_lora,sst2,all,0,v_proj,56,0.9940990805625916
stacked_lora,sst2,all,0,v_proj,57,0.9964861869812012
stacked_lora,sst2,all,0,v_proj,58,0.969821035861969
stacked_lora,sst2,all,0,v_proj,59,0.9717137217521667
stacked_lora,sst2,all,0,v_proj,60,0.9924392700195312
stacked_lora,sst2,all,0,v_proj,61,0.991331934928894
stacked_lora,sst2,all,0,v_proj,62,0.9963968992233276
stacked_lora,sst2,all,0,v_proj,63,0.9964123964309692
stacked_lora,sst2,all,0,v_proj,64,0.9977090358734131
stacked_lora,sst2,all,0,v_proj,65,0.9993489980697632
stacked_lora,sst2,all,0,v_proj,66,0.9931545257568359
stacked_lora,sst2,all,0,v_proj,67,0.9941052794456482
stacked_lora,sst2,all,0,v_proj,68,0.9993041753768921
stacked_lora,sst2,all,0,v_proj,69,0.9988314509391785
stacked_lora,sst2,all,0,v_proj,70,0.9972179532051086
stacked_lora,sst2,all,0,v_proj,71,0.9966350793838501
stacked_lora,sst2,all,0,v_proj,72,0.9971599578857422
stacked_lora,sst2,all,0,v_proj,73,0.9958314895629883
stacked_lora,sst2,all,0,v_proj,74,0.9966433048248291
stacked_lora,sst2,all,0,v_proj,75,0.995884895324707
stacked_lora,sst2,all,0,v_proj,76,0.9949548244476318
stacked_lora,sst2,all,0,v_proj,77,0.995147705078125
stacked_lora,sst2,all,0,v_proj,78,0.9970030784606934
stacked_lora,sst2,all,0,v_proj,79,0.9693229794502258
stacked_lora,sst2,all,0,v_proj,80,0.9705444574356079
stacked_lora,sst2,all,0,v_proj,81,0.9947079420089722
stacked_lora,sst2,all,0,v_proj,82,0.9956125020980835
stacked_lora,sst2,all,0,v_proj,83,0.9969890117645264
stacked_lora,sst2,all,0,v_proj,84,0.9957776069641113
stacked_lora,sst2,all,0,v_proj,85,0.9822969436645508
stacked_lora,sst2,all,0,v_proj,86,0.9849573373794556
stacked_lora,sst2,all,0,v_proj,87,0.9973656535148621
stacked_lora,sst2,all,0,v_proj,88,0.9965866804122925
stacked_lora,sst2,all,0,v_proj,89,0.9960485696792603
stacked_lora,sst2,all,0,v_proj,90,0.9983432292938232
stacked_lora,sst2,all,0,v_proj,91,0.9948533773422241
stacked_lora,sst2,all,0,v_proj,92,0.9919376373291016
stacked_lora,sst2,all,0,v_proj,93,0.9912464618682861
stacked_lora,sst2,all,0,v_proj,94,0.9866651296615601
stacked_lora,sst2,all,0,v_proj,95,0.9854152798652649
stacked_lora,sst2,all,0,v_proj,96,0.9958378076553345
stacked_lora,sst2,all,0,v_proj,97,0.9965466260910034
stacked_lora,sst2,all,0,v_proj,98,0.9984073042869568
stacked_lora,sst2,all,0,v_proj,99,0.9974820613861084
stacked_lora,sst2,all,0,v_proj,100,0.9974830746650696
stacked_lora,sst2,all,0,v_proj,101,0.9943026304244995
stacked_lora,sst2,all,0,v_proj,102,0.9881232976913452
stacked_lora,sst2,all,0,v_proj,103,0.9850929975509644
stacked_lora,sst2,all,0,v_proj,104,0.9901782274246216
stacked_lora,sst2,all,0,v_proj,105,0.998481273651123
stacked_lora,sst2,all,0,v_proj,106,0.9907560348510742
stacked_lora,sst2,all,0,v_proj,107,0.9853259921073914
stacked_lora,sst2,all,0,v_proj,108,0.9947217702865601
stacked_lora,sst2,all,0,v_proj,109,0.997740626335144
stacked_lora,sst2,all,0,v_proj,110,0.9307994246482849
stacked_lora,sst2,all,0,v_proj,111,0.933579683303833
stacked_lora,sst2,all,0,v_proj,112,0.9977753162384033
stacked_lora,sst2,all,0,v_proj,113,0.9982141256332397
stacked_lora,sst2,all,0,v_proj,114,0.9964292049407959
stacked_lora,sst2,all,0,v_proj,115,0.9956600666046143
stacked_lora,sst2,all,0,v_proj,116,0.99424147605896
stacked_lora,sst2,all,0,v_proj,117,0.9329074621200562
stacked_lora,sst2,all,0,v_proj,118,0.9280818700790405
stacked_lora,sst2,all,0,v_proj,119,0.9912750720977783
stacked_lora,sst2,all,0,v_proj,120,0.9902580976486206
stacked_lora,sst2,all,0,v_proj,121,0.966638445854187
stacked_lora,sst2,all,0,v_proj,122,0.9664300680160522
stacked_lora,sst2,all,0,v_proj,123,0.989641547203064
stacked_lora,sst2,all,0,v_proj,124,0.9846000671386719
stacked_lora,sst2,all,0,v_proj,125,0.9702857732772827
stacked_lora,sst2,all,0,v_proj,126,0.992809534072876
stacked_lora,sst2,all,0,v_proj,127,0.9946378469467163
stacked_lora,sst2,all,0,v_proj,128,0.9944919347763062
stacked_lora,sst2,all,0,v_proj,129,0.9897410869598389
stacked_lora,sst2,all,0,v_proj,130,0.993390679359436
stacked_lora,sst2,all,0,v_proj,131,0.9970914721488953
stacked_lora,sst2,all,0,v_proj,132,0.9963140487670898
stacked_lora,sst2,all,0,v_proj,133,0.9954473972320557
stacked_lora,sst2,all,0,v_proj,134,0.992460310459137
stacked_lora,sst2,all,0,v_proj,135,0.9982516169548035
stacked_lora,sst2,all,0,v_proj,136,0.9989104270935059
stacked_lora,sst2,all,0,v_proj,137,0.9981611371040344
stacked_lora,sst2,all,0,v_proj,138,0.9814732670783997
stacked_lora,sst2,all,0,v_proj,139,0.9798538684844971
stacked_lora,sst2,all,0,v_proj,140,0.997926652431488
stacked_lora,sst2,all,0,v_proj,141,0.9981878399848938
stacked_lora,sst2,all,0,v_proj,142,0.9973390698432922
stacked_lora,sst2,all,0,v_proj,143,0.9963458776473999
stacked_lora,sst2,all,0,v_proj,144,0.997657835483551
stacked_lora,sst2,all,0,v_proj,145,0.996394157409668
stacked_lora,sst2,all,0,v_proj,146,0.9951373338699341
stacked_lora,sst2,all,0,v_proj,147,0.9880515336990356
stacked_lora,sst2,all,0,v_proj,148,0.9895433783531189
stacked_lora,sst2,all,0,v_proj,149,0.9969213008880615
stacked_lora,sst2,all,0,v_proj,150,0.9906701445579529
stacked_lora,sst2,all,0,up_proj,1,0.9999979138374329
stacked_lora,sst2,all,0,up_proj,2,0.999995231628418
stacked_lora,sst2,all,0,up_proj,3,0.999994158744812
stacked_lora,sst2,all,0,up_proj,4,0.9999918937683105
stacked_lora,sst2,all,0,up_proj,5,0.9999911189079285
stacked_lora,sst2,all,0,up_proj,6,0.9998742938041687
stacked_lora,sst2,all,0,up_proj,7,0.9998687505722046
stacked_lora,sst2,all,0,up_proj,8,0.9999760985374451
stacked_lora,sst2,all,0,up_proj,9,0.9999497532844543
stacked_lora,sst2,all,0,up_proj,10,0.9999415278434753
stacked_lora,sst2,all,0,up_proj,11,0.9999456405639648
stacked_lora,sst2,all,0,up_proj,12,0.9999480247497559
stacked_lora,sst2,all,0,up_proj,13,0.9999014735221863
stacked_lora,sst2,all,0,up_proj,14,0.9998514652252197
stacked_lora,sst2,all,0,up_proj,15,0.9999169111251831
stacked_lora,sst2,all,0,up_proj,16,0.9999571442604065
stacked_lora,sst2,all,0,up_proj,17,0.9999009966850281
stacked_lora,sst2,all,0,up_proj,18,0.9999216794967651
stacked_lora,sst2,all,0,up_proj,19,0.9999784827232361
stacked_lora,sst2,all,0,up_proj,20,0.9999738931655884
stacked_lora,sst2,all,0,up_proj,21,0.9998993277549744
stacked_lora,sst2,all,0,up_proj,22,0.9999069571495056
stacked_lora,sst2,all,0,up_proj,23,0.9999693632125854
stacked_lora,sst2,all,0,up_proj,24,0.9999456405639648
stacked_lora,sst2,all,0,up_proj,25,0.99996018409729
stacked_lora,sst2,all,0,up_proj,26,0.9996529221534729
stacked_lora,sst2,all,0,up_proj,27,0.999487578868866
stacked_lora,sst2,all,0,up_proj,28,0.99979168176651
stacked_lora,sst2,all,0,up_proj,29,0.9999529123306274
stacked_lora,sst2,all,0,up_proj,30,0.9999614953994751
stacked_lora,sst2,all,0,up_proj,31,0.9998322129249573
stacked_lora,sst2,all,0,up_proj,32,0.9998593330383301
stacked_lora,sst2,all,0,up_proj,33,0.9998960494995117
stacked_lora,sst2,all,0,up_proj,34,0.9999749064445496
stacked_lora,sst2,all,0,up_proj,35,0.999951183795929
stacked_lora,sst2,all,0,up_proj,36,0.9999324083328247
stacked_lora,sst2,all,0,up_proj,37,0.9999248385429382
stacked_lora,sst2,all,0,up_proj,38,0.9998388886451721
stacked_lora,sst2,all,0,up_proj,39,0.999875545501709
stacked_lora,sst2,all,0,up_proj,40,0.9998474717140198
stacked_lora,sst2,all,0,up_proj,41,0.9998195171356201
stacked_lora,sst2,all,0,up_proj,42,0.9999076724052429
stacked_lora,sst2,all,0,up_proj,43,0.9998416900634766
stacked_lora,sst2,all,0,up_proj,44,0.9999277591705322
stacked_lora,sst2,all,0,up_proj,45,0.9998893737792969
stacked_lora,sst2,all,0,up_proj,46,0.9999189376831055
stacked_lora,sst2,all,0,up_proj,47,0.9998746514320374
stacked_lora,sst2,all,0,up_proj,48,0.9991965293884277
stacked_lora,sst2,all,0,up_proj,49,0.9997437596321106
stacked_lora,sst2,all,0,up_proj,50,0.9992564916610718
stacked_lora,sst2,all,0,up_proj,51,0.9999117255210876
stacked_lora,sst2,all,0,up_proj,52,0.9999125599861145
stacked_lora,sst2,all,0,up_proj,53,0.9998975992202759
stacked_lora,sst2,all,0,up_proj,54,0.9959129095077515
stacked_lora,sst2,all,0,up_proj,55,0.9959341287612915
stacked_lora,sst2,all,0,up_proj,56,0.9994781017303467
stacked_lora,sst2,all,0,up_proj,57,0.9995300769805908
stacked_lora,sst2,all,0,up_proj,58,0.9985854029655457
stacked_lora,sst2,all,0,up_proj,59,0.9986140727996826
stacked_lora,sst2,all,0,up_proj,60,0.9994494915008545
stacked_lora,sst2,all,0,up_proj,61,0.9995644688606262
stacked_lora,sst2,all,0,up_proj,62,0.9996753931045532
stacked_lora,sst2,all,0,up_proj,63,0.9995436668395996
stacked_lora,sst2,all,0,up_proj,64,0.9989668726921082
stacked_lora,sst2,all,0,up_proj,65,0.9989333152770996
stacked_lora,sst2,all,0,up_proj,66,0.9987008571624756
stacked_lora,sst2,all,0,up_proj,67,0.9987443089485168
stacked_lora,sst2,all,0,up_proj,68,0.9974168539047241
stacked_lora,sst2,all,0,up_proj,69,0.9896483421325684
stacked_lora,sst2,all,0,up_proj,70,0.990710973739624
stacked_lora,sst2,all,0,up_proj,71,0.9972253441810608
stacked_lora,sst2,all,0,up_proj,72,0.998981773853302
stacked_lora,sst2,all,0,up_proj,73,0.9993954300880432
stacked_lora,sst2,all,0,up_proj,74,0.9988541007041931
stacked_lora,sst2,all,0,up_proj,75,0.9990900754928589
stacked_lora,sst2,all,0,up_proj,76,0.9977516531944275
stacked_lora,sst2,all,0,up_proj,77,0.9977007508277893
stacked_lora,sst2,all,0,up_proj,78,0.9917920827865601
stacked_lora,sst2,all,0,up_proj,79,0.991516649723053
stacked_lora,sst2,all,0,up_proj,80,0.999494731426239
stacked_lora,sst2,all,0,up_proj,81,0.9993555545806885
stacked_lora,sst2,all,0,up_proj,82,0.9990170001983643
stacked_lora,sst2,all,0,up_proj,83,0.9993652701377869
stacked_lora,sst2,all,0,up_proj,84,0.9987438321113586
stacked_lora,sst2,all,0,up_proj,85,0.9961065649986267
stacked_lora,sst2,all,0,up_proj,86,0.995786726474762
stacked_lora,sst2,all,0,up_proj,87,0.9921770095825195
stacked_lora,sst2,all,0,up_proj,88,0.9991992115974426
stacked_lora,sst2,all,0,up_proj,89,0.9970675706863403
stacked_lora,sst2,all,0,up_proj,90,0.9982084631919861
stacked_lora,sst2,all,0,up_proj,91,0.9382033348083496
stacked_lora,sst2,all,0,up_proj,92,0.93617182970047
stacked_lora,sst2,all,0,up_proj,93,0.9908419847488403
stacked_lora,sst2,all,0,up_proj,94,0.9996665120124817
stacked_lora,sst2,all,0,up_proj,95,0.9991616010665894
stacked_lora,sst2,all,0,up_proj,96,0.9984295964241028
stacked_lora,sst2,all,0,up_proj,97,0.9942612051963806
stacked_lora,sst2,all,0,up_proj,98,0.9935302734375
stacked_lora,sst2,all,0,up_proj,99,0.998327374458313
stacked_lora,sst2,all,0,up_proj,100,0.9975300431251526
stacked_lora,sst2,all,0,up_proj,101,0.9974104166030884
stacked_lora,sst2,all,0,up_proj,102,0.9993573427200317
stacked_lora,sst2,all,0,up_proj,103,0.9981605410575867
stacked_lora,sst2,all,0,up_proj,104,0.9970629215240479
stacked_lora,sst2,all,0,up_proj,105,0.995273232460022
stacked_lora,sst2,all,0,up_proj,106,0.997775673866272
stacked_lora,sst2,all,0,up_proj,107,0.9991272687911987
stacked_lora,sst2,all,0,up_proj,108,0.9973927140235901
stacked_lora,sst2,all,0,up_proj,109,0.9968360066413879
stacked_lora,sst2,all,0,up_proj,110,0.997518002986908
stacked_lora,sst2,all,0,up_proj,111,0.9966235160827637
stacked_lora,sst2,all,0,up_proj,112,0.9948076009750366
stacked_lora,sst2,all,0,up_proj,113,0.9949018955230713
stacked_lora,sst2,all,0,up_proj,114,0.9972968697547913
stacked_lora,sst2,all,0,up_proj,115,0.9922401309013367
stacked_lora,sst2,all,0,up_proj,116,0.9955630898475647
stacked_lora,sst2,all,0,up_proj,117,0.9931979775428772
stacked_lora,sst2,all,0,up_proj,118,0.995291531085968
stacked_lora,sst2,all,0,up_proj,119,0.9929764270782471
stacked_lora,sst2,all,0,up_proj,120,0.990877628326416
stacked_lora,sst2,all,0,up_proj,121,0.998174786567688
stacked_lora,sst2,all,0,up_proj,122,0.9990042448043823
stacked_lora,sst2,all,0,up_proj,123,0.99863201379776
stacked_lora,sst2,all,0,up_proj,124,0.998081386089325
stacked_lora,sst2,all,0,up_proj,125,0.9979362487792969
stacked_lora,sst2,all,0,up_proj,126,0.9965019226074219
stacked_lora,sst2,all,0,up_proj,127,0.9909901022911072
stacked_lora,sst2,all,0,up_proj,128,0.9925037026405334
stacked_lora,sst2,all,0,up_proj,129,0.9969373941421509
stacked_lora,sst2,all,0,up_proj,130,0.9985784292221069
stacked_lora,sst2,all,0,up_proj,131,0.9982821345329285
stacked_lora,sst2,all,0,up_proj,132,0.9974877238273621
stacked_lora,sst2,all,0,up_proj,133,0.9989184737205505
stacked_lora,sst2,all,0,up_proj,134,0.9950075745582581
stacked_lora,sst2,all,0,up_proj,135,0.9908725023269653
stacked_lora,sst2,all,0,up_proj,136,0.9931790232658386
stacked_lora,sst2,all,0,up_proj,137,0.9975394606590271
stacked_lora,sst2,all,0,up_proj,138,0.9973908066749573
stacked_lora,sst2,all,0,up_proj,139,0.9963877201080322
stacked_lora,sst2,all,0,up_proj,140,0.9959878921508789
stacked_lora,sst2,all,0,up_proj,141,0.9969324469566345
stacked_lora,sst2,all,0,up_proj,142,0.99701327085495
stacked_lora,sst2,all,0,up_proj,143,0.9974700808525085
stacked_lora,sst2,all,0,up_proj,144,0.8834484219551086
stacked_lora,sst2,all,0,up_proj,145,0.8840185403823853
stacked_lora,sst2,all,0,up_proj,146,0.9978164434432983
stacked_lora,sst2,all,0,up_proj,147,0.9872119426727295
stacked_lora,sst2,all,0,up_proj,148,0.9838016033172607
stacked_lora,sst2,all,0,up_proj,149,0.9841419458389282
stacked_lora,sst2,all,0,up_proj,150,0.9836820960044861
stacked_lora,sst2,all,0,down_proj,1,0.9999999403953552
stacked_lora,sst2,all,0,down_proj,2,0.9999994039535522
stacked_lora,sst2,all,0,down_proj,3,0.9999996423721313
stacked_lora,sst2,all,0,down_proj,4,0.9999989867210388
stacked_lora,sst2,all,0,down_proj,5,0.999998152256012
stacked_lora,sst2,all,0,down_proj,6,0.9999926090240479
stacked_lora,sst2,all,0,down_proj,7,0.9999910593032837
stacked_lora,sst2,all,0,down_proj,8,0.9999982118606567
stacked_lora,sst2,all,0,down_proj,9,0.9999951720237732
stacked_lora,sst2,all,0,down_proj,10,0.9999947547912598
stacked_lora,sst2,all,0,down_proj,11,0.9999969601631165
stacked_lora,sst2,all,0,down_proj,12,0.9999854564666748
stacked_lora,sst2,all,0,down_proj,13,0.9999898076057434
stacked_lora,sst2,all,0,down_proj,14,0.9999954104423523
stacked_lora,sst2,all,0,down_proj,15,0.9999933242797852
stacked_lora,sst2,all,0,down_proj,16,0.999992847442627
stacked_lora,sst2,all,0,down_proj,17,0.999963641166687
stacked_lora,sst2,all,0,down_proj,18,0.9999710917472839
stacked_lora,sst2,all,0,down_proj,19,0.9999887943267822
stacked_lora,sst2,all,0,down_proj,20,0.9169628024101257
stacked_lora,sst2,all,0,down_proj,21,0.9169424176216125
stacked_lora,sst2,all,0,down_proj,22,0.9996147751808167
stacked_lora,sst2,all,0,down_proj,23,0.9996237754821777
stacked_lora,sst2,all,0,down_proj,24,0.9999787211418152
stacked_lora,sst2,all,0,down_proj,25,0.9999628663063049
stacked_lora,sst2,all,0,down_proj,26,0.9999613165855408
stacked_lora,sst2,all,0,down_proj,27,0.999813973903656
stacked_lora,sst2,all,0,down_proj,28,0.9998064041137695
stacked_lora,sst2,all,0,down_proj,29,0.9999319314956665
stacked_lora,sst2,all,0,down_proj,30,0.9999754428863525
stacked_lora,sst2,all,0,down_proj,31,0.9999569654464722
stacked_lora,sst2,all,0,down_proj,32,0.9999367594718933
stacked_lora,sst2,all,0,down_proj,33,0.9997171759605408
stacked_lora,sst2,all,0,down_proj,34,0.9997404217720032
stacked_lora,sst2,all,0,down_proj,35,0.9999861121177673
stacked_lora,sst2,all,0,down_proj,36,0.9997978806495667
stacked_lora,sst2,all,0,down_proj,37,0.9997586011886597
stacked_lora,sst2,all,0,down_proj,38,0.9998996257781982
stacked_lora,sst2,all,0,down_proj,39,0.9999227523803711
stacked_lora,sst2,all,0,down_proj,40,0.9995512962341309
stacked_lora,sst2,all,0,down_proj,41,0.9995742440223694
stacked_lora,sst2,all,0,down_proj,42,0.9998749494552612
stacked_lora,sst2,all,0,down_proj,43,0.9999105930328369
stacked_lora,sst2,all,0,down_proj,44,0.9997071027755737
stacked_lora,sst2,all,0,down_proj,45,0.9997124075889587
stacked_lora,sst2,all,0,down_proj,46,0.9998957514762878
stacked_lora,sst2,all,0,down_proj,47,0.999631404876709
stacked_lora,sst2,all,0,down_proj,48,0.9996575713157654
stacked_lora,sst2,all,0,down_proj,49,0.9999525547027588
stacked_lora,sst2,all,0,down_proj,50,0.9974657297134399
stacked_lora,sst2,all,0,down_proj,51,0.9974886178970337
stacked_lora,sst2,all,0,down_proj,52,0.9998878836631775
stacked_lora,sst2,all,0,down_proj,53,0.9999688863754272
stacked_lora,sst2,all,0,down_proj,54,0.9999614357948303
stacked_lora,sst2,all,0,down_proj,55,0.999910295009613
stacked_lora,sst2,all,0,down_proj,56,0.9998594522476196
stacked_lora,sst2,all,0,down_proj,57,0.9993709325790405
stacked_lora,sst2,all,0,down_proj,58,0.9917094707489014
stacked_lora,sst2,all,0,down_proj,59,0.99226313829422
stacked_lora,sst2,all,0,down_proj,60,0.9993170499801636
stacked_lora,sst2,all,0,down_proj,61,0.9996234178543091
stacked_lora,sst2,all,0,down_proj,62,0.9997601509094238
stacked_lora,sst2,all,0,down_proj,63,0.9996923804283142
stacked_lora,sst2,all,0,down_proj,64,0.9999473094940186
stacked_lora,sst2,all,0,down_proj,65,0.9995028972625732
stacked_lora,sst2,all,0,down_proj,66,0.9995955228805542
stacked_lora,sst2,all,0,down_proj,67,0.99970543384552
stacked_lora,sst2,all,0,down_proj,68,0.9994204044342041
stacked_lora,sst2,all,0,down_proj,69,0.9996916651725769
stacked_lora,sst2,all,0,down_proj,70,0.999609649181366
stacked_lora,sst2,all,0,down_proj,71,0.9998944401741028
stacked_lora,sst2,all,0,down_proj,72,0.999770998954773
stacked_lora,sst2,all,0,down_proj,73,0.9992959499359131
stacked_lora,sst2,all,0,down_proj,74,0.9994853138923645
stacked_lora,sst2,all,0,down_proj,75,0.9998021125793457
stacked_lora,sst2,all,0,down_proj,76,0.9995822310447693
stacked_lora,sst2,all,0,down_proj,77,0.9995099902153015
stacked_lora,sst2,all,0,down_proj,78,0.9993142485618591
stacked_lora,sst2,all,0,down_proj,79,0.9987269043922424
stacked_lora,sst2,all,0,down_proj,80,0.9988608360290527
stacked_lora,sst2,all,0,down_proj,81,0.9988943338394165
stacked_lora,sst2,all,0,down_proj,82,0.9990620613098145
stacked_lora,sst2,all,0,down_proj,83,0.9993329048156738
stacked_lora,sst2,all,0,down_proj,84,0.9996045827865601
stacked_lora,sst2,all,0,down_proj,85,0.9979335069656372
stacked_lora,sst2,all,0,down_proj,86,0.9979286193847656
stacked_lora,sst2,all,0,down_proj,87,0.9994135499000549
stacked_lora,sst2,all,0,down_proj,88,0.9998531937599182
stacked_lora,sst2,all,0,down_proj,89,0.9997314214706421
stacked_lora,sst2,all,0,down_proj,90,0.9965493083000183
stacked_lora,sst2,all,0,down_proj,91,0.9913087487220764
stacked_lora,sst2,all,0,down_proj,92,0.9940574765205383
stacked_lora,sst2,all,0,down_proj,93,0.998857319355011
stacked_lora,sst2,all,0,down_proj,94,0.9995062351226807
stacked_lora,sst2,all,0,down_proj,95,0.9989886283874512
stacked_lora,sst2,all,0,down_proj,96,0.9991980791091919
stacked_lora,sst2,all,0,down_proj,97,0.9993862509727478
stacked_lora,sst2,all,0,down_proj,98,0.9962103962898254
stacked_lora,sst2,all,0,down_proj,99,0.9956588745117188
stacked_lora,sst2,all,0,down_proj,100,0.9987013936042786
stacked_lora,sst2,all,0,down_proj,101,0.9994912147521973
stacked_lora,sst2,all,0,down_proj,102,0.9977794289588928
stacked_lora,sst2,all,0,down_proj,103,0.9971920251846313
stacked_lora,sst2,all,0,down_proj,104,0.998550295829773
stacked_lora,sst2,all,0,down_proj,105,0.9985922574996948
stacked_lora,sst2,all,0,down_proj,106,0.9994429349899292
stacked_lora,sst2,all,0,down_proj,107,0.9995263814926147
stacked_lora,sst2,all,0,down_proj,108,0.9997555613517761
stacked_lora,sst2,all,0,down_proj,109,0.9985833168029785
stacked_lora,sst2,all,0,down_proj,110,0.9984444975852966
stacked_lora,sst2,all,0,down_proj,111,0.9996393918991089
stacked_lora,sst2,all,0,down_proj,112,0.9997214078903198
stacked_lora,sst2,all,0,down_proj,113,0.9986559152603149
stacked_lora,sst2,all,0,down_proj,114,0.9992287755012512
stacked_lora,sst2,all,0,down_proj,115,0.9982931017875671
stacked_lora,sst2,all,0,down_proj,116,0.9971760511398315
stacked_lora,sst2,all,0,down_proj,117,0.9988796710968018
stacked_lora,sst2,all,0,down_proj,118,0.9993197321891785
stacked_lora,sst2,all,0,down_proj,119,0.9996960759162903
stacked_lora,sst2,all,0,down_proj,120,0.9989145994186401
stacked_lora,sst2,all,0,down_proj,121,0.9989810585975647
stacked_lora,sst2,all,0,down_proj,122,0.9988101720809937
stacked_lora,sst2,all,0,down_proj,123,0.9581729769706726
stacked_lora,sst2,all,0,down_proj,124,0.9591972231864929
stacked_lora,sst2,all,0,down_proj,125,0.9976687431335449
stacked_lora,sst2,all,0,down_proj,126,0.9995524883270264
stacked_lora,sst2,all,0,down_proj,127,0.9993159770965576
stacked_lora,sst2,all,0,down_proj,128,0.9992554187774658
stacked_lora,sst2,all,0,down_proj,129,0.9988493323326111
stacked_lora,sst2,all,0,down_proj,130,0.9985626935958862
stacked_lora,sst2,all,0,down_proj,131,0.9995132088661194
stacked_lora,sst2,all,0,down_proj,132,0.9995814561843872
stacked_lora,sst2,all,0,down_proj,133,0.9996442198753357
stacked_lora,sst2,all,0,down_proj,134,0.9961431622505188
stacked_lora,sst2,all,0,down_proj,135,0.982068657875061
stacked_lora,sst2,all,0,down_proj,136,0.9841874837875366
stacked_lora,sst2,all,0,down_proj,137,0.9838442802429199
stacked_lora,sst2,all,0,down_proj,138,0.9842166900634766
stacked_lora,sst2,all,0,down_proj,139,0.9996691942214966
stacked_lora,sst2,all,0,down_proj,140,0.9990507960319519
stacked_lora,sst2,all,0,down_proj,141,0.999455988407135
stacked_lora,sst2,all,0,down_proj,142,0.9981412887573242
stacked_lora,sst2,all,0,down_proj,143,0.998020589351654
stacked_lora,sst2,all,0,down_proj,144,0.9993284344673157
stacked_lora,sst2,all,0,down_proj,145,0.9987256526947021
stacked_lora,sst2,all,0,down_proj,146,0.9969311952590942
stacked_lora,sst2,all,0,down_proj,147,0.9972076416015625
stacked_lora,sst2,all,0,down_proj,148,0.9995639324188232
stacked_lora,sst2,all,0,down_proj,149,0.9996713995933533
stacked_lora,sst2,all,0,down_proj,150,0.9996198415756226
stacked_lora,sst2,all,8,q_proj,1,0.9999976754188538
stacked_lora,sst2,all,8,q_proj,2,0.9999987483024597
stacked_lora,sst2,all,8,q_proj,3,0.9999992251396179
stacked_lora,sst2,all,8,q_proj,4,0.9999988675117493
stacked_lora,sst2,all,8,q_proj,5,0.999999463558197
stacked_lora,sst2,all,8,q_proj,6,0.9999974966049194
stacked_lora,sst2,all,8,q_proj,7,0.9999940395355225
stacked_lora,sst2,all,8,q_proj,8,0.9999893307685852
stacked_lora,sst2,all,8,q_proj,9,0.9999926686286926
stacked_lora,sst2,all,8,q_proj,10,0.999992311000824
stacked_lora,sst2,all,8,q_proj,11,0.9999985098838806
stacked_lora,sst2,all,8,q_proj,12,0.9999976754188538
stacked_lora,sst2,all,8,q_proj,13,0.9999890923500061
stacked_lora,sst2,all,8,q_proj,14,0.9999558925628662
stacked_lora,sst2,all,8,q_proj,15,0.9999493360519409
stacked_lora,sst2,all,8,q_proj,16,0.9999710917472839
stacked_lora,sst2,all,8,q_proj,17,0.9999701976776123
stacked_lora,sst2,all,8,q_proj,18,0.9999885559082031
stacked_lora,sst2,all,8,q_proj,19,0.9999951124191284
stacked_lora,sst2,all,8,q_proj,20,0.9999955296516418
stacked_lora,sst2,all,8,q_proj,21,0.9999932050704956
stacked_lora,sst2,all,8,q_proj,22,0.999988853931427
stacked_lora,sst2,all,8,q_proj,23,0.9999828338623047
stacked_lora,sst2,all,8,q_proj,24,0.9999685287475586
stacked_lora,sst2,all,8,q_proj,25,0.9999707937240601
stacked_lora,sst2,all,8,q_proj,26,0.9999960660934448
stacked_lora,sst2,all,8,q_proj,27,0.9999890923500061
stacked_lora,sst2,all,8,q_proj,28,0.9999687671661377
stacked_lora,sst2,all,8,q_proj,29,0.9999644160270691
stacked_lora,sst2,all,8,q_proj,30,0.9999850988388062
stacked_lora,sst2,all,8,q_proj,31,0.9999580979347229
stacked_lora,sst2,all,8,q_proj,32,0.9998995065689087
stacked_lora,sst2,all,8,q_proj,33,0.9999194145202637
stacked_lora,sst2,all,8,q_proj,34,0.9999891519546509
stacked_lora,sst2,all,8,q_proj,35,0.999991774559021
stacked_lora,sst2,all,8,q_proj,36,0.9999933838844299
stacked_lora,sst2,all,8,q_proj,37,0.9999837875366211
stacked_lora,sst2,all,8,q_proj,38,0.999981701374054
stacked_lora,sst2,all,8,q_proj,39,0.9999510645866394
stacked_lora,sst2,all,8,q_proj,40,0.9999523162841797
stacked_lora,sst2,all,8,q_proj,41,0.9999541640281677
stacked_lora,sst2,all,8,q_proj,42,0.9999440908432007
stacked_lora,sst2,all,8,q_proj,43,0.9999528527259827
stacked_lora,sst2,all,8,q_proj,44,0.9999458193778992
stacked_lora,sst2,all,8,q_proj,45,0.9999527931213379
stacked_lora,sst2,all,8,q_proj,46,0.9999933242797852
stacked_lora,sst2,all,8,q_proj,47,0.9998840093612671
stacked_lora,sst2,all,8,q_proj,48,0.999884307384491
stacked_lora,sst2,all,8,q_proj,49,0.9999808073043823
stacked_lora,sst2,all,8,q_proj,50,0.9999740719795227
stacked_lora,sst2,all,8,q_proj,51,0.9999748468399048
stacked_lora,sst2,all,8,q_proj,52,0.9999778866767883
stacked_lora,sst2,all,8,q_proj,53,0.9999454617500305
stacked_lora,sst2,all,8,q_proj,54,0.9999589920043945
stacked_lora,sst2,all,8,q_proj,55,0.9999290704727173
stacked_lora,sst2,all,8,q_proj,56,0.9999358654022217
stacked_lora,sst2,all,8,q_proj,57,0.999931812286377
stacked_lora,sst2,all,8,q_proj,58,0.9998695850372314
stacked_lora,sst2,all,8,q_proj,59,0.9998617768287659
stacked_lora,sst2,all,8,q_proj,60,0.9999570846557617
stacked_lora,sst2,all,8,q_proj,61,0.9998461604118347
stacked_lora,sst2,all,8,q_proj,62,0.9998587965965271
stacked_lora,sst2,all,8,q_proj,63,0.9999211430549622
stacked_lora,sst2,all,8,q_proj,64,0.9998482465744019
stacked_lora,sst2,all,8,q_proj,65,0.9998259544372559
stacked_lora,sst2,all,8,q_proj,66,0.9998023509979248
stacked_lora,sst2,all,8,q_proj,67,0.9999517798423767
stacked_lora,sst2,all,8,q_proj,68,0.9999560713768005
stacked_lora,sst2,all,8,q_proj,69,0.9999433755874634
stacked_lora,sst2,all,8,q_proj,70,0.9999293088912964
stacked_lora,sst2,all,8,q_proj,71,0.999927282333374
stacked_lora,sst2,all,8,q_proj,72,0.9999371767044067
stacked_lora,sst2,all,8,q_proj,73,0.9995387196540833
stacked_lora,sst2,all,8,q_proj,74,0.9995352029800415
stacked_lora,sst2,all,8,q_proj,75,0.9998748302459717
stacked_lora,sst2,all,8,q_proj,76,0.9998683929443359
stacked_lora,sst2,all,8,q_proj,77,0.9986934661865234
stacked_lora,sst2,all,8,q_proj,78,0.9987074136734009
stacked_lora,sst2,all,8,q_proj,79,0.9998708367347717
stacked_lora,sst2,all,8,q_proj,80,0.9999349117279053
stacked_lora,sst2,all,8,q_proj,81,0.9994064569473267
stacked_lora,sst2,all,8,q_proj,82,0.9994759559631348
stacked_lora,sst2,all,8,q_proj,83,0.9998531937599182
stacked_lora,sst2,all,8,q_proj,84,0.9991490244865417
stacked_lora,sst2,all,8,q_proj,85,0.9991379976272583
stacked_lora,sst2,all,8,q_proj,86,0.9998965263366699
stacked_lora,sst2,all,8,q_proj,87,0.9998955726623535
stacked_lora,sst2,all,8,q_proj,88,0.9997309446334839
stacked_lora,sst2,all,8,q_proj,89,0.9995155930519104
stacked_lora,sst2,all,8,q_proj,90,0.9996763467788696
stacked_lora,sst2,all,8,q_proj,91,0.9997638463973999
stacked_lora,sst2,all,8,q_proj,92,0.9994727373123169
stacked_lora,sst2,all,8,q_proj,93,0.9997767210006714
stacked_lora,sst2,all,8,q_proj,94,0.9988289475440979
stacked_lora,sst2,all,8,q_proj,95,0.9981352090835571
stacked_lora,sst2,all,8,q_proj,96,0.9990151524543762
stacked_lora,sst2,all,8,q_proj,97,0.9997554421424866
stacked_lora,sst2,all,8,q_proj,98,0.9998871088027954
stacked_lora,sst2,all,8,q_proj,99,0.9997966885566711
stacked_lora,sst2,all,8,q_proj,100,0.9990273714065552
stacked_lora,sst2,all,8,q_proj,101,0.9989922046661377
stacked_lora,sst2,all,8,q_proj,102,0.9991331696510315
stacked_lora,sst2,all,8,q_proj,103,0.9991051554679871
stacked_lora,sst2,all,8,q_proj,104,0.999860942363739
stacked_lora,sst2,all,8,q_proj,105,0.993336021900177
stacked_lora,sst2,all,8,q_proj,106,0.9936866164207458
stacked_lora,sst2,all,8,q_proj,107,0.9997204542160034
stacked_lora,sst2,all,8,q_proj,108,0.999640941619873
stacked_lora,sst2,all,8,q_proj,109,0.9997661113739014
stacked_lora,sst2,all,8,q_proj,110,0.9998761415481567
stacked_lora,sst2,all,8,q_proj,111,0.9999106526374817
stacked_lora,sst2,all,8,q_proj,112,0.9998723268508911
stacked_lora,sst2,all,8,q_proj,113,0.999539315700531
stacked_lora,sst2,all,8,q_proj,114,0.9997583031654358
stacked_lora,sst2,all,8,q_proj,115,0.9996285438537598
stacked_lora,sst2,all,8,q_proj,116,0.9998592138290405
stacked_lora,sst2,all,8,q_proj,117,0.9997460246086121
stacked_lora,sst2,all,8,q_proj,118,0.9998778104782104
stacked_lora,sst2,all,8,q_proj,119,0.9997797012329102
stacked_lora,sst2,all,8,q_proj,120,0.9997207522392273
stacked_lora,sst2,all,8,q_proj,121,0.9998466968536377
stacked_lora,sst2,all,8,q_proj,122,0.9997493624687195
stacked_lora,sst2,all,8,q_proj,123,0.999680757522583
stacked_lora,sst2,all,8,q_proj,124,0.9994940757751465
stacked_lora,sst2,all,8,q_proj,125,0.9994224309921265
stacked_lora,sst2,all,8,q_proj,126,0.9996499419212341
stacked_lora,sst2,all,8,q_proj,127,0.9996543526649475
stacked_lora,sst2,all,8,q_proj,128,0.9996369481086731
stacked_lora,sst2,all,8,q_proj,129,0.9998337626457214
stacked_lora,sst2,all,8,q_proj,130,0.9987857937812805
stacked_lora,sst2,all,8,q_proj,131,0.998813807964325
stacked_lora,sst2,all,8,q_proj,132,0.9997535347938538
stacked_lora,sst2,all,8,q_proj,133,0.9996309876441956
stacked_lora,sst2,all,8,q_proj,134,0.9994376301765442
stacked_lora,sst2,all,8,q_proj,135,0.999732494354248
stacked_lora,sst2,all,8,q_proj,136,0.9994553923606873
stacked_lora,sst2,all,8,q_proj,137,0.999744713306427
stacked_lora,sst2,all,8,q_proj,138,0.9994775056838989
stacked_lora,sst2,all,8,q_proj,139,0.9993100762367249
stacked_lora,sst2,all,8,q_proj,140,0.9991580247879028
stacked_lora,sst2,all,8,q_proj,141,0.9996199607849121
stacked_lora,sst2,all,8,q_proj,142,0.9992984533309937
stacked_lora,sst2,all,8,q_proj,143,0.9993659257888794
stacked_lora,sst2,all,8,q_proj,144,0.9996439218521118
stacked_lora,sst2,all,8,q_proj,145,0.9986754655838013
stacked_lora,sst2,all,8,q_proj,146,0.998766303062439
stacked_lora,sst2,all,8,q_proj,147,0.9997625946998596
stacked_lora,sst2,all,8,q_proj,148,0.999833345413208
stacked_lora,sst2,all,8,q_proj,149,0.9997458457946777
stacked_lora,sst2,all,8,q_proj,150,0.9997916221618652
stacked_lora,sst2,all,8,v_proj,1,0.9997745752334595
stacked_lora,sst2,all,8,v_proj,2,0.9998279213905334
stacked_lora,sst2,all,8,v_proj,3,0.9995915293693542
stacked_lora,sst2,all,8,v_proj,4,0.9995896816253662
stacked_lora,sst2,all,8,v_proj,5,0.9976664781570435
stacked_lora,sst2,all,8,v_proj,6,0.9976571798324585
stacked_lora,sst2,all,8,v_proj,7,0.9990297555923462
stacked_lora,sst2,all,8,v_proj,8,0.9982633590698242
stacked_lora,sst2,all,8,v_proj,9,0.9989795684814453
stacked_lora,sst2,all,8,v_proj,10,0.9933710098266602
stacked_lora,sst2,all,8,v_proj,11,0.9931144714355469
stacked_lora,sst2,all,8,v_proj,12,0.9979362487792969
stacked_lora,sst2,all,8,v_proj,13,0.9951095581054688
stacked_lora,sst2,all,8,v_proj,14,0.9950134754180908
stacked_lora,sst2,all,8,v_proj,15,0.9989656805992126
stacked_lora,sst2,all,8,v_proj,16,0.9992209076881409
stacked_lora,sst2,all,8,v_proj,17,0.9997041821479797
stacked_lora,sst2,all,8,v_proj,18,0.9994061589241028
stacked_lora,sst2,all,8,v_proj,19,0.999636173248291
stacked_lora,sst2,all,8,v_proj,20,0.9984808564186096
stacked_lora,sst2,all,8,v_proj,21,0.9988027811050415
stacked_lora,sst2,all,8,v_proj,22,0.9977056980133057
stacked_lora,sst2,all,8,v_proj,23,0.9985475540161133
stacked_lora,sst2,all,8,v_proj,24,0.9997280240058899
stacked_lora,sst2,all,8,v_proj,25,0.9993735551834106
stacked_lora,sst2,all,8,v_proj,26,0.998981237411499
stacked_lora,sst2,all,8,v_proj,27,0.9961908459663391
stacked_lora,sst2,all,8,v_proj,28,0.9945071935653687
stacked_lora,sst2,all,8,v_proj,29,0.9920331835746765
stacked_lora,sst2,all,8,v_proj,30,0.9901729822158813
stacked_lora,sst2,all,8,v_proj,31,0.998520016670227
stacked_lora,sst2,all,8,v_proj,32,0.9992789030075073
stacked_lora,sst2,all,8,v_proj,33,0.9989346265792847
stacked_lora,sst2,all,8,v_proj,34,0.9985265731811523
stacked_lora,sst2,all,8,v_proj,35,0.9719873666763306
stacked_lora,sst2,all,8,v_proj,36,0.9717065095901489
stacked_lora,sst2,all,8,v_proj,37,0.9980453252792358
stacked_lora,sst2,all,8,v_proj,38,0.9970221519470215
stacked_lora,sst2,all,8,v_proj,39,0.9961845278739929
stacked_lora,sst2,all,8,v_proj,40,0.9985145926475525
stacked_lora,sst2,all,8,v_proj,41,0.9976930022239685
stacked_lora,sst2,all,8,v_proj,42,0.9972578883171082
stacked_lora,sst2,all,8,v_proj,43,0.9968997240066528
stacked_lora,sst2,all,8,v_proj,44,0.9978259205818176
stacked_lora,sst2,all,8,v_proj,45,0.9967913627624512
stacked_lora,sst2,all,8,v_proj,46,0.9715335369110107
stacked_lora,sst2,all,8,v_proj,47,0.9702715873718262
stacked_lora,sst2,all,8,v_proj,48,0.9971490502357483
stacked_lora,sst2,all,8,v_proj,49,0.9856544137001038
stacked_lora,sst2,all,8,v_proj,50,0.989203691482544
stacked_lora,sst2,all,8,v_proj,51,0.9932386875152588
stacked_lora,sst2,all,8,v_proj,52,0.9986073970794678
stacked_lora,sst2,all,8,v_proj,53,0.9973544478416443
stacked_lora,sst2,all,8,v_proj,54,0.9963455200195312
stacked_lora,sst2,all,8,v_proj,55,0.9973163604736328
stacked_lora,sst2,all,8,v_proj,56,0.9599335193634033
stacked_lora,sst2,all,8,v_proj,57,0.957764208316803
stacked_lora,sst2,all,8,v_proj,58,0.9965564608573914
stacked_lora,sst2,all,8,v_proj,59,0.9992326498031616
stacked_lora,sst2,all,8,v_proj,60,0.9991708397865295
stacked_lora,sst2,all,8,v_proj,61,0.9856531023979187
stacked_lora,sst2,all,8,v_proj,62,0.9851773977279663
stacked_lora,sst2,all,8,v_proj,63,0.9871152639389038
stacked_lora,sst2,all,8,v_proj,64,0.9855575561523438
stacked_lora,sst2,all,8,v_proj,65,0.9967098236083984
stacked_lora,sst2,all,8,v_proj,66,0.9763400554656982
stacked_lora,sst2,all,8,v_proj,67,0.9762923717498779
stacked_lora,sst2,all,8,v_proj,68,0.9993426203727722
stacked_lora,sst2,all,8,v_proj,69,0.9991679191589355
stacked_lora,sst2,all,8,v_proj,70,0.9982681274414062
stacked_lora,sst2,all,8,v_proj,71,0.997975766658783
stacked_lora,sst2,all,8,v_proj,72,0.9990684986114502
stacked_lora,sst2,all,8,v_proj,73,0.998436450958252
stacked_lora,sst2,all,8,v_proj,74,0.998762845993042
stacked_lora,sst2,all,8,v_proj,75,0.9978974461555481
stacked_lora,sst2,all,8,v_proj,76,0.9957210421562195
stacked_lora,sst2,all,8,v_proj,77,0.9971544742584229
stacked_lora,sst2,all,8,v_proj,78,0.9985705614089966
stacked_lora,sst2,all,8,v_proj,79,0.996877908706665
stacked_lora,sst2,all,8,v_proj,80,0.9863120317459106
stacked_lora,sst2,all,8,v_proj,81,0.9863179922103882
stacked_lora,sst2,all,8,v_proj,82,0.9994145035743713
stacked_lora,sst2,all,8,v_proj,83,0.9991781711578369
stacked_lora,sst2,all,8,v_proj,84,0.9982869625091553
stacked_lora,sst2,all,8,v_proj,85,0.9961543679237366
stacked_lora,sst2,all,8,v_proj,86,0.99678635597229
stacked_lora,sst2,all,8,v_proj,87,0.9984243512153625
stacked_lora,sst2,all,8,v_proj,88,0.9989292025566101
stacked_lora,sst2,all,8,v_proj,89,0.9989078640937805
stacked_lora,sst2,all,8,v_proj,90,0.9965227246284485
stacked_lora,sst2,all,8,v_proj,91,0.9142928123474121
stacked_lora,sst2,all,8,v_proj,92,0.91618412733078
stacked_lora,sst2,all,8,v_proj,93,0.99317467212677
stacked_lora,sst2,all,8,v_proj,94,0.9935983419418335
stacked_lora,sst2,all,8,v_proj,95,0.9976555109024048
stacked_lora,sst2,all,8,v_proj,96,0.9991556406021118
stacked_lora,sst2,all,8,v_proj,97,0.9778460264205933
stacked_lora,sst2,all,8,v_proj,98,0.9771451950073242
stacked_lora,sst2,all,8,v_proj,99,0.9848467111587524
stacked_lora,sst2,all,8,v_proj,100,0.9939310550689697
stacked_lora,sst2,all,8,v_proj,101,0.9886722564697266
stacked_lora,sst2,all,8,v_proj,102,0.9932630062103271
stacked_lora,sst2,all,8,v_proj,103,0.9983649253845215
stacked_lora,sst2,all,8,v_proj,104,0.9975181818008423
stacked_lora,sst2,all,8,v_proj,105,0.9555875062942505
stacked_lora,sst2,all,8,v_proj,106,0.9534803628921509
stacked_lora,sst2,all,8,v_proj,107,0.9944301247596741
stacked_lora,sst2,all,8,v_proj,108,0.9910088777542114
stacked_lora,sst2,all,8,v_proj,109,0.9955005645751953
stacked_lora,sst2,all,8,v_proj,110,0.994213342666626
stacked_lora,sst2,all,8,v_proj,111,0.9967036247253418
stacked_lora,sst2,all,8,v_proj,112,0.9993243217468262
stacked_lora,sst2,all,8,v_proj,113,0.9989747405052185
stacked_lora,sst2,all,8,v_proj,114,0.9985306262969971
stacked_lora,sst2,all,8,v_proj,115,0.9930152297019958
stacked_lora,sst2,all,8,v_proj,116,0.9826067686080933
stacked_lora,sst2,all,8,v_proj,117,0.9873142242431641
stacked_lora,sst2,all,8,v_proj,118,0.998474657535553
stacked_lora,sst2,all,8,v_proj,119,0.9957627058029175
stacked_lora,sst2,all,8,v_proj,120,0.9953817129135132
stacked_lora,sst2,all,8,v_proj,121,0.9981837868690491
stacked_lora,sst2,all,8,v_proj,122,0.9978087544441223
stacked_lora,sst2,all,8,v_proj,123,0.994685173034668
stacked_lora,sst2,all,8,v_proj,124,0.9959335327148438
stacked_lora,sst2,all,8,v_proj,125,0.9939659833908081
stacked_lora,sst2,all,8,v_proj,126,0.9970932006835938
stacked_lora,sst2,all,8,v_proj,127,0.9950233697891235
stacked_lora,sst2,all,8,v_proj,128,0.9965382814407349
stacked_lora,sst2,all,8,v_proj,129,0.9949720501899719
stacked_lora,sst2,all,8,v_proj,130,0.9961837530136108
stacked_lora,sst2,all,8,v_proj,131,0.9938329458236694
stacked_lora,sst2,all,8,v_proj,132,0.9910898208618164
stacked_lora,sst2,all,8,v_proj,133,0.7426056861877441
stacked_lora,sst2,all,8,v_proj,134,0.7005576491355896
stacked_lora,sst2,all,8,v_proj,135,0.9586706161499023
stacked_lora,sst2,all,8,v_proj,136,0.9928407073020935
stacked_lora,sst2,all,8,v_proj,137,0.9900771379470825
stacked_lora,sst2,all,8,v_proj,138,0.8941118717193604
stacked_lora,sst2,all,8,v_proj,139,0.892778217792511
stacked_lora,sst2,all,8,v_proj,140,0.9978305697441101
stacked_lora,sst2,all,8,v_proj,141,0.9891663789749146
stacked_lora,sst2,all,8,v_proj,142,0.9883968830108643
stacked_lora,sst2,all,8,v_proj,143,0.9979158639907837
stacked_lora,sst2,all,8,v_proj,144,0.997407078742981
stacked_lora,sst2,all,8,v_proj,145,0.9963551759719849
stacked_lora,sst2,all,8,v_proj,146,0.98516845703125
stacked_lora,sst2,all,8,v_proj,147,0.9846351146697998
stacked_lora,sst2,all,8,v_proj,148,0.9983276128768921
stacked_lora,sst2,all,8,v_proj,149,0.993617832660675
stacked_lora,sst2,all,8,v_proj,150,0.996627926826477
stacked_lora,sst2,all,8,up_proj,1,0.9999964237213135
stacked_lora,sst2,all,8,up_proj,2,0.9999902844429016
stacked_lora,sst2,all,8,up_proj,3,0.9999836683273315
stacked_lora,sst2,all,8,up_proj,4,0.9999881386756897
stacked_lora,sst2,all,8,up_proj,5,0.9999846816062927
stacked_lora,sst2,all,8,up_proj,6,0.9999761581420898
stacked_lora,sst2,all,8,up_proj,7,0.9999886751174927
stacked_lora,sst2,all,8,up_proj,8,0.9999831318855286
stacked_lora,sst2,all,8,up_proj,9,0.9999790787696838
stacked_lora,sst2,all,8,up_proj,10,0.9999387860298157
stacked_lora,sst2,all,8,up_proj,11,0.9999545812606812
stacked_lora,sst2,all,8,up_proj,12,0.9998782277107239
stacked_lora,sst2,all,8,up_proj,13,0.9565438628196716
stacked_lora,sst2,all,8,up_proj,14,0.9564539790153503
stacked_lora,sst2,all,8,up_proj,15,0.9999125003814697
stacked_lora,sst2,all,8,up_proj,16,0.9999224543571472
stacked_lora,sst2,all,8,up_proj,17,0.9999755620956421
stacked_lora,sst2,all,8,up_proj,18,0.9997329115867615
stacked_lora,sst2,all,8,up_proj,19,0.9995870590209961
stacked_lora,sst2,all,8,up_proj,20,0.9995988607406616
stacked_lora,sst2,all,8,up_proj,21,0.9999121427536011
stacked_lora,sst2,all,8,up_proj,22,0.9999643564224243
stacked_lora,sst2,all,8,up_proj,23,0.999953031539917
stacked_lora,sst2,all,8,up_proj,24,0.9999483823776245
stacked_lora,sst2,all,8,up_proj,25,0.9998963475227356
stacked_lora,sst2,all,8,up_proj,26,0.9998888373374939
stacked_lora,sst2,all,8,up_proj,27,0.9995788931846619
stacked_lora,sst2,all,8,up_proj,28,0.9997061491012573
stacked_lora,sst2,all,8,up_proj,29,0.9995240569114685
stacked_lora,sst2,all,8,up_proj,30,0.9995303750038147
stacked_lora,sst2,all,8,up_proj,31,0.9998173713684082
stacked_lora,sst2,all,8,up_proj,32,0.9998210668563843
stacked_lora,sst2,all,8,up_proj,33,0.999854564666748
stacked_lora,sst2,all,8,up_proj,34,0.9999120235443115
stacked_lora,sst2,all,8,up_proj,35,0.9997734427452087
stacked_lora,sst2,all,8,up_proj,36,0.9994825124740601
stacked_lora,sst2,all,8,up_proj,37,0.9997358918190002
stacked_lora,sst2,all,8,up_proj,38,0.9997506737709045
stacked_lora,sst2,all,8,up_proj,39,0.9935799241065979
stacked_lora,sst2,all,8,up_proj,40,0.993882417678833
stacked_lora,sst2,all,8,up_proj,41,0.9992227554321289
stacked_lora,sst2,all,8,up_proj,42,0.9995187520980835
stacked_lora,sst2,all,8,up_proj,43,0.9996980428695679
stacked_lora,sst2,all,8,up_proj,44,0.9995311498641968
stacked_lora,sst2,all,8,up_proj,45,0.9970769286155701
stacked_lora,sst2,all,8,up_proj,46,0.9969613552093506
stacked_lora,sst2,all,8,up_proj,47,0.9996650815010071
stacked_lora,sst2,all,8,up_proj,48,0.9997144937515259
stacked_lora,sst2,all,8,up_proj,49,0.9997433423995972
stacked_lora,sst2,all,8,up_proj,50,0.9995131492614746
stacked_lora,sst2,all,8,up_proj,51,0.999428391456604
stacked_lora,sst2,all,8,up_proj,52,0.999748945236206
stacked_lora,sst2,all,8,up_proj,53,0.9996433258056641
stacked_lora,sst2,all,8,up_proj,54,0.9995501041412354
stacked_lora,sst2,all,8,up_proj,55,0.9994317889213562
stacked_lora,sst2,all,8,up_proj,56,0.9992886781692505
stacked_lora,sst2,all,8,up_proj,57,0.9996082782745361
stacked_lora,sst2,all,8,up_proj,58,0.9992642998695374
stacked_lora,sst2,all,8,up_proj,59,0.9992371797561646
stacked_lora,sst2,all,8,up_proj,60,0.9997413158416748
stacked_lora,sst2,all,8,up_proj,61,0.9995707273483276
stacked_lora,sst2,all,8,up_proj,62,0.9986987709999084
stacked_lora,sst2,all,8,up_proj,63,0.998239278793335
stacked_lora,sst2,all,8,up_proj,64,0.99964839220047
stacked_lora,sst2,all,8,up_proj,65,0.9996352195739746
stacked_lora,sst2,all,8,up_proj,66,0.99951171875
stacked_lora,sst2,all,8,up_proj,67,0.8765708804130554
stacked_lora,sst2,all,8,up_proj,68,0.8759496808052063
stacked_lora,sst2,all,8,up_proj,69,0.9986655116081238
stacked_lora,sst2,all,8,up_proj,70,0.9954021573066711
stacked_lora,sst2,all,8,up_proj,71,0.993702232837677
stacked_lora,sst2,all,8,up_proj,72,0.9961031675338745
stacked_lora,sst2,all,8,up_proj,73,0.9983336925506592
stacked_lora,sst2,all,8,up_proj,74,0.9989450573921204
stacked_lora,sst2,all,8,up_proj,75,0.9988434910774231
stacked_lora,sst2,all,8,up_proj,76,0.9988536834716797
stacked_lora,sst2,all,8,up_proj,77,0.9996092915534973
stacked_lora,sst2,all,8,up_proj,78,0.9991336464881897
stacked_lora,sst2,all,8,up_proj,79,0.9990214109420776
stacked_lora,sst2,all,8,up_proj,80,0.9988903403282166
stacked_lora,sst2,all,8,up_proj,81,0.9979785084724426
stacked_lora,sst2,all,8,up_proj,82,0.997661828994751
stacked_lora,sst2,all,8,up_proj,83,0.9996010661125183
stacked_lora,sst2,all,8,up_proj,84,0.9991475939750671
stacked_lora,sst2,all,8,up_proj,85,0.998770534992218
stacked_lora,sst2,all,8,up_proj,86,0.9994480609893799
stacked_lora,sst2,all,8,up_proj,87,0.9989476799964905
stacked_lora,sst2,all,8,up_proj,88,0.9992276430130005
stacked_lora,sst2,all,8,up_proj,89,0.9980135560035706
stacked_lora,sst2,all,8,up_proj,90,0.9975195527076721
stacked_lora,sst2,all,8,up_proj,91,0.9984711408615112
stacked_lora,sst2,all,8,up_proj,92,0.9992189407348633
stacked_lora,sst2,all,8,up_proj,93,0.998910129070282
stacked_lora,sst2,all,8,up_proj,94,0.9980922341346741
stacked_lora,sst2,all,8,up_proj,95,0.9951611161231995
stacked_lora,sst2,all,8,up_proj,96,0.9931001663208008
stacked_lora,sst2,all,8,up_proj,97,0.9970083832740784
stacked_lora,sst2,all,8,up_proj,98,0.9978044033050537
stacked_lora,sst2,all,8,up_proj,99,0.998799741268158
stacked_lora,sst2,all,8,up_proj,100,0.9984670281410217
stacked_lora,sst2,all,8,up_proj,101,0.9988976716995239
stacked_lora,sst2,all,8,up_proj,102,0.9972918033599854
stacked_lora,sst2,all,8,up_proj,103,0.9965996742248535
stacked_lora,sst2,all,8,up_proj,104,0.9965423941612244
stacked_lora,sst2,all,8,up_proj,105,0.9960683584213257
stacked_lora,sst2,all,8,up_proj,106,0.9983247518539429
stacked_lora,sst2,all,8,up_proj,107,0.998399555683136
stacked_lora,sst2,all,8,up_proj,108,0.9986019134521484
stacked_lora,sst2,all,8,up_proj,109,0.9843121767044067
stacked_lora,sst2,all,8,up_proj,110,0.9878917336463928
stacked_lora,sst2,all,8,up_proj,111,0.9069113731384277
stacked_lora,sst2,all,8,up_proj,112,0.9087777733802795
stacked_lora,sst2,all,8,up_proj,113,0.9929194450378418
stacked_lora,sst2,all,8,up_proj,114,0.982110857963562
stacked_lora,sst2,all,8,up_proj,115,0.9873183965682983
stacked_lora,sst2,all,8,up_proj,116,0.9975336790084839
stacked_lora,sst2,all,8,up_proj,117,0.9969708919525146
stacked_lora,sst2,all,8,up_proj,118,0.9987263083457947
stacked_lora,sst2,all,8,up_proj,119,0.9967427253723145
stacked_lora,sst2,all,8,up_proj,120,0.9947149157524109
stacked_lora,sst2,all,8,up_proj,121,0.9961294531822205
stacked_lora,sst2,all,8,up_proj,122,0.997182309627533
stacked_lora,sst2,all,8,up_proj,123,0.9970077276229858
stacked_lora,sst2,all,8,up_proj,124,0.9925527572631836
stacked_lora,sst2,all,8,up_proj,125,0.9928231239318848
stacked_lora,sst2,all,8,up_proj,126,0.9975905418395996
stacked_lora,sst2,all,8,up_proj,127,0.9972034692764282
stacked_lora,sst2,all,8,up_proj,128,0.9893679022789001
stacked_lora,sst2,all,8,up_proj,129,0.9944921731948853
stacked_lora,sst2,all,8,up_proj,130,0.991390585899353
stacked_lora,sst2,all,8,up_proj,131,0.9956521987915039
stacked_lora,sst2,all,8,up_proj,132,0.9944650530815125
stacked_lora,sst2,all,8,up_proj,133,0.996477484703064
stacked_lora,sst2,all,8,up_proj,134,0.9970771670341492
stacked_lora,sst2,all,8,up_proj,135,0.9814653396606445
stacked_lora,sst2,all,8,up_proj,136,0.981549859046936
stacked_lora,sst2,all,8,up_proj,137,0.9985155463218689
stacked_lora,sst2,all,8,up_proj,138,0.9970903992652893
stacked_lora,sst2,all,8,up_proj,139,0.9981531500816345
stacked_lora,sst2,all,8,up_proj,140,0.9973108172416687
stacked_lora,sst2,all,8,up_proj,141,0.9978277087211609
stacked_lora,sst2,all,8,up_proj,142,0.9986022114753723
stacked_lora,sst2,all,8,up_proj,143,0.9978351593017578
stacked_lora,sst2,all,8,up_proj,144,0.997886061668396
stacked_lora,sst2,all,8,up_proj,145,0.9807139039039612
stacked_lora,sst2,all,8,up_proj,146,0.9768574237823486
stacked_lora,sst2,all,8,up_proj,147,0.994023323059082
stacked_lora,sst2,all,8,up_proj,148,0.9981815218925476
stacked_lora,sst2,all,8,up_proj,149,0.9915961623191833
stacked_lora,sst2,all,8,up_proj,150,0.9857116937637329
stacked_lora,sst2,all,8,down_proj,1,1.0000001192092896
stacked_lora,sst2,all,8,down_proj,2,0.9999994039535522
stacked_lora,sst2,all,8,down_proj,3,0.9999998807907104
stacked_lora,sst2,all,8,down_proj,4,1.0
stacked_lora,sst2,all,8,down_proj,5,0.9999977946281433
stacked_lora,sst2,all,8,down_proj,6,0.999998152256012
stacked_lora,sst2,all,8,down_proj,7,0.9999973773956299
stacked_lora,sst2,all,8,down_proj,8,0.9999977946281433
stacked_lora,sst2,all,8,down_proj,9,0.9999971389770508
stacked_lora,sst2,all,8,down_proj,10,0.9999922513961792
stacked_lora,sst2,all,8,down_proj,11,0.9999923706054688
stacked_lora,sst2,all,8,down_proj,12,0.9999905228614807
stacked_lora,sst2,all,8,down_proj,13,0.9999982118606567
stacked_lora,sst2,all,8,down_proj,14,0.9999985694885254
stacked_lora,sst2,all,8,down_proj,15,0.9999991655349731
stacked_lora,sst2,all,8,down_proj,16,0.9999821782112122
stacked_lora,sst2,all,8,down_proj,17,0.9999806880950928
stacked_lora,sst2,all,8,down_proj,18,0.9999867081642151
stacked_lora,sst2,all,8,down_proj,19,0.9996143579483032
stacked_lora,sst2,all,8,down_proj,20,0.999609649181366
stacked_lora,sst2,all,8,down_proj,21,0.9999911785125732
stacked_lora,sst2,all,8,down_proj,22,0.999829888343811
stacked_lora,sst2,all,8,down_proj,23,0.9998175501823425
stacked_lora,sst2,all,8,down_proj,24,0.9999824166297913
stacked_lora,sst2,all,8,down_proj,25,0.9999739527702332
stacked_lora,sst2,all,8,down_proj,26,0.9999029636383057
stacked_lora,sst2,all,8,down_proj,27,0.9998765587806702
stacked_lora,sst2,all,8,down_proj,28,0.9999961256980896
stacked_lora,sst2,all,8,down_proj,29,0.9999936819076538
stacked_lora,sst2,all,8,down_proj,30,0.9996702671051025
stacked_lora,sst2,all,8,down_proj,31,0.9996727108955383
stacked_lora,sst2,all,8,down_proj,32,0.9999897480010986
stacked_lora,sst2,all,8,down_proj,33,0.9999841451644897
stacked_lora,sst2,all,8,down_proj,34,0.9999834895133972
stacked_lora,sst2,all,8,down_proj,35,0.9999796748161316
stacked_lora,sst2,all,8,down_proj,36,0.9999703764915466
stacked_lora,sst2,all,8,down_proj,37,0.9999583959579468
stacked_lora,sst2,all,8,down_proj,38,0.9998719692230225
stacked_lora,sst2,all,8,down_proj,39,0.999908983707428
stacked_lora,sst2,all,8,down_proj,40,0.9999920129776001
stacked_lora,sst2,all,8,down_proj,41,0.9999783635139465
stacked_lora,sst2,all,8,down_proj,42,0.9999148845672607
stacked_lora,sst2,all,8,down_proj,43,0.9999243021011353
stacked_lora,sst2,all,8,down_proj,44,0.9999573230743408
stacked_lora,sst2,all,8,down_proj,45,0.9999739527702332
stacked_lora,sst2,all,8,down_proj,46,0.9999743700027466
stacked_lora,sst2,all,8,down_proj,47,0.9999384880065918
stacked_lora,sst2,all,8,down_proj,48,0.9999082684516907
stacked_lora,sst2,all,8,down_proj,49,0.999923825263977
stacked_lora,sst2,all,8,down_proj,50,0.9996882081031799
stacked_lora,sst2,all,8,down_proj,51,0.9996240139007568
stacked_lora,sst2,all,8,down_proj,52,0.9997797608375549
stacked_lora,sst2,all,8,down_proj,53,0.9999098181724548
stacked_lora,sst2,all,8,down_proj,54,0.9997429251670837
stacked_lora,sst2,all,8,down_proj,55,0.9998044967651367
stacked_lora,sst2,all,8,down_proj,56,0.9999077320098877
stacked_lora,sst2,all,8,down_proj,57,0.9995688796043396
stacked_lora,sst2,all,8,down_proj,58,0.999567449092865
stacked_lora,sst2,all,8,down_proj,59,0.9996758699417114
stacked_lora,sst2,all,8,down_proj,60,0.9997435808181763
stacked_lora,sst2,all,8,down_proj,61,0.9998012781143188
stacked_lora,sst2,all,8,down_proj,62,0.9998219609260559
stacked_lora,sst2,all,8,down_proj,63,0.9999263286590576
stacked_lora,sst2,all,8,down_proj,64,0.9999427199363708
stacked_lora,sst2,all,8,down_proj,65,0.9995580315589905
stacked_lora,sst2,all,8,down_proj,66,0.9996423125267029
stacked_lora,sst2,all,8,down_proj,67,0.9998492002487183
stacked_lora,sst2,all,8,down_proj,68,0.9998237490653992
stacked_lora,sst2,all,8,down_proj,69,0.9999674558639526
stacked_lora,sst2,all,8,down_proj,70,0.9999558329582214
stacked_lora,sst2,all,8,down_proj,71,0.9998875260353088
stacked_lora,sst2,all,8,down_proj,72,0.999958336353302
stacked_lora,sst2,all,8,down_proj,73,0.9989931583404541
stacked_lora,sst2,all,8,down_proj,74,0.9989596009254456
stacked_lora,sst2,all,8,down_proj,75,0.9996138215065002
stacked_lora,sst2,all,8,down_proj,76,0.9997212290763855
stacked_lora,sst2,all,8,down_proj,77,0.9997429847717285
stacked_lora,sst2,all,8,down_proj,78,0.9999200701713562
stacked_lora,sst2,all,8,down_proj,79,0.9997410178184509
stacked_lora,sst2,all,8,down_proj,80,0.999904453754425
stacked_lora,sst2,all,8,down_proj,81,0.9997028112411499
stacked_lora,sst2,all,8,down_proj,82,0.9998084306716919
stacked_lora,sst2,all,8,down_proj,83,0.9990485310554504
stacked_lora,sst2,all,8,down_proj,84,0.9893375039100647
stacked_lora,sst2,all,8,down_proj,85,0.9896055459976196
stacked_lora,sst2,all,8,down_proj,86,0.9995213747024536
stacked_lora,sst2,all,8,down_proj,87,0.9998095035552979
stacked_lora,sst2,all,8,down_proj,88,0.9997321367263794
stacked_lora,sst2,all,8,down_proj,89,0.9973877668380737
stacked_lora,sst2,all,8,down_proj,90,0.9975094199180603
stacked_lora,sst2,all,8,down_proj,91,0.9997587203979492
stacked_lora,sst2,all,8,down_proj,92,0.9997071027755737
stacked_lora,sst2,all,8,down_proj,93,0.9997475147247314
stacked_lora,sst2,all,8,down_proj,94,0.9997703433036804
stacked_lora,sst2,all,8,down_proj,95,0.9998483657836914
stacked_lora,sst2,all,8,down_proj,96,0.9991593956947327
stacked_lora,sst2,all,8,down_proj,97,0.9992210268974304
stacked_lora,sst2,all,8,down_proj,98,0.9995908141136169
stacked_lora,sst2,all,8,down_proj,99,0.9997012615203857
stacked_lora,sst2,all,8,down_proj,100,0.9997126460075378
stacked_lora,sst2,all,8,down_proj,101,0.9992895126342773
stacked_lora,sst2,all,8,down_proj,102,0.9995306730270386
stacked_lora,sst2,all,8,down_proj,103,0.9995326995849609
stacked_lora,sst2,all,8,down_proj,104,0.999202311038971
stacked_lora,sst2,all,8,down_proj,105,0.9977840185165405
stacked_lora,sst2,all,8,down_proj,106,0.9980381727218628
stacked_lora,sst2,all,8,down_proj,107,0.9996667504310608
stacked_lora,sst2,all,8,down_proj,108,0.9998910427093506
stacked_lora,sst2,all,8,down_proj,109,0.9992669224739075
stacked_lora,sst2,all,8,down_proj,110,0.9993259310722351
stacked_lora,sst2,all,8,down_proj,111,0.9996993541717529
stacked_lora,sst2,all,8,down_proj,112,0.9996930360794067
stacked_lora,sst2,all,8,down_proj,113,0.9997763633728027
stacked_lora,sst2,all,8,down_proj,114,0.9998430013656616
stacked_lora,sst2,all,8,down_proj,115,0.9984199404716492
stacked_lora,sst2,all,8,down_proj,116,0.9983260035514832
stacked_lora,sst2,all,8,down_proj,117,0.9993525147438049
stacked_lora,sst2,all,8,down_proj,118,0.9992745518684387
stacked_lora,sst2,all,8,down_proj,119,0.9986015558242798
stacked_lora,sst2,all,8,down_proj,120,0.9997056126594543
stacked_lora,sst2,all,8,down_proj,121,0.9997003674507141
stacked_lora,sst2,all,8,down_proj,122,0.9993579387664795
stacked_lora,sst2,all,8,down_proj,123,0.9989719986915588
stacked_lora,sst2,all,8,down_proj,124,0.9991518259048462
stacked_lora,sst2,all,8,down_proj,125,0.9996674060821533
stacked_lora,sst2,all,8,down_proj,126,0.9988057017326355
stacked_lora,sst2,all,8,down_proj,127,0.9955914616584778
stacked_lora,sst2,all,8,down_proj,128,0.9957965612411499
stacked_lora,sst2,all,8,down_proj,129,0.9996269345283508
stacked_lora,sst2,all,8,down_proj,130,0.9998566508293152
stacked_lora,sst2,all,8,down_proj,131,0.9993996024131775
stacked_lora,sst2,all,8,down_proj,132,0.999713122844696
stacked_lora,sst2,all,8,down_proj,133,0.9998301863670349
stacked_lora,sst2,all,8,down_proj,134,0.9756817817687988
stacked_lora,sst2,all,8,down_proj,135,0.9755100011825562
stacked_lora,sst2,all,8,down_proj,136,0.9978199005126953
stacked_lora,sst2,all,8,down_proj,137,0.9887718558311462
stacked_lora,sst2,all,8,down_proj,138,0.9910780191421509
stacked_lora,sst2,all,8,down_proj,139,0.9947826266288757
stacked_lora,sst2,all,8,down_proj,140,0.9989883899688721
stacked_lora,sst2,all,8,down_proj,141,0.9976274967193604
stacked_lora,sst2,all,8,down_proj,142,0.9975960850715637
stacked_lora,sst2,all,8,down_proj,143,0.9990563988685608
stacked_lora,sst2,all,8,down_proj,144,0.9993621706962585
stacked_lora,sst2,all,8,down_proj,145,0.9973467588424683
stacked_lora,sst2,all,8,down_proj,146,0.9967337250709534
stacked_lora,sst2,all,8,down_proj,147,0.9991069436073303
stacked_lora,sst2,all,8,down_proj,148,0.999567985534668
stacked_lora,sst2,all,8,down_proj,149,0.9979968667030334
stacked_lora,sst2,all,8,down_proj,150,0.998107373714447
stacked_lora,sst2,all,15,q_proj,1,1.0000008344650269
stacked_lora,sst2,all,15,q_proj,2,0.9999998807907104
stacked_lora,sst2,all,15,q_proj,3,0.9999996423721313
stacked_lora,sst2,all,15,q_proj,4,0.9999994039535522
stacked_lora,sst2,all,15,q_proj,5,0.999998927116394
stacked_lora,sst2,all,15,q_proj,6,0.9999986886978149
stacked_lora,sst2,all,15,q_proj,7,0.9999890327453613
stacked_lora,sst2,all,15,q_proj,8,0.9999886751174927
stacked_lora,sst2,all,15,q_proj,9,0.9999980926513672
stacked_lora,sst2,all,15,q_proj,10,0.999997615814209
stacked_lora,sst2,all,15,q_proj,11,0.9999983906745911
stacked_lora,sst2,all,15,q_proj,12,0.9999988079071045
stacked_lora,sst2,all,15,q_proj,13,0.9999988079071045
stacked_lora,sst2,all,15,q_proj,14,0.999998927116394
stacked_lora,sst2,all,15,q_proj,15,0.9999967813491821
stacked_lora,sst2,all,15,q_proj,16,0.9999983310699463
stacked_lora,sst2,all,15,q_proj,17,0.9999985694885254
stacked_lora,sst2,all,15,q_proj,18,0.9999986290931702
stacked_lora,sst2,all,15,q_proj,19,0.9999957084655762
stacked_lora,sst2,all,15,q_proj,20,0.9999930262565613
stacked_lora,sst2,all,15,q_proj,21,0.9999921917915344
stacked_lora,sst2,all,15,q_proj,22,0.999984860420227
stacked_lora,sst2,all,15,q_proj,23,0.9999896883964539
stacked_lora,sst2,all,15,q_proj,24,0.999998927116394
stacked_lora,sst2,all,15,q_proj,25,0.9999997615814209
stacked_lora,sst2,all,15,q_proj,26,0.9999988079071045
stacked_lora,sst2,all,15,q_proj,27,0.9999986886978149
stacked_lora,sst2,all,15,q_proj,28,0.9999929666519165
stacked_lora,sst2,all,15,q_proj,29,0.9999916553497314
stacked_lora,sst2,all,15,q_proj,30,0.9999978542327881
stacked_lora,sst2,all,15,q_proj,31,0.9999918937683105
stacked_lora,sst2,all,15,q_proj,32,0.9999920129776001
stacked_lora,sst2,all,15,q_proj,33,0.9999982118606567
stacked_lora,sst2,all,15,q_proj,34,0.9999971389770508
stacked_lora,sst2,all,15,q_proj,35,0.9999979138374329
stacked_lora,sst2,all,15,q_proj,36,0.9999959468841553
stacked_lora,sst2,all,15,q_proj,37,0.9999942779541016
stacked_lora,sst2,all,15,q_proj,38,0.9999983310699463
stacked_lora,sst2,all,15,q_proj,39,0.999990701675415
stacked_lora,sst2,all,15,q_proj,40,0.9999930262565613
stacked_lora,sst2,all,15,q_proj,41,0.9999567270278931
stacked_lora,sst2,all,15,q_proj,42,0.9999599456787109
stacked_lora,sst2,all,15,q_proj,43,0.9999958872795105
stacked_lora,sst2,all,15,q_proj,44,0.9999932646751404
stacked_lora,sst2,all,15,q_proj,45,0.9999951124191284
stacked_lora,sst2,all,15,q_proj,46,0.9999969601631165
stacked_lora,sst2,all,15,q_proj,47,0.9999939203262329
stacked_lora,sst2,all,15,q_proj,48,0.9999942183494568
stacked_lora,sst2,all,15,q_proj,49,0.9999929666519165
stacked_lora,sst2,all,15,q_proj,50,0.9999926090240479
stacked_lora,sst2,all,15,q_proj,51,0.9999939203262329
stacked_lora,sst2,all,15,q_proj,52,0.9999921321868896
stacked_lora,sst2,all,15,q_proj,53,0.9999860525131226
stacked_lora,sst2,all,15,q_proj,54,0.9999828338623047
stacked_lora,sst2,all,15,q_proj,55,0.9999904632568359
stacked_lora,sst2,all,15,q_proj,56,0.9999915361404419
stacked_lora,sst2,all,15,q_proj,57,0.9999944567680359
stacked_lora,sst2,all,15,q_proj,58,0.999992311000824
stacked_lora,sst2,all,15,q_proj,59,0.9999895691871643
stacked_lora,sst2,all,15,q_proj,60,0.9999862313270569
stacked_lora,sst2,all,15,q_proj,61,0.9999774098396301
stacked_lora,sst2,all,15,q_proj,62,0.999973475933075
stacked_lora,sst2,all,15,q_proj,63,0.9999830722808838
stacked_lora,sst2,all,15,q_proj,64,0.9999831914901733
stacked_lora,sst2,all,15,q_proj,65,0.9999825954437256
stacked_lora,sst2,all,15,q_proj,66,0.9999902248382568
stacked_lora,sst2,all,15,q_proj,67,0.9999802112579346
stacked_lora,sst2,all,15,q_proj,68,0.9999651312828064
stacked_lora,sst2,all,15,q_proj,69,0.9999561309814453
stacked_lora,sst2,all,15,q_proj,70,0.9999793171882629
stacked_lora,sst2,all,15,q_proj,71,0.9999774694442749
stacked_lora,sst2,all,15,q_proj,72,0.9999853372573853
stacked_lora,sst2,all,15,q_proj,73,0.9999748468399048
stacked_lora,sst2,all,15,q_proj,74,0.9999862313270569
stacked_lora,sst2,all,15,q_proj,75,0.9999188184738159
stacked_lora,sst2,all,15,q_proj,76,0.9999464154243469
stacked_lora,sst2,all,15,q_proj,77,0.9999757409095764
stacked_lora,sst2,all,15,q_proj,78,0.9999704957008362
stacked_lora,sst2,all,15,q_proj,79,0.9999637007713318
stacked_lora,sst2,all,15,q_proj,80,0.999977707862854
stacked_lora,sst2,all,15,q_proj,81,0.9999814629554749
stacked_lora,sst2,all,15,q_proj,82,0.9999849200248718
stacked_lora,sst2,all,15,q_proj,83,0.9999610185623169
stacked_lora,sst2,all,15,q_proj,84,0.9999623894691467
stacked_lora,sst2,all,15,q_proj,85,0.9999825954437256
stacked_lora,sst2,all,15,q_proj,86,0.999980092048645
stacked_lora,sst2,all,15,q_proj,87,0.999958336353302
stacked_lora,sst2,all,15,q_proj,88,0.9999716281890869
stacked_lora,sst2,all,15,q_proj,89,0.9999173283576965
stacked_lora,sst2,all,15,q_proj,90,0.9997304677963257
stacked_lora,sst2,all,15,q_proj,91,0.9997410178184509
stacked_lora,sst2,all,15,q_proj,92,0.999983549118042
stacked_lora,sst2,all,15,q_proj,93,0.9999628663063049
stacked_lora,sst2,all,15,q_proj,94,0.9999365210533142
stacked_lora,sst2,all,15,q_proj,95,0.9999845623970032
stacked_lora,sst2,all,15,q_proj,96,0.9999836087226868
stacked_lora,sst2,all,15,q_proj,97,0.9999638795852661
stacked_lora,sst2,all,15,q_proj,98,0.999962568283081
stacked_lora,sst2,all,15,q_proj,99,0.9999456405639648
stacked_lora,sst2,all,15,q_proj,100,0.9999511241912842
stacked_lora,sst2,all,15,q_proj,101,0.9998481869697571
stacked_lora,sst2,all,15,q_proj,102,0.9998772144317627
stacked_lora,sst2,all,15,q_proj,103,0.9999753832817078
stacked_lora,sst2,all,15,q_proj,104,0.9999750256538391
stacked_lora,sst2,all,15,q_proj,105,0.9999790191650391
stacked_lora,sst2,all,15,q_proj,106,0.9999775290489197
stacked_lora,sst2,all,15,q_proj,107,0.9997652173042297
stacked_lora,sst2,all,15,q_proj,108,0.9997517466545105
stacked_lora,sst2,all,15,q_proj,109,0.9999351501464844
stacked_lora,sst2,all,15,q_proj,110,0.9999503493309021
stacked_lora,sst2,all,15,q_proj,111,0.9999604225158691
stacked_lora,sst2,all,15,q_proj,112,0.9999363422393799
stacked_lora,sst2,all,15,q_proj,113,0.9999729990959167
stacked_lora,sst2,all,15,q_proj,114,0.9998652338981628
stacked_lora,sst2,all,15,q_proj,115,0.9998766779899597
stacked_lora,sst2,all,15,q_proj,116,0.9998089671134949
stacked_lora,sst2,all,15,q_proj,117,0.9998847246170044
stacked_lora,sst2,all,15,q_proj,118,0.9999318718910217
stacked_lora,sst2,all,15,q_proj,119,0.99990314245224
stacked_lora,sst2,all,15,q_proj,120,0.9999361634254456
stacked_lora,sst2,all,15,q_proj,121,0.9999362230300903
stacked_lora,sst2,all,15,q_proj,122,0.9999701380729675
stacked_lora,sst2,all,15,q_proj,123,0.9998593330383301
stacked_lora,sst2,all,15,q_proj,124,0.999856173992157
stacked_lora,sst2,all,15,q_proj,125,0.9988129734992981
stacked_lora,sst2,all,15,q_proj,126,0.9988678097724915
stacked_lora,sst2,all,15,q_proj,127,0.9998704195022583
stacked_lora,sst2,all,15,q_proj,128,0.9999069571495056
stacked_lora,sst2,all,15,q_proj,129,0.9994915723800659
stacked_lora,sst2,all,15,q_proj,130,0.9995208978652954
stacked_lora,sst2,all,15,q_proj,131,0.9999251961708069
stacked_lora,sst2,all,15,q_proj,132,0.9998751282691956
stacked_lora,sst2,all,15,q_proj,133,0.9998634457588196
stacked_lora,sst2,all,15,q_proj,134,0.9999327659606934
stacked_lora,sst2,all,15,q_proj,135,0.9998807907104492
stacked_lora,sst2,all,15,q_proj,136,0.9999393224716187
stacked_lora,sst2,all,15,q_proj,137,0.9999306201934814
stacked_lora,sst2,all,15,q_proj,138,0.9999319911003113
stacked_lora,sst2,all,15,q_proj,139,0.9998432397842407
stacked_lora,sst2,all,15,q_proj,140,0.9998490810394287
stacked_lora,sst2,all,15,q_proj,141,0.9998573064804077
stacked_lora,sst2,all,15,q_proj,142,0.9998821020126343
stacked_lora,sst2,all,15,q_proj,143,0.9999579787254333
stacked_lora,sst2,all,15,q_proj,144,0.9999146461486816
stacked_lora,sst2,all,15,q_proj,145,0.9997087717056274
stacked_lora,sst2,all,15,q_proj,146,0.9996691942214966
stacked_lora,sst2,all,15,q_proj,147,0.9999020099639893
stacked_lora,sst2,all,15,q_proj,148,0.9999406337738037
stacked_lora,sst2,all,15,q_proj,149,0.9999663829803467
stacked_lora,sst2,all,15,q_proj,150,0.9996302127838135
stacked_lora,sst2,all,15,v_proj,1,0.9999958872795105
stacked_lora,sst2,all,15,v_proj,2,0.9999959468841553
stacked_lora,sst2,all,15,v_proj,3,0.9999977946281433
stacked_lora,sst2,all,15,v_proj,4,0.9999918937683105
stacked_lora,sst2,all,15,v_proj,5,0.999981164932251
stacked_lora,sst2,all,15,v_proj,6,0.9999778270721436
stacked_lora,sst2,all,15,v_proj,7,0.9999924898147583
stacked_lora,sst2,all,15,v_proj,8,0.9999936819076538
stacked_lora,sst2,all,15,v_proj,9,0.9999910593032837
stacked_lora,sst2,all,15,v_proj,10,0.9999826550483704
stacked_lora,sst2,all,15,v_proj,11,0.9999935030937195
stacked_lora,sst2,all,15,v_proj,12,0.999944806098938
stacked_lora,sst2,all,15,v_proj,13,0.9999496936798096
stacked_lora,sst2,all,15,v_proj,14,0.9999650716781616
stacked_lora,sst2,all,15,v_proj,15,0.9996575117111206
stacked_lora,sst2,all,15,v_proj,16,0.9996626377105713
stacked_lora,sst2,all,15,v_proj,17,0.9999862313270569
stacked_lora,sst2,all,15,v_proj,18,0.9999759197235107
stacked_lora,sst2,all,15,v_proj,19,0.9999760389328003
stacked_lora,sst2,all,15,v_proj,20,0.9999788999557495
stacked_lora,sst2,all,15,v_proj,21,0.999966025352478
stacked_lora,sst2,all,15,v_proj,22,0.9999725222587585
stacked_lora,sst2,all,15,v_proj,23,0.9999808073043823
stacked_lora,sst2,all,15,v_proj,24,0.9999804496765137
stacked_lora,sst2,all,15,v_proj,25,0.999971330165863
stacked_lora,sst2,all,15,v_proj,26,0.9999639987945557
stacked_lora,sst2,all,15,v_proj,27,0.9999698400497437
stacked_lora,sst2,all,15,v_proj,28,0.9999257326126099
stacked_lora,sst2,all,15,v_proj,29,0.9999446868896484
stacked_lora,sst2,all,15,v_proj,30,0.9999793767929077
stacked_lora,sst2,all,15,v_proj,31,0.9999788999557495
stacked_lora,sst2,all,15,v_proj,32,0.9999899864196777
stacked_lora,sst2,all,15,v_proj,33,0.9999810457229614
stacked_lora,sst2,all,15,v_proj,34,0.9999911785125732
stacked_lora,sst2,all,15,v_proj,35,0.9999849200248718
stacked_lora,sst2,all,15,v_proj,36,0.9999819993972778
stacked_lora,sst2,all,15,v_proj,37,0.9999805688858032
stacked_lora,sst2,all,15,v_proj,38,0.9999809265136719
stacked_lora,sst2,all,15,v_proj,39,0.9999826550483704
stacked_lora,sst2,all,15,v_proj,40,0.9999778270721436
stacked_lora,sst2,all,15,v_proj,41,0.9999176263809204
stacked_lora,sst2,all,15,v_proj,42,0.9999075531959534
stacked_lora,sst2,all,15,v_proj,43,0.999962568283081
stacked_lora,sst2,all,15,v_proj,44,0.9999811053276062
stacked_lora,sst2,all,15,v_proj,45,0.999969482421875
stacked_lora,sst2,all,15,v_proj,46,0.9999110102653503
stacked_lora,sst2,all,15,v_proj,47,0.9999217391014099
stacked_lora,sst2,all,15,v_proj,48,0.9999743700027466
stacked_lora,sst2,all,15,v_proj,49,0.9999908208847046
stacked_lora,sst2,all,15,v_proj,50,0.9999839067459106
stacked_lora,sst2,all,15,v_proj,51,0.9999762773513794
stacked_lora,sst2,all,15,v_proj,52,0.9999721050262451
stacked_lora,sst2,all,15,v_proj,53,0.999987006187439
stacked_lora,sst2,all,15,v_proj,54,0.999933123588562
stacked_lora,sst2,all,15,v_proj,55,0.9999300241470337
stacked_lora,sst2,all,15,v_proj,56,0.9999350309371948
stacked_lora,sst2,all,15,v_proj,57,0.9999187588691711
stacked_lora,sst2,all,15,v_proj,58,0.9999920129776001
stacked_lora,sst2,all,15,v_proj,59,0.999981164932251
stacked_lora,sst2,all,15,v_proj,60,0.9999777674674988
stacked_lora,sst2,all,15,v_proj,61,0.9999908804893494
stacked_lora,sst2,all,15,v_proj,62,0.9999786615371704
stacked_lora,sst2,all,15,v_proj,63,0.9999808073043823
stacked_lora,sst2,all,15,v_proj,64,0.9999949932098389
stacked_lora,sst2,all,15,v_proj,65,0.9999918937683105
stacked_lora,sst2,all,15,v_proj,66,0.9999893307685852
stacked_lora,sst2,all,15,v_proj,67,0.9999047517776489
stacked_lora,sst2,all,15,v_proj,68,0.9999279379844666
stacked_lora,sst2,all,15,v_proj,69,0.9999912977218628
stacked_lora,sst2,all,15,v_proj,70,0.9999762773513794
stacked_lora,sst2,all,15,v_proj,71,0.9999784827232361
stacked_lora,sst2,all,15,v_proj,72,0.9999144077301025
stacked_lora,sst2,all,15,v_proj,73,0.9999204874038696
stacked_lora,sst2,all,15,v_proj,74,0.9998441934585571
stacked_lora,sst2,all,15,v_proj,75,0.9998021721839905
stacked_lora,sst2,all,15,v_proj,76,0.9999706149101257
stacked_lora,sst2,all,15,v_proj,77,0.9998569488525391
stacked_lora,sst2,all,15,v_proj,78,0.9998595118522644
stacked_lora,sst2,all,15,v_proj,79,0.9999729990959167
stacked_lora,sst2,all,15,v_proj,80,0.9999573230743408
stacked_lora,sst2,all,15,v_proj,81,0.9999059438705444
stacked_lora,sst2,all,15,v_proj,82,0.9998370409011841
stacked_lora,sst2,all,15,v_proj,83,0.9997707009315491
stacked_lora,sst2,all,15,v_proj,84,0.9997009038925171
stacked_lora,sst2,all,15,v_proj,85,0.9997981190681458
stacked_lora,sst2,all,15,v_proj,86,0.9998880624771118
stacked_lora,sst2,all,15,v_proj,87,0.99991375207901
stacked_lora,sst2,all,15,v_proj,88,0.999871015548706
stacked_lora,sst2,all,15,v_proj,89,0.9998237490653992
stacked_lora,sst2,all,15,v_proj,90,0.9998805522918701
stacked_lora,sst2,all,15,v_proj,91,0.9998734593391418
stacked_lora,sst2,all,15,v_proj,92,0.9998353719711304
stacked_lora,sst2,all,15,v_proj,93,0.9999042749404907
stacked_lora,sst2,all,15,v_proj,94,0.9998816847801208
stacked_lora,sst2,all,15,v_proj,95,0.9998944401741028
stacked_lora,sst2,all,15,v_proj,96,0.9964956641197205
stacked_lora,sst2,all,15,v_proj,97,0.9962280988693237
stacked_lora,sst2,all,15,v_proj,98,0.9995031356811523
stacked_lora,sst2,all,15,v_proj,99,0.9997954964637756
stacked_lora,sst2,all,15,v_proj,100,0.9999174475669861
stacked_lora,sst2,all,15,v_proj,101,0.9997865557670593
stacked_lora,sst2,all,15,v_proj,102,0.9998387694358826
stacked_lora,sst2,all,15,v_proj,103,0.9999253153800964
stacked_lora,sst2,all,15,v_proj,104,0.99986732006073
stacked_lora,sst2,all,15,v_proj,105,0.9998301863670349
stacked_lora,sst2,all,15,v_proj,106,0.9983450770378113
stacked_lora,sst2,all,15,v_proj,107,0.9980142116546631
stacked_lora,sst2,all,15,v_proj,108,0.9987940192222595
stacked_lora,sst2,all,15,v_proj,109,0.9986181259155273
stacked_lora,sst2,all,15,v_proj,110,0.9997072815895081
stacked_lora,sst2,all,15,v_proj,111,0.999504029750824
stacked_lora,sst2,all,15,v_proj,112,0.9993807077407837
stacked_lora,sst2,all,15,v_proj,113,0.9997630715370178
stacked_lora,sst2,all,15,v_proj,114,0.998687744140625
stacked_lora,sst2,all,15,v_proj,115,0.9986705183982849
stacked_lora,sst2,all,15,v_proj,116,0.999386191368103
stacked_lora,sst2,all,15,v_proj,117,0.9990878701210022
stacked_lora,sst2,all,15,v_proj,118,0.9976370930671692
stacked_lora,sst2,all,15,v_proj,119,0.9977411031723022
stacked_lora,sst2,all,15,v_proj,120,0.9994056224822998
stacked_lora,sst2,all,15,v_proj,121,0.9994314312934875
stacked_lora,sst2,all,15,v_proj,122,0.9997237920761108
stacked_lora,sst2,all,15,v_proj,123,0.999493420124054
stacked_lora,sst2,all,15,v_proj,124,0.9995256066322327
stacked_lora,sst2,all,15,v_proj,125,0.9996949434280396
stacked_lora,sst2,all,15,v_proj,126,0.9995251297950745
stacked_lora,sst2,all,15,v_proj,127,0.9987272620201111
stacked_lora,sst2,all,15,v_proj,128,0.998009443283081
stacked_lora,sst2,all,15,v_proj,129,0.9988349676132202
stacked_lora,sst2,all,15,v_proj,130,0.9973552823066711
stacked_lora,sst2,all,15,v_proj,131,0.9973206520080566
stacked_lora,sst2,all,15,v_proj,132,0.9985760450363159
stacked_lora,sst2,all,15,v_proj,133,0.9985818862915039
stacked_lora,sst2,all,15,v_proj,134,0.9994351863861084
stacked_lora,sst2,all,15,v_proj,135,0.9990423917770386
stacked_lora,sst2,all,15,v_proj,136,0.9990147352218628
stacked_lora,sst2,all,15,v_proj,137,0.999178946018219
stacked_lora,sst2,all,15,v_proj,138,0.999319314956665
stacked_lora,sst2,all,15,v_proj,139,0.9970354437828064
stacked_lora,sst2,all,15,v_proj,140,0.9966744184494019
stacked_lora,sst2,all,15,v_proj,141,0.9996763467788696
stacked_lora,sst2,all,15,v_proj,142,0.9972931146621704
stacked_lora,sst2,all,15,v_proj,143,0.997516393661499
stacked_lora,sst2,all,15,v_proj,144,0.9996526837348938
stacked_lora,sst2,all,15,v_proj,145,0.9995073676109314
stacked_lora,sst2,all,15,v_proj,146,0.9995967149734497
stacked_lora,sst2,all,15,v_proj,147,0.999589204788208
stacked_lora,sst2,all,15,v_proj,148,0.9985120296478271
stacked_lora,sst2,all,15,v_proj,149,0.9986423254013062
stacked_lora,sst2,all,15,v_proj,150,0.9992907047271729
stacked_lora,sst2,all,15,up_proj,1,0.999999463558197
stacked_lora,sst2,all,15,up_proj,2,1.0000004768371582
stacked_lora,sst2,all,15,up_proj,3,0.9999995231628418
stacked_lora,sst2,all,15,up_proj,4,0.9999975562095642
stacked_lora,sst2,all,15,up_proj,5,0.9999956488609314
stacked_lora,sst2,all,15,up_proj,6,0.999994158744812
stacked_lora,sst2,all,15,up_proj,7,0.999997079372406
stacked_lora,sst2,all,15,up_proj,8,0.9999979734420776
stacked_lora,sst2,all,15,up_proj,9,0.9999969601631165
stacked_lora,sst2,all,15,up_proj,10,0.9999974370002747
stacked_lora,sst2,all,15,up_proj,11,0.9999974966049194
stacked_lora,sst2,all,15,up_proj,12,0.9999974966049194
stacked_lora,sst2,all,15,up_proj,13,0.9999876618385315
stacked_lora,sst2,all,15,up_proj,14,0.9999885559082031
stacked_lora,sst2,all,15,up_proj,15,0.9999936819076538
stacked_lora,sst2,all,15,up_proj,16,0.9999913573265076
stacked_lora,sst2,all,15,up_proj,17,0.9999963045120239
stacked_lora,sst2,all,15,up_proj,18,0.9999935626983643
stacked_lora,sst2,all,15,up_proj,19,0.9999942779541016
stacked_lora,sst2,all,15,up_proj,20,0.9999931454658508
stacked_lora,sst2,all,15,up_proj,21,0.999994158744812
stacked_lora,sst2,all,15,up_proj,22,0.9999948143959045
stacked_lora,sst2,all,15,up_proj,23,0.9999879002571106
stacked_lora,sst2,all,15,up_proj,24,0.9999657869338989
stacked_lora,sst2,all,15,up_proj,25,0.9999679327011108
stacked_lora,sst2,all,15,up_proj,26,0.9999803900718689
stacked_lora,sst2,all,15,up_proj,27,0.9999831914901733
stacked_lora,sst2,all,15,up_proj,28,0.9999916553497314
stacked_lora,sst2,all,15,up_proj,29,0.9999945759773254
stacked_lora,sst2,all,15,up_proj,30,0.999988853931427
stacked_lora,sst2,all,15,up_proj,31,0.9999867677688599
stacked_lora,sst2,all,15,up_proj,32,0.9999880194664001
stacked_lora,sst2,all,15,up_proj,33,0.9999846816062927
stacked_lora,sst2,all,15,up_proj,34,0.999986469745636
stacked_lora,sst2,all,15,up_proj,35,0.9999741911888123
stacked_lora,sst2,all,15,up_proj,36,0.9999424815177917
stacked_lora,sst2,all,15,up_proj,37,0.9999514222145081
stacked_lora,sst2,all,15,up_proj,38,0.9999725222587585
stacked_lora,sst2,all,15,up_proj,39,0.9997212290763855
stacked_lora,sst2,all,15,up_proj,40,0.9997079968452454
stacked_lora,sst2,all,15,up_proj,41,0.9999769330024719
stacked_lora,sst2,all,15,up_proj,42,0.9999376535415649
stacked_lora,sst2,all,15,up_proj,43,0.9999459385871887
stacked_lora,sst2,all,15,up_proj,44,0.9998152256011963
stacked_lora,sst2,all,15,up_proj,45,0.9997690320014954
stacked_lora,sst2,all,15,up_proj,46,0.9999310970306396
stacked_lora,sst2,all,15,up_proj,47,0.9999754428863525
stacked_lora,sst2,all,15,up_proj,48,0.9999820590019226
stacked_lora,sst2,all,15,up_proj,49,0.9999672770500183
stacked_lora,sst2,all,15,up_proj,50,0.9999483227729797
stacked_lora,sst2,all,15,up_proj,51,0.9999799728393555
stacked_lora,sst2,all,15,up_proj,52,0.9999517202377319
stacked_lora,sst2,all,15,up_proj,53,0.9999443292617798
stacked_lora,sst2,all,15,up_proj,54,0.9999339580535889
stacked_lora,sst2,all,15,up_proj,55,0.9998684525489807
stacked_lora,sst2,all,15,up_proj,56,0.9996303915977478
stacked_lora,sst2,all,15,up_proj,57,0.9996397495269775
stacked_lora,sst2,all,15,up_proj,58,0.9995814561843872
stacked_lora,sst2,all,15,up_proj,59,0.9995127320289612
stacked_lora,sst2,all,15,up_proj,60,0.9999082684516907
stacked_lora,sst2,all,15,up_proj,61,0.9998356103897095
stacked_lora,sst2,all,15,up_proj,62,0.9999035000801086
stacked_lora,sst2,all,15,up_proj,63,0.9996317625045776
stacked_lora,sst2,all,15,up_proj,64,0.99993497133255
stacked_lora,sst2,all,15,up_proj,65,0.9997355937957764
stacked_lora,sst2,all,15,up_proj,66,0.9998664855957031
stacked_lora,sst2,all,15,up_proj,67,0.9996054768562317
stacked_lora,sst2,all,15,up_proj,68,0.9997671842575073
stacked_lora,sst2,all,15,up_proj,69,0.993752121925354
stacked_lora,sst2,all,15,up_proj,70,0.9937899112701416
stacked_lora,sst2,all,15,up_proj,71,0.999404788017273
stacked_lora,sst2,all,15,up_proj,72,0.999411940574646
stacked_lora,sst2,all,15,up_proj,73,0.9998526573181152
stacked_lora,sst2,all,15,up_proj,74,0.9996380805969238
stacked_lora,sst2,all,15,up_proj,75,0.9996679425239563
stacked_lora,sst2,all,15,up_proj,76,0.9995834231376648
stacked_lora,sst2,all,15,up_proj,77,0.9997918009757996
stacked_lora,sst2,all,15,up_proj,78,0.9986588358879089
stacked_lora,sst2,all,15,up_proj,79,0.9985775351524353
stacked_lora,sst2,all,15,up_proj,80,0.9997437000274658
stacked_lora,sst2,all,15,up_proj,81,0.9998951554298401
stacked_lora,sst2,all,15,up_proj,82,0.9995644688606262
stacked_lora,sst2,all,15,up_proj,83,0.9998633861541748
stacked_lora,sst2,all,15,up_proj,84,0.9994176030158997
stacked_lora,sst2,all,15,up_proj,85,0.9969257712364197
stacked_lora,sst2,all,15,up_proj,86,0.9968249201774597
stacked_lora,sst2,all,15,up_proj,87,0.9997435808181763
stacked_lora,sst2,all,15,up_proj,88,0.9997273087501526
stacked_lora,sst2,all,15,up_proj,89,0.99981290102005
stacked_lora,sst2,all,15,up_proj,90,0.9997105598449707
stacked_lora,sst2,all,15,up_proj,91,0.9994713068008423
stacked_lora,sst2,all,15,up_proj,92,0.999201238155365
stacked_lora,sst2,all,15,up_proj,93,0.999626636505127
stacked_lora,sst2,all,15,up_proj,94,0.9996007680892944
stacked_lora,sst2,all,15,up_proj,95,0.9889099597930908
stacked_lora,sst2,all,15,up_proj,96,0.9886394143104553
stacked_lora,sst2,all,15,up_proj,97,0.9998935461044312
stacked_lora,sst2,all,15,up_proj,98,0.9955057501792908
stacked_lora,sst2,all,15,up_proj,99,0.9955992102622986
stacked_lora,sst2,all,15,up_proj,100,0.999530553817749
stacked_lora,sst2,all,15,up_proj,101,0.9998000860214233
stacked_lora,sst2,all,15,up_proj,102,0.9998177886009216
stacked_lora,sst2,all,15,up_proj,103,0.9990601539611816
stacked_lora,sst2,all,15,up_proj,104,0.9991536736488342
stacked_lora,sst2,all,15,up_proj,105,0.9998250007629395
stacked_lora,sst2,all,15,up_proj,106,0.9982181787490845
stacked_lora,sst2,all,15,up_proj,107,0.9980077147483826
stacked_lora,sst2,all,15,up_proj,108,0.9997161626815796
stacked_lora,sst2,all,15,up_proj,109,0.9976795315742493
stacked_lora,sst2,all,15,up_proj,110,0.9970628619194031
stacked_lora,sst2,all,15,up_proj,111,0.9991923570632935
stacked_lora,sst2,all,15,up_proj,112,0.9996662139892578
stacked_lora,sst2,all,15,up_proj,113,0.9998764991760254
stacked_lora,sst2,all,15,up_proj,114,0.9997956156730652
stacked_lora,sst2,all,15,up_proj,115,0.9998453855514526
stacked_lora,sst2,all,15,up_proj,116,0.999661922454834
stacked_lora,sst2,all,15,up_proj,117,0.9997072815895081
stacked_lora,sst2,all,15,up_proj,118,0.9988935589790344
stacked_lora,sst2,all,15,up_proj,119,0.9990848898887634
stacked_lora,sst2,all,15,up_proj,120,0.9994551539421082
stacked_lora,sst2,all,15,up_proj,121,0.999397873878479
stacked_lora,sst2,all,15,up_proj,122,0.9996224641799927
stacked_lora,sst2,all,15,up_proj,123,0.9993202090263367
stacked_lora,sst2,all,15,up_proj,124,0.9989758133888245
stacked_lora,sst2,all,15,up_proj,125,0.9991355538368225
stacked_lora,sst2,all,15,up_proj,126,0.9981187582015991
stacked_lora,sst2,all,15,up_proj,127,0.9980257749557495
stacked_lora,sst2,all,15,up_proj,128,0.998938262462616
stacked_lora,sst2,all,15,up_proj,129,0.9986646175384521
stacked_lora,sst2,all,15,up_proj,130,0.9986443519592285
stacked_lora,sst2,all,15,up_proj,131,0.9992717504501343
stacked_lora,sst2,all,15,up_proj,132,0.9993323683738708
stacked_lora,sst2,all,15,up_proj,133,0.9991629719734192
stacked_lora,sst2,all,15,up_proj,134,0.9996251463890076
stacked_lora,sst2,all,15,up_proj,135,0.9954304695129395
stacked_lora,sst2,all,15,up_proj,136,0.9948635697364807
stacked_lora,sst2,all,15,up_proj,137,0.999285876750946
stacked_lora,sst2,all,15,up_proj,138,0.9979033470153809
stacked_lora,sst2,all,15,up_proj,139,0.9980848431587219
stacked_lora,sst2,all,15,up_proj,140,0.9997715950012207
stacked_lora,sst2,all,15,up_proj,141,0.9993862509727478
stacked_lora,sst2,all,15,up_proj,142,0.9982572197914124
stacked_lora,sst2,all,15,up_proj,143,0.9978730082511902
stacked_lora,sst2,all,15,up_proj,144,0.9990764856338501
stacked_lora,sst2,all,15,up_proj,145,0.9992563724517822
stacked_lora,sst2,all,15,up_proj,146,0.9984156489372253
stacked_lora,sst2,all,15,up_proj,147,0.999046802520752
stacked_lora,sst2,all,15,up_proj,148,0.9989159107208252
stacked_lora,sst2,all,15,up_proj,149,0.9985721111297607
stacked_lora,sst2,all,15,up_proj,150,0.9995976686477661
stacked_lora,sst2,all,15,down_proj,1,1.0000005960464478
stacked_lora,sst2,all,15,down_proj,2,0.9999998211860657
stacked_lora,sst2,all,15,down_proj,3,1.0000001192092896
stacked_lora,sst2,all,15,down_proj,4,0.9999988675117493
stacked_lora,sst2,all,15,down_proj,5,0.9999994039535522
stacked_lora,sst2,all,15,down_proj,6,0.9999995827674866
stacked_lora,sst2,all,15,down_proj,7,0.9999919533729553
stacked_lora,sst2,all,15,down_proj,8,0.9999920725822449
stacked_lora,sst2,all,15,down_proj,9,0.9999960064888
stacked_lora,sst2,all,15,down_proj,10,0.9999956488609314
stacked_lora,sst2,all,15,down_proj,11,0.9999917149543762
stacked_lora,sst2,all,15,down_proj,12,0.9999936819076538
stacked_lora,sst2,all,15,down_proj,13,0.9998595118522644
stacked_lora,sst2,all,15,down_proj,14,0.9998547434806824
stacked_lora,sst2,all,15,down_proj,15,0.9999935626983643
stacked_lora,sst2,all,15,down_proj,16,0.9999779462814331
stacked_lora,sst2,all,15,down_proj,17,0.999972403049469
stacked_lora,sst2,all,15,down_proj,18,0.9999890327453613
stacked_lora,sst2,all,15,down_proj,19,0.9999858736991882
stacked_lora,sst2,all,15,down_proj,20,0.9999853372573853
stacked_lora,sst2,all,15,down_proj,21,0.9999756813049316
stacked_lora,sst2,all,15,down_proj,22,0.9999918341636658
stacked_lora,sst2,all,15,down_proj,23,0.9999688863754272
stacked_lora,sst2,all,15,down_proj,24,0.9999462366104126
stacked_lora,sst2,all,15,down_proj,25,0.9999464154243469
stacked_lora,sst2,all,15,down_proj,26,0.9998555779457092
stacked_lora,sst2,all,15,down_proj,27,0.9998710751533508
stacked_lora,sst2,all,15,down_proj,28,0.9999654293060303
stacked_lora,sst2,all,15,down_proj,29,0.9999715089797974
stacked_lora,sst2,all,15,down_proj,30,0.9999351501464844
stacked_lora,sst2,all,15,down_proj,31,0.9999167919158936
stacked_lora,sst2,all,15,down_proj,32,0.9999561905860901
stacked_lora,sst2,all,15,down_proj,33,0.9999679327011108
stacked_lora,sst2,all,15,down_proj,34,0.9999322295188904
stacked_lora,sst2,all,15,down_proj,35,0.9998850226402283
stacked_lora,sst2,all,15,down_proj,36,0.9998489618301392
stacked_lora,sst2,all,15,down_proj,37,0.9997791051864624
stacked_lora,sst2,all,15,down_proj,38,0.9999349117279053
stacked_lora,sst2,all,15,down_proj,39,0.9998667240142822
stacked_lora,sst2,all,15,down_proj,40,0.999927818775177
stacked_lora,sst2,all,15,down_proj,41,0.9998671412467957
stacked_lora,sst2,all,15,down_proj,42,0.9998831152915955
stacked_lora,sst2,all,15,down_proj,43,0.9998958110809326
stacked_lora,sst2,all,15,down_proj,44,0.9999682903289795
stacked_lora,sst2,all,15,down_proj,45,0.9999648928642273
stacked_lora,sst2,all,15,down_proj,46,0.9999820590019226
stacked_lora,sst2,all,15,down_proj,47,0.9998735189437866
stacked_lora,sst2,all,15,down_proj,48,0.9997568130493164
stacked_lora,sst2,all,15,down_proj,49,0.9998751878738403
stacked_lora,sst2,all,15,down_proj,50,0.9998248219490051
stacked_lora,sst2,all,15,down_proj,51,0.9999539852142334
stacked_lora,sst2,all,15,down_proj,52,0.9999632835388184
stacked_lora,sst2,all,15,down_proj,53,0.9999707341194153
stacked_lora,sst2,all,15,down_proj,54,0.9999596476554871
stacked_lora,sst2,all,15,down_proj,55,0.9999691247940063
stacked_lora,sst2,all,15,down_proj,56,0.9999812841415405
stacked_lora,sst2,all,15,down_proj,57,0.9999246001243591
stacked_lora,sst2,all,15,down_proj,58,0.9999176263809204
stacked_lora,sst2,all,15,down_proj,59,0.9999570250511169
stacked_lora,sst2,all,15,down_proj,60,0.9999749064445496
stacked_lora,sst2,all,15,down_proj,61,0.9998428821563721
stacked_lora,sst2,all,15,down_proj,62,0.9997261166572571
stacked_lora,sst2,all,15,down_proj,63,0.9998339414596558
stacked_lora,sst2,all,15,down_proj,64,0.9998708963394165
stacked_lora,sst2,all,15,down_proj,65,0.9996969699859619
stacked_lora,sst2,all,15,down_proj,66,0.9996434450149536
stacked_lora,sst2,all,15,down_proj,67,0.9999010562896729
stacked_lora,sst2,all,15,down_proj,68,0.9999521970748901
stacked_lora,sst2,all,15,down_proj,69,0.9999380707740784
stacked_lora,sst2,all,15,down_proj,70,0.9999459981918335
stacked_lora,sst2,all,15,down_proj,71,0.9999070763587952
stacked_lora,sst2,all,15,down_proj,72,0.999957799911499
stacked_lora,sst2,all,15,down_proj,73,0.9999054670333862
stacked_lora,sst2,all,15,down_proj,74,0.9999392032623291
stacked_lora,sst2,all,15,down_proj,75,0.999919593334198
stacked_lora,sst2,all,15,down_proj,76,0.9998782277107239
stacked_lora,sst2,all,15,down_proj,77,0.9998663663864136
stacked_lora,sst2,all,15,down_proj,78,0.9999265670776367
stacked_lora,sst2,all,15,down_proj,79,0.999929666519165
stacked_lora,sst2,all,15,down_proj,80,0.9999145865440369
stacked_lora,sst2,all,15,down_proj,81,0.9998687505722046
stacked_lora,sst2,all,15,down_proj,82,0.9999628067016602
stacked_lora,sst2,all,15,down_proj,83,0.9996996521949768
stacked_lora,sst2,all,15,down_proj,84,0.9997230768203735
stacked_lora,sst2,all,15,down_proj,85,0.9999011754989624
stacked_lora,sst2,all,15,down_proj,86,0.999896764755249
stacked_lora,sst2,all,15,down_proj,87,0.9999022483825684
stacked_lora,sst2,all,15,down_proj,88,0.9999365210533142
stacked_lora,sst2,all,15,down_proj,89,0.9999642968177795
stacked_lora,sst2,all,15,down_proj,90,0.9998548030853271
stacked_lora,sst2,all,15,down_proj,91,0.9999293088912964
stacked_lora,sst2,all,15,down_proj,92,0.9998341798782349
stacked_lora,sst2,all,15,down_proj,93,0.9998139142990112
stacked_lora,sst2,all,15,down_proj,94,0.9999414086341858
stacked_lora,sst2,all,15,down_proj,95,0.9995073080062866
stacked_lora,sst2,all,15,down_proj,96,0.9995673298835754
stacked_lora,sst2,all,15,down_proj,97,0.9998573660850525
stacked_lora,sst2,all,15,down_proj,98,0.999920666217804
stacked_lora,sst2,all,15,down_proj,99,0.999958336353302
stacked_lora,sst2,all,15,down_proj,100,0.9999638795852661
stacked_lora,sst2,all,15,down_proj,101,0.9999597668647766
stacked_lora,sst2,all,15,down_proj,102,0.9999440908432007
stacked_lora,sst2,all,15,down_proj,103,0.9999033212661743
stacked_lora,sst2,all,15,down_proj,104,0.9998534321784973
stacked_lora,sst2,all,15,down_proj,105,0.9997673034667969
stacked_lora,sst2,all,15,down_proj,106,0.999883234500885
stacked_lora,sst2,all,15,down_proj,107,0.9999511241912842
stacked_lora,sst2,all,15,down_proj,108,0.9999556541442871
stacked_lora,sst2,all,15,down_proj,109,0.9998892545700073
stacked_lora,sst2,all,15,down_proj,110,0.9999024868011475
stacked_lora,sst2,all,15,down_proj,111,0.9995181560516357
stacked_lora,sst2,all,15,down_proj,112,0.9996549487113953
stacked_lora,sst2,all,15,down_proj,113,0.999373733997345
stacked_lora,sst2,all,15,down_proj,114,0.9993331432342529
stacked_lora,sst2,all,15,down_proj,115,0.9999796748161316
stacked_lora,sst2,all,15,down_proj,116,0.99996417760849
stacked_lora,sst2,all,15,down_proj,117,0.9999372363090515
stacked_lora,sst2,all,15,down_proj,118,0.9999328851699829
stacked_lora,sst2,all,15,down_proj,119,0.9994709491729736
stacked_lora,sst2,all,15,down_proj,120,0.9993868470191956
stacked_lora,sst2,all,15,down_proj,121,0.9986515045166016
stacked_lora,sst2,all,15,down_proj,122,0.9986175894737244
stacked_lora,sst2,all,15,down_proj,123,0.9999346137046814
stacked_lora,sst2,all,15,down_proj,124,0.9998803734779358
stacked_lora,sst2,all,15,down_proj,125,0.9998881816864014
stacked_lora,sst2,all,15,down_proj,126,0.9997826218605042
stacked_lora,sst2,all,15,down_proj,127,0.9996269941329956
stacked_lora,sst2,all,15,down_proj,128,0.9996781349182129
stacked_lora,sst2,all,15,down_proj,129,0.9997965097427368
stacked_lora,sst2,all,15,down_proj,130,0.9997836351394653
stacked_lora,sst2,all,15,down_proj,131,0.9999123215675354
stacked_lora,sst2,all,15,down_proj,132,0.9999549388885498
stacked_lora,sst2,all,15,down_proj,133,0.9999406337738037
stacked_lora,sst2,all,15,down_proj,134,0.9978390336036682
stacked_lora,sst2,all,15,down_proj,135,0.9979250431060791
stacked_lora,sst2,all,15,down_proj,136,0.9997261166572571
stacked_lora,sst2,all,15,down_proj,137,0.9999070167541504
stacked_lora,sst2,all,15,down_proj,138,0.9999725222587585
stacked_lora,sst2,all,15,down_proj,139,0.9997681975364685
stacked_lora,sst2,all,15,down_proj,140,0.9998220801353455
stacked_lora,sst2,all,15,down_proj,141,0.99991375207901
stacked_lora,sst2,all,15,down_proj,142,0.9975192546844482
stacked_lora,sst2,all,15,down_proj,143,0.9974610209465027
stacked_lora,sst2,all,15,down_proj,144,0.999920666217804
stacked_lora,sst2,all,15,down_proj,145,0.999869167804718
stacked_lora,sst2,all,15,down_proj,146,0.9998382329940796
stacked_lora,sst2,all,15,down_proj,147,0.9998665452003479
stacked_lora,sst2,all,15,down_proj,148,0.9996559023857117
stacked_lora,sst2,all,15,down_proj,149,0.9996960163116455
stacked_lora,sst2,all,15,down_proj,150,0.9994686841964722
stacked_lora,winogrande,all,0,q_proj,1,0.9999996423721313
stacked_lora,winogrande,all,0,q_proj,2,1.0000004768371582
stacked_lora,winogrande,all,0,q_proj,3,1.0000004768371582
stacked_lora,winogrande,all,0,q_proj,4,0.9999991059303284
stacked_lora,winogrande,all,0,q_proj,5,0.9999991655349731
stacked_lora,winogrande,all,0,q_proj,6,0.9999995827674866
stacked_lora,winogrande,all,0,q_proj,7,0.999999463558197
stacked_lora,winogrande,all,0,q_proj,8,0.9999997019767761
stacked_lora,winogrande,all,0,q_proj,9,0.9999997615814209
stacked_lora,winogrande,all,0,q_proj,10,0.9999990463256836
stacked_lora,winogrande,all,0,q_proj,11,0.9999997019767761
stacked_lora,winogrande,all,0,q_proj,12,0.9999997019767761
stacked_lora,winogrande,all,0,q_proj,13,0.9999989867210388
stacked_lora,winogrande,all,0,q_proj,14,0.9999979734420776
stacked_lora,winogrande,all,0,q_proj,15,0.9999891519546509
stacked_lora,winogrande,all,0,q_proj,16,0.9999873638153076
stacked_lora,winogrande,all,0,q_proj,17,0.9999979138374329
stacked_lora,winogrande,all,0,q_proj,18,0.9999982714653015
stacked_lora,winogrande,all,0,q_proj,19,0.9999992251396179
stacked_lora,winogrande,all,0,q_proj,20,0.9999984502792358
stacked_lora,winogrande,all,0,q_proj,21,0.9999852776527405
stacked_lora,winogrande,all,0,q_proj,22,0.9999850988388062
stacked_lora,winogrande,all,0,q_proj,23,0.999995231628418
stacked_lora,winogrande,all,0,q_proj,24,0.9999975562095642
stacked_lora,winogrande,all,0,q_proj,25,0.9999924898147583
stacked_lora,winogrande,all,0,q_proj,26,0.9999920725822449
stacked_lora,winogrande,all,0,q_proj,27,0.9999336004257202
stacked_lora,winogrande,all,0,q_proj,28,0.999929666519165
stacked_lora,winogrande,all,0,q_proj,29,0.9999908804893494
stacked_lora,winogrande,all,0,q_proj,30,0.9999903440475464
stacked_lora,winogrande,all,0,q_proj,31,0.999994695186615
stacked_lora,winogrande,all,0,q_proj,32,0.9999738335609436
stacked_lora,winogrande,all,0,q_proj,33,0.9999755620956421
stacked_lora,winogrande,all,0,q_proj,34,0.9999901652336121
stacked_lora,winogrande,all,0,q_proj,35,0.9999878406524658
stacked_lora,winogrande,all,0,q_proj,36,0.9999805688858032
stacked_lora,winogrande,all,0,q_proj,37,0.9999791383743286
stacked_lora,winogrande,all,0,q_proj,38,0.9999722242355347
stacked_lora,winogrande,all,0,q_proj,39,0.999986469745636
stacked_lora,winogrande,all,0,q_proj,40,0.9999821782112122
stacked_lora,winogrande,all,0,q_proj,41,0.9999867081642151
stacked_lora,winogrande,all,0,q_proj,42,0.9999836087226868
stacked_lora,winogrande,all,0,q_proj,43,0.9999830722808838
stacked_lora,winogrande,all,0,q_proj,44,0.9999860525131226
stacked_lora,winogrande,all,0,q_proj,45,0.9999849796295166
stacked_lora,winogrande,all,0,q_proj,46,0.9999862313270569
stacked_lora,winogrande,all,0,q_proj,47,0.9999910593032837
stacked_lora,winogrande,all,0,q_proj,48,0.9999925494194031
stacked_lora,winogrande,all,0,q_proj,49,0.9999817609786987
stacked_lora,winogrande,all,0,q_proj,50,0.9999874830245972
stacked_lora,winogrande,all,0,q_proj,51,0.9999815821647644
stacked_lora,winogrande,all,0,q_proj,52,0.9999893307685852
stacked_lora,winogrande,all,0,q_proj,53,0.9999924898147583
stacked_lora,winogrande,all,0,q_proj,54,0.9999545812606812
stacked_lora,winogrande,all,0,q_proj,55,0.9999518394470215
stacked_lora,winogrande,all,0,q_proj,56,0.9999727606773376
stacked_lora,winogrande,all,0,q_proj,57,0.9999119639396667
stacked_lora,winogrande,all,0,q_proj,58,0.9999223351478577
stacked_lora,winogrande,all,0,q_proj,59,0.9999817609786987
stacked_lora,winogrande,all,0,q_proj,60,0.9999769330024719
stacked_lora,winogrande,all,0,q_proj,61,0.9999803304672241
stacked_lora,winogrande,all,0,q_proj,62,0.9999675750732422
stacked_lora,winogrande,all,0,q_proj,63,0.9999687671661377
stacked_lora,winogrande,all,0,q_proj,64,0.9999741911888123
stacked_lora,winogrande,all,0,q_proj,65,0.9997656345367432
stacked_lora,winogrande,all,0,q_proj,66,0.9998096823692322
stacked_lora,winogrande,all,0,q_proj,67,0.9994972944259644
stacked_lora,winogrande,all,0,q_proj,68,0.9994555115699768
stacked_lora,winogrande,all,0,q_proj,69,0.9999337196350098
stacked_lora,winogrande,all,0,q_proj,70,0.9999774098396301
stacked_lora,winogrande,all,0,q_proj,71,0.9999568462371826
stacked_lora,winogrande,all,0,q_proj,72,0.9999818801879883
stacked_lora,winogrande,all,0,q_proj,73,0.9999096989631653
stacked_lora,winogrande,all,0,q_proj,74,0.9999145865440369
stacked_lora,winogrande,all,0,q_proj,75,0.9998959302902222
stacked_lora,winogrande,all,0,q_proj,76,0.9999426603317261
stacked_lora,winogrande,all,0,q_proj,77,0.9999135136604309
stacked_lora,winogrande,all,0,q_proj,78,0.999828040599823
stacked_lora,winogrande,all,0,q_proj,79,0.9998475313186646
stacked_lora,winogrande,all,0,q_proj,80,0.999801516532898
stacked_lora,winogrande,all,0,q_proj,81,0.9997790455818176
stacked_lora,winogrande,all,0,q_proj,82,0.9999640583992004
stacked_lora,winogrande,all,0,q_proj,83,0.9999609589576721
stacked_lora,winogrande,all,0,q_proj,84,0.9999582767486572
stacked_lora,winogrande,all,0,q_proj,85,0.9999427795410156
stacked_lora,winogrande,all,0,q_proj,86,0.9999462962150574
stacked_lora,winogrande,all,0,q_proj,87,0.9999275207519531
stacked_lora,winogrande,all,0,q_proj,88,0.999076247215271
stacked_lora,winogrande,all,0,q_proj,89,0.9991230368614197
stacked_lora,winogrande,all,0,q_proj,90,0.9998351335525513
stacked_lora,winogrande,all,0,q_proj,91,0.9998264908790588
stacked_lora,winogrande,all,0,q_proj,92,0.9998580813407898
stacked_lora,winogrande,all,0,q_proj,93,0.9998297691345215
stacked_lora,winogrande,all,0,q_proj,94,0.9998623132705688
stacked_lora,winogrande,all,0,q_proj,95,0.9999223351478577
stacked_lora,winogrande,all,0,q_proj,96,0.9999576807022095
stacked_lora,winogrande,all,0,q_proj,97,0.9999510049819946
stacked_lora,winogrande,all,0,q_proj,98,0.9999374747276306
stacked_lora,winogrande,all,0,q_proj,99,0.999961256980896
stacked_lora,winogrande,all,0,q_proj,100,0.9987520575523376
stacked_lora,winogrande,all,0,q_proj,101,0.9987102150917053
stacked_lora,winogrande,all,0,q_proj,102,0.9999340176582336
stacked_lora,winogrande,all,0,q_proj,103,0.9996271133422852
stacked_lora,winogrande,all,0,q_proj,104,0.999534547328949
stacked_lora,winogrande,all,0,q_proj,105,0.9998002648353577
stacked_lora,winogrande,all,0,q_proj,106,0.9998881816864014
stacked_lora,winogrande,all,0,q_proj,107,0.9998544454574585
stacked_lora,winogrande,all,0,q_proj,108,0.9999218583106995
stacked_lora,winogrande,all,0,q_proj,109,0.9999133348464966
stacked_lora,winogrande,all,0,q_proj,110,0.9999567866325378
stacked_lora,winogrande,all,0,q_proj,111,0.9998394846916199
stacked_lora,winogrande,all,0,q_proj,112,0.9998276829719543
stacked_lora,winogrande,all,0,q_proj,113,0.9200085401535034
stacked_lora,winogrande,all,0,q_proj,114,0.9193586111068726
stacked_lora,winogrande,all,0,q_proj,115,0.9990599751472473
stacked_lora,winogrande,all,0,q_proj,116,0.9993382692337036
stacked_lora,winogrande,all,0,q_proj,117,0.9993331432342529
stacked_lora,winogrande,all,0,q_proj,118,0.9996532201766968
stacked_lora,winogrande,all,0,q_proj,119,0.9994116425514221
stacked_lora,winogrande,all,0,q_proj,120,0.9995501041412354
stacked_lora,winogrande,all,0,q_proj,121,0.9998061656951904
stacked_lora,winogrande,all,0,q_proj,122,0.9999011754989624
stacked_lora,winogrande,all,0,q_proj,123,0.9997260570526123
stacked_lora,winogrande,all,0,q_proj,124,0.9999220371246338
stacked_lora,winogrande,all,0,q_proj,125,0.9999218583106995
stacked_lora,winogrande,all,0,q_proj,126,0.9998520612716675
stacked_lora,winogrande,all,0,q_proj,127,0.9998413920402527
stacked_lora,winogrande,all,0,q_proj,128,0.9879471063613892
stacked_lora,winogrande,all,0,q_proj,129,0.9879794120788574
stacked_lora,winogrande,all,0,q_proj,130,0.9998589754104614
stacked_lora,winogrande,all,0,q_proj,131,0.9996464252471924
stacked_lora,winogrande,all,0,q_proj,132,0.9996489882469177
stacked_lora,winogrande,all,0,q_proj,133,0.999577522277832
stacked_lora,winogrande,all,0,q_proj,134,0.9995681643486023
stacked_lora,winogrande,all,0,q_proj,135,0.9987492561340332
stacked_lora,winogrande,all,0,q_proj,136,0.9988120794296265
stacked_lora,winogrande,all,0,q_proj,137,0.9996260404586792
stacked_lora,winogrande,all,0,q_proj,138,0.999375581741333
stacked_lora,winogrande,all,0,q_proj,139,0.9996581077575684
stacked_lora,winogrande,all,0,q_proj,140,0.9998595714569092
stacked_lora,winogrande,all,0,q_proj,141,0.999833881855011
stacked_lora,winogrande,all,0,q_proj,142,0.9999179244041443
stacked_lora,winogrande,all,0,q_proj,143,0.9998823404312134
stacked_lora,winogrande,all,0,q_proj,144,0.9996502995491028
stacked_lora,winogrande,all,0,q_proj,145,0.9998427033424377
stacked_lora,winogrande,all,0,q_proj,146,0.9995900392532349
stacked_lora,winogrande,all,0,q_proj,147,0.9998074173927307
stacked_lora,winogrande,all,0,q_proj,148,0.9997310042381287
stacked_lora,winogrande,all,0,q_proj,149,0.9992827773094177
stacked_lora,winogrande,all,0,q_proj,150,0.9992542862892151
stacked_lora,winogrande,all,0,v_proj,1,0.9999837279319763
stacked_lora,winogrande,all,0,v_proj,2,0.9999589920043945
stacked_lora,winogrande,all,0,v_proj,3,0.999941349029541
stacked_lora,winogrande,all,0,v_proj,4,0.9999486804008484
stacked_lora,winogrande,all,0,v_proj,5,0.9999306201934814
stacked_lora,winogrande,all,0,v_proj,6,0.9998362064361572
stacked_lora,winogrande,all,0,v_proj,7,0.9998475313186646
stacked_lora,winogrande,all,0,v_proj,8,0.9996082782745361
stacked_lora,winogrande,all,0,v_proj,9,0.999437689781189
stacked_lora,winogrande,all,0,v_proj,10,0.9995071887969971
stacked_lora,winogrande,all,0,v_proj,11,0.9997137784957886
stacked_lora,winogrande,all,0,v_proj,12,0.9996382594108582
stacked_lora,winogrande,all,0,v_proj,13,0.9996459484100342
stacked_lora,winogrande,all,0,v_proj,14,0.9992756843566895
stacked_lora,winogrande,all,0,v_proj,15,0.9995108842849731
stacked_lora,winogrande,all,0,v_proj,16,0.9996311068534851
stacked_lora,winogrande,all,0,v_proj,17,0.9994310140609741
stacked_lora,winogrande,all,0,v_proj,18,0.9993417263031006
stacked_lora,winogrande,all,0,v_proj,19,0.9989827275276184
stacked_lora,winogrande,all,0,v_proj,20,0.9992391467094421
stacked_lora,winogrande,all,0,v_proj,21,0.9993261098861694
stacked_lora,winogrande,all,0,v_proj,22,0.9984322786331177
stacked_lora,winogrande,all,0,v_proj,23,0.9980801939964294
stacked_lora,winogrande,all,0,v_proj,24,0.9979661703109741
stacked_lora,winogrande,all,0,v_proj,25,0.9968974590301514
stacked_lora,winogrande,all,0,v_proj,26,0.9964919090270996
stacked_lora,winogrande,all,0,v_proj,27,0.9989626407623291
stacked_lora,winogrande,all,0,v_proj,28,0.9983259439468384
stacked_lora,winogrande,all,0,v_proj,29,0.99651700258255
stacked_lora,winogrande,all,0,v_proj,30,0.995545506477356
stacked_lora,winogrande,all,0,v_proj,31,0.9943469762802124
stacked_lora,winogrande,all,0,v_proj,32,0.988815188407898
stacked_lora,winogrande,all,0,v_proj,33,0.9891353249549866
stacked_lora,winogrande,all,0,v_proj,34,0.9972010850906372
stacked_lora,winogrande,all,0,v_proj,35,0.9982978105545044
stacked_lora,winogrande,all,0,v_proj,36,0.9972847700119019
stacked_lora,winogrande,all,0,v_proj,37,0.9966509938240051
stacked_lora,winogrande,all,0,v_proj,38,0.991879940032959
stacked_lora,winogrande,all,0,v_proj,39,0.9967004060745239
stacked_lora,winogrande,all,0,v_proj,40,0.9841206073760986
stacked_lora,winogrande,all,0,v_proj,41,0.9633042812347412
stacked_lora,winogrande,all,0,v_proj,42,0.9760256409645081
stacked_lora,winogrande,all,0,v_proj,43,0.9688447713851929
stacked_lora,winogrande,all,0,v_proj,44,0.9588866233825684
stacked_lora,winogrande,all,0,v_proj,45,0.98984295129776
stacked_lora,winogrande,all,0,v_proj,46,0.9949377775192261
stacked_lora,winogrande,all,0,v_proj,47,0.9903456568717957
stacked_lora,winogrande,all,0,v_proj,48,0.9975865483283997
stacked_lora,winogrande,all,0,v_proj,49,0.9977938532829285
stacked_lora,winogrande,all,0,v_proj,50,0.9961139559745789
stacked_lora,winogrande,all,0,v_proj,51,0.9955407381057739
stacked_lora,winogrande,all,0,v_proj,52,0.9968918561935425
stacked_lora,winogrande,all,0,v_proj,53,0.9987866282463074
stacked_lora,winogrande,all,0,v_proj,54,0.9962747097015381
stacked_lora,winogrande,all,0,v_proj,55,0.9955254197120667
stacked_lora,winogrande,all,0,v_proj,56,0.9955315589904785
stacked_lora,winogrande,all,0,v_proj,57,0.9964700937271118
stacked_lora,winogrande,all,0,v_proj,58,0.9741769433021545
stacked_lora,winogrande,all,0,v_proj,59,0.973301887512207
stacked_lora,winogrande,all,0,v_proj,60,0.943494439125061
stacked_lora,winogrande,all,0,v_proj,61,0.9432569742202759
stacked_lora,winogrande,all,0,v_proj,62,0.9948996901512146
stacked_lora,winogrande,all,0,v_proj,63,0.9949225187301636
stacked_lora,winogrande,all,0,v_proj,64,0.9969165325164795
stacked_lora,winogrande,all,0,v_proj,65,0.9984191656112671
stacked_lora,winogrande,all,0,v_proj,66,0.9958441853523254
stacked_lora,winogrande,all,0,v_proj,67,0.9975239038467407
stacked_lora,winogrande,all,0,v_proj,68,0.9973145723342896
stacked_lora,winogrande,all,0,v_proj,69,0.9975203275680542
stacked_lora,winogrande,all,0,v_proj,70,0.9937893152236938
stacked_lora,winogrande,all,0,v_proj,71,0.9895718693733215
stacked_lora,winogrande,all,0,v_proj,72,0.9966956973075867
stacked_lora,winogrande,all,0,v_proj,73,0.9954780340194702
stacked_lora,winogrande,all,0,v_proj,74,0.9897795915603638
stacked_lora,winogrande,all,0,v_proj,75,0.9903219938278198
stacked_lora,winogrande,all,0,v_proj,76,0.9969785213470459
stacked_lora,winogrande,all,0,v_proj,77,0.9976012706756592
stacked_lora,winogrande,all,0,v_proj,78,0.9983172416687012
stacked_lora,winogrande,all,0,v_proj,79,0.9553898572921753
stacked_lora,winogrande,all,0,v_proj,80,0.9564728140830994
stacked_lora,winogrande,all,0,v_proj,81,0.9956067204475403
stacked_lora,winogrande,all,0,v_proj,82,0.9950764179229736
stacked_lora,winogrande,all,0,v_proj,83,0.9915933609008789
stacked_lora,winogrande,all,0,v_proj,84,0.9920855760574341
stacked_lora,winogrande,all,0,v_proj,85,0.9873954057693481
stacked_lora,winogrande,all,0,v_proj,86,0.9880523681640625
stacked_lora,winogrande,all,0,v_proj,87,0.9956172704696655
stacked_lora,winogrande,all,0,v_proj,88,0.9965373277664185
stacked_lora,winogrande,all,0,v_proj,89,0.9843953251838684
stacked_lora,winogrande,all,0,v_proj,90,0.9869366884231567
stacked_lora,winogrande,all,0,v_proj,91,0.9962773323059082
stacked_lora,winogrande,all,0,v_proj,92,0.9914542436599731
stacked_lora,winogrande,all,0,v_proj,93,0.9899284839630127
stacked_lora,winogrande,all,0,v_proj,94,0.9906235933303833
stacked_lora,winogrande,all,0,v_proj,95,0.99126136302948
stacked_lora,winogrande,all,0,v_proj,96,0.9951879978179932
stacked_lora,winogrande,all,0,v_proj,97,0.9971585273742676
stacked_lora,winogrande,all,0,v_proj,98,0.9969497919082642
stacked_lora,winogrande,all,0,v_proj,99,0.9947384595870972
stacked_lora,winogrande,all,0,v_proj,100,0.9956619739532471
stacked_lora,winogrande,all,0,v_proj,101,0.9952015280723572
stacked_lora,winogrande,all,0,v_proj,102,0.9822779893875122
stacked_lora,winogrande,all,0,v_proj,103,0.9759370684623718
stacked_lora,winogrande,all,0,v_proj,104,0.9929876327514648
stacked_lora,winogrande,all,0,v_proj,105,0.9970607757568359
stacked_lora,winogrande,all,0,v_proj,106,0.9954094886779785
stacked_lora,winogrande,all,0,v_proj,107,0.9945807456970215
stacked_lora,winogrande,all,0,v_proj,108,0.997214674949646
stacked_lora,winogrande,all,0,v_proj,109,0.9959667325019836
stacked_lora,winogrande,all,0,v_proj,110,0.8891193866729736
stacked_lora,winogrande,all,0,v_proj,111,0.8940918445587158
stacked_lora,winogrande,all,0,v_proj,112,0.9974914193153381
stacked_lora,winogrande,all,0,v_proj,113,0.9984542727470398
stacked_lora,winogrande,all,0,v_proj,114,0.9977072477340698
stacked_lora,winogrande,all,0,v_proj,115,0.9943998456001282
stacked_lora,winogrande,all,0,v_proj,116,0.9921676516532898
stacked_lora,winogrande,all,0,v_proj,117,0.9434691667556763
stacked_lora,winogrande,all,0,v_proj,118,0.9426504969596863
stacked_lora,winogrande,all,0,v_proj,119,0.990283727645874
stacked_lora,winogrande,all,0,v_proj,120,0.9904719591140747
stacked_lora,winogrande,all,0,v_proj,121,0.9162185192108154
stacked_lora,winogrande,all,0,v_proj,122,0.9159254431724548
stacked_lora,winogrande,all,0,v_proj,123,0.9845312237739563
stacked_lora,winogrande,all,0,v_proj,124,0.9810367822647095
stacked_lora,winogrande,all,0,v_proj,125,0.9625742435455322
stacked_lora,winogrande,all,0,v_proj,126,0.9878170490264893
stacked_lora,winogrande,all,0,v_proj,127,0.9894750118255615
stacked_lora,winogrande,all,0,v_proj,128,0.9869860410690308
stacked_lora,winogrande,all,0,v_proj,129,0.9881820678710938
stacked_lora,winogrande,all,0,v_proj,130,0.9959317445755005
stacked_lora,winogrande,all,0,v_proj,131,0.9939610958099365
stacked_lora,winogrande,all,0,v_proj,132,0.9932882785797119
stacked_lora,winogrande,all,0,v_proj,133,0.9923720359802246
stacked_lora,winogrande,all,0,v_proj,134,0.9906631708145142
stacked_lora,winogrande,all,0,v_proj,135,0.9972140789031982
stacked_lora,winogrande,all,0,v_proj,136,0.9932430982589722
stacked_lora,winogrande,all,0,v_proj,137,0.9936792850494385
stacked_lora,winogrande,all,0,v_proj,138,0.9700801372528076
stacked_lora,winogrande,all,0,v_proj,139,0.9690781831741333
stacked_lora,winogrande,all,0,v_proj,140,0.9953380823135376
stacked_lora,winogrande,all,0,v_proj,141,0.9983663558959961
stacked_lora,winogrande,all,0,v_proj,142,0.9793099164962769
stacked_lora,winogrande,all,0,v_proj,143,0.9768015742301941
stacked_lora,winogrande,all,0,v_proj,144,0.9944572448730469
stacked_lora,winogrande,all,0,v_proj,145,0.8857039213180542
stacked_lora,winogrande,all,0,v_proj,146,0.8869316577911377
stacked_lora,winogrande,all,0,v_proj,147,0.9844906330108643
stacked_lora,winogrande,all,0,v_proj,148,0.9847679138183594
stacked_lora,winogrande,all,0,v_proj,149,0.9917607307434082
stacked_lora,winogrande,all,0,v_proj,150,0.9656305313110352
stacked_lora,winogrande,all,0,up_proj,1,0.9999969601631165
stacked_lora,winogrande,all,0,up_proj,2,0.9999938011169434
stacked_lora,winogrande,all,0,up_proj,3,0.9999902248382568
stacked_lora,winogrande,all,0,up_proj,4,0.9999874830245972
stacked_lora,winogrande,all,0,up_proj,5,0.9999865889549255
stacked_lora,winogrande,all,0,up_proj,6,0.9997010827064514
stacked_lora,winogrande,all,0,up_proj,7,0.999696671962738
stacked_lora,winogrande,all,0,up_proj,8,0.999962568283081
stacked_lora,winogrande,all,0,up_proj,9,0.9999669194221497
stacked_lora,winogrande,all,0,up_proj,10,0.9999677538871765
stacked_lora,winogrande,all,0,up_proj,11,0.9999193549156189
stacked_lora,winogrande,all,0,up_proj,12,0.9999222159385681
stacked_lora,winogrande,all,0,up_proj,13,0.9998449683189392
stacked_lora,winogrande,all,0,up_proj,14,0.9996593594551086
stacked_lora,winogrande,all,0,up_proj,15,0.9997278451919556
stacked_lora,winogrande,all,0,up_proj,16,0.9999128580093384
stacked_lora,winogrande,all,0,up_proj,17,0.9998724460601807
stacked_lora,winogrande,all,0,up_proj,18,0.9998956918716431
stacked_lora,winogrande,all,0,up_proj,19,0.9999316930770874
stacked_lora,winogrande,all,0,up_proj,20,0.9999508261680603
stacked_lora,winogrande,all,0,up_proj,21,0.9999395608901978
stacked_lora,winogrande,all,0,up_proj,22,0.9999663829803467
stacked_lora,winogrande,all,0,up_proj,23,0.9999583959579468
stacked_lora,winogrande,all,0,up_proj,24,0.9999382495880127
stacked_lora,winogrande,all,0,up_proj,25,0.9999317526817322
stacked_lora,winogrande,all,0,up_proj,26,0.9990712404251099
stacked_lora,winogrande,all,0,up_proj,27,0.9988391995429993
stacked_lora,winogrande,all,0,up_proj,28,0.9996787309646606
stacked_lora,winogrande,all,0,up_proj,29,0.9999033808708191
stacked_lora,winogrande,all,0,up_proj,30,0.99992835521698
stacked_lora,winogrande,all,0,up_proj,31,0.999839723110199
stacked_lora,winogrande,all,0,up_proj,32,0.99977707862854
stacked_lora,winogrande,all,0,up_proj,33,0.9998712539672852
stacked_lora,winogrande,all,0,up_proj,34,0.9999546408653259
stacked_lora,winogrande,all,0,up_proj,35,0.9999322295188904
stacked_lora,winogrande,all,0,up_proj,36,0.999934732913971
stacked_lora,winogrande,all,0,up_proj,37,0.9996926188468933
stacked_lora,winogrande,all,0,up_proj,38,0.9996340870857239
stacked_lora,winogrande,all,0,up_proj,39,0.999855101108551
stacked_lora,winogrande,all,0,up_proj,40,0.9997732043266296
stacked_lora,winogrande,all,0,up_proj,41,0.9997283220291138
stacked_lora,winogrande,all,0,up_proj,42,0.9998531937599182
stacked_lora,winogrande,all,0,up_proj,43,0.9997632503509521
stacked_lora,winogrande,all,0,up_proj,44,0.9998494386672974
stacked_lora,winogrande,all,0,up_proj,45,0.9997999668121338
stacked_lora,winogrande,all,0,up_proj,46,0.9998206496238708
stacked_lora,winogrande,all,0,up_proj,47,0.9998778700828552
stacked_lora,winogrande,all,0,up_proj,48,0.999498188495636
stacked_lora,winogrande,all,0,up_proj,49,0.9997904896736145
stacked_lora,winogrande,all,0,up_proj,50,0.9994778037071228
stacked_lora,winogrande,all,0,up_proj,51,0.9998766183853149
stacked_lora,winogrande,all,0,up_proj,52,0.9997434020042419
stacked_lora,winogrande,all,0,up_proj,53,0.999768078327179
stacked_lora,winogrande,all,0,up_proj,54,0.9945768117904663
stacked_lora,winogrande,all,0,up_proj,55,0.9949497580528259
stacked_lora,winogrande,all,0,up_proj,56,0.9992662072181702
stacked_lora,winogrande,all,0,up_proj,57,0.9994137287139893
stacked_lora,winogrande,all,0,up_proj,58,0.9997027516365051
stacked_lora,winogrande,all,0,up_proj,59,0.9994089603424072
stacked_lora,winogrande,all,0,up_proj,60,0.9990717172622681
stacked_lora,winogrande,all,0,up_proj,61,0.9993751645088196
stacked_lora,winogrande,all,0,up_proj,62,0.9997283220291138
stacked_lora,winogrande,all,0,up_proj,63,0.9991250038146973
stacked_lora,winogrande,all,0,up_proj,64,0.995062530040741
stacked_lora,winogrande,all,0,up_proj,65,0.9942693710327148
stacked_lora,winogrande,all,0,up_proj,66,0.9959152936935425
stacked_lora,winogrande,all,0,up_proj,67,0.9955775141716003
stacked_lora,winogrande,all,0,up_proj,68,0.999169111251831
stacked_lora,winogrande,all,0,up_proj,69,0.9742847084999084
stacked_lora,winogrande,all,0,up_proj,70,0.9726394414901733
stacked_lora,winogrande,all,0,up_proj,71,0.9957891702651978
stacked_lora,winogrande,all,0,up_proj,72,0.9979680180549622
stacked_lora,winogrande,all,0,up_proj,73,0.9988805651664734
stacked_lora,winogrande,all,0,up_proj,74,0.9973426461219788
stacked_lora,winogrande,all,0,up_proj,75,0.9977909922599792
stacked_lora,winogrande,all,0,up_proj,76,0.9993258714675903
stacked_lora,winogrande,all,0,up_proj,77,0.9985699653625488
stacked_lora,winogrande,all,0,up_proj,78,0.9049243330955505
stacked_lora,winogrande,all,0,up_proj,79,0.9057618379592896
stacked_lora,winogrande,all,0,up_proj,80,0.998585045337677
stacked_lora,winogrande,all,0,up_proj,81,0.9992442727088928
stacked_lora,winogrande,all,0,up_proj,82,0.9991044998168945
stacked_lora,winogrande,all,0,up_proj,83,0.9993352293968201
stacked_lora,winogrande,all,0,up_proj,84,0.9991938471794128
stacked_lora,winogrande,all,0,up_proj,85,0.9971094727516174
stacked_lora,winogrande,all,0,up_proj,86,0.9723199009895325
stacked_lora,winogrande,all,0,up_proj,87,0.9708677530288696
stacked_lora,winogrande,all,0,up_proj,88,0.9980263710021973
stacked_lora,winogrande,all,0,up_proj,89,0.9905329346656799
stacked_lora,winogrande,all,0,up_proj,90,0.9926704168319702
stacked_lora,winogrande,all,0,up_proj,91,0.9473903775215149
stacked_lora,winogrande,all,0,up_proj,92,0.9431821703910828
stacked_lora,winogrande,all,0,up_proj,93,0.9913321137428284
stacked_lora,winogrande,all,0,up_proj,94,0.9984315037727356
stacked_lora,winogrande,all,0,up_proj,95,0.9982391595840454
stacked_lora,winogrande,all,0,up_proj,96,0.9983356595039368
stacked_lora,winogrande,all,0,up_proj,97,0.9950005412101746
stacked_lora,winogrande,all,0,up_proj,98,0.9939333200454712
stacked_lora,winogrande,all,0,up_proj,99,0.997519850730896
stacked_lora,winogrande,all,0,up_proj,100,0.9965295791625977
stacked_lora,winogrande,all,0,up_proj,101,0.9950863718986511
stacked_lora,winogrande,all,0,up_proj,102,0.9977059364318848
stacked_lora,winogrande,all,0,up_proj,103,0.9984858632087708
stacked_lora,winogrande,all,0,up_proj,104,0.972754180431366
stacked_lora,winogrande,all,0,up_proj,105,0.9706436395645142
stacked_lora,winogrande,all,0,up_proj,106,0.9974448084831238
stacked_lora,winogrande,all,0,up_proj,107,0.9985693693161011
stacked_lora,winogrande,all,0,up_proj,108,0.9953253269195557
stacked_lora,winogrande,all,0,up_proj,109,0.9952296614646912
stacked_lora,winogrande,all,0,up_proj,110,0.9969794750213623
stacked_lora,winogrande,all,0,up_proj,111,0.9954468607902527
stacked_lora,winogrande,all,0,up_proj,112,0.9958150386810303
stacked_lora,winogrande,all,0,up_proj,113,0.996753454208374
stacked_lora,winogrande,all,0,up_proj,114,0.9966567158699036
stacked_lora,winogrande,all,0,up_proj,115,0.9915122389793396
stacked_lora,winogrande,all,0,up_proj,116,0.9928115606307983
stacked_lora,winogrande,all,0,up_proj,117,0.9846038222312927
stacked_lora,winogrande,all,0,up_proj,118,0.9876569509506226
stacked_lora,winogrande,all,0,up_proj,119,0.993644654750824
stacked_lora,winogrande,all,0,up_proj,120,0.993063747882843
stacked_lora,winogrande,all,0,up_proj,121,0.9943343997001648
stacked_lora,winogrande,all,0,up_proj,122,0.9918375015258789
stacked_lora,winogrande,all,0,up_proj,123,0.9910876750946045
stacked_lora,winogrande,all,0,up_proj,124,0.997318685054779
stacked_lora,winogrande,all,0,up_proj,125,0.9974819421768188
stacked_lora,winogrande,all,0,up_proj,126,0.9671444892883301
stacked_lora,winogrande,all,0,up_proj,127,0.9567084312438965
stacked_lora,winogrande,all,0,up_proj,128,0.9862267374992371
stacked_lora,winogrande,all,0,up_proj,129,0.9853374361991882
stacked_lora,winogrande,all,0,up_proj,130,0.9846684336662292
stacked_lora,winogrande,all,0,up_proj,131,0.9937573671340942
stacked_lora,winogrande,all,0,up_proj,132,0.992975115776062
stacked_lora,winogrande,all,0,up_proj,133,0.9975561499595642
stacked_lora,winogrande,all,0,up_proj,134,0.9950414896011353
stacked_lora,winogrande,all,0,up_proj,135,0.9927757382392883
stacked_lora,winogrande,all,0,up_proj,136,0.9942036867141724
stacked_lora,winogrande,all,0,up_proj,137,0.9980095028877258
stacked_lora,winogrande,all,0,up_proj,138,0.9939678907394409
stacked_lora,winogrande,all,0,up_proj,139,0.9914392232894897
stacked_lora,winogrande,all,0,up_proj,140,0.9947026968002319
stacked_lora,winogrande,all,0,up_proj,141,0.9974491596221924
stacked_lora,winogrande,all,0,up_proj,142,0.9953895211219788
stacked_lora,winogrande,all,0,up_proj,143,0.9967734813690186
stacked_lora,winogrande,all,0,up_proj,144,0.9716997742652893
stacked_lora,winogrande,all,0,up_proj,145,0.9723643064498901
stacked_lora,winogrande,all,0,up_proj,146,0.9863482117652893
stacked_lora,winogrande,all,0,up_proj,147,0.9828052520751953
stacked_lora,winogrande,all,0,up_proj,148,0.9667245149612427
stacked_lora,winogrande,all,0,up_proj,149,0.9731239080429077
stacked_lora,winogrande,all,0,up_proj,150,0.9768579006195068
stacked_lora,winogrande,all,0,down_proj,1,1.0
stacked_lora,winogrande,all,0,down_proj,2,0.9999995827674866
stacked_lora,winogrande,all,0,down_proj,3,0.999998152256012
stacked_lora,winogrande,all,0,down_proj,4,0.9999977350234985
stacked_lora,winogrande,all,0,down_proj,5,0.999998152256012
stacked_lora,winogrande,all,0,down_proj,6,0.9999907612800598
stacked_lora,winogrande,all,0,down_proj,7,0.9999885559082031
stacked_lora,winogrande,all,0,down_proj,8,0.9999971389770508
stacked_lora,winogrande,all,0,down_proj,9,0.9999923706054688
stacked_lora,winogrande,all,0,down_proj,10,0.9999638795852661
stacked_lora,winogrande,all,0,down_proj,11,0.9999593496322632
stacked_lora,winogrande,all,0,down_proj,12,0.9999858736991882
stacked_lora,winogrande,all,0,down_proj,13,0.9999895095825195
stacked_lora,winogrande,all,0,down_proj,14,0.9999933242797852
stacked_lora,winogrande,all,0,down_proj,15,0.9999878406524658
stacked_lora,winogrande,all,0,down_proj,16,0.9999914765357971
stacked_lora,winogrande,all,0,down_proj,17,0.9999091029167175
stacked_lora,winogrande,all,0,down_proj,18,0.9999133944511414
stacked_lora,winogrande,all,0,down_proj,19,0.9999853372573853
stacked_lora,winogrande,all,0,down_proj,20,0.7370947599411011
stacked_lora,winogrande,all,0,down_proj,21,0.7370900511741638
stacked_lora,winogrande,all,0,down_proj,22,0.999656617641449
stacked_lora,winogrande,all,0,down_proj,23,0.9996817111968994
stacked_lora,winogrande,all,0,down_proj,24,0.9999735951423645
stacked_lora,winogrande,all,0,down_proj,25,0.9999769330024719
stacked_lora,winogrande,all,0,down_proj,26,0.9999722242355347
stacked_lora,winogrande,all,0,down_proj,27,0.9996978640556335
stacked_lora,winogrande,all,0,down_proj,28,0.9997078776359558
stacked_lora,winogrande,all,0,down_proj,29,0.9998174905776978
stacked_lora,winogrande,all,0,down_proj,30,0.9999529123306274
stacked_lora,winogrande,all,0,down_proj,31,0.9999432563781738
stacked_lora,winogrande,all,0,down_proj,32,0.9998749494552612
stacked_lora,winogrande,all,0,down_proj,33,0.998883843421936
stacked_lora,winogrande,all,0,down_proj,34,0.99888676404953
stacked_lora,winogrande,all,0,down_proj,35,0.9999709725379944
stacked_lora,winogrande,all,0,down_proj,36,0.9998992681503296
stacked_lora,winogrande,all,0,down_proj,37,0.9998762011528015
stacked_lora,winogrande,all,0,down_proj,38,0.9999182820320129
stacked_lora,winogrande,all,0,down_proj,39,0.9998961091041565
stacked_lora,winogrande,all,0,down_proj,40,0.9998608231544495
stacked_lora,winogrande,all,0,down_proj,41,0.999887228012085
stacked_lora,winogrande,all,0,down_proj,42,0.9995484352111816
stacked_lora,winogrande,all,0,down_proj,43,0.999599814414978
stacked_lora,winogrande,all,0,down_proj,44,0.9993351697921753
stacked_lora,winogrande,all,0,down_proj,45,0.9993495941162109
stacked_lora,winogrande,all,0,down_proj,46,0.9998520016670227
stacked_lora,winogrande,all,0,down_proj,47,0.9986281394958496
stacked_lora,winogrande,all,0,down_proj,48,0.9986670017242432
stacked_lora,winogrande,all,0,down_proj,49,0.9999201893806458
stacked_lora,winogrande,all,0,down_proj,50,0.9945240616798401
stacked_lora,winogrande,all,0,down_proj,51,0.9946327209472656
stacked_lora,winogrande,all,0,down_proj,52,0.9997786283493042
stacked_lora,winogrande,all,0,down_proj,53,0.9999440908432007
stacked_lora,winogrande,all,0,down_proj,54,0.9999391436576843
stacked_lora,winogrande,all,0,down_proj,55,0.9998865127563477
stacked_lora,winogrande,all,0,down_proj,56,0.9998050928115845
stacked_lora,winogrande,all,0,down_proj,57,0.9988430142402649
stacked_lora,winogrande,all,0,down_proj,58,0.9912292957305908
stacked_lora,winogrande,all,0,down_proj,59,0.9921190142631531
stacked_lora,winogrande,all,0,down_proj,60,0.9992001056671143
stacked_lora,winogrande,all,0,down_proj,61,0.9993970990180969
stacked_lora,winogrande,all,0,down_proj,62,0.9995027780532837
stacked_lora,winogrande,all,0,down_proj,63,0.9993432760238647
stacked_lora,winogrande,all,0,down_proj,64,0.999815046787262
stacked_lora,winogrande,all,0,down_proj,65,0.9995338916778564
stacked_lora,winogrande,all,0,down_proj,66,0.999793529510498
stacked_lora,winogrande,all,0,down_proj,67,0.9998200535774231
stacked_lora,winogrande,all,0,down_proj,68,0.9994431138038635
stacked_lora,winogrande,all,0,down_proj,69,0.9996792078018188
stacked_lora,winogrande,all,0,down_proj,70,0.999617338180542
stacked_lora,winogrande,all,0,down_proj,71,0.999880313873291
stacked_lora,winogrande,all,0,down_proj,72,0.9997972846031189
stacked_lora,winogrande,all,0,down_proj,73,0.9997037649154663
stacked_lora,winogrande,all,0,down_proj,74,0.9997857213020325
stacked_lora,winogrande,all,0,down_proj,75,0.9998600482940674
stacked_lora,winogrande,all,0,down_proj,76,0.9994304776191711
stacked_lora,winogrande,all,0,down_proj,77,0.9992140531539917
stacked_lora,winogrande,all,0,down_proj,78,0.999463677406311
stacked_lora,winogrande,all,0,down_proj,79,0.998665452003479
stacked_lora,winogrande,all,0,down_proj,80,0.9984784126281738
stacked_lora,winogrande,all,0,down_proj,81,0.9982924461364746
stacked_lora,winogrande,all,0,down_proj,82,0.9989745616912842
stacked_lora,winogrande,all,0,down_proj,83,0.9988328814506531
stacked_lora,winogrande,all,0,down_proj,84,0.9994340538978577
stacked_lora,winogrande,all,0,down_proj,85,0.9987121224403381
stacked_lora,winogrande,all,0,down_proj,86,0.998772382736206
stacked_lora,winogrande,all,0,down_proj,87,0.999371349811554
stacked_lora,winogrande,all,0,down_proj,88,0.9998053312301636
stacked_lora,winogrande,all,0,down_proj,89,0.9995212554931641
stacked_lora,winogrande,all,0,down_proj,90,0.994088888168335
stacked_lora,winogrande,all,0,down_proj,91,0.988734245300293
stacked_lora,winogrande,all,0,down_proj,92,0.9935922026634216
stacked_lora,winogrande,all,0,down_proj,93,0.9992823004722595
stacked_lora,winogrande,all,0,down_proj,94,0.9987824559211731
stacked_lora,winogrande,all,0,down_proj,95,0.9980653524398804
stacked_lora,winogrande,all,0,down_proj,96,0.9977644681930542
stacked_lora,winogrande,all,0,down_proj,97,0.9971718192100525
stacked_lora,winogrande,all,0,down_proj,98,0.988830029964447
stacked_lora,winogrande,all,0,down_proj,99,0.9911782741546631
stacked_lora,winogrande,all,0,down_proj,100,0.9991929531097412
stacked_lora,winogrande,all,0,down_proj,101,0.9996466040611267
stacked_lora,winogrande,all,0,down_proj,102,0.9960899949073792
stacked_lora,winogrande,all,0,down_proj,103,0.9953711032867432
stacked_lora,winogrande,all,0,down_proj,104,0.9987503886222839
stacked_lora,winogrande,all,0,down_proj,105,0.9986389875411987
stacked_lora,winogrande,all,0,down_proj,106,0.9993759393692017
stacked_lora,winogrande,all,0,down_proj,107,0.9993050694465637
stacked_lora,winogrande,all,0,down_proj,108,0.9995196461677551
stacked_lora,winogrande,all,0,down_proj,109,0.9989926815032959
stacked_lora,winogrande,all,0,down_proj,110,0.9982592463493347
stacked_lora,winogrande,all,0,down_proj,111,0.9985779523849487
stacked_lora,winogrande,all,0,down_proj,112,0.999665379524231
stacked_lora,winogrande,all,0,down_proj,113,0.9974830150604248
stacked_lora,winogrande,all,0,down_proj,114,0.9973456859588623
stacked_lora,winogrande,all,0,down_proj,115,0.9959151148796082
stacked_lora,winogrande,all,0,down_proj,116,0.9981392621994019
stacked_lora,winogrande,all,0,down_proj,117,0.9988742470741272
stacked_lora,winogrande,all,0,down_proj,118,0.998984158039093
stacked_lora,winogrande,all,0,down_proj,119,0.9991048574447632
stacked_lora,winogrande,all,0,down_proj,120,0.997910737991333
stacked_lora,winogrande,all,0,down_proj,121,0.9981831312179565
stacked_lora,winogrande,all,0,down_proj,122,0.9983778595924377
stacked_lora,winogrande,all,0,down_proj,123,0.9839801788330078
stacked_lora,winogrande,all,0,down_proj,124,0.9843021035194397
stacked_lora,winogrande,all,0,down_proj,125,0.9978638291358948
stacked_lora,winogrande,all,0,down_proj,126,0.9987727999687195
stacked_lora,winogrande,all,0,down_proj,127,0.9988846182823181
stacked_lora,winogrande,all,0,down_proj,128,0.9983975291252136
stacked_lora,winogrande,all,0,down_proj,129,0.998049795627594
stacked_lora,winogrande,all,0,down_proj,130,0.9983001947402954
stacked_lora,winogrande,all,0,down_proj,131,0.9986730813980103
stacked_lora,winogrande,all,0,down_proj,132,0.9993547201156616
stacked_lora,winogrande,all,0,down_proj,133,0.9994038939476013
stacked_lora,winogrande,all,0,down_proj,134,0.9972746968269348
stacked_lora,winogrande,all,0,down_proj,135,0.9981738328933716
stacked_lora,winogrande,all,0,down_proj,136,0.9982948899269104
stacked_lora,winogrande,all,0,down_proj,137,0.9328740835189819
stacked_lora,winogrande,all,0,down_proj,138,0.9332801103591919
stacked_lora,winogrande,all,0,down_proj,139,0.9987114667892456
stacked_lora,winogrande,all,0,down_proj,140,0.9979503750801086
stacked_lora,winogrande,all,0,down_proj,141,0.9986526966094971
stacked_lora,winogrande,all,0,down_proj,142,0.9978839755058289
stacked_lora,winogrande,all,0,down_proj,143,0.9992099404335022
stacked_lora,winogrande,all,0,down_proj,144,0.9977799654006958
stacked_lora,winogrande,all,0,down_proj,145,0.9974589347839355
stacked_lora,winogrande,all,0,down_proj,146,0.9974626898765564
stacked_lora,winogrande,all,0,down_proj,147,0.997237503528595
stacked_lora,winogrande,all,0,down_proj,148,0.9986318349838257
stacked_lora,winogrande,all,0,down_proj,149,0.9993784427642822
stacked_lora,winogrande,all,0,down_proj,150,0.9983698129653931
stacked_lora,winogrande,all,8,q_proj,1,0.9999969005584717
stacked_lora,winogrande,all,8,q_proj,2,0.9999958872795105
stacked_lora,winogrande,all,8,q_proj,3,0.999996542930603
stacked_lora,winogrande,all,8,q_proj,4,0.9999973773956299
stacked_lora,winogrande,all,8,q_proj,5,0.9999958276748657
stacked_lora,winogrande,all,8,q_proj,6,0.9999956488609314
stacked_lora,winogrande,all,8,q_proj,7,0.9999931454658508
stacked_lora,winogrande,all,8,q_proj,8,0.9999868869781494
stacked_lora,winogrande,all,8,q_proj,9,0.9999922513961792
stacked_lora,winogrande,all,8,q_proj,10,0.9999918937683105
stacked_lora,winogrande,all,8,q_proj,11,0.999997079372406
stacked_lora,winogrande,all,8,q_proj,12,0.9999978542327881
stacked_lora,winogrande,all,8,q_proj,13,0.9999901056289673
stacked_lora,winogrande,all,8,q_proj,14,0.9998659491539001
stacked_lora,winogrande,all,8,q_proj,15,0.9998686909675598
stacked_lora,winogrande,all,8,q_proj,16,0.9999806880950928
stacked_lora,winogrande,all,8,q_proj,17,0.9999806880950928
stacked_lora,winogrande,all,8,q_proj,18,0.9999733567237854
stacked_lora,winogrande,all,8,q_proj,19,0.9999840259552002
stacked_lora,winogrande,all,8,q_proj,20,0.9999918937683105
stacked_lora,winogrande,all,8,q_proj,21,0.9999935030937195
stacked_lora,winogrande,all,8,q_proj,22,0.9999755620956421
stacked_lora,winogrande,all,8,q_proj,23,0.9999589920043945
stacked_lora,winogrande,all,8,q_proj,24,0.9999601244926453
stacked_lora,winogrande,all,8,q_proj,25,0.9999668598175049
stacked_lora,winogrande,all,8,q_proj,26,0.9999937415122986
stacked_lora,winogrande,all,8,q_proj,27,0.9999834895133972
stacked_lora,winogrande,all,8,q_proj,28,0.9999710917472839
stacked_lora,winogrande,all,8,q_proj,29,0.9999799728393555
stacked_lora,winogrande,all,8,q_proj,30,0.9999910593032837
stacked_lora,winogrande,all,8,q_proj,31,0.9999793767929077
stacked_lora,winogrande,all,8,q_proj,32,0.9999011754989624
stacked_lora,winogrande,all,8,q_proj,33,0.9998965263366699
stacked_lora,winogrande,all,8,q_proj,34,0.9999878406524658
stacked_lora,winogrande,all,8,q_proj,35,0.9999868869781494
stacked_lora,winogrande,all,8,q_proj,36,0.9999842047691345
stacked_lora,winogrande,all,8,q_proj,37,0.9999663233757019
stacked_lora,winogrande,all,8,q_proj,38,0.9999804496765137
stacked_lora,winogrande,all,8,q_proj,39,0.9999845623970032
stacked_lora,winogrande,all,8,q_proj,40,0.9999728798866272
stacked_lora,winogrande,all,8,q_proj,41,0.9997563362121582
stacked_lora,winogrande,all,8,q_proj,42,0.9997613430023193
stacked_lora,winogrande,all,8,q_proj,43,0.9999648928642273
stacked_lora,winogrande,all,8,q_proj,44,0.9999772906303406
stacked_lora,winogrande,all,8,q_proj,45,0.9999578595161438
stacked_lora,winogrande,all,8,q_proj,46,0.9999771118164062
stacked_lora,winogrande,all,8,q_proj,47,0.999841034412384
stacked_lora,winogrande,all,8,q_proj,48,0.9998370409011841
stacked_lora,winogrande,all,8,q_proj,49,0.9999740123748779
stacked_lora,winogrande,all,8,q_proj,50,0.9999718070030212
stacked_lora,winogrande,all,8,q_proj,51,0.9998823404312134
stacked_lora,winogrande,all,8,q_proj,52,0.9998781681060791
stacked_lora,winogrande,all,8,q_proj,53,0.9999443888664246
stacked_lora,winogrande,all,8,q_proj,54,0.9999637007713318
stacked_lora,winogrande,all,8,q_proj,55,0.9999096393585205
stacked_lora,winogrande,all,8,q_proj,56,0.9998964071273804
stacked_lora,winogrande,all,8,q_proj,57,0.9999315142631531
stacked_lora,winogrande,all,8,q_proj,58,0.9998862743377686
stacked_lora,winogrande,all,8,q_proj,59,0.999853253364563
stacked_lora,winogrande,all,8,q_proj,60,0.999936044216156
stacked_lora,winogrande,all,8,q_proj,61,0.9997338056564331
stacked_lora,winogrande,all,8,q_proj,62,0.9997612237930298
stacked_lora,winogrande,all,8,q_proj,63,0.9998175501823425
stacked_lora,winogrande,all,8,q_proj,64,0.999803900718689
stacked_lora,winogrande,all,8,q_proj,65,0.9998305439949036
stacked_lora,winogrande,all,8,q_proj,66,0.9998024702072144
stacked_lora,winogrande,all,8,q_proj,67,0.999927818775177
stacked_lora,winogrande,all,8,q_proj,68,0.9999509453773499
stacked_lora,winogrande,all,8,q_proj,69,0.9998409748077393
stacked_lora,winogrande,all,8,q_proj,70,0.9999497532844543
stacked_lora,winogrande,all,8,q_proj,71,0.9998457431793213
stacked_lora,winogrande,all,8,q_proj,72,0.9998781681060791
stacked_lora,winogrande,all,8,q_proj,73,0.9991375207901001
stacked_lora,winogrande,all,8,q_proj,74,0.9992551207542419
stacked_lora,winogrande,all,8,q_proj,75,0.9998157620429993
stacked_lora,winogrande,all,8,q_proj,76,0.999790370464325
stacked_lora,winogrande,all,8,q_proj,77,0.9984618425369263
stacked_lora,winogrande,all,8,q_proj,78,0.9982507228851318
stacked_lora,winogrande,all,8,q_proj,79,0.9995812773704529
stacked_lora,winogrande,all,8,q_proj,80,0.9999182820320129
stacked_lora,winogrande,all,8,q_proj,81,0.9993970990180969
stacked_lora,winogrande,all,8,q_proj,82,0.9993316531181335
stacked_lora,winogrande,all,8,q_proj,83,0.999598503112793
stacked_lora,winogrande,all,8,q_proj,84,0.999291181564331
stacked_lora,winogrande,all,8,q_proj,85,0.999390184879303
stacked_lora,winogrande,all,8,q_proj,86,0.9998695254325867
stacked_lora,winogrande,all,8,q_proj,87,0.9997923970222473
stacked_lora,winogrande,all,8,q_proj,88,0.9996770620346069
stacked_lora,winogrande,all,8,q_proj,89,0.9995250701904297
stacked_lora,winogrande,all,8,q_proj,90,0.9991825819015503
stacked_lora,winogrande,all,8,q_proj,91,0.9993903636932373
stacked_lora,winogrande,all,8,q_proj,92,0.9993923902511597
stacked_lora,winogrande,all,8,q_proj,93,0.9998061060905457
stacked_lora,winogrande,all,8,q_proj,94,0.9989045858383179
stacked_lora,winogrande,all,8,q_proj,95,0.9975826740264893
stacked_lora,winogrande,all,8,q_proj,96,0.9987481236457825
stacked_lora,winogrande,all,8,q_proj,97,0.9996458888053894
stacked_lora,winogrande,all,8,q_proj,98,0.9997464418411255
stacked_lora,winogrande,all,8,q_proj,99,0.9995756149291992
stacked_lora,winogrande,all,8,q_proj,100,0.9965834021568298
stacked_lora,winogrande,all,8,q_proj,101,0.9966751337051392
stacked_lora,winogrande,all,8,q_proj,102,0.9995822906494141
stacked_lora,winogrande,all,8,q_proj,103,0.9995611906051636
stacked_lora,winogrande,all,8,q_proj,104,0.9997344017028809
stacked_lora,winogrande,all,8,q_proj,105,0.9868967533111572
stacked_lora,winogrande,all,8,q_proj,106,0.9873570799827576
stacked_lora,winogrande,all,8,q_proj,107,0.9996358156204224
stacked_lora,winogrande,all,8,q_proj,108,0.9993931651115417
stacked_lora,winogrande,all,8,q_proj,109,0.9997534155845642
stacked_lora,winogrande,all,8,q_proj,110,0.9997736215591431
stacked_lora,winogrande,all,8,q_proj,111,0.9990529417991638
stacked_lora,winogrande,all,8,q_proj,112,0.9989421367645264
stacked_lora,winogrande,all,8,q_proj,113,0.9993838667869568
stacked_lora,winogrande,all,8,q_proj,114,0.99968022108078
stacked_lora,winogrande,all,8,q_proj,115,0.9995200634002686
stacked_lora,winogrande,all,8,q_proj,116,0.999880313873291
stacked_lora,winogrande,all,8,q_proj,117,0.9997147917747498
stacked_lora,winogrande,all,8,q_proj,118,0.9998201131820679
stacked_lora,winogrande,all,8,q_proj,119,0.9998152852058411
stacked_lora,winogrande,all,8,q_proj,120,0.9997444152832031
stacked_lora,winogrande,all,8,q_proj,121,0.9997128844261169
stacked_lora,winogrande,all,8,q_proj,122,0.9994479417800903
stacked_lora,winogrande,all,8,q_proj,123,0.9992344379425049
stacked_lora,winogrande,all,8,q_proj,124,0.9992606043815613
stacked_lora,winogrande,all,8,q_proj,125,0.9992108345031738
stacked_lora,winogrande,all,8,q_proj,126,0.9992426633834839
stacked_lora,winogrande,all,8,q_proj,127,0.9996417760848999
stacked_lora,winogrande,all,8,q_proj,128,0.9998931288719177
stacked_lora,winogrande,all,8,q_proj,129,0.9997634887695312
stacked_lora,winogrande,all,8,q_proj,130,0.993165135383606
stacked_lora,winogrande,all,8,q_proj,131,0.9937133193016052
stacked_lora,winogrande,all,8,q_proj,132,0.9988833665847778
stacked_lora,winogrande,all,8,q_proj,133,0.999331533908844
stacked_lora,winogrande,all,8,q_proj,134,0.9990319609642029
stacked_lora,winogrande,all,8,q_proj,135,0.9997573494911194
stacked_lora,winogrande,all,8,q_proj,136,0.9992287755012512
stacked_lora,winogrande,all,8,q_proj,137,0.999596893787384
stacked_lora,winogrande,all,8,q_proj,138,0.9993568658828735
stacked_lora,winogrande,all,8,q_proj,139,0.9994306564331055
stacked_lora,winogrande,all,8,q_proj,140,0.9995805621147156
stacked_lora,winogrande,all,8,q_proj,141,0.9992495775222778
stacked_lora,winogrande,all,8,q_proj,142,0.9987031817436218
stacked_lora,winogrande,all,8,q_proj,143,0.9989027976989746
stacked_lora,winogrande,all,8,q_proj,144,0.9996763467788696
stacked_lora,winogrande,all,8,q_proj,145,0.9986860156059265
stacked_lora,winogrande,all,8,q_proj,146,0.9987025856971741
stacked_lora,winogrande,all,8,q_proj,147,0.9995994567871094
stacked_lora,winogrande,all,8,q_proj,148,0.9997109770774841
stacked_lora,winogrande,all,8,q_proj,149,0.9996336102485657
stacked_lora,winogrande,all,8,q_proj,150,0.9993851780891418
stacked_lora,winogrande,all,8,v_proj,1,0.9997121691703796
stacked_lora,winogrande,all,8,v_proj,2,0.9997950792312622
stacked_lora,winogrande,all,8,v_proj,3,0.9993436336517334
stacked_lora,winogrande,all,8,v_proj,4,0.9996530413627625
stacked_lora,winogrande,all,8,v_proj,5,0.9947534799575806
stacked_lora,winogrande,all,8,v_proj,6,0.9941834807395935
stacked_lora,winogrande,all,8,v_proj,7,0.9984229803085327
stacked_lora,winogrande,all,8,v_proj,8,0.9967068433761597
stacked_lora,winogrande,all,8,v_proj,9,0.9969742298126221
stacked_lora,winogrande,all,8,v_proj,10,0.9937291145324707
stacked_lora,winogrande,all,8,v_proj,11,0.9935758709907532
stacked_lora,winogrande,all,8,v_proj,12,0.9979650378227234
stacked_lora,winogrande,all,8,v_proj,13,0.9942772388458252
stacked_lora,winogrande,all,8,v_proj,14,0.9941238760948181
stacked_lora,winogrande,all,8,v_proj,15,0.9985538721084595
stacked_lora,winogrande,all,8,v_proj,16,0.9988719820976257
stacked_lora,winogrande,all,8,v_proj,17,0.9992609024047852
stacked_lora,winogrande,all,8,v_proj,18,0.9996430277824402
stacked_lora,winogrande,all,8,v_proj,19,0.9992006421089172
stacked_lora,winogrande,all,8,v_proj,20,0.9983776211738586
stacked_lora,winogrande,all,8,v_proj,21,0.9986730217933655
stacked_lora,winogrande,all,8,v_proj,22,0.9979729056358337
stacked_lora,winogrande,all,8,v_proj,23,0.9985396862030029
stacked_lora,winogrande,all,8,v_proj,24,0.9995065927505493
stacked_lora,winogrande,all,8,v_proj,25,0.9983110427856445
stacked_lora,winogrande,all,8,v_proj,26,0.9979679584503174
stacked_lora,winogrande,all,8,v_proj,27,0.9937013387680054
stacked_lora,winogrande,all,8,v_proj,28,0.9878324866294861
stacked_lora,winogrande,all,8,v_proj,29,0.9786711931228638
stacked_lora,winogrande,all,8,v_proj,30,0.9848562479019165
stacked_lora,winogrande,all,8,v_proj,31,0.9983634948730469
stacked_lora,winogrande,all,8,v_proj,32,0.9990038275718689
stacked_lora,winogrande,all,8,v_proj,33,0.9984098672866821
stacked_lora,winogrande,all,8,v_proj,34,0.996894121170044
stacked_lora,winogrande,all,8,v_proj,35,0.9717577695846558
stacked_lora,winogrande,all,8,v_proj,36,0.9723409414291382
stacked_lora,winogrande,all,8,v_proj,37,0.9969439506530762
stacked_lora,winogrande,all,8,v_proj,38,0.9927994012832642
stacked_lora,winogrande,all,8,v_proj,39,0.9934551119804382
stacked_lora,winogrande,all,8,v_proj,40,0.9979456067085266
stacked_lora,winogrande,all,8,v_proj,41,0.9915250539779663
stacked_lora,winogrande,all,8,v_proj,42,0.9915829300880432
stacked_lora,winogrande,all,8,v_proj,43,0.9971455335617065
stacked_lora,winogrande,all,8,v_proj,44,0.9971523880958557
stacked_lora,winogrande,all,8,v_proj,45,0.9929549694061279
stacked_lora,winogrande,all,8,v_proj,46,0.9254024028778076
stacked_lora,winogrande,all,8,v_proj,47,0.924839973449707
stacked_lora,winogrande,all,8,v_proj,48,0.9924327731132507
stacked_lora,winogrande,all,8,v_proj,49,0.9893915057182312
stacked_lora,winogrande,all,8,v_proj,50,0.994247555732727
stacked_lora,winogrande,all,8,v_proj,51,0.9850741624832153
stacked_lora,winogrande,all,8,v_proj,52,0.9980061054229736
stacked_lora,winogrande,all,8,v_proj,53,0.9895292520523071
stacked_lora,winogrande,all,8,v_proj,54,0.9891178607940674
stacked_lora,winogrande,all,8,v_proj,55,0.9965603351593018
stacked_lora,winogrande,all,8,v_proj,56,0.9494391679763794
stacked_lora,winogrande,all,8,v_proj,57,0.9467592835426331
stacked_lora,winogrande,all,8,v_proj,58,0.9959908723831177
stacked_lora,winogrande,all,8,v_proj,59,0.9992996454238892
stacked_lora,winogrande,all,8,v_proj,60,0.9975142478942871
stacked_lora,winogrande,all,8,v_proj,61,0.9675127863883972
stacked_lora,winogrande,all,8,v_proj,62,0.9659042358398438
stacked_lora,winogrande,all,8,v_proj,63,0.9860612154006958
stacked_lora,winogrande,all,8,v_proj,64,0.9852391481399536
stacked_lora,winogrande,all,8,v_proj,65,0.9987562894821167
stacked_lora,winogrande,all,8,v_proj,66,0.8488972187042236
stacked_lora,winogrande,all,8,v_proj,67,0.8454666137695312
stacked_lora,winogrande,all,8,v_proj,68,0.9971655011177063
stacked_lora,winogrande,all,8,v_proj,69,0.9987143278121948
stacked_lora,winogrande,all,8,v_proj,70,0.9972406625747681
stacked_lora,winogrande,all,8,v_proj,71,0.9982494711875916
stacked_lora,winogrande,all,8,v_proj,72,0.998695969581604
stacked_lora,winogrande,all,8,v_proj,73,0.9968312978744507
stacked_lora,winogrande,all,8,v_proj,74,0.9972788095474243
stacked_lora,winogrande,all,8,v_proj,75,0.9956879615783691
stacked_lora,winogrande,all,8,v_proj,76,0.9959335923194885
stacked_lora,winogrande,all,8,v_proj,77,0.994025468826294
stacked_lora,winogrande,all,8,v_proj,78,0.9929097890853882
stacked_lora,winogrande,all,8,v_proj,79,0.996106743812561
stacked_lora,winogrande,all,8,v_proj,80,0.9903709888458252
stacked_lora,winogrande,all,8,v_proj,81,0.9930838346481323
stacked_lora,winogrande,all,8,v_proj,82,0.9981008768081665
stacked_lora,winogrande,all,8,v_proj,83,0.9977796077728271
stacked_lora,winogrande,all,8,v_proj,84,0.997949481010437
stacked_lora,winogrande,all,8,v_proj,85,0.996092677116394
stacked_lora,winogrande,all,8,v_proj,86,0.9967225790023804
stacked_lora,winogrande,all,8,v_proj,87,0.9984233379364014
stacked_lora,winogrande,all,8,v_proj,88,0.9983586072921753
stacked_lora,winogrande,all,8,v_proj,89,0.9959119558334351
stacked_lora,winogrande,all,8,v_proj,90,0.9961196780204773
stacked_lora,winogrande,all,8,v_proj,91,0.9952672719955444
stacked_lora,winogrande,all,8,v_proj,92,0.9986904859542847
stacked_lora,winogrande,all,8,v_proj,93,0.9957730770111084
stacked_lora,winogrande,all,8,v_proj,94,0.9934635162353516
stacked_lora,winogrande,all,8,v_proj,95,0.9906514883041382
stacked_lora,winogrande,all,8,v_proj,96,0.9967189431190491
stacked_lora,winogrande,all,8,v_proj,97,0.9744024276733398
stacked_lora,winogrande,all,8,v_proj,98,0.9578453302383423
stacked_lora,winogrande,all,8,v_proj,99,0.9673709273338318
stacked_lora,winogrande,all,8,v_proj,100,0.9849399328231812
stacked_lora,winogrande,all,8,v_proj,101,0.9902452230453491
stacked_lora,winogrande,all,8,v_proj,102,0.9967306852340698
stacked_lora,winogrande,all,8,v_proj,103,0.9979279041290283
stacked_lora,winogrande,all,8,v_proj,104,0.9977021217346191
stacked_lora,winogrande,all,8,v_proj,105,0.9718047380447388
stacked_lora,winogrande,all,8,v_proj,106,0.97322678565979
stacked_lora,winogrande,all,8,v_proj,107,0.9914538860321045
stacked_lora,winogrande,all,8,v_proj,108,0.9907116889953613
stacked_lora,winogrande,all,8,v_proj,109,0.9880378246307373
stacked_lora,winogrande,all,8,v_proj,110,0.9863554835319519
stacked_lora,winogrande,all,8,v_proj,111,0.996368944644928
stacked_lora,winogrande,all,8,v_proj,112,0.99757981300354
stacked_lora,winogrande,all,8,v_proj,113,0.9955689311027527
stacked_lora,winogrande,all,8,v_proj,114,0.9948529005050659
stacked_lora,winogrande,all,8,v_proj,115,0.9898300170898438
stacked_lora,winogrande,all,8,v_proj,116,0.9873514175415039
stacked_lora,winogrande,all,8,v_proj,117,0.9943536520004272
stacked_lora,winogrande,all,8,v_proj,118,0.9977723360061646
stacked_lora,winogrande,all,8,v_proj,119,0.9950537085533142
stacked_lora,winogrande,all,8,v_proj,120,0.9967549443244934
stacked_lora,winogrande,all,8,v_proj,121,0.9977909922599792
stacked_lora,winogrande,all,8,v_proj,122,0.9278197288513184
stacked_lora,winogrande,all,8,v_proj,123,0.9252525568008423
stacked_lora,winogrande,all,8,v_proj,124,0.997886061668396
stacked_lora,winogrande,all,8,v_proj,125,0.9921284914016724
stacked_lora,winogrande,all,8,v_proj,126,0.9975368976593018
stacked_lora,winogrande,all,8,v_proj,127,0.9951938986778259
stacked_lora,winogrande,all,8,v_proj,128,0.9947639107704163
stacked_lora,winogrande,all,8,v_proj,129,0.9933882355690002
stacked_lora,winogrande,all,8,v_proj,130,0.994212806224823
stacked_lora,winogrande,all,8,v_proj,131,0.9902697801589966
stacked_lora,winogrande,all,8,v_proj,132,0.9837488532066345
stacked_lora,winogrande,all,8,v_proj,133,0.8299272060394287
stacked_lora,winogrande,all,8,v_proj,134,0.8733778595924377
stacked_lora,winogrande,all,8,v_proj,135,0.9252086877822876
stacked_lora,winogrande,all,8,v_proj,136,0.9941597580909729
stacked_lora,winogrande,all,8,v_proj,137,0.9875277876853943
stacked_lora,winogrande,all,8,v_proj,138,0.9043068885803223
stacked_lora,winogrande,all,8,v_proj,139,0.8983146548271179
stacked_lora,winogrande,all,8,v_proj,140,0.9892516732215881
stacked_lora,winogrande,all,8,v_proj,141,0.9914419651031494
stacked_lora,winogrande,all,8,v_proj,142,0.995488703250885
stacked_lora,winogrande,all,8,v_proj,143,0.9953618049621582
stacked_lora,winogrande,all,8,v_proj,144,0.9893852472305298
stacked_lora,winogrande,all,8,v_proj,145,0.9894388914108276
stacked_lora,winogrande,all,8,v_proj,146,0.9845449328422546
stacked_lora,winogrande,all,8,v_proj,147,0.9813878536224365
stacked_lora,winogrande,all,8,v_proj,148,0.9903795123100281
stacked_lora,winogrande,all,8,v_proj,149,0.9859017133712769
stacked_lora,winogrande,all,8,v_proj,150,0.9932725429534912
stacked_lora,winogrande,all,8,up_proj,1,0.9999935030937195
stacked_lora,winogrande,all,8,up_proj,2,0.9999858736991882
stacked_lora,winogrande,all,8,up_proj,3,0.9999783039093018
stacked_lora,winogrande,all,8,up_proj,4,0.9999803304672241
stacked_lora,winogrande,all,8,up_proj,5,0.9999788999557495
stacked_lora,winogrande,all,8,up_proj,6,0.9999681115150452
stacked_lora,winogrande,all,8,up_proj,7,0.9999786615371704
stacked_lora,winogrande,all,8,up_proj,8,0.9999646544456482
stacked_lora,winogrande,all,8,up_proj,9,0.999933123588562
stacked_lora,winogrande,all,8,up_proj,10,0.9998534917831421
stacked_lora,winogrande,all,8,up_proj,11,0.9998984336853027
stacked_lora,winogrande,all,8,up_proj,12,0.9998462200164795
stacked_lora,winogrande,all,8,up_proj,13,0.9999509453773499
stacked_lora,winogrande,all,8,up_proj,14,0.9998283982276917
stacked_lora,winogrande,all,8,up_proj,15,0.9998869299888611
stacked_lora,winogrande,all,8,up_proj,16,0.9999169707298279
stacked_lora,winogrande,all,8,up_proj,17,0.9999547004699707
stacked_lora,winogrande,all,8,up_proj,18,0.9996042847633362
stacked_lora,winogrande,all,8,up_proj,19,0.9996131062507629
stacked_lora,winogrande,all,8,up_proj,20,0.9993582963943481
stacked_lora,winogrande,all,8,up_proj,21,0.9996883869171143
stacked_lora,winogrande,all,8,up_proj,22,0.9999270439147949
stacked_lora,winogrande,all,8,up_proj,23,0.9998900294303894
stacked_lora,winogrande,all,8,up_proj,24,0.9998944401741028
stacked_lora,winogrande,all,8,up_proj,25,0.9998094439506531
stacked_lora,winogrande,all,8,up_proj,26,0.9995436072349548
stacked_lora,winogrande,all,8,up_proj,27,0.9993155002593994
stacked_lora,winogrande,all,8,up_proj,28,0.9995591044425964
stacked_lora,winogrande,all,8,up_proj,29,0.9996896982192993
stacked_lora,winogrande,all,8,up_proj,30,0.9995208978652954
stacked_lora,winogrande,all,8,up_proj,31,0.9987983703613281
stacked_lora,winogrande,all,8,up_proj,32,0.9991724491119385
stacked_lora,winogrande,all,8,up_proj,33,0.9989872574806213
stacked_lora,winogrande,all,8,up_proj,34,0.9995039105415344
stacked_lora,winogrande,all,8,up_proj,35,0.9997715950012207
stacked_lora,winogrande,all,8,up_proj,36,0.9988564252853394
stacked_lora,winogrande,all,8,up_proj,37,0.999351978302002
stacked_lora,winogrande,all,8,up_proj,38,0.9991928935050964
stacked_lora,winogrande,all,8,up_proj,39,0.9869911074638367
stacked_lora,winogrande,all,8,up_proj,40,0.9871833324432373
stacked_lora,winogrande,all,8,up_proj,41,0.9993549585342407
stacked_lora,winogrande,all,8,up_proj,42,0.9996150732040405
stacked_lora,winogrande,all,8,up_proj,43,0.99898761510849
stacked_lora,winogrande,all,8,up_proj,44,0.9988142848014832
stacked_lora,winogrande,all,8,up_proj,45,0.9923813343048096
stacked_lora,winogrande,all,8,up_proj,46,0.9924682378768921
stacked_lora,winogrande,all,8,up_proj,47,0.9992847442626953
stacked_lora,winogrande,all,8,up_proj,48,0.9994315505027771
stacked_lora,winogrande,all,8,up_proj,49,0.9991305470466614
stacked_lora,winogrande,all,8,up_proj,50,0.9990416169166565
stacked_lora,winogrande,all,8,up_proj,51,0.9995080232620239
stacked_lora,winogrande,all,8,up_proj,52,0.999649703502655
stacked_lora,winogrande,all,8,up_proj,53,0.9994595646858215
stacked_lora,winogrande,all,8,up_proj,54,0.9975859522819519
stacked_lora,winogrande,all,8,up_proj,55,0.9970043897628784
stacked_lora,winogrande,all,8,up_proj,56,0.9975237846374512
stacked_lora,winogrande,all,8,up_proj,57,0.9983143210411072
stacked_lora,winogrande,all,8,up_proj,58,0.9992496371269226
stacked_lora,winogrande,all,8,up_proj,59,0.9995447993278503
stacked_lora,winogrande,all,8,up_proj,60,0.9995884299278259
stacked_lora,winogrande,all,8,up_proj,61,0.9984373450279236
stacked_lora,winogrande,all,8,up_proj,62,0.9986081123352051
stacked_lora,winogrande,all,8,up_proj,63,0.9984362721443176
stacked_lora,winogrande,all,8,up_proj,64,0.9992111921310425
stacked_lora,winogrande,all,8,up_proj,65,0.9995836019515991
stacked_lora,winogrande,all,8,up_proj,66,0.9992241263389587
stacked_lora,winogrande,all,8,up_proj,67,0.8626382946968079
stacked_lora,winogrande,all,8,up_proj,68,0.8626065254211426
stacked_lora,winogrande,all,8,up_proj,69,0.9979488253593445
stacked_lora,winogrande,all,8,up_proj,70,0.9907849431037903
stacked_lora,winogrande,all,8,up_proj,71,0.9893433451652527
stacked_lora,winogrande,all,8,up_proj,72,0.9950257539749146
stacked_lora,winogrande,all,8,up_proj,73,0.9978113770484924
stacked_lora,winogrande,all,8,up_proj,74,0.9986991882324219
stacked_lora,winogrande,all,8,up_proj,75,0.9992929697036743
stacked_lora,winogrande,all,8,up_proj,76,0.9987801313400269
stacked_lora,winogrande,all,8,up_proj,77,0.9985939264297485
stacked_lora,winogrande,all,8,up_proj,78,0.9977121949195862
stacked_lora,winogrande,all,8,up_proj,79,0.9943303465843201
stacked_lora,winogrande,all,8,up_proj,80,0.9952478408813477
stacked_lora,winogrande,all,8,up_proj,81,0.9880688786506653
stacked_lora,winogrande,all,8,up_proj,82,0.9880130887031555
stacked_lora,winogrande,all,8,up_proj,83,0.9990566968917847
stacked_lora,winogrande,all,8,up_proj,84,0.9992880821228027
stacked_lora,winogrande,all,8,up_proj,85,0.9971480965614319
stacked_lora,winogrande,all,8,up_proj,86,0.9974961280822754
stacked_lora,winogrande,all,8,up_proj,87,0.9978477358818054
stacked_lora,winogrande,all,8,up_proj,88,0.9980713129043579
stacked_lora,winogrande,all,8,up_proj,89,0.9973211884498596
stacked_lora,winogrande,all,8,up_proj,90,0.9606480002403259
stacked_lora,winogrande,all,8,up_proj,91,0.9612371325492859
stacked_lora,winogrande,all,8,up_proj,92,0.9989820122718811
stacked_lora,winogrande,all,8,up_proj,93,0.9991956949234009
stacked_lora,winogrande,all,8,up_proj,94,0.997473418712616
stacked_lora,winogrande,all,8,up_proj,95,0.9966393709182739
stacked_lora,winogrande,all,8,up_proj,96,0.9923238158226013
stacked_lora,winogrande,all,8,up_proj,97,0.9959971308708191
stacked_lora,winogrande,all,8,up_proj,98,0.9985311627388
stacked_lora,winogrande,all,8,up_proj,99,0.9984760284423828
stacked_lora,winogrande,all,8,up_proj,100,0.9983311891555786
stacked_lora,winogrande,all,8,up_proj,101,0.9984987378120422
stacked_lora,winogrande,all,8,up_proj,102,0.9813750386238098
stacked_lora,winogrande,all,8,up_proj,103,0.9795703887939453
stacked_lora,winogrande,all,8,up_proj,104,0.9978598356246948
stacked_lora,winogrande,all,8,up_proj,105,0.9956204891204834
stacked_lora,winogrande,all,8,up_proj,106,0.9965689778327942
stacked_lora,winogrande,all,8,up_proj,107,0.9984620809555054
stacked_lora,winogrande,all,8,up_proj,108,0.9971284866333008
stacked_lora,winogrande,all,8,up_proj,109,0.9902707934379578
stacked_lora,winogrande,all,8,up_proj,110,0.9947518110275269
stacked_lora,winogrande,all,8,up_proj,111,0.9401668310165405
stacked_lora,winogrande,all,8,up_proj,112,0.9379773736000061
stacked_lora,winogrande,all,8,up_proj,113,0.9882238507270813
stacked_lora,winogrande,all,8,up_proj,114,0.9727579355239868
stacked_lora,winogrande,all,8,up_proj,115,0.9798818826675415
stacked_lora,winogrande,all,8,up_proj,116,0.9964847564697266
stacked_lora,winogrande,all,8,up_proj,117,0.9980087280273438
stacked_lora,winogrande,all,8,up_proj,118,0.9990405440330505
stacked_lora,winogrande,all,8,up_proj,119,0.9969576597213745
stacked_lora,winogrande,all,8,up_proj,120,0.9973376989364624
stacked_lora,winogrande,all,8,up_proj,121,0.9955846071243286
stacked_lora,winogrande,all,8,up_proj,122,0.9967115521430969
stacked_lora,winogrande,all,8,up_proj,123,0.9977753162384033
stacked_lora,winogrande,all,8,up_proj,124,0.9864581823348999
stacked_lora,winogrande,all,8,up_proj,125,0.9849367737770081
stacked_lora,winogrande,all,8,up_proj,126,0.996162474155426
stacked_lora,winogrande,all,8,up_proj,127,0.9951906204223633
stacked_lora,winogrande,all,8,up_proj,128,0.9903232455253601
stacked_lora,winogrande,all,8,up_proj,129,0.9981669783592224
stacked_lora,winogrande,all,8,up_proj,130,0.9841874837875366
stacked_lora,winogrande,all,8,up_proj,131,0.9940521717071533
stacked_lora,winogrande,all,8,up_proj,132,0.9949344992637634
stacked_lora,winogrande,all,8,up_proj,133,0.9970991015434265
stacked_lora,winogrande,all,8,up_proj,134,0.9971156716346741
stacked_lora,winogrande,all,8,up_proj,135,0.9739692807197571
stacked_lora,winogrande,all,8,up_proj,136,0.9734517335891724
stacked_lora,winogrande,all,8,up_proj,137,0.9959822297096252
stacked_lora,winogrande,all,8,up_proj,138,0.9909681677818298
stacked_lora,winogrande,all,8,up_proj,139,0.9939966797828674
stacked_lora,winogrande,all,8,up_proj,140,0.9951545596122742
stacked_lora,winogrande,all,8,up_proj,141,0.9933120608329773
stacked_lora,winogrande,all,8,up_proj,142,0.996500551700592
stacked_lora,winogrande,all,8,up_proj,143,0.9978571534156799
stacked_lora,winogrande,all,8,up_proj,144,0.9972391724586487
stacked_lora,winogrande,all,8,up_proj,145,0.9743921756744385
stacked_lora,winogrande,all,8,up_proj,146,0.9710268974304199
stacked_lora,winogrande,all,8,up_proj,147,0.9920066595077515
stacked_lora,winogrande,all,8,up_proj,148,0.9949642419815063
stacked_lora,winogrande,all,8,up_proj,149,0.9938957095146179
stacked_lora,winogrande,all,8,up_proj,150,0.9814231395721436
stacked_lora,winogrande,all,8,down_proj,1,0.9999996423721313
stacked_lora,winogrande,all,8,down_proj,2,0.9999994039535522
stacked_lora,winogrande,all,8,down_proj,3,1.0000001192092896
stacked_lora,winogrande,all,8,down_proj,4,0.9999998211860657
stacked_lora,winogrande,all,8,down_proj,5,0.9999969005584717
stacked_lora,winogrande,all,8,down_proj,6,0.9999923706054688
stacked_lora,winogrande,all,8,down_proj,7,0.9999931454658508
stacked_lora,winogrande,all,8,down_proj,8,0.9999977946281433
stacked_lora,winogrande,all,8,down_proj,9,0.9999967217445374
stacked_lora,winogrande,all,8,down_proj,10,0.9999851584434509
stacked_lora,winogrande,all,8,down_proj,11,0.9999921917915344
stacked_lora,winogrande,all,8,down_proj,12,0.9999874830245972
stacked_lora,winogrande,all,8,down_proj,13,0.9999958872795105
stacked_lora,winogrande,all,8,down_proj,14,0.999994158744812
stacked_lora,winogrande,all,8,down_proj,15,0.9999958872795105
stacked_lora,winogrande,all,8,down_proj,16,0.9999874234199524
stacked_lora,winogrande,all,8,down_proj,17,0.9999872446060181
stacked_lora,winogrande,all,8,down_proj,18,0.999983012676239
stacked_lora,winogrande,all,8,down_proj,19,0.999971330165863
stacked_lora,winogrande,all,8,down_proj,20,0.9999698996543884
stacked_lora,winogrande,all,8,down_proj,21,0.9999867677688599
stacked_lora,winogrande,all,8,down_proj,22,0.9998010993003845
stacked_lora,winogrande,all,8,down_proj,23,0.9997872114181519
stacked_lora,winogrande,all,8,down_proj,24,0.9999780058860779
stacked_lora,winogrande,all,8,down_proj,25,0.9999614953994751
stacked_lora,winogrande,all,8,down_proj,26,0.9996237754821777
stacked_lora,winogrande,all,8,down_proj,27,0.9995875358581543
stacked_lora,winogrande,all,8,down_proj,28,0.9999840259552002
stacked_lora,winogrande,all,8,down_proj,29,0.9999849796295166
stacked_lora,winogrande,all,8,down_proj,30,0.9997920989990234
stacked_lora,winogrande,all,8,down_proj,31,0.9997912049293518
stacked_lora,winogrande,all,8,down_proj,32,0.9999661445617676
stacked_lora,winogrande,all,8,down_proj,33,0.9999492168426514
stacked_lora,winogrande,all,8,down_proj,34,0.9999736547470093
stacked_lora,winogrande,all,8,down_proj,35,0.9999728202819824
stacked_lora,winogrande,all,8,down_proj,36,0.9999454021453857
stacked_lora,winogrande,all,8,down_proj,37,0.9999628663063049
stacked_lora,winogrande,all,8,down_proj,38,0.9998818635940552
stacked_lora,winogrande,all,8,down_proj,39,0.9999011158943176
stacked_lora,winogrande,all,8,down_proj,40,0.9999867677688599
stacked_lora,winogrande,all,8,down_proj,41,0.9999541640281677
stacked_lora,winogrande,all,8,down_proj,42,0.9999298453330994
stacked_lora,winogrande,all,8,down_proj,43,0.9999567270278931
stacked_lora,winogrande,all,8,down_proj,44,0.9999464154243469
stacked_lora,winogrande,all,8,down_proj,45,0.9999713897705078
stacked_lora,winogrande,all,8,down_proj,46,0.9999508857727051
stacked_lora,winogrande,all,8,down_proj,47,0.999786913394928
stacked_lora,winogrande,all,8,down_proj,48,0.9997624158859253
stacked_lora,winogrande,all,8,down_proj,49,0.9998951554298401
stacked_lora,winogrande,all,8,down_proj,50,0.999552845954895
stacked_lora,winogrande,all,8,down_proj,51,0.9993695020675659
stacked_lora,winogrande,all,8,down_proj,52,0.9995669722557068
stacked_lora,winogrande,all,8,down_proj,53,0.9998012185096741
stacked_lora,winogrande,all,8,down_proj,54,0.9993453025817871
stacked_lora,winogrande,all,8,down_proj,55,0.9994061589241028
stacked_lora,winogrande,all,8,down_proj,56,0.9999195337295532
stacked_lora,winogrande,all,8,down_proj,57,0.9996078014373779
stacked_lora,winogrande,all,8,down_proj,58,0.9996073842048645
stacked_lora,winogrande,all,8,down_proj,59,0.9993044137954712
stacked_lora,winogrande,all,8,down_proj,60,0.9993674159049988
stacked_lora,winogrande,all,8,down_proj,61,0.9998418688774109
stacked_lora,winogrande,all,8,down_proj,62,0.9998592734336853
stacked_lora,winogrande,all,8,down_proj,63,0.9999139904975891
stacked_lora,winogrande,all,8,down_proj,64,0.9997836351394653
stacked_lora,winogrande,all,8,down_proj,65,0.9994000792503357
stacked_lora,winogrande,all,8,down_proj,66,0.9997559785842896
stacked_lora,winogrande,all,8,down_proj,67,0.999678373336792
stacked_lora,winogrande,all,8,down_proj,68,0.9998052716255188
stacked_lora,winogrande,all,8,down_proj,69,0.9999111294746399
stacked_lora,winogrande,all,8,down_proj,70,0.9998072385787964
stacked_lora,winogrande,all,8,down_proj,71,0.9997279047966003
stacked_lora,winogrande,all,8,down_proj,72,0.9998880624771118
stacked_lora,winogrande,all,8,down_proj,73,0.9993981122970581
stacked_lora,winogrande,all,8,down_proj,74,0.999286413192749
stacked_lora,winogrande,all,8,down_proj,75,0.9995956420898438
stacked_lora,winogrande,all,8,down_proj,76,0.9996535778045654
stacked_lora,winogrande,all,8,down_proj,77,0.9997444152832031
stacked_lora,winogrande,all,8,down_proj,78,0.9999251365661621
stacked_lora,winogrande,all,8,down_proj,79,0.9996211528778076
stacked_lora,winogrande,all,8,down_proj,80,0.9997883439064026
stacked_lora,winogrande,all,8,down_proj,81,0.9997246265411377
stacked_lora,winogrande,all,8,down_proj,82,0.9997862577438354
stacked_lora,winogrande,all,8,down_proj,83,0.9989400506019592
stacked_lora,winogrande,all,8,down_proj,84,0.9967111945152283
stacked_lora,winogrande,all,8,down_proj,85,0.9969297647476196
stacked_lora,winogrande,all,8,down_proj,86,0.9993874430656433
stacked_lora,winogrande,all,8,down_proj,87,0.999708354473114
stacked_lora,winogrande,all,8,down_proj,88,0.99965900182724
stacked_lora,winogrande,all,8,down_proj,89,0.9985557198524475
stacked_lora,winogrande,all,8,down_proj,90,0.9984861016273499
stacked_lora,winogrande,all,8,down_proj,91,0.9995554685592651
stacked_lora,winogrande,all,8,down_proj,92,0.9978408217430115
stacked_lora,winogrande,all,8,down_proj,93,0.9977726936340332
stacked_lora,winogrande,all,8,down_proj,94,0.9997870922088623
stacked_lora,winogrande,all,8,down_proj,95,0.999643087387085
stacked_lora,winogrande,all,8,down_proj,96,0.9985098838806152
stacked_lora,winogrande,all,8,down_proj,97,0.9984279274940491
stacked_lora,winogrande,all,8,down_proj,98,0.9993603229522705
stacked_lora,winogrande,all,8,down_proj,99,0.9996996521949768
stacked_lora,winogrande,all,8,down_proj,100,0.9995320439338684
stacked_lora,winogrande,all,8,down_proj,101,0.9986919164657593
stacked_lora,winogrande,all,8,down_proj,102,0.998989462852478
stacked_lora,winogrande,all,8,down_proj,103,0.9992440938949585
stacked_lora,winogrande,all,8,down_proj,104,0.9984769821166992
stacked_lora,winogrande,all,8,down_proj,105,0.9932559132575989
stacked_lora,winogrande,all,8,down_proj,106,0.9946398735046387
stacked_lora,winogrande,all,8,down_proj,107,0.9994922876358032
stacked_lora,winogrande,all,8,down_proj,108,0.9998252987861633
stacked_lora,winogrande,all,8,down_proj,109,0.999626100063324
stacked_lora,winogrande,all,8,down_proj,110,0.9996722936630249
stacked_lora,winogrande,all,8,down_proj,111,0.998778223991394
stacked_lora,winogrande,all,8,down_proj,112,0.9988247752189636
stacked_lora,winogrande,all,8,down_proj,113,0.9997888803482056
stacked_lora,winogrande,all,8,down_proj,114,0.9998530149459839
stacked_lora,winogrande,all,8,down_proj,115,0.9984540343284607
stacked_lora,winogrande,all,8,down_proj,116,0.9981018304824829
stacked_lora,winogrande,all,8,down_proj,117,0.998695969581604
stacked_lora,winogrande,all,8,down_proj,118,0.9983260035514832
stacked_lora,winogrande,all,8,down_proj,119,0.99876868724823
stacked_lora,winogrande,all,8,down_proj,120,0.9995220303535461
stacked_lora,winogrande,all,8,down_proj,121,0.999686598777771
stacked_lora,winogrande,all,8,down_proj,122,0.9996408820152283
stacked_lora,winogrande,all,8,down_proj,123,0.9995152354240417
stacked_lora,winogrande,all,8,down_proj,124,0.9996834397315979
stacked_lora,winogrande,all,8,down_proj,125,0.999653697013855
stacked_lora,winogrande,all,8,down_proj,126,0.9996321797370911
stacked_lora,winogrande,all,8,down_proj,127,0.9965824484825134
stacked_lora,winogrande,all,8,down_proj,128,0.9959781765937805
stacked_lora,winogrande,all,8,down_proj,129,0.9992594718933105
stacked_lora,winogrande,all,8,down_proj,130,0.9990571141242981
stacked_lora,winogrande,all,8,down_proj,131,0.9987531304359436
stacked_lora,winogrande,all,8,down_proj,132,0.9997076988220215
stacked_lora,winogrande,all,8,down_proj,133,0.999704897403717
stacked_lora,winogrande,all,8,down_proj,134,0.9822136163711548
stacked_lora,winogrande,all,8,down_proj,135,0.9819657802581787
stacked_lora,winogrande,all,8,down_proj,136,0.9979791641235352
stacked_lora,winogrande,all,8,down_proj,137,0.989493727684021
stacked_lora,winogrande,all,8,down_proj,138,0.9903222918510437
stacked_lora,winogrande,all,8,down_proj,139,0.994671642780304
stacked_lora,winogrande,all,8,down_proj,140,0.9992128610610962
stacked_lora,winogrande,all,8,down_proj,141,0.9968370199203491
stacked_lora,winogrande,all,8,down_proj,142,0.9958857893943787
stacked_lora,winogrande,all,8,down_proj,143,0.9982752203941345
stacked_lora,winogrande,all,8,down_proj,144,0.9985893964767456
stacked_lora,winogrande,all,8,down_proj,145,0.997334361076355
stacked_lora,winogrande,all,8,down_proj,146,0.9963669776916504
stacked_lora,winogrande,all,8,down_proj,147,0.9983310699462891
stacked_lora,winogrande,all,8,down_proj,148,0.9993184804916382
stacked_lora,winogrande,all,8,down_proj,149,0.9976913928985596
stacked_lora,winogrande,all,8,down_proj,150,0.9982176423072815
stacked_lora,winogrande,all,15,q_proj,1,1.0
stacked_lora,winogrande,all,15,q_proj,2,0.9999998211860657
stacked_lora,winogrande,all,15,q_proj,3,0.9999995231628418
stacked_lora,winogrande,all,15,q_proj,4,0.9999966621398926
stacked_lora,winogrande,all,15,q_proj,5,0.9999927282333374
stacked_lora,winogrande,all,15,q_proj,6,0.9999945759773254
stacked_lora,winogrande,all,15,q_proj,7,0.9999769926071167
stacked_lora,winogrande,all,15,q_proj,8,0.9999778270721436
stacked_lora,winogrande,all,15,q_proj,9,0.9999975562095642
stacked_lora,winogrande,all,15,q_proj,10,0.9999964237213135
stacked_lora,winogrande,all,15,q_proj,11,0.9999967813491821
stacked_lora,winogrande,all,15,q_proj,12,0.9999966025352478
stacked_lora,winogrande,all,15,q_proj,13,0.9999984502792358
stacked_lora,winogrande,all,15,q_proj,14,0.9999966621398926
stacked_lora,winogrande,all,15,q_proj,15,0.9999973177909851
stacked_lora,winogrande,all,15,q_proj,16,0.9999978542327881
stacked_lora,winogrande,all,15,q_proj,17,0.9999971389770508
stacked_lora,winogrande,all,15,q_proj,18,0.9999938011169434
stacked_lora,winogrande,all,15,q_proj,19,0.9999898672103882
stacked_lora,winogrande,all,15,q_proj,20,0.9999902844429016
stacked_lora,winogrande,all,15,q_proj,21,0.9999868869781494
stacked_lora,winogrande,all,15,q_proj,22,0.9999935626983643
stacked_lora,winogrande,all,15,q_proj,23,0.9999820590019226
stacked_lora,winogrande,all,15,q_proj,24,0.9999936819076538
stacked_lora,winogrande,all,15,q_proj,25,0.9999971389770508
stacked_lora,winogrande,all,15,q_proj,26,0.9999985098838806
stacked_lora,winogrande,all,15,q_proj,27,0.9999983310699463
stacked_lora,winogrande,all,15,q_proj,28,0.9999927282333374
stacked_lora,winogrande,all,15,q_proj,29,0.9999915361404419
stacked_lora,winogrande,all,15,q_proj,30,0.999993622303009
stacked_lora,winogrande,all,15,q_proj,31,0.9999659061431885
stacked_lora,winogrande,all,15,q_proj,32,0.999967098236084
stacked_lora,winogrande,all,15,q_proj,33,0.9999966621398926
stacked_lora,winogrande,all,15,q_proj,34,0.9999966621398926
stacked_lora,winogrande,all,15,q_proj,35,0.9999960660934448
stacked_lora,winogrande,all,15,q_proj,36,0.9999769330024719
stacked_lora,winogrande,all,15,q_proj,37,0.9999756217002869
stacked_lora,winogrande,all,15,q_proj,38,0.9999977946281433
stacked_lora,winogrande,all,15,q_proj,39,0.999992847442627
stacked_lora,winogrande,all,15,q_proj,40,0.9999910593032837
stacked_lora,winogrande,all,15,q_proj,41,0.9998918771743774
stacked_lora,winogrande,all,15,q_proj,42,0.9998958706855774
stacked_lora,winogrande,all,15,q_proj,43,0.9999867677688599
stacked_lora,winogrande,all,15,q_proj,44,0.99991375207901
stacked_lora,winogrande,all,15,q_proj,45,0.99991375207901
stacked_lora,winogrande,all,15,q_proj,46,0.9999870657920837
stacked_lora,winogrande,all,15,q_proj,47,0.9999546408653259
stacked_lora,winogrande,all,15,q_proj,48,0.9999538660049438
stacked_lora,winogrande,all,15,q_proj,49,0.9999797940254211
stacked_lora,winogrande,all,15,q_proj,50,0.9998446106910706
stacked_lora,winogrande,all,15,q_proj,51,0.9998400807380676
stacked_lora,winogrande,all,15,q_proj,52,0.9999744296073914
stacked_lora,winogrande,all,15,q_proj,53,0.999977707862854
stacked_lora,winogrande,all,15,q_proj,54,0.9999854564666748
stacked_lora,winogrande,all,15,q_proj,55,0.9999819993972778
stacked_lora,winogrande,all,15,q_proj,56,0.9999896287918091
stacked_lora,winogrande,all,15,q_proj,57,0.9999815821647644
stacked_lora,winogrande,all,15,q_proj,58,0.9999729990959167
stacked_lora,winogrande,all,15,q_proj,59,0.9999707341194153
stacked_lora,winogrande,all,15,q_proj,60,0.9999647736549377
stacked_lora,winogrande,all,15,q_proj,61,0.9999676942825317
stacked_lora,winogrande,all,15,q_proj,62,0.9999732971191406
stacked_lora,winogrande,all,15,q_proj,63,0.9999843835830688
stacked_lora,winogrande,all,15,q_proj,64,0.9999826550483704
stacked_lora,winogrande,all,15,q_proj,65,0.9999762773513794
stacked_lora,winogrande,all,15,q_proj,66,0.9999643564224243
stacked_lora,winogrande,all,15,q_proj,67,0.9999682903289795
stacked_lora,winogrande,all,15,q_proj,68,0.9999155402183533
stacked_lora,winogrande,all,15,q_proj,69,0.9998974800109863
stacked_lora,winogrande,all,15,q_proj,70,0.9998314380645752
stacked_lora,winogrande,all,15,q_proj,71,0.9998482465744019
stacked_lora,winogrande,all,15,q_proj,72,0.9999517798423767
stacked_lora,winogrande,all,15,q_proj,73,0.9999603629112244
stacked_lora,winogrande,all,15,q_proj,74,0.9999642372131348
stacked_lora,winogrande,all,15,q_proj,75,0.9999078512191772
stacked_lora,winogrande,all,15,q_proj,76,0.9999195337295532
stacked_lora,winogrande,all,15,q_proj,77,0.9999527335166931
stacked_lora,winogrande,all,15,q_proj,78,0.9999529123306274
stacked_lora,winogrande,all,15,q_proj,79,0.9999766945838928
stacked_lora,winogrande,all,15,q_proj,80,0.999955952167511
stacked_lora,winogrande,all,15,q_proj,81,0.9998646974563599
stacked_lora,winogrande,all,15,q_proj,82,0.999847412109375
stacked_lora,winogrande,all,15,q_proj,83,0.999920129776001
stacked_lora,winogrande,all,15,q_proj,84,0.9999297261238098
stacked_lora,winogrande,all,15,q_proj,85,0.9998688697814941
stacked_lora,winogrande,all,15,q_proj,86,0.9998881816864014
stacked_lora,winogrande,all,15,q_proj,87,0.999969482421875
stacked_lora,winogrande,all,15,q_proj,88,0.999819278717041
stacked_lora,winogrande,all,15,q_proj,89,0.9997568130493164
stacked_lora,winogrande,all,15,q_proj,90,0.9997671246528625
stacked_lora,winogrande,all,15,q_proj,91,0.999914288520813
stacked_lora,winogrande,all,15,q_proj,92,0.9999441504478455
stacked_lora,winogrande,all,15,q_proj,93,0.9999260902404785
stacked_lora,winogrande,all,15,q_proj,94,0.9999430179595947
stacked_lora,winogrande,all,15,q_proj,95,0.9999598860740662
stacked_lora,winogrande,all,15,q_proj,96,0.999910831451416
stacked_lora,winogrande,all,15,q_proj,97,0.9999354481697083
stacked_lora,winogrande,all,15,q_proj,98,0.9998891949653625
stacked_lora,winogrande,all,15,q_proj,99,0.9999005198478699
stacked_lora,winogrande,all,15,q_proj,100,0.9998859167098999
stacked_lora,winogrande,all,15,q_proj,101,0.9997930526733398
stacked_lora,winogrande,all,15,q_proj,102,0.9997453689575195
stacked_lora,winogrande,all,15,q_proj,103,0.999684751033783
stacked_lora,winogrande,all,15,q_proj,104,0.9999128580093384
stacked_lora,winogrande,all,15,q_proj,105,0.9999648928642273
stacked_lora,winogrande,all,15,q_proj,106,0.9999621510505676
stacked_lora,winogrande,all,15,q_proj,107,0.9998096227645874
stacked_lora,winogrande,all,15,q_proj,108,0.9998085498809814
stacked_lora,winogrande,all,15,q_proj,109,0.9999584555625916
stacked_lora,winogrande,all,15,q_proj,110,0.9999370574951172
stacked_lora,winogrande,all,15,q_proj,111,0.9999363422393799
stacked_lora,winogrande,all,15,q_proj,112,0.9998787045478821
stacked_lora,winogrande,all,15,q_proj,113,0.999799907207489
stacked_lora,winogrande,all,15,q_proj,114,0.9994744062423706
stacked_lora,winogrande,all,15,q_proj,115,0.9994909763336182
stacked_lora,winogrande,all,15,q_proj,116,0.9993023872375488
stacked_lora,winogrande,all,15,q_proj,117,0.9990195631980896
stacked_lora,winogrande,all,15,q_proj,118,0.9993792176246643
stacked_lora,winogrande,all,15,q_proj,119,0.9997856616973877
stacked_lora,winogrande,all,15,q_proj,120,0.9997605085372925
stacked_lora,winogrande,all,15,q_proj,121,0.999786376953125
stacked_lora,winogrande,all,15,q_proj,122,0.9998817443847656
stacked_lora,winogrande,all,15,q_proj,123,0.9997615814208984
stacked_lora,winogrande,all,15,q_proj,124,0.9997790455818176
stacked_lora,winogrande,all,15,q_proj,125,0.9974249601364136
stacked_lora,winogrande,all,15,q_proj,126,0.9975683689117432
stacked_lora,winogrande,all,15,q_proj,127,0.9997724294662476
stacked_lora,winogrande,all,15,q_proj,128,0.9998407959938049
stacked_lora,winogrande,all,15,q_proj,129,0.9994869232177734
stacked_lora,winogrande,all,15,q_proj,130,0.9995948076248169
stacked_lora,winogrande,all,15,q_proj,131,0.999637246131897
stacked_lora,winogrande,all,15,q_proj,132,0.9996621012687683
stacked_lora,winogrande,all,15,q_proj,133,0.9996978640556335
stacked_lora,winogrande,all,15,q_proj,134,0.9995366334915161
stacked_lora,winogrande,all,15,q_proj,135,0.9993566870689392
stacked_lora,winogrande,all,15,q_proj,136,0.9998536705970764
stacked_lora,winogrande,all,15,q_proj,137,0.9998152256011963
stacked_lora,winogrande,all,15,q_proj,138,0.9997928738594055
stacked_lora,winogrande,all,15,q_proj,139,0.9988536238670349
stacked_lora,winogrande,all,15,q_proj,140,0.9989301562309265
stacked_lora,winogrande,all,15,q_proj,141,0.9998522400856018
stacked_lora,winogrande,all,15,q_proj,142,0.9996353387832642
stacked_lora,winogrande,all,15,q_proj,143,0.999687671661377
stacked_lora,winogrande,all,15,q_proj,144,0.9998310804367065
stacked_lora,winogrande,all,15,q_proj,145,0.9997916221618652
stacked_lora,winogrande,all,15,q_proj,146,0.9997667670249939
stacked_lora,winogrande,all,15,q_proj,147,0.9995763897895813
stacked_lora,winogrande,all,15,q_proj,148,0.9998427033424377
stacked_lora,winogrande,all,15,q_proj,149,0.9996788501739502
stacked_lora,winogrande,all,15,q_proj,150,0.9977054595947266
stacked_lora,winogrande,all,15,v_proj,1,0.9999953508377075
stacked_lora,winogrande,all,15,v_proj,2,0.9999912977218628
stacked_lora,winogrande,all,15,v_proj,3,0.9999897480010986
stacked_lora,winogrande,all,15,v_proj,4,0.9999953508377075
stacked_lora,winogrande,all,15,v_proj,5,0.9999728202819824
stacked_lora,winogrande,all,15,v_proj,6,0.9999693632125854
stacked_lora,winogrande,all,15,v_proj,7,0.9999891519546509
stacked_lora,winogrande,all,15,v_proj,8,0.9999867081642151
stacked_lora,winogrande,all,15,v_proj,9,0.9999781250953674
stacked_lora,winogrande,all,15,v_proj,10,0.999940037727356
stacked_lora,winogrande,all,15,v_proj,11,0.9999558925628662
stacked_lora,winogrande,all,15,v_proj,12,0.9999603033065796
stacked_lora,winogrande,all,15,v_proj,13,0.9999595284461975
stacked_lora,winogrande,all,15,v_proj,14,0.9999701380729675
stacked_lora,winogrande,all,15,v_proj,15,0.9998065233230591
stacked_lora,winogrande,all,15,v_proj,16,0.9998114705085754
stacked_lora,winogrande,all,15,v_proj,17,0.9999847412109375
stacked_lora,winogrande,all,15,v_proj,18,0.9999610185623169
stacked_lora,winogrande,all,15,v_proj,19,0.9999635815620422
stacked_lora,winogrande,all,15,v_proj,20,0.9999638199806213
stacked_lora,winogrande,all,15,v_proj,21,0.9999099969863892
stacked_lora,winogrande,all,15,v_proj,22,0.9999191761016846
stacked_lora,winogrande,all,15,v_proj,23,0.9999626874923706
stacked_lora,winogrande,all,15,v_proj,24,0.9999808073043823
stacked_lora,winogrande,all,15,v_proj,25,0.9999847412109375
stacked_lora,winogrande,all,15,v_proj,26,0.9999781847000122
stacked_lora,winogrande,all,15,v_proj,27,0.9999704360961914
stacked_lora,winogrande,all,15,v_proj,28,0.9999818801879883
stacked_lora,winogrande,all,15,v_proj,29,0.9999856948852539
stacked_lora,winogrande,all,15,v_proj,30,0.9999715089797974
stacked_lora,winogrande,all,15,v_proj,31,0.999973475933075
stacked_lora,winogrande,all,15,v_proj,32,0.999981164932251
stacked_lora,winogrande,all,15,v_proj,33,0.9999734163284302
stacked_lora,winogrande,all,15,v_proj,34,0.9999691247940063
stacked_lora,winogrande,all,15,v_proj,35,0.9999716281890869
stacked_lora,winogrande,all,15,v_proj,36,0.9999016523361206
stacked_lora,winogrande,all,15,v_proj,37,0.9998526573181152
stacked_lora,winogrande,all,15,v_proj,38,0.9999372959136963
stacked_lora,winogrande,all,15,v_proj,39,0.9999172687530518
stacked_lora,winogrande,all,15,v_proj,40,0.9999131560325623
stacked_lora,winogrande,all,15,v_proj,41,0.9999387264251709
stacked_lora,winogrande,all,15,v_proj,42,0.9998897314071655
stacked_lora,winogrande,all,15,v_proj,43,0.9999130964279175
stacked_lora,winogrande,all,15,v_proj,44,0.999920129776001
stacked_lora,winogrande,all,15,v_proj,45,0.9999724626541138
stacked_lora,winogrande,all,15,v_proj,46,0.9999637603759766
stacked_lora,winogrande,all,15,v_proj,47,0.9999481439590454
stacked_lora,winogrande,all,15,v_proj,48,0.9999707937240601
stacked_lora,winogrande,all,15,v_proj,49,0.9999797940254211
stacked_lora,winogrande,all,15,v_proj,50,0.9999691247940063
stacked_lora,winogrande,all,15,v_proj,51,0.9999387264251709
stacked_lora,winogrande,all,15,v_proj,52,0.9999662041664124
stacked_lora,winogrande,all,15,v_proj,53,0.9999662041664124
stacked_lora,winogrande,all,15,v_proj,54,0.999945878982544
stacked_lora,winogrande,all,15,v_proj,55,0.999954342842102
stacked_lora,winogrande,all,15,v_proj,56,0.9998087882995605
stacked_lora,winogrande,all,15,v_proj,57,0.9997929930686951
stacked_lora,winogrande,all,15,v_proj,58,0.9999825358390808
stacked_lora,winogrande,all,15,v_proj,59,0.9999780654907227
stacked_lora,winogrande,all,15,v_proj,60,0.9999416470527649
stacked_lora,winogrande,all,15,v_proj,61,0.9999284148216248
stacked_lora,winogrande,all,15,v_proj,62,0.9999671578407288
stacked_lora,winogrande,all,15,v_proj,63,0.9999741315841675
stacked_lora,winogrande,all,15,v_proj,64,0.9999885559082031
stacked_lora,winogrande,all,15,v_proj,65,0.9996798634529114
stacked_lora,winogrande,all,15,v_proj,66,0.9996795654296875
stacked_lora,winogrande,all,15,v_proj,67,0.9998921155929565
stacked_lora,winogrande,all,15,v_proj,68,0.9999099373817444
stacked_lora,winogrande,all,15,v_proj,69,0.9998522400856018
stacked_lora,winogrande,all,15,v_proj,70,0.9998738169670105
stacked_lora,winogrande,all,15,v_proj,71,0.9999443292617798
stacked_lora,winogrande,all,15,v_proj,72,0.9998275637626648
stacked_lora,winogrande,all,15,v_proj,73,0.9998257756233215
stacked_lora,winogrande,all,15,v_proj,74,0.9999653100967407
stacked_lora,winogrande,all,15,v_proj,75,0.9999499320983887
stacked_lora,winogrande,all,15,v_proj,76,0.9999492764472961
stacked_lora,winogrande,all,15,v_proj,77,0.9999032616615295
stacked_lora,winogrande,all,15,v_proj,78,0.9998939037322998
stacked_lora,winogrande,all,15,v_proj,79,0.9999048709869385
stacked_lora,winogrande,all,15,v_proj,80,0.9999501705169678
stacked_lora,winogrande,all,15,v_proj,81,0.9999080300331116
stacked_lora,winogrande,all,15,v_proj,82,0.9998242259025574
stacked_lora,winogrande,all,15,v_proj,83,0.999567985534668
stacked_lora,winogrande,all,15,v_proj,84,0.999665379524231
stacked_lora,winogrande,all,15,v_proj,85,0.9997566342353821
stacked_lora,winogrande,all,15,v_proj,86,0.999848484992981
stacked_lora,winogrande,all,15,v_proj,87,0.9997749328613281
stacked_lora,winogrande,all,15,v_proj,88,0.9998099207878113
stacked_lora,winogrande,all,15,v_proj,89,0.9997212290763855
stacked_lora,winogrande,all,15,v_proj,90,0.9998739361763
stacked_lora,winogrande,all,15,v_proj,91,0.9996668100357056
stacked_lora,winogrande,all,15,v_proj,92,0.9997685551643372
stacked_lora,winogrande,all,15,v_proj,93,0.9997506737709045
stacked_lora,winogrande,all,15,v_proj,94,0.999710202217102
stacked_lora,winogrande,all,15,v_proj,95,0.9997199177742004
stacked_lora,winogrande,all,15,v_proj,96,0.9957795739173889
stacked_lora,winogrande,all,15,v_proj,97,0.9955207109451294
stacked_lora,winogrande,all,15,v_proj,98,0.9980050325393677
stacked_lora,winogrande,all,15,v_proj,99,0.9983450174331665
stacked_lora,winogrande,all,15,v_proj,100,0.9997888803482056
stacked_lora,winogrande,all,15,v_proj,101,0.9997157454490662
stacked_lora,winogrande,all,15,v_proj,102,0.9998304843902588
stacked_lora,winogrande,all,15,v_proj,103,0.9998056292533875
stacked_lora,winogrande,all,15,v_proj,104,0.9997859597206116
stacked_lora,winogrande,all,15,v_proj,105,0.999535322189331
stacked_lora,winogrande,all,15,v_proj,106,0.9982307553291321
stacked_lora,winogrande,all,15,v_proj,107,0.997838020324707
stacked_lora,winogrande,all,15,v_proj,108,0.9996653199195862
stacked_lora,winogrande,all,15,v_proj,109,0.9993504285812378
stacked_lora,winogrande,all,15,v_proj,110,0.9994431138038635
stacked_lora,winogrande,all,15,v_proj,111,0.9997987747192383
stacked_lora,winogrande,all,15,v_proj,112,0.9995094537734985
stacked_lora,winogrande,all,15,v_proj,113,0.9995974898338318
stacked_lora,winogrande,all,15,v_proj,114,0.9985482692718506
stacked_lora,winogrande,all,15,v_proj,115,0.9986152648925781
stacked_lora,winogrande,all,15,v_proj,116,0.999241054058075
stacked_lora,winogrande,all,15,v_proj,117,0.9991554617881775
stacked_lora,winogrande,all,15,v_proj,118,0.9970530271530151
stacked_lora,winogrande,all,15,v_proj,119,0.997226893901825
stacked_lora,winogrande,all,15,v_proj,120,0.9997072219848633
stacked_lora,winogrande,all,15,v_proj,121,0.9995715618133545
stacked_lora,winogrande,all,15,v_proj,122,0.9995631575584412
stacked_lora,winogrande,all,15,v_proj,123,0.9995514154434204
stacked_lora,winogrande,all,15,v_proj,124,0.9991218447685242
stacked_lora,winogrande,all,15,v_proj,125,0.9993938207626343
stacked_lora,winogrande,all,15,v_proj,126,0.9994176030158997
stacked_lora,winogrande,all,15,v_proj,127,0.9990586638450623
stacked_lora,winogrande,all,15,v_proj,128,0.9978907704353333
stacked_lora,winogrande,all,15,v_proj,129,0.9989609122276306
stacked_lora,winogrande,all,15,v_proj,130,0.9976357221603394
stacked_lora,winogrande,all,15,v_proj,131,0.9977638125419617
stacked_lora,winogrande,all,15,v_proj,132,0.9988232851028442
stacked_lora,winogrande,all,15,v_proj,133,0.9983659982681274
stacked_lora,winogrande,all,15,v_proj,134,0.9993122220039368
stacked_lora,winogrande,all,15,v_proj,135,0.9991447329521179
stacked_lora,winogrande,all,15,v_proj,136,0.9986421465873718
stacked_lora,winogrande,all,15,v_proj,137,0.9995332360267639
stacked_lora,winogrande,all,15,v_proj,138,0.9996756911277771
stacked_lora,winogrande,all,15,v_proj,139,0.9991759061813354
stacked_lora,winogrande,all,15,v_proj,140,0.9986650943756104
stacked_lora,winogrande,all,15,v_proj,141,0.999492347240448
stacked_lora,winogrande,all,15,v_proj,142,0.9924341440200806
stacked_lora,winogrande,all,15,v_proj,143,0.9921677112579346
stacked_lora,winogrande,all,15,v_proj,144,0.9987484216690063
stacked_lora,winogrande,all,15,v_proj,145,0.9978775978088379
stacked_lora,winogrande,all,15,v_proj,146,0.9980617761611938
stacked_lora,winogrande,all,15,v_proj,147,0.9991254806518555
stacked_lora,winogrande,all,15,v_proj,148,0.99852055311203
stacked_lora,winogrande,all,15,v_proj,149,0.9989310503005981
stacked_lora,winogrande,all,15,v_proj,150,0.9985345005989075
stacked_lora,winogrande,all,15,up_proj,1,0.9999993443489075
stacked_lora,winogrande,all,15,up_proj,2,1.0
stacked_lora,winogrande,all,15,up_proj,3,0.9999986886978149
stacked_lora,winogrande,all,15,up_proj,4,0.9999974966049194
stacked_lora,winogrande,all,15,up_proj,5,0.9999948740005493
stacked_lora,winogrande,all,15,up_proj,6,0.9999922513961792
stacked_lora,winogrande,all,15,up_proj,7,0.9999948740005493
stacked_lora,winogrande,all,15,up_proj,8,0.9999967813491821
stacked_lora,winogrande,all,15,up_proj,9,0.9999967813491821
stacked_lora,winogrande,all,15,up_proj,10,0.9999966025352478
stacked_lora,winogrande,all,15,up_proj,11,0.9999961256980896
stacked_lora,winogrande,all,15,up_proj,12,0.9999959468841553
stacked_lora,winogrande,all,15,up_proj,13,0.9999836087226868
stacked_lora,winogrande,all,15,up_proj,14,0.9999851584434509
stacked_lora,winogrande,all,15,up_proj,15,0.999989926815033
stacked_lora,winogrande,all,15,up_proj,16,0.9999889731407166
stacked_lora,winogrande,all,15,up_proj,17,0.9999951124191284
stacked_lora,winogrande,all,15,up_proj,18,0.9999895095825195
stacked_lora,winogrande,all,15,up_proj,19,0.9999901652336121
stacked_lora,winogrande,all,15,up_proj,20,0.9999901056289673
stacked_lora,winogrande,all,15,up_proj,21,0.9999924898147583
stacked_lora,winogrande,all,15,up_proj,22,0.9999920725822449
stacked_lora,winogrande,all,15,up_proj,23,0.999981701374054
stacked_lora,winogrande,all,15,up_proj,24,0.9999535083770752
stacked_lora,winogrande,all,15,up_proj,25,0.9999505877494812
stacked_lora,winogrande,all,15,up_proj,26,0.9999792575836182
stacked_lora,winogrande,all,15,up_proj,27,0.9999808669090271
stacked_lora,winogrande,all,15,up_proj,28,0.999984860420227
stacked_lora,winogrande,all,15,up_proj,29,0.9999899864196777
stacked_lora,winogrande,all,15,up_proj,30,0.9999874234199524
stacked_lora,winogrande,all,15,up_proj,31,0.9999865293502808
stacked_lora,winogrande,all,15,up_proj,32,0.999985933303833
stacked_lora,winogrande,all,15,up_proj,33,0.99998539686203
stacked_lora,winogrande,all,15,up_proj,34,0.9999855160713196
stacked_lora,winogrande,all,15,up_proj,35,0.9999608993530273
stacked_lora,winogrande,all,15,up_proj,36,0.999859094619751
stacked_lora,winogrande,all,15,up_proj,37,0.9998657703399658
stacked_lora,winogrande,all,15,up_proj,38,0.9999710917472839
stacked_lora,winogrande,all,15,up_proj,39,0.9984374046325684
stacked_lora,winogrande,all,15,up_proj,40,0.9984339475631714
stacked_lora,winogrande,all,15,up_proj,41,0.9999584555625916
stacked_lora,winogrande,all,15,up_proj,42,0.9999396800994873
stacked_lora,winogrande,all,15,up_proj,43,0.9999270439147949
stacked_lora,winogrande,all,15,up_proj,44,0.9997438192367554
stacked_lora,winogrande,all,15,up_proj,45,0.999679684638977
stacked_lora,winogrande,all,15,up_proj,46,0.9999063014984131
stacked_lora,winogrande,all,15,up_proj,47,0.9998904466629028
stacked_lora,winogrande,all,15,up_proj,48,0.9998928904533386
stacked_lora,winogrande,all,15,up_proj,49,0.9999734163284302
stacked_lora,winogrande,all,15,up_proj,50,0.9999264478683472
stacked_lora,winogrande,all,15,up_proj,51,0.9999469518661499
stacked_lora,winogrande,all,15,up_proj,52,0.9999374747276306
stacked_lora,winogrande,all,15,up_proj,53,0.9998961091041565
stacked_lora,winogrande,all,15,up_proj,54,0.9998891353607178
stacked_lora,winogrande,all,15,up_proj,55,0.9998141527175903
stacked_lora,winogrande,all,15,up_proj,56,0.9996111989021301
stacked_lora,winogrande,all,15,up_proj,57,0.9996610283851624
stacked_lora,winogrande,all,15,up_proj,58,0.9996300935745239
stacked_lora,winogrande,all,15,up_proj,59,0.9995525479316711
stacked_lora,winogrande,all,15,up_proj,60,0.9997924566268921
stacked_lora,winogrande,all,15,up_proj,61,0.9996826648712158
stacked_lora,winogrande,all,15,up_proj,62,0.9998730421066284
stacked_lora,winogrande,all,15,up_proj,63,0.9996419548988342
stacked_lora,winogrande,all,15,up_proj,64,0.9999022483825684
stacked_lora,winogrande,all,15,up_proj,65,0.9997601509094238
stacked_lora,winogrande,all,15,up_proj,66,0.9998680353164673
stacked_lora,winogrande,all,15,up_proj,67,0.999592661857605
stacked_lora,winogrande,all,15,up_proj,68,0.9998142719268799
stacked_lora,winogrande,all,15,up_proj,69,0.991727352142334
stacked_lora,winogrande,all,15,up_proj,70,0.9917057156562805
stacked_lora,winogrande,all,15,up_proj,71,0.999546229839325
stacked_lora,winogrande,all,15,up_proj,72,0.9995054006576538
stacked_lora,winogrande,all,15,up_proj,73,0.9998665452003479
stacked_lora,winogrande,all,15,up_proj,74,0.9994708895683289
stacked_lora,winogrande,all,15,up_proj,75,0.9993801712989807
stacked_lora,winogrande,all,15,up_proj,76,0.9994865655899048
stacked_lora,winogrande,all,15,up_proj,77,0.9996597766876221
stacked_lora,winogrande,all,15,up_proj,78,0.9983329772949219
stacked_lora,winogrande,all,15,up_proj,79,0.9981304407119751
stacked_lora,winogrande,all,15,up_proj,80,0.9994997978210449
stacked_lora,winogrande,all,15,up_proj,81,0.9997957348823547
stacked_lora,winogrande,all,15,up_proj,82,0.9994114637374878
stacked_lora,winogrande,all,15,up_proj,83,0.9998165965080261
stacked_lora,winogrande,all,15,up_proj,84,0.9991964101791382
stacked_lora,winogrande,all,15,up_proj,85,0.9957042932510376
stacked_lora,winogrande,all,15,up_proj,86,0.9954642057418823
stacked_lora,winogrande,all,15,up_proj,87,0.9994676113128662
stacked_lora,winogrande,all,15,up_proj,88,0.9997021555900574
stacked_lora,winogrande,all,15,up_proj,89,0.9995799660682678
stacked_lora,winogrande,all,15,up_proj,90,0.999621570110321
stacked_lora,winogrande,all,15,up_proj,91,0.9996231198310852
stacked_lora,winogrande,all,15,up_proj,92,0.9996317625045776
stacked_lora,winogrande,all,15,up_proj,93,0.9997280836105347
stacked_lora,winogrande,all,15,up_proj,94,0.9994776248931885
stacked_lora,winogrande,all,15,up_proj,95,0.9735496044158936
stacked_lora,winogrande,all,15,up_proj,96,0.9722845554351807
stacked_lora,winogrande,all,15,up_proj,97,0.998827338218689
stacked_lora,winogrande,all,15,up_proj,98,0.9965428709983826
stacked_lora,winogrande,all,15,up_proj,99,0.9967786073684692
stacked_lora,winogrande,all,15,up_proj,100,0.9997826218605042
stacked_lora,winogrande,all,15,up_proj,101,0.9998375773429871
stacked_lora,winogrande,all,15,up_proj,102,0.999703049659729
stacked_lora,winogrande,all,15,up_proj,103,0.9993311166763306
stacked_lora,winogrande,all,15,up_proj,104,0.9994913935661316
stacked_lora,winogrande,all,15,up_proj,105,0.9995967745780945
stacked_lora,winogrande,all,15,up_proj,106,0.9983744025230408
stacked_lora,winogrande,all,15,up_proj,107,0.9983934760093689
stacked_lora,winogrande,all,15,up_proj,108,0.999740719795227
stacked_lora,winogrande,all,15,up_proj,109,0.9993271231651306
stacked_lora,winogrande,all,15,up_proj,110,0.9977625608444214
stacked_lora,winogrande,all,15,up_proj,111,0.9982184171676636
stacked_lora,winogrande,all,15,up_proj,112,0.9996354579925537
stacked_lora,winogrande,all,15,up_proj,113,0.9997299909591675
stacked_lora,winogrande,all,15,up_proj,114,0.9996883273124695
stacked_lora,winogrande,all,15,up_proj,115,0.9996111989021301
stacked_lora,winogrande,all,15,up_proj,116,0.9996607303619385
stacked_lora,winogrande,all,15,up_proj,117,0.9996866583824158
stacked_lora,winogrande,all,15,up_proj,118,0.9991428852081299
stacked_lora,winogrande,all,15,up_proj,119,0.9992266297340393
stacked_lora,winogrande,all,15,up_proj,120,0.9992862343788147
stacked_lora,winogrande,all,15,up_proj,121,0.9993864297866821
stacked_lora,winogrande,all,15,up_proj,122,0.9996299147605896
stacked_lora,winogrande,all,15,up_proj,123,0.999312162399292
stacked_lora,winogrande,all,15,up_proj,124,0.9987971186637878
stacked_lora,winogrande,all,15,up_proj,125,0.9988635778427124
stacked_lora,winogrande,all,15,up_proj,126,0.9970067739486694
stacked_lora,winogrande,all,15,up_proj,127,0.9974260330200195
stacked_lora,winogrande,all,15,up_proj,128,0.9987301826477051
stacked_lora,winogrande,all,15,up_proj,129,0.9985182881355286
stacked_lora,winogrande,all,15,up_proj,130,0.9978119134902954
stacked_lora,winogrande,all,15,up_proj,131,0.9992855787277222
stacked_lora,winogrande,all,15,up_proj,132,0.9993998408317566
stacked_lora,winogrande,all,15,up_proj,133,0.9992861151695251
stacked_lora,winogrande,all,15,up_proj,134,0.9995627999305725
stacked_lora,winogrande,all,15,up_proj,135,0.9962290525436401
stacked_lora,winogrande,all,15,up_proj,136,0.9954470992088318
stacked_lora,winogrande,all,15,up_proj,137,0.9986841678619385
stacked_lora,winogrande,all,15,up_proj,138,0.9996058344841003
stacked_lora,winogrande,all,15,up_proj,139,0.9996957182884216
stacked_lora,winogrande,all,15,up_proj,140,0.9996948838233948
stacked_lora,winogrande,all,15,up_proj,141,0.9994050860404968
stacked_lora,winogrande,all,15,up_proj,142,0.9993970990180969
stacked_lora,winogrande,all,15,up_proj,143,0.9989880323410034
stacked_lora,winogrande,all,15,up_proj,144,0.9886196255683899
stacked_lora,winogrande,all,15,up_proj,145,0.9891032576560974
stacked_lora,winogrande,all,15,up_proj,146,0.9979203939437866
stacked_lora,winogrande,all,15,up_proj,147,0.9980709552764893
stacked_lora,winogrande,all,15,up_proj,148,0.9972755908966064
stacked_lora,winogrande,all,15,up_proj,149,0.9964009523391724
stacked_lora,winogrande,all,15,up_proj,150,0.9995155334472656
stacked_lora,winogrande,all,15,down_proj,1,1.0000003576278687
stacked_lora,winogrande,all,15,down_proj,2,0.9999998807907104
stacked_lora,winogrande,all,15,down_proj,3,1.0000001192092896
stacked_lora,winogrande,all,15,down_proj,4,0.9999985098838806
stacked_lora,winogrande,all,15,down_proj,5,0.9999994039535522
stacked_lora,winogrande,all,15,down_proj,6,0.9999988079071045
stacked_lora,winogrande,all,15,down_proj,7,0.9999825358390808
stacked_lora,winogrande,all,15,down_proj,8,0.9999791383743286
stacked_lora,winogrande,all,15,down_proj,9,0.9999817609786987
stacked_lora,winogrande,all,15,down_proj,10,0.9999790787696838
stacked_lora,winogrande,all,15,down_proj,11,0.9999821782112122
stacked_lora,winogrande,all,15,down_proj,12,0.9999904036521912
stacked_lora,winogrande,all,15,down_proj,13,0.9994967579841614
stacked_lora,winogrande,all,15,down_proj,14,0.9994871020317078
stacked_lora,winogrande,all,15,down_proj,15,0.999990701675415
stacked_lora,winogrande,all,15,down_proj,16,0.9999537467956543
stacked_lora,winogrande,all,15,down_proj,17,0.9999232292175293
stacked_lora,winogrande,all,15,down_proj,18,0.9999504685401917
stacked_lora,winogrande,all,15,down_proj,19,0.9999785423278809
stacked_lora,winogrande,all,15,down_proj,20,0.9999870657920837
stacked_lora,winogrande,all,15,down_proj,21,0.9999808073043823
stacked_lora,winogrande,all,15,down_proj,22,0.9999668002128601
stacked_lora,winogrande,all,15,down_proj,23,0.9999672770500183
stacked_lora,winogrande,all,15,down_proj,24,0.9998490810394287
stacked_lora,winogrande,all,15,down_proj,25,0.999840259552002
stacked_lora,winogrande,all,15,down_proj,26,0.9999251365661621
stacked_lora,winogrande,all,15,down_proj,27,0.9999353885650635
stacked_lora,winogrande,all,15,down_proj,28,0.9999421238899231
stacked_lora,winogrande,all,15,down_proj,29,0.9999477863311768
stacked_lora,winogrande,all,15,down_proj,30,0.9999306797981262
stacked_lora,winogrande,all,15,down_proj,31,0.9999114274978638
stacked_lora,winogrande,all,15,down_proj,32,0.9999638795852661
stacked_lora,winogrande,all,15,down_proj,33,0.9999868869781494
stacked_lora,winogrande,all,15,down_proj,34,0.9999844431877136
stacked_lora,winogrande,all,15,down_proj,35,0.9999229907989502
stacked_lora,winogrande,all,15,down_proj,36,0.9998909831047058
stacked_lora,winogrande,all,15,down_proj,37,0.999855101108551
stacked_lora,winogrande,all,15,down_proj,38,0.9999179840087891
stacked_lora,winogrande,all,15,down_proj,39,0.9994875192642212
stacked_lora,winogrande,all,15,down_proj,40,0.9995304346084595
stacked_lora,winogrande,all,15,down_proj,41,0.9996882081031799
stacked_lora,winogrande,all,15,down_proj,42,0.9996997117996216
stacked_lora,winogrande,all,15,down_proj,43,0.9996921420097351
stacked_lora,winogrande,all,15,down_proj,44,0.9999450445175171
stacked_lora,winogrande,all,15,down_proj,45,0.9999482035636902
stacked_lora,winogrande,all,15,down_proj,46,0.9999770522117615
stacked_lora,winogrande,all,15,down_proj,47,0.9998754262924194
stacked_lora,winogrande,all,15,down_proj,48,0.9997367858886719
stacked_lora,winogrande,all,15,down_proj,49,0.9998281002044678
stacked_lora,winogrande,all,15,down_proj,50,0.9997246265411377
stacked_lora,winogrande,all,15,down_proj,51,0.9999606609344482
stacked_lora,winogrande,all,15,down_proj,52,0.9999614953994751
stacked_lora,winogrande,all,15,down_proj,53,0.9998807907104492
stacked_lora,winogrande,all,15,down_proj,54,0.9997943043708801
stacked_lora,winogrande,all,15,down_proj,55,0.9997836947441101
stacked_lora,winogrande,all,15,down_proj,56,0.9998878836631775
stacked_lora,winogrande,all,15,down_proj,57,0.9999223947525024
stacked_lora,winogrande,all,15,down_proj,58,0.9999254941940308
stacked_lora,winogrande,all,15,down_proj,59,0.9999514818191528
stacked_lora,winogrande,all,15,down_proj,60,0.9999257922172546
stacked_lora,winogrande,all,15,down_proj,61,0.9998657703399658
stacked_lora,winogrande,all,15,down_proj,62,0.9998310208320618
stacked_lora,winogrande,all,15,down_proj,63,0.9998815059661865
stacked_lora,winogrande,all,15,down_proj,64,0.999750018119812
stacked_lora,winogrande,all,15,down_proj,65,0.9995770454406738
stacked_lora,winogrande,all,15,down_proj,66,0.9994485378265381
stacked_lora,winogrande,all,15,down_proj,67,0.9998779892921448
stacked_lora,winogrande,all,15,down_proj,68,0.9999286532402039
stacked_lora,winogrande,all,15,down_proj,69,0.9999074935913086
stacked_lora,winogrande,all,15,down_proj,70,0.9999451041221619
stacked_lora,winogrande,all,15,down_proj,71,0.9997942447662354
stacked_lora,winogrande,all,15,down_proj,72,0.9997919797897339
stacked_lora,winogrande,all,15,down_proj,73,0.9998178482055664
stacked_lora,winogrande,all,15,down_proj,74,0.9998503923416138
stacked_lora,winogrande,all,15,down_proj,75,0.99970942735672
stacked_lora,winogrande,all,15,down_proj,76,0.9997486472129822
stacked_lora,winogrande,all,15,down_proj,77,0.9998929500579834
stacked_lora,winogrande,all,15,down_proj,78,0.999884307384491
stacked_lora,winogrande,all,15,down_proj,79,0.9997823238372803
stacked_lora,winogrande,all,15,down_proj,80,0.9998067021369934
stacked_lora,winogrande,all,15,down_proj,81,0.9998663067817688
stacked_lora,winogrande,all,15,down_proj,82,0.9999699592590332
stacked_lora,winogrande,all,15,down_proj,83,0.9998624324798584
stacked_lora,winogrande,all,15,down_proj,84,0.9999057054519653
stacked_lora,winogrande,all,15,down_proj,85,0.9998427629470825
stacked_lora,winogrande,all,15,down_proj,86,0.9998034834861755
stacked_lora,winogrande,all,15,down_proj,87,0.9999054074287415
stacked_lora,winogrande,all,15,down_proj,88,0.9999273419380188
stacked_lora,winogrande,all,15,down_proj,89,0.999943196773529
stacked_lora,winogrande,all,15,down_proj,90,0.9998598694801331
stacked_lora,winogrande,all,15,down_proj,91,0.9999015927314758
stacked_lora,winogrande,all,15,down_proj,92,0.9999312162399292
stacked_lora,winogrande,all,15,down_proj,93,0.9998973608016968
stacked_lora,winogrande,all,15,down_proj,94,0.9998809695243835
stacked_lora,winogrande,all,15,down_proj,95,0.9971637725830078
stacked_lora,winogrande,all,15,down_proj,96,0.997308075428009
stacked_lora,winogrande,all,15,down_proj,97,0.9997591376304626
stacked_lora,winogrande,all,15,down_proj,98,0.9998676180839539
stacked_lora,winogrande,all,15,down_proj,99,0.9999484419822693
stacked_lora,winogrande,all,15,down_proj,100,0.9999425411224365
stacked_lora,winogrande,all,15,down_proj,101,0.9999164342880249
stacked_lora,winogrande,all,15,down_proj,102,0.9997081160545349
stacked_lora,winogrande,all,15,down_proj,103,0.9997286796569824
stacked_lora,winogrande,all,15,down_proj,104,0.9998181462287903
stacked_lora,winogrande,all,15,down_proj,105,0.9994627237319946
stacked_lora,winogrande,all,15,down_proj,106,0.9995903968811035
stacked_lora,winogrande,all,15,down_proj,107,0.9999135732650757
stacked_lora,winogrande,all,15,down_proj,108,0.9997988343238831
stacked_lora,winogrande,all,15,down_proj,109,0.9995829463005066
stacked_lora,winogrande,all,15,down_proj,110,0.9996727108955383
stacked_lora,winogrande,all,15,down_proj,111,0.9998078346252441
stacked_lora,winogrande,all,15,down_proj,112,0.9997178316116333
stacked_lora,winogrande,all,15,down_proj,113,0.996764063835144
stacked_lora,winogrande,all,15,down_proj,114,0.9968615174293518
stacked_lora,winogrande,all,15,down_proj,115,0.9998913407325745
stacked_lora,winogrande,all,15,down_proj,116,0.9998564720153809
stacked_lora,winogrande,all,15,down_proj,117,0.9998910427093506
stacked_lora,winogrande,all,15,down_proj,118,0.9999210834503174
stacked_lora,winogrande,all,15,down_proj,119,0.9993178844451904
stacked_lora,winogrande,all,15,down_proj,120,0.9992799758911133
stacked_lora,winogrande,all,15,down_proj,121,0.9996678829193115
stacked_lora,winogrande,all,15,down_proj,122,0.99966961145401
stacked_lora,winogrande,all,15,down_proj,123,0.9998928904533386
stacked_lora,winogrande,all,15,down_proj,124,0.9998920559883118
stacked_lora,winogrande,all,15,down_proj,125,0.9998179078102112
stacked_lora,winogrande,all,15,down_proj,126,0.9997148513793945
stacked_lora,winogrande,all,15,down_proj,127,0.999539315700531
stacked_lora,winogrande,all,15,down_proj,128,0.9996198415756226
stacked_lora,winogrande,all,15,down_proj,129,0.9993258714675903
stacked_lora,winogrande,all,15,down_proj,130,0.9993118643760681
stacked_lora,winogrande,all,15,down_proj,131,0.9998642206192017
stacked_lora,winogrande,all,15,down_proj,132,0.999314546585083
stacked_lora,winogrande,all,15,down_proj,133,0.9993162751197815
stacked_lora,winogrande,all,15,down_proj,134,0.9970676898956299
stacked_lora,winogrande,all,15,down_proj,135,0.9971593022346497
stacked_lora,winogrande,all,15,down_proj,136,0.9995402693748474
stacked_lora,winogrande,all,15,down_proj,137,0.9998683333396912
stacked_lora,winogrande,all,15,down_proj,138,0.9999575614929199
stacked_lora,winogrande,all,15,down_proj,139,0.9995203018188477
stacked_lora,winogrande,all,15,down_proj,140,0.9994885921478271
stacked_lora,winogrande,all,15,down_proj,141,0.9998828768730164
stacked_lora,winogrande,all,15,down_proj,142,0.9982882738113403
stacked_lora,winogrande,all,15,down_proj,143,0.9982004165649414
stacked_lora,winogrande,all,15,down_proj,144,0.9999116659164429
stacked_lora,winogrande,all,15,down_proj,145,0.9998215436935425
stacked_lora,winogrande,all,15,down_proj,146,0.9989616870880127
stacked_lora,winogrande,all,15,down_proj,147,0.9988807439804077
stacked_lora,winogrande,all,15,down_proj,148,0.9996508955955505
stacked_lora,winogrande,all,15,down_proj,149,0.9993808269500732
stacked_lora,winogrande,all,15,down_proj,150,0.9990764856338501
